{"type":"FeatureCollection","features":[{"type":"Feature","geometry":{"type":"Point","coordinates":[146.98489,-37.35393]},"properties":{"n":"\"Happy Valley\"","k":"locality"}},{"type":"Feature","geometry":{"type":"Point","coordinates":[146.61975,-37.55359]},"properties":{"n":"1 Wild Cherry Camp","k":"campsite"}},{"type":"Feature","geometry":{"type":"Point","coordinates":[146.61801,-37.51722]},"properties":{"n":"10 Breakfast Creek Camp","k":"campsite"}},{"type":"Feature","geometry":{"type":"Point","coordinates":[146.6217,-37.5194]},"properties":{"n":"11 Red Bluff Camp","k":"campsite"}},{"type":"Feature","geometry":{"type":"Point","coordinates":[146.62266,-37.5186]},"properties":{"n":"12 Red Box Camp","k":"campsite"}},{"type":"Feature","geometry":{"type":"Point","coordinates":[146.627,-37.51599]},"properties":{"n":"12 Red Box Camp","k":"campsite"}},{"type":"Feature","geometry":{"type":"Point","coordinates":[146.63585,-37.51607]},"properties":{"n":"13 Greenhood Camp","k":"campsite"}},{"type":"Feature","geometry":{"type":"Point","coordinates":[146.64316,-37.51246]},"properties":{"n":"14 Platypus Camp","k":"campsite"}},{"type":"Feature","geometry":{"type":"Point","coordinates":[146.00695,-37.45313]},"properties":{"n":"15 Mile Hut","k":"hut"}},{"type":"Feature","geometry":{"type":"Point","coordinates":[146.61782,-37.55122]},"properties":{"n":"2 Boobook camp","k":"campsite"}},{"type":"Feature","geometry":{"type":"Point","coordinates":[146.61442,-37.54936]},"properties":{"n":"3 Blackfish Camp","k":"campsite"}},{"type":"Feature","geometry":{"type":"Point","coordinates":[146.61276,-37.55256]},"properties":{"n":"4 Currawong Camp","k":"campsite"}},{"type":"Feature","geometry":{"type":"Point","coordinates":[146.44252,-37.7483]},"properties":{"n":"4x4 Earth Hut","k":"hut"}},{"type":"Feature","geometry":{"type":"Point","coordinates":[146.6121,-37.53977]},"properties":{"n":"5 Pardalote Camp","k":"campsite"}},{"type":"Feature","geometry":{"type":"Point","coordinates":[146.40067,-37.1948]},"properties":{"n":"6 Mile Flat","k":"campsite"}},{"type":"Feature","geometry":{"type":"Point","coordinates":[146.61263,-37.53487]},"properties":{"n":"6 Treefrog Camp","k":"campsite"}},{"type":"Feature","geometry":{"type":"Point","coordinates":[146.60833,-37.53278]},"properties":{"n":"7 Manna Gum Camp","k":"campsite"}},{"type":"Feature","geometry":{"type":"Point","coordinates":[146.42271,-37.19541]},"properties":{"n":"7 Mile Flat","k":"campsite"}},{"type":"Feature","geometry":{"type":"Point","coordinates":[146.42972,-37.19796]},"properties":{"n":"8 Mile Flat","k":"campsite"}},{"type":"Feature","geometry":{"type":"Point","coordinates":[146.61456,-37.53032]},"properties":{"n":"8 Muttonwood Camp","k":"campsite"}},{"type":"Feature","geometry":{"type":"Point","coordinates":[146.61409,-37.52292]},"properties":{"n":"9 Cockatoo Camp","k":"campsite"}},{"type":"Feature","geometry":{"type":"Point","coordinates":[146.20572,-37.50015]},"properties":{"n":"A1 Mine Settlement","k":"locality"}},{"type":"Feature","geometry":{"type":"Point","coordinates":[146.69982,-36.91204]},"properties":{"n":"Abbeyard","k":"locality"}},{"type":"Feature","geometry":{"type":"Point","coordinates":[146.70103,-36.90891]},"properties":{"n":"Abbeyard Camping Area","k":"campsite"}},{"type":"Feature","geometry":{"type":"Point","coordinates":[148.25264,-36.4281]},"properties":{"n":"Abbott Peak","k":"peak","e":2155}},{"type":"Feature","geometry":{"type":"Point","coordinates":[148.19872,-37.43681]},"properties":{"n":"Aberdig Cave","k":"cave"}},{"type":"Feature","geometry":{"type":"Point","coordinates":[146.36083,-37.69765]},"properties":{"n":"Aberfeldy","k":"locality"}},{"type":"Feature","geometry":{"type":"Point","coordinates":[146.45185,-37.73286]},"properties":{"n":"Aberfeldy / Nambruc State Forest","k":"park"}},{"type":"Feature","geometry":{"type":"Point","coordinates":[146.41943,-37.90508]},"properties":{"n":"Aberfeldy River","k":"river"}},{"type":"Feature","geometry":{"type":"Point","coordinates":[146.43184,-37.8534]},"properties":{"n":"Aberfeldy River Campground","k":"campsite"}},{"type":"Feature","geometry":{"type":"Point","coordinates":[146.42644,-37.87816]},"properties":{"n":"Aberfeldy River Heritage River","k":"park"}},{"type":"Feature","geometry":{"type":"Point","coordinates":[146.47714,-37.65199]},"properties":{"n":"Aberfeldy River North Branch","k":"river"}},{"type":"Feature","geometry":{"type":"Point","coordinates":[146.46031,-37.66588]},"properties":{"n":"Aberfeldy River South Branch","k":"river"}},{"type":"Feature","geometry":{"type":"Point","coordinates":[145.97814,-36.54785]},"properties":{"n":"Aboriginal Garden","k":"attraction"}},{"type":"Feature","geometry":{"type":"Point","coordinates":[145.69156,-37.57652]},"properties":{"n":"Acheron Campground","k":"campsite"}},{"type":"Feature","geometry":{"type":"Point","coordinates":[145.74059,-37.67717]},"properties":{"n":"Acheron Gap","k":"saddle","e":756}},{"type":"Feature","geometry":{"type":"Point","coordinates":[145.71104,-37.30344]},"properties":{"n":"Acheron River","k":"river"}},{"type":"Feature","geometry":{"type":"Point","coordinates":[145.692,-37.53065]},"properties":{"n":"Acheron River, Granton Streamside Reserve","k":"park"}},{"type":"Feature","geometry":{"type":"Point","coordinates":[145.71295,-37.32407]},"properties":{"n":"Acheron River, Taggerty Streamside Reserve","k":"park"}},{"type":"Feature","geometry":{"type":"Point","coordinates":[145.89511,-37.88191]},"properties":{"n":"Ada River","k":"river"}},{"type":"Feature","geometry":{"type":"Point","coordinates":[145.82966,-37.84548]},"properties":{"n":"Ada River Sawmills Historic and Cultural Features Reserve","k":"park"}},{"type":"Feature","geometry":{"type":"Point","coordinates":[145.86322,-37.81658]},"properties":{"n":"Ada Tall Trees Reserve","k":"park"}},{"type":"Feature","geometry":{"type":"Point","coordinates":[145.85871,-37.81711]},"properties":{"n":"Ada Tree","k":"lookout"}},{"type":"Feature","geometry":{"type":"Point","coordinates":[147.73317,-36.73119]},"properties":{"n":"Ah Sye's Camping Area","k":"campsite"}},{"type":"Feature","geometry":{"type":"Point","coordinates":[148.27096,-36.4281]},"properties":{"n":"Albina Cirque","k":"locality"}},{"type":"Feature","geometry":{"type":"Point","coordinates":[147.00304,-36.91244]},"properties":{"n":"Albion Point","k":"peak","e":1244}},{"type":"Feature","geometry":{"type":"Point","coordinates":[146.46774,-37.10496]},"properties":{"n":"Albys Drop","k":"locality"}},{"type":"Feature","geometry":{"type":"Point","coordinates":[145.71078,-37.19243]},"properties":{"n":"Alexandra","k":"town"}},{"type":"Feature","geometry":{"type":"Point","coordinates":[145.71162,-37.19144]},"properties":{"n":"Alexandra Court House Historic and Cultural Features Reserve","k":"park"}},{"type":"Feature","geometry":{"type":"Point","coordinates":[145.68697,-37.16805]},"properties":{"n":"Alexandra G55 Bushland Reserve","k":"park"}},{"type":"Feature","geometry":{"type":"Point","coordinates":[145.72124,-37.20591]},"properties":{"n":"Alexandra G56 Bushland Reserve","k":"park"}},{"type":"Feature","geometry":{"type":"Point","coordinates":[148.26352,-36.41579]},"properties":{"n":"Alice Rawson Peak","k":"peak","e":2170}},{"type":"Feature","geometry":{"type":"Point","coordinates":[146.03989,-37.1875]},"properties":{"n":"Allan Peak","k":"peak","e":708}},{"type":"Feature","geometry":{"type":"Point","coordinates":[146.91253,-36.28526]},"properties":{"n":"Allans Flat","k":"locality"}},{"type":"Feature","geometry":{"type":"Point","coordinates":[146.93661,-36.27609]},"properties":{"n":"Allans Flat Bushland Reserve","k":"park"}},{"type":"Feature","geometry":{"type":"Point","coordinates":[147.52689,-37.02981]},"properties":{"n":"Alpine National Park","k":"park"}},{"type":"Feature","geometry":{"type":"Point","coordinates":[145.88411,-37.50375]},"properties":{"n":"Alps Lookout","k":"lookout"}},{"type":"Feature","geometry":{"type":"Point","coordinates":[147.36728,-37.66636]},"properties":{"n":"Amphitheatre","k":"lookout"}},{"type":"Feature","geometry":{"type":"Point","coordinates":[146.04802,-37.84334]},"properties":{"n":"Amphitheatre Falls","k":"lookout"}},{"type":"Feature","geometry":{"type":"Point","coordinates":[146.75832,-36.71651]},"properties":{"n":"Anderson Peak","k":"peak"}},{"type":"Feature","geometry":{"type":"Point","coordinates":[147.48628,-36.99242]},"properties":{"n":"Anglers Rest","k":"locality"}},{"type":"Feature","geometry":{"type":"Point","coordinates":[147.48963,-36.99064]},"properties":{"n":"Anglers Rest Camping Area","k":"campsite"}},{"type":"Feature","geometry":{"type":"Point","coordinates":[147.35282,-37.59148]},"properties":{"n":"Angusvale Camp Ground","k":"campsite"}},{"type":"Feature","geometry":{"type":"Point","coordinates":[147.33916,-37.58587]},"properties":{"n":"Angusvale Lookout","k":"lookout"}},{"type":"Feature","geometry":{"type":"Point","coordinates":[146.81706,-36.98154]},"properties":{"n":"Annie River","k":"river"}},{"type":"Feature","geometry":{"type":"Point","coordinates":[148.20928,-37.42145]},"properties":{"n":"Anticline Cave","k":"cave"}},{"type":"Feature","geometry":{"type":"Point","coordinates":[148.20903,-37.41981]},"properties":{"n":"Anticline Cave Reserve","k":"park"}},{"type":"Feature","geometry":{"type":"Point","coordinates":[146.97308,-36.71592]},"properties":{"n":"Apex Lookout","k":"peak","e":626}},{"type":"Feature","geometry":{"type":"Point","coordinates":[146.784,-37.41967]},"properties":{"n":"Arbuckle Junction","k":"locality"}},{"type":"Feature","geometry":{"type":"Point","coordinates":[145.60025,-37.566]},"properties":{"n":"Archer Lookout","k":"peak"}},{"type":"Feature","geometry":{"type":"Point","coordinates":[147.79929,-37.11436]},"properties":{"n":"Armit","k":"peak","e":607}},{"type":"Feature","geometry":{"type":"Point","coordinates":[147.18808,-37.3933]},"properties":{"n":"Arrow Tree Corner","k":"locality"}},{"type":"Feature","geometry":{"type":"Point","coordinates":[148.26835,-36.40702]},"properties":{"n":"Avalanche Alley","k":"locality"}},{"type":"Feature","geometry":{"type":"Point","coordinates":[146.96243,-36.74211]},"properties":{"n":"Avid Saddle","k":"saddle"}},{"type":"Feature","geometry":{"type":"Point","coordinates":[146.87444,-37.81998]},"properties":{"n":"Avon - Mt Hedrick Natural Features and Scenic Reserve","k":"park"}},{"type":"Feature","geometry":{"type":"Point","coordinates":[146.92925,-37.85194]},"properties":{"n":"Avon River","k":"river"}},{"type":"Feature","geometry":{"type":"Point","coordinates":[147.073,-37.92285]},"properties":{"n":"Avon River","k":"lake"}},{"type":"Feature","geometry":{"type":"Point","coordinates":[146.81862,-37.61745]},"properties":{"n":"Avon Wilderness Park","k":"park"}},{"type":"Feature","geometry":{"type":"Point","coordinates":[146.81862,-37.61745]},"properties":{"n":"Avon, Turton, and Dolodrook Rivers;; Ben Cruachan Ck Natural Catchment Area","k":"park"}},{"type":"Feature","geometry":{"type":"Point","coordinates":[146.30642,-37.12629]},"properties":{"n":"B Unit Flat","k":"locality"}},{"type":"Feature","geometry":{"type":"Point","coordinates":[148.1975,-37.44]},"properties":{"n":"Baby Berger Cave","k":"cave"}},{"type":"Feature","geometry":{"type":"Point","coordinates":[148.19511,-37.44215]},"properties":{"n":"Baby Pierre Cave","k":"cave"}},{"type":"Feature","geometry":{"type":"Point","coordinates":[146.07167,-36.90164]},"properties":{"n":"Back Creek Falls","k":"lookout"}},{"type":"Feature","geometry":{"type":"Point","coordinates":[145.85985,-36.59046]},"properties":{"n":"Baddaginnie","k":"village"}},{"type":"Feature","geometry":{"type":"Point","coordinates":[145.87658,-36.58387]},"properties":{"n":"Baddaginnie Bushland Reserve","k":"park"}},{"type":"Feature","geometry":{"type":"Point","coordinates":[145.86286,-36.59686]},"properties":{"n":"Baddaginnie I63 Bushland Reserve","k":"park"}},{"type":"Feature","geometry":{"type":"Point","coordinates":[145.8503,-36.59691]},"properties":{"n":"Baddaginnie Natural Features Reserve","k":"park"}},{"type":"Feature","geometry":{"type":"Point","coordinates":[145.80624,-36.56453]},"properties":{"n":"Baddaginnie Nature Conservation Reserve","k":"park"}},{"type":"Feature","geometry":{"type":"Point","coordinates":[145.53292,-37.70153]},"properties":{"n":"Badger Creek","k":"village"}},{"type":"Feature","geometry":{"type":"Point","coordinates":[145.54192,-37.70023]},"properties":{"n":"Badger Creek Bushland Reserve","k":"park"}},{"type":"Feature","geometry":{"type":"Point","coordinates":[147.63048,-37.82545]},"properties":{"n":"Bairnsdale","k":"town"}},{"type":"Feature","geometry":{"type":"Point","coordinates":[146.95702,-36.74187]},"properties":{"n":"Bakers Gully Reservoir - Lower Dam","k":"lake"}},{"type":"Feature","geometry":{"type":"Point","coordinates":[146.95629,-36.74368]},"properties":{"n":"Bakers Gully Reservoir - Upper Dam","k":"lake"}},{"type":"Feature","geometry":{"type":"Point","coordinates":[146.27525,-37.03699]},"properties":{"n":"Bakers Hill","k":"peak"}},{"type":"Feature","geometry":{"type":"Point","coordinates":[146.35138,-37.03248]},"properties":{"n":"Bald Hill","k":"peak","e":1206}},{"type":"Feature","geometry":{"type":"Point","coordinates":[145.97264,-37.13804]},"properties":{"n":"Bald Hill","k":"peak"}},{"type":"Feature","geometry":{"type":"Point","coordinates":[146.08682,-37.29023]},"properties":{"n":"Bald Hill","k":"peak"}},{"type":"Feature","geometry":{"type":"Point","coordinates":[146.2776,-37.60444]},"properties":{"n":"Bald Hill","k":"peak","e":1127}},{"type":"Feature","geometry":{"type":"Point","coordinates":[146.36892,-36.73037]},"properties":{"n":"Bald Hill","k":"peak"}},{"type":"Feature","geometry":{"type":"Point","coordinates":[146.29961,-37.11934]},"properties":{"n":"Bald Hill","k":"peak","e":644}},{"type":"Feature","geometry":{"type":"Point","coordinates":[145.88868,-37.32553]},"properties":{"n":"Bald Hill","k":"peak"}},{"type":"Feature","geometry":{"type":"Point","coordinates":[146.74565,-36.70689]},"properties":{"n":"Bald Hill","k":"peak"}},{"type":"Feature","geometry":{"type":"Point","coordinates":[146.19251,-37.53446]},"properties":{"n":"Bald Hill","k":"peak"}},{"type":"Feature","geometry":{"type":"Point","coordinates":[145.81151,-36.85726]},"properties":{"n":"Bald Hill","k":"peak"}},{"type":"Feature","geometry":{"type":"Point","coordinates":[146.55924,-37.52844]},"properties":{"n":"Bald Hill","k":"peak","e":673}},{"type":"Feature","geometry":{"type":"Point","coordinates":[145.81226,-36.85881]},"properties":{"n":"Bald Hill Bushland Reserve","k":"park"}},{"type":"Feature","geometry":{"type":"Point","coordinates":[146.09392,-37.29825]},"properties":{"n":"Bald Hill Gap","k":"saddle"}},{"type":"Feature","geometry":{"type":"Point","coordinates":[148.14283,-37.1807]},"properties":{"n":"Bald Hills","k":"locality"}},{"type":"Feature","geometry":{"type":"Point","coordinates":[148.24738,-37.14786]},"properties":{"n":"Bald Hills Road Bushland Reserve","k":"park"}},{"type":"Feature","geometry":{"type":"Point","coordinates":[147.18794,-36.81409]},"properties":{"n":"Bald Peak","k":"peak","e":1564}},{"type":"Feature","geometry":{"type":"Point","coordinates":[146.43354,-37.14736]},"properties":{"n":"Baldy","k":"peak","e":1733}},{"type":"Feature","geometry":{"type":"Point","coordinates":[148.26337,-37.51778]},"properties":{"n":"Bally Hooley Campsite","k":"campsite"}},{"type":"Feature","geometry":{"type":"Point","coordinates":[145.6495,-36.72996]},"properties":{"n":"Balmattum Bushland Reserve","k":"park"}},{"type":"Feature","geometry":{"type":"Point","coordinates":[145.67812,-36.72829]},"properties":{"n":"Balmattum Flora Reserve","k":"park"}},{"type":"Feature","geometry":{"type":"Point","coordinates":[145.60983,-36.76746]},"properties":{"n":"Balmattum Hill","k":"peak","e":490}},{"type":"Feature","geometry":{"type":"Point","coordinates":[145.59166,-36.75558]},"properties":{"n":"Balmattum Hill Bushland Reserve","k":"park"}},{"type":"Feature","geometry":{"type":"Point","coordinates":[145.59431,-36.75903]},"properties":{"n":"Balmattum Lookout","k":"lookout"}},{"type":"Feature","geometry":{"type":"Point","coordinates":[145.62681,-36.65121]},"properties":{"n":"Balmattum Nature Conservation Reserve","k":"park"}},{"type":"Feature","geometry":{"type":"Point","coordinates":[147.92245,-37.88145]},"properties":{"n":"Bancroft Bay - Kalimna Gippsland Lakes Reserve","k":"park"}},{"type":"Feature","geometry":{"type":"Point","coordinates":[147.53242,-36.49506]},"properties":{"n":"Banimboola Creek Natural Catchment Area","k":"park"}},{"type":"Feature","geometry":{"type":"Point","coordinates":[146.26499,-37.8392]},"properties":{"n":"Banksia","k":"hut"}},{"type":"Feature","geometry":{"type":"Point","coordinates":[146.27924,-37.83398]},"properties":{"n":"Baragwanath Flat","k":"locality"}},{"type":"Feature","geometry":{"type":"Point","coordinates":[146.50113,-36.1979]},"properties":{"n":"Barambogie I11 Bushland Reserve","k":"park"}},{"type":"Feature","geometry":{"type":"Point","coordinates":[146.51455,-36.20207]},"properties":{"n":"Barambogie I12 Bushland Reserve","k":"park"}},{"type":"Feature","geometry":{"type":"Point","coordinates":[146.46708,-36.22368]},"properties":{"n":"Barambogie I71 Bushland Reserve","k":"park"}},{"type":"Feature","geometry":{"type":"Point","coordinates":[146.94785,-36.18422]},"properties":{"n":"Baranduda","k":"village"}},{"type":"Feature","geometry":{"type":"Point","coordinates":[146.97808,-36.21669]},"properties":{"n":"Baranduda Bushland Reserve","k":"park"}},{"type":"Feature","geometry":{"type":"Point","coordinates":[146.94888,-36.1611]},"properties":{"n":"Baranduda Industrial Estate","k":"locality"}},{"type":"Feature","geometry":{"type":"Point","coordinates":[146.82823,-36.25868]},"properties":{"n":"Baranduda Range Waterfall","k":"lake"}},{"type":"Feature","geometry":{"type":"Point","coordinates":[146.87929,-36.24505]},"properties":{"n":"Baranduda Regional Park","k":"park"}},{"type":"Feature","geometry":{"type":"Point","coordinates":[145.67403,-37.84385]},"properties":{"n":"Barber Hill","k":"peak"}},{"type":"Feature","geometry":{"type":"Point","coordinates":[147.19157,-37.38095]},"properties":{"n":"Barber Hill","k":"peak","e":1113}},{"type":"Feature","geometry":{"type":"Point","coordinates":[146.31164,-37.11504]},"properties":{"n":"Barclays Hill","k":"peak","e":610}},{"type":"Feature","geometry":{"type":"Point","coordinates":[145.99991,-36.93375]},"properties":{"n":"Barjarg","k":"locality"}},{"type":"Feature","geometry":{"type":"Point","coordinates":[146.49202,-37.47005]},"properties":{"n":"Barkly River","k":"river"}},{"type":"Feature","geometry":{"type":"Point","coordinates":[146.49419,-37.29254]},"properties":{"n":"Barkly River East Branch","k":"river"}},{"type":"Feature","geometry":{"type":"Point","coordinates":[146.47867,-37.4364]},"properties":{"n":"Barkly River State Forest","k":"park"}},{"type":"Feature","geometry":{"type":"Point","coordinates":[146.45779,-37.29868]},"properties":{"n":"Barkly River West Branch","k":"river"}},{"type":"Feature","geometry":{"type":"Point","coordinates":[146.67357,-36.1054]},"properties":{"n":"Barnawartha","k":"village"}},{"type":"Feature","geometry":{"type":"Point","coordinates":[146.69322,-36.10433]},"properties":{"n":"Barnawartha Scenic Reserve","k":"park"}},{"type":"Feature","geometry":{"type":"Point","coordinates":[146.76245,-36.12659]},"properties":{"n":"Barnawartha South I16 Bushland Reserve","k":"park"}},{"type":"Feature","geometry":{"type":"Point","coordinates":[145.92712,-37.35698]},"properties":{"n":"Barnewall Plains","k":"locality"}},{"type":"Feature","geometry":{"type":"Point","coordinates":[145.92675,-37.35799]},"properties":{"n":"Barnewall Plains Camping Area","k":"campsite"}},{"type":"Feature","geometry":{"type":"Point","coordinates":[146.57347,-36.33447]},"properties":{"n":"Barry Falls","k":"lookout"}},{"type":"Feature","geometry":{"type":"Point","coordinates":[146.76404,-37.10935]},"properties":{"n":"Barry Saddle","k":"saddle","e":956}},{"type":"Feature","geometry":{"type":"Point","coordinates":[146.76398,-37.10944]},"properties":{"n":"Barry Saddle Campsite","k":"campsite"}},{"type":"Feature","geometry":{"type":"Point","coordinates":[146.75267,-36.5239]},"properties":{"n":"Barwidgee Creek","k":"river"}},{"type":"Feature","geometry":{"type":"Point","coordinates":[146.77847,-36.50717]},"properties":{"n":"Barwidgee Creek Streamside Reserve","k":"park"}},{"type":"Feature","geometry":{"type":"Point","coordinates":[146.7933,-36.49401]},"properties":{"n":"Barwidgee Rest Area","k":"campsite"}},{"type":"Feature","geometry":{"type":"Point","coordinates":[146.15221,-37.00908]},"properties":{"n":"Barwite","k":"locality"}},{"type":"Feature","geometry":{"type":"Point","coordinates":[147.30999,-36.88581]},"properties":{"n":"Basalt Hill","k":"peak","e":1684}},{"type":"Feature","geometry":{"type":"Point","coordinates":[146.25138,-37.71657]},"properties":{"n":"Basalt Hill","k":"peak","e":848}},{"type":"Feature","geometry":{"type":"Point","coordinates":[147.09004,-37.14725]},"properties":{"n":"Basalt Knob","k":"peak","e":1512}},{"type":"Feature","geometry":{"type":"Point","coordinates":[146.51306,-37.38116]},"properties":{"n":"Basalt Knob","k":"peak","e":1265}},{"type":"Feature","geometry":{"type":"Point","coordinates":[145.66948,-37.89725]},"properties":{"n":"Basan Corner","k":"locality"}},{"type":"Feature","geometry":{"type":"Point","coordinates":[146.65432,-37.70127]},"properties":{"n":"Basin Flat","k":"locality"}},{"type":"Feature","geometry":{"type":"Point","coordinates":[146.69842,-37.25326]},"properties":{"n":"Bastards Neck","k":"peak","e":1549}},{"type":"Feature","geometry":{"type":"Point","coordinates":[146.33231,-37.84081]},"properties":{"n":"Baw Baw National Park","k":"park"}},{"type":"Feature","geometry":{"type":"Point","coordinates":[146.2933,-37.83334]},"properties":{"n":"Baw Baw Plateau Remote and Natural Area","k":"park"}},{"type":"Feature","geometry":{"type":"Point","coordinates":[146.31194,-37.85214]},"properties":{"n":"Baw Baw Reference Area","k":"park"}},{"type":"Feature","geometry":{"type":"Point","coordinates":[146.258,-37.84146]},"properties":{"n":"Baw Baw Village","k":"locality"}},{"type":"Feature","geometry":{"type":"Point","coordinates":[147.88355,-37.89665]},"properties":{"n":"Baxter Island Gippsland Lakes Reserve","k":"park"}},{"type":"Feature","geometry":{"type":"Point","coordinates":[146.40688,-37.82216]},"properties":{"n":"Beardmores","k":"locality"}},{"type":"Feature","geometry":{"type":"Point","coordinates":[146.90827,-36.15491]},"properties":{"n":"Bears Hill","k":"peak"}},{"type":"Feature","geometry":{"type":"Point","coordinates":[146.94724,-37.11514]},"properties":{"n":"Beecher Hill","k":"peak","e":1433}},{"type":"Feature","geometry":{"type":"Point","coordinates":[146.68701,-36.35949]},"properties":{"n":"Beechworth","k":"town"}},{"type":"Feature","geometry":{"type":"Point","coordinates":[146.69441,-36.33766]},"properties":{"n":"Beechworth Bushland Reserve","k":"park"}},{"type":"Feature","geometry":{"type":"Point","coordinates":[146.69008,-36.36565]},"properties":{"n":"Beechworth Historic Park","k":"park"}},{"type":"Feature","geometry":{"type":"Point","coordinates":[146.67879,-36.35524]},"properties":{"n":"Beechworth Powder Magazine","k":"lookout"}},{"type":"Feature","geometry":{"type":"Point","coordinates":[145.73698,-37.83819]},"properties":{"n":"Beenak G183 B.R.","k":"park"}},{"type":"Feature","geometry":{"type":"Point","coordinates":[145.61479,-37.86187]},"properties":{"n":"Beenak Nature Conservation Area","k":"park"}},{"type":"Feature","geometry":{"type":"Point","coordinates":[145.72804,-37.9135]},"properties":{"n":"Beenak State Forest","k":"park"}},{"type":"Feature","geometry":{"type":"Point","coordinates":[147.03423,-36.2169]},"properties":{"n":"Beethang I100 Bushland Reserve","k":"park"}},{"type":"Feature","geometry":{"type":"Point","coordinates":[147.01693,-36.19718]},"properties":{"n":"Beethang I28 Bushland Reserve","k":"park"}},{"type":"Feature","geometry":{"type":"Point","coordinates":[147.16331,-36.22492]},"properties":{"n":"Beethang I29 Bushland Reserve","k":"park"}},{"type":"Feature","geometry":{"type":"Point","coordinates":[147.64191,-36.23932]},"properties":{"n":"Beetoomba","k":"locality"}},{"type":"Feature","geometry":{"type":"Point","coordinates":[147.6364,-36.1716]},"properties":{"n":"Beetoomba Creek Streamside Reserve","k":"park"}},{"type":"Feature","geometry":{"type":"Point","coordinates":[147.64336,-36.23845]},"properties":{"n":"Beetoomba Trestle Bridge Historic Reserve","k":"park"}},{"type":"Feature","geometry":{"type":"Point","coordinates":[148.2869,-36.32676]},"properties":{"n":"Bella Vista","k":"locality"}},{"type":"Feature","geometry":{"type":"Point","coordinates":[147.80973,-36.90515]},"properties":{"n":"Beloka Gap","k":"saddle"}},{"type":"Feature","geometry":{"type":"Point","coordinates":[147.8333,-36.78991]},"properties":{"n":"Beloka State Forest","k":"park"}},{"type":"Feature","geometry":{"type":"Point","coordinates":[146.88929,-36.11291]},"properties":{"n":"Belvoir Lagoon","k":"lake"}},{"type":"Feature","geometry":{"type":"Point","coordinates":[145.62064,-37.71863]},"properties":{"n":"Ben Cairn","k":"peak","e":1041}},{"type":"Feature","geometry":{"type":"Point","coordinates":[146.79522,-37.76547]},"properties":{"n":"Ben Cruachan","k":"peak","e":836}},{"type":"Feature","geometry":{"type":"Point","coordinates":[146.79435,-37.76588]},"properties":{"n":"Ben Cruachan Lookout","k":"lookout"}},{"type":"Feature","geometry":{"type":"Point","coordinates":[146.79885,-37.76661]},"properties":{"n":"Ben Cruachan Natural Features and Scenic Reserve","k":"park"}},{"type":"Feature","geometry":{"type":"Point","coordinates":[146.78175,-37.77705]},"properties":{"n":"Ben Cruachan State Forest","k":"park"}},{"type":"Feature","geometry":{"type":"Point","coordinates":[147.64922,-36.12606]},"properties":{"n":"Ben Lomond","k":"peak"}},{"type":"Feature","geometry":{"type":"Point","coordinates":[145.98336,-36.55176]},"properties":{"n":"Benalla","k":"town","e":169}},{"type":"Feature","geometry":{"type":"Point","coordinates":[145.97796,-36.552]},"properties":{"n":"Benalla Botanical Gardens","k":"attraction"}},{"type":"Feature","geometry":{"type":"Point","coordinates":[145.98149,-36.55187]},"properties":{"n":"Benalla Ceramic Mural","k":"attraction"}},{"type":"Feature","geometry":{"type":"Point","coordinates":[147.70205,-36.95486]},"properties":{"n":"Benambra","k":"village"}},{"type":"Feature","geometry":{"type":"Point","coordinates":[147.92267,-36.81262]},"properties":{"n":"Benambra State Forest","k":"park"}},{"type":"Feature","geometry":{"type":"Point","coordinates":[146.26533,-37.83928]},"properties":{"n":"Benbullen","k":"hut"}},{"type":"Feature","geometry":{"type":"Point","coordinates":[145.90611,-37.82582]},"properties":{"n":"Bennie Creek Reference Area","k":"park"}},{"type":"Feature","geometry":{"type":"Point","coordinates":[146.53747,-36.96383]},"properties":{"n":"Bennies","k":"campsite"}},{"type":"Feature","geometry":{"type":"Point","coordinates":[146.53508,-36.96642]},"properties":{"n":"Bennies","k":"campsite"}},{"type":"Feature","geometry":{"type":"Point","coordinates":[146.68797,-37.50606]},"properties":{"n":"Bennison Lookout","k":"lookout"}},{"type":"Feature","geometry":{"type":"Point","coordinates":[147.9271,-37.22861]},"properties":{"n":"Bentley Plain Natural Features and Scenic Reserve","k":"park"}},{"type":"Feature","geometry":{"type":"Point","coordinates":[146.82109,-36.72131]},"properties":{"n":"Bents Lookout","k":"lookout"}},{"type":"Feature","geometry":{"type":"Point","coordinates":[147.64468,-36.21018]},"properties":{"n":"Berringama","k":"locality"}},{"type":"Feature","geometry":{"type":"Point","coordinates":[147.50108,-36.18201]},"properties":{"n":"Berringama Bushland Reserve","k":"park"}},{"type":"Feature","geometry":{"type":"Point","coordinates":[147.09819,-36.12411]},"properties":{"n":"Bethanga","k":"village"}},{"type":"Feature","geometry":{"type":"Point","coordinates":[147.09151,-36.09877]},"properties":{"n":"Bethanga Historic Area","k":"park"}},{"type":"Feature","geometry":{"type":"Point","coordinates":[146.87305,-37.43785]},"properties":{"n":"Beths Peak","k":"peak","e":1120}},{"type":"Feature","geometry":{"type":"Point","coordinates":[146.95675,-36.98646]},"properties":{"n":"Beveridge Station Camping Area","k":"campsite"}},{"type":"Feature","geometry":{"type":"Point","coordinates":[148.23682,-36.11007]},"properties":{"n":"Big Dargal Mountain","k":"peak","e":1715}},{"type":"Feature","geometry":{"type":"Point","coordinates":[146.77845,-36.7704]},"properties":{"n":"Big Gun Hill","k":"peak","e":1540}},{"type":"Feature","geometry":{"type":"Point","coordinates":[146.67301,-37.70007]},"properties":{"n":"Big Hill","k":"peak","e":450}},{"type":"Feature","geometry":{"type":"Point","coordinates":[148.16872,-36.9158]},"properties":{"n":"Big Hill","k":"peak"}},{"type":"Feature","geometry":{"type":"Point","coordinates":[147.19758,-36.78508]},"properties":{"n":"Big Hill","k":"peak","e":1385}},{"type":"Feature","geometry":{"type":"Point","coordinates":[146.37879,-37.48653]},"properties":{"n":"Big Hill","k":"peak","e":1311}},{"type":"Feature","geometry":{"type":"Point","coordinates":[146.64131,-37.18527]},"properties":{"n":"Big Hill","k":"peak","e":1668}},{"type":"Feature","geometry":{"type":"Point","coordinates":[146.27377,-37.84221]},"properties":{"n":"Big Hill","k":"peak"}},{"type":"Feature","geometry":{"type":"Point","coordinates":[147.80023,-37.32564]},"properties":{"n":"Big Hill","k":"peak"}},{"type":"Feature","geometry":{"type":"Point","coordinates":[147.19147,-36.77143]},"properties":{"n":"Big Hill Lookout","k":"lookout"}},{"type":"Feature","geometry":{"type":"Point","coordinates":[146.22107,-36.46396]},"properties":{"n":"Big Ned Kelly Statue","k":"attraction"}},{"type":"Feature","geometry":{"type":"Point","coordinates":[145.75075,-37.76469]},"properties":{"n":"Big Pats Creek","k":"locality"}},{"type":"Feature","geometry":{"type":"Point","coordinates":[145.81953,-37.70482]},"properties":{"n":"Big Peninsula Tunnel","k":"attraction"}},{"type":"Feature","geometry":{"type":"Point","coordinates":[147.33692,-36.78787]},"properties":{"n":"Big River","k":"campsite"}},{"type":"Feature","geometry":{"type":"Point","coordinates":[147.46147,-36.88606]},"properties":{"n":"Big River","k":"river"}},{"type":"Feature","geometry":{"type":"Point","coordinates":[147.46357,-36.89322]},"properties":{"n":"Big River Bridge Campground / Hills Historic / Rest Area","k":"campsite"}},{"type":"Feature","geometry":{"type":"Point","coordinates":[146.0574,-37.45591]},"properties":{"n":"Big River Heritage River","k":"park"}},{"type":"Feature","geometry":{"type":"Point","coordinates":[147.44151,-36.80134]},"properties":{"n":"Big River Saddle","k":"saddle"}},{"type":"Feature","geometry":{"type":"Point","coordinates":[146.05068,-37.48133]},"properties":{"n":"Big River State Forest","k":"park"}},{"type":"Feature","geometry":{"type":"Point","coordinates":[145.9515,-37.40525]},"properties":{"n":"Bill Head","k":"peak"}},{"type":"Feature","geometry":{"type":"Point","coordinates":[147.3687,-37.66724]},"properties":{"n":"Billy Goat Bend Camp Site","k":"campsite"}},{"type":"Feature","geometry":{"type":"Point","coordinates":[147.36753,-37.66677]},"properties":{"n":"Billy Goat Bend Lookout","k":"lookout"}},{"type":"Feature","geometry":{"type":"Point","coordinates":[147.04064,-37.44605]},"properties":{"n":"Billy Goat Bluff","k":"peak","e":1421}},{"type":"Feature","geometry":{"type":"Point","coordinates":[146.55385,-37.14948]},"properties":{"n":"Bindaree Falls","k":"lookout"}},{"type":"Feature","geometry":{"type":"Point","coordinates":[146.54393,-37.16704]},"properties":{"n":"Bindaree Flat","k":"locality"}},{"type":"Feature","geometry":{"type":"Point","coordinates":[146.54285,-37.16679]},"properties":{"n":"Bindaree Flat","k":"campsite"}},{"type":"Feature","geometry":{"type":"Point","coordinates":[146.5436,-37.16698]},"properties":{"n":"Bindaree Hut","k":"hut"}},{"type":"Feature","geometry":{"type":"Point","coordinates":[147.81557,-37.11508]},"properties":{"n":"Bindi","k":"locality"}},{"type":"Feature","geometry":{"type":"Point","coordinates":[145.80542,-37.52713]},"properties":{"n":"Bingley View","k":"peak"}},{"type":"Feature","geometry":{"type":"Point","coordinates":[145.52745,-37.61745]},"properties":{"n":"Bingley View","k":"peak"}},{"type":"Feature","geometry":{"type":"Point","coordinates":[146.529,-37.8241]},"properties":{"n":"Binns","k":"locality"}},{"type":"Feature","geometry":{"type":"Point","coordinates":[147.29512,-36.71371]},"properties":{"n":"Bivouac Hut","k":"hut"}},{"type":"Feature","geometry":{"type":"Point","coordinates":[146.61623,-36.15015]},"properties":{"n":"Black Ball Mine Dam Bushland Reserve","k":"park"}},{"type":"Feature","geometry":{"type":"Point","coordinates":[146.5334,-36.1344]},"properties":{"n":"Black Dog Creek K30 Streamside Reserve","k":"park"}},{"type":"Feature","geometry":{"type":"Point","coordinates":[146.65671,-36.18672]},"properties":{"n":"Black Dog Creek Natural Features Reserve","k":"park"}},{"type":"Feature","geometry":{"type":"Point","coordinates":[146.47009,-36.13225]},"properties":{"n":"Black Dog Creek, Lilliput Streamside Reserve","k":"park"}},{"type":"Feature","geometry":{"type":"Point","coordinates":[147.29927,-36.71877]},"properties":{"n":"Black Janes Saddle","k":"saddle"}},{"type":"Feature","geometry":{"type":"Point","coordinates":[147.71526,-36.12587]},"properties":{"n":"Black Mountain","k":"peak"}},{"type":"Feature","geometry":{"type":"Point","coordinates":[145.60765,-37.39914]},"properties":{"n":"Black Range State Forest","k":"park"}},{"type":"Feature","geometry":{"type":"Point","coordinates":[146.34307,-37.51897]},"properties":{"n":"Black River","k":"river"}},{"type":"Feature","geometry":{"type":"Point","coordinates":[147.29722,-36.7341]},"properties":{"n":"Black Saddle","k":"saddle"}},{"type":"Feature","geometry":{"type":"Point","coordinates":[147.14068,-37.44609]},"properties":{"n":"Black Snake Creek Hut","k":"hut"}},{"type":"Feature","geometry":{"type":"Point","coordinates":[146.18307,-36.3311]},"properties":{"n":"Black Springs","k":"lake"}},{"type":"Feature","geometry":{"type":"Point","coordinates":[146.18207,-36.33202]},"properties":{"n":"Black Springs","k":"campsite"}},{"type":"Feature","geometry":{"type":"Point","coordinates":[145.63375,-37.59999]},"properties":{"n":"Black Spur Drive","k":"attraction"}},{"type":"Feature","geometry":{"type":"Point","coordinates":[145.58703,-37.60243]},"properties":{"n":"Black Spur Drive","k":"attraction"}},{"type":"Feature","geometry":{"type":"Point","coordinates":[145.97055,-37.0154]},"properties":{"n":"Black Swamp","k":"locality"}},{"type":"Feature","geometry":{"type":"Point","coordinates":[146.3214,-36.16237]},"properties":{"n":"Black Swamp (Black Dog Creek) Wildlife Reserve (hunting)","k":"park"}},{"type":"Feature","geometry":{"type":"Point","coordinates":[146.32373,-36.16021]},"properties":{"n":"Black Swamp Nature Conservation Reserve","k":"park"}},{"type":"Feature","geometry":{"type":"Point","coordinates":[146.34491,-37.19625]},"properties":{"n":"Blackbird Flat","k":"campsite"}},{"type":"Feature","geometry":{"type":"Point","coordinates":[146.92097,-36.72622]},"properties":{"n":"Blackfellow Peak","k":"peak","e":695}},{"type":"Feature","geometry":{"type":"Point","coordinates":[147.1733,-36.9197]},"properties":{"n":"Blairs hut","k":"hut"}},{"type":"Feature","geometry":{"type":"Point","coordinates":[145.90999,-37.38001]},"properties":{"n":"Bleak Hill","k":"peak","e":1314}},{"type":"Feature","geometry":{"type":"Point","coordinates":[147.0216,-37.50981]},"properties":{"n":"Bleak Hill","k":"peak","e":1389}},{"type":"Feature","geometry":{"type":"Point","coordinates":[147.01682,-37.51512]},"properties":{"n":"Bleak Hill Gap","k":"saddle"}},{"type":"Feature","geometry":{"type":"Point","coordinates":[145.84553,-37.16316]},"properties":{"n":"Blowhard","k":"peak"}},{"type":"Feature","geometry":{"type":"Point","coordinates":[147.11297,-36.99054]},"properties":{"n":"Blowhard Hut","k":"hut"}},{"type":"Feature","geometry":{"type":"Point","coordinates":[147.62983,-36.96525]},"properties":{"n":"Blowhard View Point","k":"lookout"}},{"type":"Feature","geometry":{"type":"Point","coordinates":[147.63012,-36.96499]},"properties":{"n":"Blowhard View Point","k":"lookout"}},{"type":"Feature","geometry":{"type":"Point","coordinates":[145.96216,-37.28872]},"properties":{"n":"Blue Gum Flat","k":"locality"}},{"type":"Feature","geometry":{"type":"Point","coordinates":[145.9298,-37.31518]},"properties":{"n":"Blue Gum Saddle","k":"saddle"}},{"type":"Feature","geometry":{"type":"Point","coordinates":[145.7438,-37.38727]},"properties":{"n":"Blue Haze Peak","k":"peak"}},{"type":"Feature","geometry":{"type":"Point","coordinates":[148.11256,-36.9247]},"properties":{"n":"Blue Hill","k":"peak","e":1634}},{"type":"Feature","geometry":{"type":"Point","coordinates":[146.74924,-37.12601]},"properties":{"n":"Blue Hills","k":"peak","e":1078}},{"type":"Feature","geometry":{"type":"Point","coordinates":[146.98755,-36.85]},"properties":{"n":"Blue Hole","k":"lake"}},{"type":"Feature","geometry":{"type":"Point","coordinates":[146.31054,-37.66494]},"properties":{"n":"Blue Jacket","k":"locality"}},{"type":"Feature","geometry":{"type":"Point","coordinates":[146.30997,-37.66503]},"properties":{"n":"Blue Jacket Campsite","k":"campsite"}},{"type":"Feature","geometry":{"type":"Point","coordinates":[147.1125,-37.7782]},"properties":{"n":"Blue Pool","k":"lake"}},{"type":"Feature","geometry":{"type":"Point","coordinates":[147.07681,-37.10609]},"properties":{"n":"Blue Rag Creek Natural Catchment Area","k":"park"}},{"type":"Feature","geometry":{"type":"Point","coordinates":[147.05363,-37.09688]},"properties":{"n":"Blue Rag Range","k":"peak","e":1718}},{"type":"Feature","geometry":{"type":"Point","coordinates":[147.05374,-37.11893]},"properties":{"n":"Blue Rag Reference Area","k":"park"}},{"type":"Feature","geometry":{"type":"Point","coordinates":[146.09885,-37.1111]},"properties":{"n":"Blue Range","k":"peak","e":748}},{"type":"Feature","geometry":{"type":"Point","coordinates":[146.08964,-36.86549]},"properties":{"n":"Blue Range","k":"peak","e":974}},{"type":"Feature","geometry":{"type":"Point","coordinates":[146.10269,-36.88696]},"properties":{"n":"Blue Range Reference Area","k":"park"}},{"type":"Feature","geometry":{"type":"Point","coordinates":[147.98026,-37.12088]},"properties":{"n":"Blue Shirt Hill","k":"peak","e":1332}},{"type":"Feature","geometry":{"type":"Point","coordinates":[147.77772,-36.12286]},"properties":{"n":"Bluff Falls Camping Area","k":"campsite"}},{"type":"Feature","geometry":{"type":"Point","coordinates":[146.52396,-37.21599]},"properties":{"n":"Bluff Hut","k":"hut"}},{"type":"Feature","geometry":{"type":"Point","coordinates":[146.52423,-37.2158]},"properties":{"n":"Bluff Hut - Alpine NP","k":"campsite"}},{"type":"Feature","geometry":{"type":"Point","coordinates":[146.49311,-37.12692]},"properties":{"n":"Bluff Spur Memorial Hut","k":"hut"}},{"type":"Feature","geometry":{"type":"Point","coordinates":[147.36455,-37.70246]},"properties":{"n":"Bluff's Lookout","k":"lookout"}},{"type":"Feature","geometry":{"type":"Point","coordinates":[146.49304,-37.12692]},"properties":{"n":"Bluffs Spur Memorial Hut","k":"hut","e":1650}},{"type":"Feature","geometry":{"type":"Point","coordinates":[147.27393,-36.51182]},"properties":{"n":"Bocks Hill","k":"peak"}},{"type":"Feature","geometry":{"type":"Point","coordinates":[146.45272,-37.13463]},"properties":{"n":"Boggy Corner","k":"locality"}},{"type":"Feature","geometry":{"type":"Point","coordinates":[148.11181,-37.78839]},"properties":{"n":"Boggy Creek","k":"river"}},{"type":"Feature","geometry":{"type":"Point","coordinates":[146.33766,-36.76821]},"properties":{"n":"Boggy Creek Co-operative Dam","k":"lake"}},{"type":"Feature","geometry":{"type":"Point","coordinates":[148.03905,-37.56449]},"properties":{"n":"Boggy Creek Nature Conservation Reserve","k":"park"}},{"type":"Feature","geometry":{"type":"Point","coordinates":[146.4331,-37.14642]},"properties":{"n":"Boggy Creek Reservoir","k":"lake"}},{"type":"Feature","geometry":{"type":"Point","coordinates":[147.22569,-36.80403]},"properties":{"n":"Bogong","k":"village"}},{"type":"Feature","geometry":{"type":"Point","coordinates":[147.27804,-36.77103]},"properties":{"n":"Bogong Creek Saddle Helipad","k":"campsite"}},{"type":"Feature","geometry":{"type":"Point","coordinates":[147.22596,-36.73128]},"properties":{"n":"Bogong Hill","k":"peak","e":1020}},{"type":"Feature","geometry":{"type":"Point","coordinates":[147.18587,-36.834]},"properties":{"n":"Bogong Jack Saddle","k":"saddle"}},{"type":"Feature","geometry":{"type":"Point","coordinates":[147.18612,-36.83412]},"properties":{"n":"Bogong Jack Saddle Camping Area","k":"campsite"}},{"type":"Feature","geometry":{"type":"Point","coordinates":[147.18499,-36.83367]},"properties":{"n":"Bogong Jack Saddle Hut","k":"hut"}},{"type":"Feature","geometry":{"type":"Point","coordinates":[146.78896,-36.76735]},"properties":{"n":"Bogong Plain","k":"locality"}},{"type":"Feature","geometry":{"type":"Point","coordinates":[147.34597,-36.78333]},"properties":{"n":"Bogong Remote and Natural Area","k":"park"}},{"type":"Feature","geometry":{"type":"Point","coordinates":[147.3031,-36.90407]},"properties":{"n":"Bogong Rover Chalet","k":"hut"}},{"type":"Feature","geometry":{"type":"Point","coordinates":[145.76579,-36.75712]},"properties":{"n":"Boho Bushland Reserve","k":"park"}},{"type":"Feature","geometry":{"type":"Point","coordinates":[145.80243,-36.79085]},"properties":{"n":"Boho South","k":"village"}},{"type":"Feature","geometry":{"type":"Point","coordinates":[147.16949,-37.03756]},"properties":{"n":"Boiler Plain Reference Area","k":"park"}},{"type":"Feature","geometry":{"type":"Point","coordinates":[146.98881,-37.88264]},"properties":{"n":"Boisdale","k":"locality"}},{"type":"Feature","geometry":{"type":"Point","coordinates":[147.08944,-36.94508]},"properties":{"n":"Bon Accord Hill","k":"peak","e":1310}},{"type":"Feature","geometry":{"type":"Point","coordinates":[147.66673,-37.6483]},"properties":{"n":"Bone Hill","k":"peak"}},{"type":"Feature","geometry":{"type":"Point","coordinates":[147.00655,-36.14157]},"properties":{"n":"Bonegilla","k":"locality"}},{"type":"Feature","geometry":{"type":"Point","coordinates":[146.98452,-36.13862]},"properties":{"n":"Bonegilla Nature Conservation Reserve","k":"park"}},{"type":"Feature","geometry":{"type":"Point","coordinates":[146.98226,-36.12344]},"properties":{"n":"Bonegilla Wetland Bushland Reserve","k":"park"}},{"type":"Feature","geometry":{"type":"Point","coordinates":[146.4662,-37.4519]},"properties":{"n":"Bones and Mildew Hut (site)","k":"hut"}},{"type":"Feature","geometry":{"type":"Point","coordinates":[147.34806,-37.75735]},"properties":{"n":"Boniface Hill","k":"peak"}},{"type":"Feature","geometry":{"type":"Point","coordinates":[145.85777,-37.02434]},"properties":{"n":"Bonnie Doon","k":"village"}},{"type":"Feature","geometry":{"type":"Point","coordinates":[146.36501,-36.19798]},"properties":{"n":"Bontherambo H112 Bushland Reserve","k":"park"}},{"type":"Feature","geometry":{"type":"Point","coordinates":[146.43471,-36.176]},"properties":{"n":"Bontherambo H119 Bushland Reserve","k":"park"}},{"type":"Feature","geometry":{"type":"Point","coordinates":[145.70843,-37.68503]},"properties":{"n":"Boobyalla Saddle","k":"saddle"}},{"type":"Feature","geometry":{"type":"Point","coordinates":[146.60722,-37.07735]},"properties":{"n":"Boomerang Knoll","k":"peak","e":1407}},{"type":"Feature","geometry":{"type":"Point","coordinates":[147.72259,-37.3297]},"properties":{"n":"Boonabirrah Hill","k":"peak"}},{"type":"Feature","geometry":{"type":"Point","coordinates":[146.28781,-36.21443]},"properties":{"n":"Boorhaman","k":"locality"}},{"type":"Feature","geometry":{"type":"Point","coordinates":[146.17859,-37.0887]},"properties":{"n":"Boorolite","k":"locality"}},{"type":"Feature","geometry":{"type":"Point","coordinates":[145.97702,-36.55535]},"properties":{"n":"Bootmaker's Shop","k":"attraction"}},{"type":"Feature","geometry":{"type":"Point","coordinates":[146.41918,-36.21701]},"properties":{"n":"Boralma","k":"locality"}},{"type":"Feature","geometry":{"type":"Point","coordinates":[147.73503,-37.82193]},"properties":{"n":"Bosses Swamp","k":"lake"}},{"type":"Feature","geometry":{"type":"Point","coordinates":[147.34372,-36.75143]},"properties":{"n":"Bossiaea Hill","k":"peak"}},{"type":"Feature","geometry":{"type":"Point","coordinates":[146.74266,-36.71821]},"properties":{"n":"Boulder Knob","k":"peak"}},{"type":"Feature","geometry":{"type":"Point","coordinates":[147.18759,-37.26336]},"properties":{"n":"Boulung - Deera State Forest","k":"park"}},{"type":"Feature","geometry":{"type":"Point","coordinates":[145.78536,-36.79939]},"properties":{"n":"Boundary Hill","k":"peak"}},{"type":"Feature","geometry":{"type":"Point","coordinates":[145.87266,-37.4648]},"properties":{"n":"Boundary Hut","k":"lookout"}},{"type":"Feature","geometry":{"type":"Point","coordinates":[148.2343,-36.28645]},"properties":{"n":"Bourkes Gorge","k":"locality"}},{"type":"Feature","geometry":{"type":"Point","coordinates":[147.14717,-37.83512]},"properties":{"n":"Bow - Worrung State Forest","k":"park"}},{"type":"Feature","geometry":{"type":"Point","coordinates":[147.11737,-37.85159]},"properties":{"n":"Bow-Worrung Bushland Reserve","k":"park"}},{"type":"Feature","geometry":{"type":"Point","coordinates":[146.1328,-36.26867]},"properties":{"n":"Boweya","k":"locality"}},{"type":"Feature","geometry":{"type":"Point","coordinates":[146.1307,-36.28421]},"properties":{"n":"Boweya H101 Bushland Reserve","k":"park"}},{"type":"Feature","geometry":{"type":"Point","coordinates":[146.09273,-36.26899]},"properties":{"n":"Boweya H102 Bushland Reserve","k":"park"}},{"type":"Feature","geometry":{"type":"Point","coordinates":[146.63242,-36.48508]},"properties":{"n":"Bowmans Forest","k":"locality"}},{"type":"Feature","geometry":{"type":"Point","coordinates":[146.36629,-36.31834]},"properties":{"n":"Bowser","k":"locality"}},{"type":"Feature","geometry":{"type":"Point","coordinates":[146.4609,-37.13823]},"properties":{"n":"Box Corner","k":"locality"}},{"type":"Feature","geometry":{"type":"Point","coordinates":[145.58438,-37.64856]},"properties":{"n":"Boxs Hill","k":"peak"}},{"type":"Feature","geometry":{"type":"Point","coordinates":[145.79811,-36.32233]},"properties":{"n":"Boxwood","k":"locality"}},{"type":"Feature","geometry":{"type":"Point","coordinates":[145.78397,-36.32509]},"properties":{"n":"Boxwood Nature Conservation Reserve","k":"park"}},{"type":"Feature","geometry":{"type":"Point","coordinates":[146.307,-37.12821]},"properties":{"n":"Boytown","k":"locality"}},{"type":"Feature","geometry":{"type":"Point","coordinates":[146.30572,-37.13085]},"properties":{"n":"Bracken (Rocky) Knoll","k":"peak","e":690}},{"type":"Feature","geometry":{"type":"Point","coordinates":[147.52831,-37.88279]},"properties":{"n":"Bracken Hill","k":"peak"}},{"type":"Feature","geometry":{"type":"Point","coordinates":[148.15667,-36.16556]},"properties":{"n":"Bradneys Gap","k":"campsite"}},{"type":"Feature","geometry":{"type":"Point","coordinates":[148.15353,-36.17425]},"properties":{"n":"Bradneys Gap","k":"saddle"}},{"type":"Feature","geometry":{"type":"Point","coordinates":[147.1809,-36.99115]},"properties":{"n":"Brandy Creek Mine Lookout","k":"lookout"}},{"type":"Feature","geometry":{"type":"Point","coordinates":[146.72833,-37.55985]},"properties":{"n":"Brandy Pinch","k":"peak","e":667}},{"type":"Feature","geometry":{"type":"Point","coordinates":[145.80342,-37.0137]},"properties":{"n":"Brankeet Creek","k":"river"}},{"type":"Feature","geometry":{"type":"Point","coordinates":[146.60848,-36.71223]},"properties":{"n":"Bread and Butter Gap","k":"saddle"}},{"type":"Feature","geometry":{"type":"Point","coordinates":[146.16701,-37.85828]},"properties":{"n":"Breezy Point","k":"peak"}},{"type":"Feature","geometry":{"type":"Point","coordinates":[147.0746,-37.84348]},"properties":{"n":"Briagolong","k":"village"}},{"type":"Feature","geometry":{"type":"Point","coordinates":[147.02405,-37.80626]},"properties":{"n":"Briagolong Bushland Reserve","k":"park"}},{"type":"Feature","geometry":{"type":"Point","coordinates":[147.07477,-37.85555]},"properties":{"n":"Briagolong Redgum Reserve","k":"park"}},{"type":"Feature","geometry":{"type":"Point","coordinates":[145.71759,-37.77195]},"properties":{"n":"Bride North","k":"peak"}},{"type":"Feature","geometry":{"type":"Point","coordinates":[146.09934,-36.95445]},"properties":{"n":"Bridge Creek","k":"locality"}},{"type":"Feature","geometry":{"type":"Point","coordinates":[146.7787,-36.77351]},"properties":{"n":"Bridge Of Sighs","k":"locality"}},{"type":"Feature","geometry":{"type":"Point","coordinates":[146.21638,-36.33491]},"properties":{"n":"Briens Gorge Falls","k":"attraction"}},{"type":"Feature","geometry":{"type":"Point","coordinates":[145.81449,-37.13057]},"properties":{"n":"Brier's Lookout","k":"lookout","e":605}},{"type":"Feature","geometry":{"type":"Point","coordinates":[146.96077,-36.72853]},"properties":{"n":"Bright","k":"town","e":319}},{"type":"Feature","geometry":{"type":"Point","coordinates":[148.05111,-36.165]},"properties":{"n":"Bringenbrong","k":"locality"}},{"type":"Feature","geometry":{"type":"Point","coordinates":[146.38167,-37.34149]},"properties":{"n":"Brissces Hut (ruin)","k":"hut"}},{"type":"Feature","geometry":{"type":"Point","coordinates":[145.66911,-37.79153]},"properties":{"n":"Britannia Creek Caves","k":"cave"}},{"type":"Feature","geometry":{"type":"Point","coordinates":[145.6468,-37.79195]},"properties":{"n":"Britannia Creek G181 Bushland Reserve","k":"park"}},{"type":"Feature","geometry":{"type":"Point","coordinates":[145.65114,-37.78643]},"properties":{"n":"Britannia Creek G182 Bushland Reserve","k":"park"}},{"type":"Feature","geometry":{"type":"Point","coordinates":[145.67096,-37.79283]},"properties":{"n":"Brittania Creek Cave Geological Reserve","k":"park"}},{"type":"Feature","geometry":{"type":"Point","coordinates":[148.28444,-36.59833]},"properties":{"n":"Brodies Camp","k":"locality"}},{"type":"Feature","geometry":{"type":"Point","coordinates":[145.60226,-36.10194]},"properties":{"n":"Broken Creek","k":"river"}},{"type":"Feature","geometry":{"type":"Point","coordinates":[145.90185,-36.44969]},"properties":{"n":"Broken Creek Bush Camp","k":"campsite"}},{"type":"Feature","geometry":{"type":"Point","coordinates":[145.85075,-36.48581]},"properties":{"n":"Broken River","k":"river"}},{"type":"Feature","geometry":{"type":"Point","coordinates":[146.31147,-36.99514]},"properties":{"n":"Broken River East Branch","k":"river"}},{"type":"Feature","geometry":{"type":"Point","coordinates":[145.97163,-36.60268]},"properties":{"n":"Broken River K12 Streamside Reserve","k":"park"}},{"type":"Feature","geometry":{"type":"Point","coordinates":[146.01218,-36.77719]},"properties":{"n":"Broken River K13 Streamside Reserve","k":"park"}},{"type":"Feature","geometry":{"type":"Point","coordinates":[145.77331,-36.44505]},"properties":{"n":"Broken River K22 Streamside Reserve","k":"park"}},{"type":"Feature","geometry":{"type":"Point","coordinates":[145.89741,-36.46226]},"properties":{"n":"Broken River K24 Streamside Reserve","k":"park"}},{"type":"Feature","geometry":{"type":"Point","coordinates":[145.95421,-36.50979]},"properties":{"n":"Broken River K25 Streamside Reserve","k":"park"}},{"type":"Feature","geometry":{"type":"Point","coordinates":[145.95644,-36.52849]},"properties":{"n":"Broken River K26 Streamside Reserve","k":"park"}},{"type":"Feature","geometry":{"type":"Point","coordinates":[146.3111,-36.99493]},"properties":{"n":"Broken River West Branch","k":"river"}},{"type":"Feature","geometry":{"type":"Point","coordinates":[145.52908,-36.42469]},"properties":{"n":"Broken River, Keadys Bridge Streamside Reserve","k":"park"}},{"type":"Feature","geometry":{"type":"Point","coordinates":[145.64334,-36.12091]},"properties":{"n":"Broken-Boosey State Park","k":"park"}},{"type":"Feature","geometry":{"type":"Point","coordinates":[145.67107,-37.19063]},"properties":{"n":"Brookes River Reserve","k":"campsite"}},{"type":"Feature","geometry":{"type":"Point","coordinates":[146.28548,-36.70583]},"properties":{"n":"Brookfield Maze","k":"attraction"}},{"type":"Feature","geometry":{"type":"Point","coordinates":[146.27984,-36.69525]},"properties":{"n":"Brookfield Maze - garden, cafe, accomodation","k":"attraction"}},{"type":"Feature","geometry":{"type":"Point","coordinates":[146.883,-36.74424]},"properties":{"n":"Brookside","k":"locality"}},{"type":"Feature","geometry":{"type":"Point","coordinates":[146.42867,-36.45367]},"properties":{"n":"Brown Brothers Vineyard","k":"attraction"}},{"type":"Feature","geometry":{"type":"Point","coordinates":[147.74304,-37.57151]},"properties":{"n":"Browns Peak","k":"peak"}},{"type":"Feature","geometry":{"type":"Point","coordinates":[147.08372,-37.6372]},"properties":{"n":"Browns Terrace","k":"peak","e":625}},{"type":"Feature","geometry":{"type":"Point","coordinates":[146.86303,-36.41455]},"properties":{"n":"Bruarong","k":"locality"}},{"type":"Feature","geometry":{"type":"Point","coordinates":[146.88141,-36.42289]},"properties":{"n":"Bruarong Bushland Reserve","k":"park"}},{"type":"Feature","geometry":{"type":"Point","coordinates":[147.98982,-37.01945]},"properties":{"n":"Brumby Hill","k":"peak","e":1556}},{"type":"Feature","geometry":{"type":"Point","coordinates":[148.07886,-37.05348]},"properties":{"n":"Brumby Point","k":"peak"}},{"type":"Feature","geometry":{"type":"Point","coordinates":[146.59289,-37.53473]},"properties":{"n":"Bruni Knob","k":"peak","e":763}},{"type":"Feature","geometry":{"type":"Point","coordinates":[147.83274,-37.70752]},"properties":{"n":"Bruthen","k":"village"}},{"type":"Feature","geometry":{"type":"Point","coordinates":[147.83149,-37.70629]},"properties":{"n":"Bruthen Community Recreation Reserve","k":"park"}},{"type":"Feature","geometry":{"type":"Point","coordinates":[146.76001,-37.29559]},"properties":{"n":"Bryce Gorge Camping Area","k":"campsite"}},{"type":"Feature","geometry":{"type":"Point","coordinates":[148.17209,-37.49922]},"properties":{"n":"Buchan","k":"village"}},{"type":"Feature","geometry":{"type":"Point","coordinates":[148.15945,-37.49652]},"properties":{"n":"Buchan (AT) Cave Reserve","k":"park"}},{"type":"Feature","geometry":{"type":"Point","coordinates":[148.13477,-37.55396]},"properties":{"n":"Buchan Bushland Reserve","k":"park"}},{"type":"Feature","geometry":{"type":"Point","coordinates":[148.16389,-37.49528]},"properties":{"n":"Buchan Caves Camping Reserve","k":"campsite"}},{"type":"Feature","geometry":{"type":"Point","coordinates":[148.17169,-37.49529]},"properties":{"n":"Buchan Caves Reserve","k":"park"}},{"type":"Feature","geometry":{"type":"Point","coordinates":[148.07692,-36.99877]},"properties":{"n":"Buchan Headwaters Wilderness Zone","k":"park"}},{"type":"Feature","geometry":{"type":"Point","coordinates":[148.18317,-37.28016]},"properties":{"n":"Buchan River","k":"river"}},{"type":"Feature","geometry":{"type":"Point","coordinates":[148.18602,-37.47319]},"properties":{"n":"Buchan Valley Lookout","k":"lookout"}},{"type":"Feature","geometry":{"type":"Point","coordinates":[147.52877,-36.42243]},"properties":{"n":"Bucheen Creek","k":"locality"}},{"type":"Feature","geometry":{"type":"Point","coordinates":[147.32866,-36.93903]},"properties":{"n":"Buckety Plains Campground","k":"campsite"}},{"type":"Feature","geometry":{"type":"Point","coordinates":[146.8534,-36.82166]},"properties":{"n":"Buckland","k":"locality"}},{"type":"Feature","geometry":{"type":"Point","coordinates":[146.69527,-36.41046]},"properties":{"n":"Buckland Gap","k":"locality"}},{"type":"Feature","geometry":{"type":"Point","coordinates":[146.69388,-36.40639]},"properties":{"n":"Buckland Gap","k":"saddle"}},{"type":"Feature","geometry":{"type":"Point","coordinates":[146.87175,-36.87457]},"properties":{"n":"Buckland Junction","k":"locality"}},{"type":"Feature","geometry":{"type":"Point","coordinates":[146.87273,-36.78275]},"properties":{"n":"Buckland River","k":"river"}},{"type":"Feature","geometry":{"type":"Point","coordinates":[146.93134,-36.95249]},"properties":{"n":"Buckland River East Branch","k":"river"}},{"type":"Feature","geometry":{"type":"Point","coordinates":[146.88068,-36.7376]},"properties":{"n":"Buckland River Streamside Reserve","k":"park"}},{"type":"Feature","geometry":{"type":"Point","coordinates":[146.8717,-36.87425]},"properties":{"n":"Buckland River West Branch","k":"river"}},{"type":"Feature","geometry":{"type":"Point","coordinates":[148.00579,-36.74285]},"properties":{"n":"Buckwong Hut","k":"hut"}},{"type":"Feature","geometry":{"type":"Point","coordinates":[147.09634,-37.54544]},"properties":{"n":"Budgee Budgee","k":"locality"}},{"type":"Feature","geometry":{"type":"Point","coordinates":[147.19187,-37.58211]},"properties":{"n":"Budgee Budgee Bushland Reserve","k":"park"}},{"type":"Feature","geometry":{"type":"Point","coordinates":[147.85019,-36.69571]},"properties":{"n":"Buenba Creek","k":"river"}},{"type":"Feature","geometry":{"type":"Point","coordinates":[147.92217,-36.70082]},"properties":{"n":"Buenba Flat #1","k":"campsite"}},{"type":"Feature","geometry":{"type":"Point","coordinates":[147.92237,-36.69757]},"properties":{"n":"Buenba Flat #2","k":"campsite"}},{"type":"Feature","geometry":{"type":"Point","coordinates":[147.92458,-36.69336]},"properties":{"n":"Buenba Flat #3","k":"campsite"}},{"type":"Feature","geometry":{"type":"Point","coordinates":[147.91955,-36.70243]},"properties":{"n":"Buenba Flat South #1","k":"campsite"}},{"type":"Feature","geometry":{"type":"Point","coordinates":[147.91543,-36.70629]},"properties":{"n":"Buenba Flat South #2","k":"campsite"}},{"type":"Feature","geometry":{"type":"Point","coordinates":[147.91383,-36.70576]},"properties":{"n":"Buenba Flat South #3","k":"campsite"}},{"type":"Feature","geometry":{"type":"Point","coordinates":[147.91165,-36.73678]},"properties":{"n":"Buenba Gap","k":"saddle"}},{"type":"Feature","geometry":{"type":"Point","coordinates":[147.88585,-36.72567]},"properties":{"n":"Buenba Reference Area","k":"park"}},{"type":"Feature","geometry":{"type":"Point","coordinates":[146.72935,-36.58823]},"properties":{"n":"Buffalo Creek","k":"river"}},{"type":"Feature","geometry":{"type":"Point","coordinates":[146.69168,-36.57342]},"properties":{"n":"Buffalo River","k":"river"}},{"type":"Feature","geometry":{"type":"Point","coordinates":[146.77044,-36.98192]},"properties":{"n":"Buffalo River East Branch","k":"river"}},{"type":"Feature","geometry":{"type":"Point","coordinates":[146.7704,-36.982]},"properties":{"n":"Buffalo River West Branch","k":"river"}},{"type":"Feature","geometry":{"type":"Point","coordinates":[146.74665,-36.65713]},"properties":{"n":"Buffalo Sugarloaf","k":"peak"}},{"type":"Feature","geometry":{"type":"Point","coordinates":[147.37214,-36.68626]},"properties":{"n":"Bull Hill","k":"peak","e":1413}},{"type":"Feature","geometry":{"type":"Point","coordinates":[146.44563,-37.45012]},"properties":{"n":"Bull Roar Saddle","k":"saddle"}},{"type":"Feature","geometry":{"type":"Point","coordinates":[146.42268,-37.11762]},"properties":{"n":"Buller Gnome Tree","k":"attraction"}},{"type":"Feature","geometry":{"type":"Point","coordinates":[146.43026,-37.14591]},"properties":{"n":"Buller Huts Trail","k":"attraction"}},{"type":"Feature","geometry":{"type":"Point","coordinates":[147.29693,-36.36727]},"properties":{"n":"Bullhead Creek","k":"locality"}},{"type":"Feature","geometry":{"type":"Point","coordinates":[147.33478,-36.19365]},"properties":{"n":"Bullioh","k":"locality"}},{"type":"Feature","geometry":{"type":"Point","coordinates":[147.05718,-37.37453]},"properties":{"n":"Bullock Flat Camping Area","k":"campsite"}},{"type":"Feature","geometry":{"type":"Point","coordinates":[147.9707,-37.88439]},"properties":{"n":"Bullock Island","k":"attraction"}},{"type":"Feature","geometry":{"type":"Point","coordinates":[147.53165,-37.64038]},"properties":{"n":"Bullumwaal","k":"locality"}},{"type":"Feature","geometry":{"type":"Point","coordinates":[147.83049,-37.79281]},"properties":{"n":"Bumberrah","k":"locality"}},{"type":"Feature","geometry":{"type":"Point","coordinates":[147.83546,-37.80107]},"properties":{"n":"Bumberrah Bushland Reserve","k":"park"}},{"type":"Feature","geometry":{"type":"Point","coordinates":[147.26184,-36.96616]},"properties":{"n":"Bundara - Cobungra Remote and Natural Area","k":"park"}},{"type":"Feature","geometry":{"type":"Point","coordinates":[147.40925,-36.98542]},"properties":{"n":"Bundara River","k":"river"}},{"type":"Feature","geometry":{"type":"Point","coordinates":[146.26624,-37.84061]},"properties":{"n":"Bunerong","k":"hut"}},{"type":"Feature","geometry":{"type":"Point","coordinates":[147.99057,-37.8074]},"properties":{"n":"Bunga Hill","k":"peak"}},{"type":"Feature","geometry":{"type":"Point","coordinates":[146.03995,-36.31548]},"properties":{"n":"Bungeet Creek Bushland Reserve","k":"park"}},{"type":"Feature","geometry":{"type":"Point","coordinates":[145.97411,-36.33255]},"properties":{"n":"Bungeet H125 Bushland Reserve","k":"park"}},{"type":"Feature","geometry":{"type":"Point","coordinates":[145.9829,-36.39083]},"properties":{"n":"Bungeet H126 Bushland Reserve","k":"park"}},{"type":"Feature","geometry":{"type":"Point","coordinates":[146.03028,-36.31985]},"properties":{"n":"Bungeet H89 Bushland Reserve","k":"park"}},{"type":"Feature","geometry":{"type":"Point","coordinates":[146.0041,-36.36061]},"properties":{"n":"Bungeet West","k":"locality"}},{"type":"Feature","geometry":{"type":"Point","coordinates":[145.54241,-36.94038]},"properties":{"n":"Buntings Hill","k":"peak"}},{"type":"Feature","geometry":{"type":"Point","coordinates":[145.69203,-37.89159]},"properties":{"n":"Bunyip River","k":"river"}},{"type":"Feature","geometry":{"type":"Point","coordinates":[147.88178,-36.34037]},"properties":{"n":"Burbibyong Creek Reference Area","k":"park"}},{"type":"Feature","geometry":{"type":"Point","coordinates":[146.60332,-36.45739]},"properties":{"n":"Burgoigee Creek","k":"river"}},{"type":"Feature","geometry":{"type":"Point","coordinates":[146.6699,-37.71267]},"properties":{"n":"Burgoyne Gap","k":"saddle"}},{"type":"Feature","geometry":{"type":"Point","coordinates":[148.03069,-37.81606]},"properties":{"n":"Burned Bridge Reserve","k":"campsite"}},{"type":"Feature","geometry":{"type":"Point","coordinates":[147.55017,-36.96023]},"properties":{"n":"Burnside Reference Area","k":"park"}},{"type":"Feature","geometry":{"type":"Point","coordinates":[146.30701,-37.52623]},"properties":{"n":"Burnt Camp","k":"locality"}},{"type":"Feature","geometry":{"type":"Point","coordinates":[146.40898,-37.06035]},"properties":{"n":"Burnt Hut Knob","k":"peak"}},{"type":"Feature","geometry":{"type":"Point","coordinates":[146.51346,-37.03359]},"properties":{"n":"Burnt Top Hill","k":"peak","e":1167}},{"type":"Feature","geometry":{"type":"Point","coordinates":[147.67859,-36.12595]},"properties":{"n":"Burrowa - Pine Mountain NP (VPC addition)","k":"park"}},{"type":"Feature","geometry":{"type":"Point","coordinates":[147.76074,-36.10162]},"properties":{"n":"Burrowa - Pine Mountain National Park","k":"park"}},{"type":"Feature","geometry":{"type":"Point","coordinates":[147.01561,-37.86759]},"properties":{"n":"Bushy Park","k":"locality"}},{"type":"Feature","geometry":{"type":"Point","coordinates":[148.24929,-37.25786]},"properties":{"n":"Butchers Ridge","k":"locality"}},{"type":"Feature","geometry":{"type":"Point","coordinates":[145.70926,-37.42385]},"properties":{"n":"Buxton","k":"village"}},{"type":"Feature","geometry":{"type":"Point","coordinates":[145.72229,-37.42308]},"properties":{"n":"Buxton Peak","k":"peak"}},{"type":"Feature","geometry":{"type":"Point","coordinates":[145.69196,-37.44923]},"properties":{"n":"Buxton Silver Gum Nature Conservation Reserve","k":"park"}},{"type":"Feature","geometry":{"type":"Point","coordinates":[145.70539,-37.42827]},"properties":{"n":"Buxton Trout & Salmon Farm","k":"attraction"}},{"type":"Feature","geometry":{"type":"Point","coordinates":[148.23919,-36.43105]},"properties":{"n":"Byatts Camp","k":"locality"}},{"type":"Feature","geometry":{"type":"Point","coordinates":[146.48705,-36.29174]},"properties":{"n":"Byawatha","k":"village"}},{"type":"Feature","geometry":{"type":"Point","coordinates":[146.47047,-36.26865]},"properties":{"n":"Byawatha Bushland Reserve","k":"park"}},{"type":"Feature","geometry":{"type":"Point","coordinates":[147.49472,-36.98778]},"properties":{"n":"C.R.B. Camp Area","k":"campsite"}},{"type":"Feature","geometry":{"type":"Point","coordinates":[145.94464,-37.3702]},"properties":{"n":"Cabbage Tree Gap","k":"saddle"}},{"type":"Feature","geometry":{"type":"Point","coordinates":[147.30321,-36.7758]},"properties":{"n":"Cairn Creek Hut","k":"hut"}},{"type":"Feature","geometry":{"type":"Point","coordinates":[147.26591,-37.70772]},"properties":{"n":"Calajero State Forest","k":"park"}},{"type":"Feature","geometry":{"type":"Point","coordinates":[147.35406,-37.67157]},"properties":{"n":"Calder Junction","k":"locality"}},{"type":"Feature","geometry":{"type":"Point","coordinates":[146.609,-37.42745]},"properties":{"n":"Caledonia River","k":"river"}},{"type":"Feature","geometry":{"type":"Point","coordinates":[147.40913,-37.59925]},"properties":{"n":"Calvi Hill","k":"peak"}},{"type":"Feature","geometry":{"type":"Point","coordinates":[145.88777,-37.55682]},"properties":{"n":"Cambarville Historic Site","k":"attraction"}},{"type":"Feature","geometry":{"type":"Point","coordinates":[146.31726,-37.00236]},"properties":{"n":"Cambatong Reference Area","k":"park"}},{"type":"Feature","geometry":{"type":"Point","coordinates":[145.53272,-37.86567]},"properties":{"n":"Camelot Castle","k":"attraction"}},{"type":"Feature","geometry":{"type":"Point","coordinates":[148.13598,-37.78043]},"properties":{"n":"Camerons Arm No.1 Camp","k":"campsite"}},{"type":"Feature","geometry":{"type":"Point","coordinates":[146.64899,-37.11962]},"properties":{"n":"Camp Creek","k":"campsite"}},{"type":"Feature","geometry":{"type":"Point","coordinates":[147.3146,-36.7022]},"properties":{"n":"Camp Creek Gap","k":"saddle"}},{"type":"Feature","geometry":{"type":"Point","coordinates":[147.98612,-37.26732]},"properties":{"n":"Camp Oven Gap","k":"saddle"}},{"type":"Feature","geometry":{"type":"Point","coordinates":[147.7574,-36.12182]},"properties":{"n":"Campbells Lookout","k":"lookout"}},{"type":"Feature","geometry":{"type":"Point","coordinates":[146.08608,-36.88433]},"properties":{"n":"Camphora Campsite","k":"campsite"}},{"type":"Feature","geometry":{"type":"Point","coordinates":[145.5036,-37.06523]},"properties":{"n":"Camping Bays","k":"campsite"}},{"type":"Feature","geometry":{"type":"Point","coordinates":[148.08373,-37.85728]},"properties":{"n":"Camping Free","k":"campsite"}},{"type":"Feature","geometry":{"type":"Point","coordinates":[145.84056,-37.17667]},"properties":{"n":"Candlebark Campground","k":"campsite"}},{"type":"Feature","geometry":{"type":"Point","coordinates":[145.52701,-37.72169]},"properties":{"n":"Candlebark Farm","k":"campsite"}},{"type":"Feature","geometry":{"type":"Point","coordinates":[145.6288,-36.47213]},"properties":{"n":"Caniambo","k":"locality"}},{"type":"Feature","geometry":{"type":"Point","coordinates":[145.63106,-36.42469]},"properties":{"n":"Caniambo Bridge Streamside Reserve","k":"park"}},{"type":"Feature","geometry":{"type":"Point","coordinates":[145.62701,-36.46556]},"properties":{"n":"Caniambo Bushland Reserve","k":"park"}},{"type":"Feature","geometry":{"type":"Point","coordinates":[145.69568,-36.47902]},"properties":{"n":"Caniambo Nature Conservation Reserve","k":"park"}},{"type":"Feature","geometry":{"type":"Point","coordinates":[145.60456,-36.49688]},"properties":{"n":"Caniambo South Nature Conservation Reserve","k":"park"}},{"type":"Feature","geometry":{"type":"Point","coordinates":[146.7809,-36.7695]},"properties":{"n":"Cannon Hill","k":"peak"}},{"type":"Feature","geometry":{"type":"Point","coordinates":[147.85834,-37.8778]},"properties":{"n":"Cantrill's Lookout (formerly known as Hot Pools Lookout)","k":"lookout"}},{"type":"Feature","geometry":{"type":"Point","coordinates":[146.45998,-37.14121]},"properties":{"n":"Caravan Corner","k":"locality"}},{"type":"Feature","geometry":{"type":"Point","coordinates":[146.49054,-36.67569]},"properties":{"n":"Carboor Upper Education Area","k":"park"}},{"type":"Feature","geometry":{"type":"Point","coordinates":[146.72905,-37.52797]},"properties":{"n":"Carey River","k":"river"}},{"type":"Feature","geometry":{"type":"Point","coordinates":[146.76957,-37.45388]},"properties":{"n":"Carey State Forest","k":"park"}},{"type":"Feature","geometry":{"type":"Point","coordinates":[146.79621,-36.719]},"properties":{"n":"Carlile Lookout","k":"peak"}},{"type":"Feature","geometry":{"type":"Point","coordinates":[146.09888,-37.02357]},"properties":{"n":"Carlisle Hill","k":"peak"}},{"type":"Feature","geometry":{"type":"Point","coordinates":[147.24165,-37.03349]},"properties":{"n":"Carmichael Falls","k":"lookout"}},{"type":"Feature","geometry":{"type":"Point","coordinates":[146.37945,-37.87654]},"properties":{"n":"Carrang Carrang State Forest","k":"park"}},{"type":"Feature","geometry":{"type":"Point","coordinates":[146.38152,-36.33047]},"properties":{"n":"Carraragarmungee B.R.","k":"park"}},{"type":"Feature","geometry":{"type":"Point","coordinates":[146.40868,-36.26577]},"properties":{"n":"Carraragarmungee H111 Bushland Reserve","k":"park"}},{"type":"Feature","geometry":{"type":"Point","coordinates":[146.43842,-36.25237]},"properties":{"n":"Carraragarmungee I10 Bushland Reserve","k":"park"}},{"type":"Feature","geometry":{"type":"Point","coordinates":[148.29093,-36.40991]},"properties":{"n":"Carruthers Peak","k":"peak","e":2145}},{"type":"Feature","geometry":{"type":"Point","coordinates":[145.65861,-37.61491]},"properties":{"n":"Carter Gap","k":"saddle"}},{"type":"Feature","geometry":{"type":"Point","coordinates":[145.95296,-36.87198]},"properties":{"n":"Carters Lookout","k":"lookout"}},{"type":"Feature","geometry":{"type":"Point","coordinates":[146.30149,-37.83106]},"properties":{"n":"Cascade Glades","k":"locality"}},{"type":"Feature","geometry":{"type":"Point","coordinates":[146.30387,-37.82955]},"properties":{"n":"Cascade Hill","k":"peak"}},{"type":"Feature","geometry":{"type":"Point","coordinates":[148.25766,-36.58326]},"properties":{"n":"Cascade Hut","k":"hut"}},{"type":"Feature","geometry":{"type":"Point","coordinates":[145.88839,-37.30405]},"properties":{"n":"Cascades","k":"lookout"}},{"type":"Feature","geometry":{"type":"Point","coordinates":[147.58737,-37.25042]},"properties":{"n":"Cassilis Historic Area","k":"park"}},{"type":"Feature","geometry":{"type":"Point","coordinates":[145.50528,-36.71682]},"properties":{"n":"Castle Creek Bushland Reserve","k":"park"}},{"type":"Feature","geometry":{"type":"Point","coordinates":[146.88179,-36.17036]},"properties":{"n":"Castle Creek Conservation Reserve","k":"park"}},{"type":"Feature","geometry":{"type":"Point","coordinates":[147.03679,-37.5078]},"properties":{"n":"Castle Hill","k":"peak","e":1446}},{"type":"Feature","geometry":{"type":"Point","coordinates":[146.34277,-37.22865]},"properties":{"n":"Castle Rock","k":"peak"}},{"type":"Feature","geometry":{"type":"Point","coordinates":[147.18186,-37.57586]},"properties":{"n":"Castleburn","k":"locality"}},{"type":"Feature","geometry":{"type":"Point","coordinates":[145.735,-37.36165]},"properties":{"n":"Cathedral North","k":"peak","e":814}},{"type":"Feature","geometry":{"type":"Point","coordinates":[145.76655,-37.37644]},"properties":{"n":"Cathedral Range State Park","k":"park"}},{"type":"Feature","geometry":{"type":"Point","coordinates":[146.75095,-36.96015]},"properties":{"n":"Catherine River","k":"river"}},{"type":"Feature","geometry":{"type":"Point","coordinates":[146.66036,-37.11413]},"properties":{"n":"Catherine Saddle","k":"campsite"}},{"type":"Feature","geometry":{"type":"Point","coordinates":[146.66038,-37.11366]},"properties":{"n":"Catherine Saddle","k":"saddle"}},{"type":"Feature","geometry":{"type":"Point","coordinates":[147.37162,-36.53739]},"properties":{"n":"Cave","k":"cave"}},{"type":"Feature","geometry":{"type":"Point","coordinates":[145.50811,-37.09756]},"properties":{"n":"Caveat Nature Conservation Reserve","k":"park"}},{"type":"Feature","geometry":{"type":"Point","coordinates":[146.96017,-36.72611]},"properties":{"n":"Centenary Park Streamside Reserve","k":"park"}},{"type":"Feature","geometry":{"type":"Point","coordinates":[145.76601,-37.35525]},"properties":{"n":"Chapel Hill","k":"peak"}},{"type":"Feature","geometry":{"type":"Point","coordinates":[146.25021,-37.14222]},"properties":{"n":"Chapel Hill","k":"peak"}},{"type":"Feature","geometry":{"type":"Point","coordinates":[148.25078,-36.70016]},"properties":{"n":"Charlie Carters Hut","k":"hut"}},{"type":"Feature","geometry":{"type":"Point","coordinates":[146.46055,-37.08105]},"properties":{"n":"Charlie Rock","k":"peak"}},{"type":"Feature","geometry":{"type":"Point","coordinates":[146.69967,-36.17136]},"properties":{"n":"Cheesley Hill","k":"peak"}},{"type":"Feature","geometry":{"type":"Point","coordinates":[146.27323,-37.5658]},"properties":{"n":"Cherry Point","k":"peak","e":993}},{"type":"Feature","geometry":{"type":"Point","coordinates":[146.43124,-36.79871]},"properties":{"n":"Cheshunt","k":"locality"}},{"type":"Feature","geometry":{"type":"Point","coordinates":[146.38458,-36.91369]},"properties":{"n":"Cheshunt South","k":"locality"}},{"type":"Feature","geometry":{"type":"Point","coordinates":[146.70906,-37.46755]},"properties":{"n":"Chesters Hut remains","k":"hut"}},{"type":"Feature","geometry":{"type":"Point","coordinates":[146.59644,-37.23684]},"properties":{"n":"Chesters Yard","k":"campsite"}},{"type":"Feature","geometry":{"type":"Point","coordinates":[145.50004,-37.20762]},"properties":{"n":"Cheviot Railway Tunnel Historic and Cultural Features Reserve","k":"park"}},{"type":"Feature","geometry":{"type":"Point","coordinates":[146.60854,-36.15128]},"properties":{"n":"Chiltern","k":"village"}},{"type":"Feature","geometry":{"type":"Point","coordinates":[146.59406,-36.14664]},"properties":{"n":"Chiltern I85 Bushland Reserve","k":"park"}},{"type":"Feature","geometry":{"type":"Point","coordinates":[146.58858,-36.16574]},"properties":{"n":"Chiltern I87 Bushland Reserve","k":"park"}},{"type":"Feature","geometry":{"type":"Point","coordinates":[146.60898,-36.1743]},"properties":{"n":"Chiltern I88 Bushland Reserve","k":"park"}},{"type":"Feature","geometry":{"type":"Point","coordinates":[146.52959,-36.13806]},"properties":{"n":"Chiltern Valley Bushland Reserve","k":"park"}},{"type":"Feature","geometry":{"type":"Point","coordinates":[146.51199,-36.13424]},"properties":{"n":"Chiltern Valley Extended Mine Historic and Cultural Features Reserve","k":"park"}},{"type":"Feature","geometry":{"type":"Point","coordinates":[146.52318,-36.16929]},"properties":{"n":"Chiltern West I13 Bushland Reserve","k":"park"}},{"type":"Feature","geometry":{"type":"Point","coordinates":[146.64439,-36.24125]},"properties":{"n":"Chiltern-Mt Pilot National Park","k":"park"}},{"type":"Feature","geometry":{"type":"Point","coordinates":[145.8942,-37.08854]},"properties":{"n":"Chinaman Hill","k":"peak"}},{"type":"Feature","geometry":{"type":"Point","coordinates":[147.85765,-37.87803]},"properties":{"n":"Chinamans - Creek","k":"campsite"}},{"type":"Feature","geometry":{"type":"Point","coordinates":[146.55344,-36.33096]},"properties":{"n":"Chinese Gardens","k":"lookout"}},{"type":"Feature","geometry":{"type":"Point","coordinates":[146.9812,-36.7736]},"properties":{"n":"Chinese Pavilion","k":"attraction"}},{"type":"Feature","geometry":{"type":"Point","coordinates":[146.97856,-36.7744]},"properties":{"n":"Chinese bridge","k":"attraction"}},{"type":"Feature","geometry":{"type":"Point","coordinates":[146.38056,-37.62579]},"properties":{"n":"Christian's Hut","k":"hut"}},{"type":"Feature","geometry":{"type":"Point","coordinates":[145.83914,-37.27293]},"properties":{"n":"Christie Hill","k":"peak"}},{"type":"Feature","geometry":{"type":"Point","coordinates":[147.17183,-36.99244]},"properties":{"n":"Christmas Hil","k":"lookout"}},{"type":"Feature","geometry":{"type":"Point","coordinates":[146.72835,-37.5663]},"properties":{"n":"Chromite Mine Campsite","k":"campsite"}},{"type":"Feature","geometry":{"type":"Point","coordinates":[145.7517,-37.50422]},"properties":{"n":"Church Hill","k":"peak"}},{"type":"Feature","geometry":{"type":"Point","coordinates":[146.30495,-37.3185]},"properties":{"n":"Cinnabar Hut","k":"hut"}},{"type":"Feature","geometry":{"type":"Point","coordinates":[146.13825,-37.01299]},"properties":{"n":"Claire Hill","k":"peak"}},{"type":"Feature","geometry":{"type":"Point","coordinates":[147.21621,-37.31996]},"properties":{"n":"Clarks Camp Ground","k":"campsite"}},{"type":"Feature","geometry":{"type":"Point","coordinates":[147.7939,-37.81203]},"properties":{"n":"Claybank","k":"locality"}},{"type":"Feature","geometry":{"type":"Point","coordinates":[146.88709,-36.89115]},"properties":{"n":"Clear Creek Campground","k":"campsite"}},{"type":"Feature","geometry":{"type":"Point","coordinates":[146.53563,-37.1061]},"properties":{"n":"Clear Hills","k":"campsite","e":1376}},{"type":"Feature","geometry":{"type":"Point","coordinates":[146.53183,-37.10876]},"properties":{"n":"Clear Hills Hut","k":"hut"}},{"type":"Feature","geometry":{"type":"Point","coordinates":[146.93593,-36.7575]},"properties":{"n":"Clear Spot","k":"lookout"}},{"type":"Feature","geometry":{"type":"Point","coordinates":[146.9357,-36.75798]},"properties":{"n":"Clear Spot Lookout","k":"peak","e":1004}},{"type":"Feature","geometry":{"type":"Point","coordinates":[148.15784,-36.85133]},"properties":{"n":"Cleft Peak","k":"peak"}},{"type":"Feature","geometry":{"type":"Point","coordinates":[147.32733,-36.75593]},"properties":{"n":"Cleve Cole Hut","k":"hut"}},{"type":"Feature","geometry":{"type":"Point","coordinates":[147.62325,-37.80728]},"properties":{"n":"Clifton Creek","k":"river"}},{"type":"Feature","geometry":{"type":"Point","coordinates":[148.29146,-36.41402]},"properties":{"n":"Club Lake","k":"lake"}},{"type":"Feature","geometry":{"type":"Point","coordinates":[147.20429,-37.6265]},"properties":{"n":"Cobbannah","k":"locality"}},{"type":"Feature","geometry":{"type":"Point","coordinates":[148.251,-36.83823]},"properties":{"n":"Cobberas Wilderness Zone","k":"park"}},{"type":"Feature","geometry":{"type":"Point","coordinates":[146.6234,-37.05326]},"properties":{"n":"Cobbler Plateau","k":"locality"}},{"type":"Feature","geometry":{"type":"Point","coordinates":[147.39086,-37.09551]},"properties":{"n":"Cobungra Bushland Reserve","k":"park"}},{"type":"Feature","geometry":{"type":"Point","coordinates":[147.18546,-36.94615]},"properties":{"n":"Cobungra Gap","k":"lookout"}},{"type":"Feature","geometry":{"type":"Point","coordinates":[147.38145,-37.08284]},"properties":{"n":"Cobungra Hill","k":"peak"}},{"type":"Feature","geometry":{"type":"Point","coordinates":[147.49982,-36.9907]},"properties":{"n":"Cobungra River","k":"river"}},{"type":"Feature","geometry":{"type":"Point","coordinates":[147.40925,-37.12395]},"properties":{"n":"Cobungra State Forest","k":"park"}},{"type":"Feature","geometry":{"type":"Point","coordinates":[147.39558,-37.09586]},"properties":{"n":"Cobungra Streamside Reserve","k":"park"}},{"type":"Feature","geometry":{"type":"Point","coordinates":[147.85386,-36.2138]},"properties":{"n":"Colac Colac Bushland Reserve","k":"park"}},{"type":"Feature","geometry":{"type":"Point","coordinates":[145.97418,-37.45772]},"properties":{"n":"Cold Weather Hill","k":"peak"}},{"type":"Feature","geometry":{"type":"Point","coordinates":[145.97462,-37.4599]},"properties":{"n":"Cold Weather Junction","k":"locality"}},{"type":"Feature","geometry":{"type":"Point","coordinates":[147.15497,-37.49797]},"properties":{"n":"Collins Hut","k":"hut"}},{"type":"Feature","geometry":{"type":"Point","coordinates":[147.94368,-37.7585]},"properties":{"n":"Colquhoun","k":"locality"}},{"type":"Feature","geometry":{"type":"Point","coordinates":[147.98373,-37.77324]},"properties":{"n":"Colquhoun Hill","k":"peak"}},{"type":"Feature","geometry":{"type":"Point","coordinates":[147.92018,-37.80565]},"properties":{"n":"Colquhoun Regional Park","k":"park"}},{"type":"Feature","geometry":{"type":"Point","coordinates":[147.96946,-37.85038]},"properties":{"n":"Comers Landing","k":"locality"}},{"type":"Feature","geometry":{"type":"Point","coordinates":[146.26719,-37.57804]},"properties":{"n":"Comet Flat Reserve","k":"campsite"}},{"type":"Feature","geometry":{"type":"Point","coordinates":[146.81152,-36.28142]},"properties":{"n":"Commissioners Creek Streamside Reserve","k":"park"}},{"type":"Feature","geometry":{"type":"Point","coordinates":[146.06267,-37.81928]},"properties":{"n":"Cone Hill","k":"peak","e":882}},{"type":"Feature","geometry":{"type":"Point","coordinates":[147.02787,-37.47379]},"properties":{"n":"Conglomerate Cap","k":"peak","e":1318}},{"type":"Feature","geometry":{"type":"Point","coordinates":[146.83101,-37.21129]},"properties":{"n":"Conglomerate Creek Camping Area","k":"campsite"}},{"type":"Feature","geometry":{"type":"Point","coordinates":[147.03516,-37.46924]},"properties":{"n":"Conglomerate Gap","k":"saddle","e":1256}},{"type":"Feature","geometry":{"type":"Point","coordinates":[145.94623,-37.38124]},"properties":{"n":"Conn Gap","k":"saddle"}},{"type":"Feature","geometry":{"type":"Point","coordinates":[145.947,-37.37431]},"properties":{"n":"Conn Hill","k":"peak"}},{"type":"Feature","geometry":{"type":"Point","coordinates":[146.28687,-37.57635]},"properties":{"n":"Connaught Point","k":"locality"}},{"type":"Feature","geometry":{"type":"Point","coordinates":[147.46169,-36.42829]},"properties":{"n":"Connels Peak","k":"peak","e":947}},{"type":"Feature","geometry":{"type":"Point","coordinates":[147.77129,-37.32109]},"properties":{"n":"Connors Hill","k":"lookout"}},{"type":"Feature","geometry":{"type":"Point","coordinates":[146.75865,-36.13851]},"properties":{"n":"Cookinburra Nature Conservation Reserve","k":"park"}},{"type":"Feature","geometry":{"type":"Point","coordinates":[145.76054,-37.37979]},"properties":{"n":"Cooks Mill Campground - Cathedral Range State Park","k":"campsite"}},{"type":"Feature","geometry":{"type":"Point","coordinates":[146.15773,-37.03417]},"properties":{"n":"Coombes Hill","k":"peak"}},{"type":"Feature","geometry":{"type":"Point","coordinates":[146.78437,-37.89386]},"properties":{"n":"Coongulla","k":"village"}},{"type":"Feature","geometry":{"type":"Point","coordinates":[146.81985,-37.89089]},"properties":{"n":"Coongulla I6 Bushland Reserve","k":"park"}},{"type":"Feature","geometry":{"type":"Point","coordinates":[146.82192,-37.87668]},"properties":{"n":"Coongulla I7 Bushland Reserve","k":"park"}},{"type":"Feature","geometry":{"type":"Point","coordinates":[148.26513,-36.463]},"properties":{"n":"Cootapatamba Cirque","k":"locality"}},{"type":"Feature","geometry":{"type":"Point","coordinates":[148.25613,-36.47753]},"properties":{"n":"Cootapatamba Hut","k":"hut"}},{"type":"Feature","geometry":{"type":"Point","coordinates":[148.26889,-36.46538]},"properties":{"n":"Cootapatamba Lookout","k":"lookout"}},{"type":"Feature","geometry":{"type":"Point","coordinates":[147.29258,-36.90665]},"properties":{"n":"Cope Hut","k":"hut","e":1689}},{"type":"Feature","geometry":{"type":"Point","coordinates":[147.26123,-36.9219]},"properties":{"n":"Cope Saddle Hut","k":"hut"}},{"type":"Feature","geometry":{"type":"Point","coordinates":[145.87713,-37.56345]},"properties":{"n":"Cora Lynn Falls","k":"lookout"}},{"type":"Feature","geometry":{"type":"Point","coordinates":[145.52509,-37.68609]},"properties":{"n":"Coranderrk Nature Conservation Reserve","k":"park"}},{"type":"Feature","geometry":{"type":"Point","coordinates":[146.13971,-37.25304]},"properties":{"n":"Corduroy Gap","k":"saddle"}},{"type":"Feature","geometry":{"type":"Point","coordinates":[146.18717,-37.53735]},"properties":{"n":"Corn Hill","k":"peak","e":1326}},{"type":"Feature","geometry":{"type":"Point","coordinates":[146.4718,-37.15197]},"properties":{"n":"Corn Hill","k":"peak","e":1631}},{"type":"Feature","geometry":{"type":"Point","coordinates":[146.79848,-36.75456]},"properties":{"n":"Corral Peak","k":"peak","e":1615}},{"type":"Feature","geometry":{"type":"Point","coordinates":[147.90421,-36.19751]},"properties":{"n":"Corryong","k":"town"}},{"type":"Feature","geometry":{"type":"Point","coordinates":[147.83375,-36.21492]},"properties":{"n":"Corryong Creek K33 SS.R.","k":"park"}},{"type":"Feature","geometry":{"type":"Point","coordinates":[147.90494,-36.16117]},"properties":{"n":"Corryong Creek K34 Streamside Reserve","k":"park"}},{"type":"Feature","geometry":{"type":"Point","coordinates":[145.63384,-36.34592]},"properties":{"n":"Cosgrove","k":"locality"}},{"type":"Feature","geometry":{"type":"Point","coordinates":[145.62398,-36.41474]},"properties":{"n":"Cosgrove South H55 Bushland Reserve","k":"park"}},{"type":"Feature","geometry":{"type":"Point","coordinates":[145.64213,-36.42186]},"properties":{"n":"Cosgrove South H56 Bushland Reserve","k":"park"}},{"type":"Feature","geometry":{"type":"Point","coordinates":[147.30515,-36.11485]},"properties":{"n":"Cottontree Creek Campground","k":"campsite"}},{"type":"Feature","geometry":{"type":"Point","coordinates":[147.24933,-37.4318]},"properties":{"n":"Cowa","k":"locality"}},{"type":"Feature","geometry":{"type":"Point","coordinates":[148.17053,-36.79443]},"properties":{"n":"Cowombat Flat","k":"locality"}},{"type":"Feature","geometry":{"type":"Point","coordinates":[146.53283,-37.10829]},"properties":{"n":"Craigs Hut","k":"hut"}},{"type":"Feature","geometry":{"type":"Point","coordinates":[147.56466,-36.40332]},"properties":{"n":"Cravensville Bushland Reserve","k":"park"}},{"type":"Feature","geometry":{"type":"Point","coordinates":[146.20938,-37.67493]},"properties":{"n":"Cream Can Hill","k":"peak"}},{"type":"Feature","geometry":{"type":"Point","coordinates":[145.5042,-36.76469]},"properties":{"n":"Creighton Hills","k":"peak","e":300}},{"type":"Feature","geometry":{"type":"Point","coordinates":[146.1049,-36.48219]},"properties":{"n":"Crescent Camp","k":"campsite"}},{"type":"Feature","geometry":{"type":"Point","coordinates":[146.78565,-36.76324]},"properties":{"n":"Cresta Valley","k":"locality"}},{"type":"Feature","geometry":{"type":"Point","coordinates":[146.4875,-37.10993]},"properties":{"n":"Cricket Pitch Shelter","k":"hut","e":1541}},{"type":"Feature","geometry":{"type":"Point","coordinates":[146.9289,-37.48118]},"properties":{"n":"Cromwell Knob","k":"peak","e":1489}},{"type":"Feature","geometry":{"type":"Point","coordinates":[147.11108,-37.39067]},"properties":{"n":"Crooked River","k":"locality"}},{"type":"Feature","geometry":{"type":"Point","coordinates":[147.07512,-37.35533]},"properties":{"n":"Crooked River","k":"river"}},{"type":"Feature","geometry":{"type":"Point","coordinates":[146.56909,-36.75413]},"properties":{"n":"Cropper Gap","k":"saddle"}},{"type":"Feature","geometry":{"type":"Point","coordinates":[147.29192,-36.81845]},"properties":{"n":"Crowsnest","k":"lookout","e":1740}},{"type":"Feature","geometry":{"type":"Point","coordinates":[147.77038,-36.1917]},"properties":{"n":"Cudgewa","k":"village"}},{"type":"Feature","geometry":{"type":"Point","coordinates":[147.57932,-36.33159]},"properties":{"n":"Cudgewa Creek Reference Area","k":"park"}},{"type":"Feature","geometry":{"type":"Point","coordinates":[147.63996,-36.25447]},"properties":{"n":"Cudgewa Creek Streamside Reserve","k":"park"}},{"type":"Feature","geometry":{"type":"Point","coordinates":[147.11297,-37.78612]},"properties":{"n":"Culloden","k":"locality"}},{"type":"Feature","geometry":{"type":"Point","coordinates":[145.88086,-37.56119]},"properties":{"n":"Cumberland Falls","k":"lookout"}},{"type":"Feature","geometry":{"type":"Point","coordinates":[146.10161,-37.28968]},"properties":{"n":"Cummings Gap","k":"saddle"}},{"type":"Feature","geometry":{"type":"Point","coordinates":[147.99307,-37.88094]},"properties":{"n":"Cunningham Arm","k":"locality"}},{"type":"Feature","geometry":{"type":"Point","coordinates":[146.70202,-36.44052]},"properties":{"n":"Cunningham Gully Historic Reserve","k":"park"}},{"type":"Feature","geometry":{"type":"Point","coordinates":[145.66667,-36.42925]},"properties":{"n":"Currawa H57 Bushland Reserve","k":"park"}},{"type":"Feature","geometry":{"type":"Point","coordinates":[148.09273,-37.63258]},"properties":{"n":"Cutfinger Education Area","k":"park"}},{"type":"Feature","geometry":{"type":"Point","coordinates":[146.64082,-36.15964]},"properties":{"n":"Cyanide Dam","k":"lake"}},{"type":"Feature","geometry":{"type":"Point","coordinates":[147.03046,-37.48787]},"properties":{"n":"Dairy Farm Flat","k":"locality"}},{"type":"Feature","geometry":{"type":"Point","coordinates":[146.05629,-36.82318]},"properties":{"n":"Dam","k":"lake"}},{"type":"Feature","geometry":{"type":"Point","coordinates":[146.00738,-36.85364]},"properties":{"n":"Dam","k":"lake"}},{"type":"Feature","geometry":{"type":"Point","coordinates":[146.67236,-37.48632]},"properties":{"n":"Dam","k":"lake"}},{"type":"Feature","geometry":{"type":"Point","coordinates":[145.99827,-36.74313]},"properties":{"n":"Dam","k":"lake"}},{"type":"Feature","geometry":{"type":"Point","coordinates":[146.02047,-36.82679]},"properties":{"n":"Dam","k":"lake"}},{"type":"Feature","geometry":{"type":"Point","coordinates":[146.69281,-37.47971]},"properties":{"n":"Dam","k":"lake"}},{"type":"Feature","geometry":{"type":"Point","coordinates":[146.68177,-37.48506]},"properties":{"n":"Dam","k":"lake"}},{"type":"Feature","geometry":{"type":"Point","coordinates":[146.02075,-36.46429]},"properties":{"n":"Dam wall release site & wetland view","k":"lookout"}},{"type":"Feature","geometry":{"type":"Point","coordinates":[147.24699,-36.88838]},"properties":{"n":"Damsite Hill","k":"peak","e":1740}},{"type":"Feature","geometry":{"type":"Point","coordinates":[146.70256,-37.02441]},"properties":{"n":"Dandongadale (part in Alpine NP) Remote and Natural Area","k":"park"}},{"type":"Feature","geometry":{"type":"Point","coordinates":[146.66095,-36.96774]},"properties":{"n":"Dandongadale (part in SF) Remote and Natural Area","k":"park"}},{"type":"Feature","geometry":{"type":"Point","coordinates":[146.58112,-36.96363]},"properties":{"n":"Dandongadale River","k":"river"}},{"type":"Feature","geometry":{"type":"Point","coordinates":[146.60356,-36.8918]},"properties":{"n":"Dandongdale Hut","k":"hut"}},{"type":"Feature","geometry":{"type":"Point","coordinates":[147.11343,-36.98475]},"properties":{"n":"Danny's Lookout","k":"lookout"}},{"type":"Feature","geometry":{"type":"Point","coordinates":[148.22173,-36.10388]},"properties":{"n":"Dargal Mountain","k":"peak","e":1727}},{"type":"Feature","geometry":{"type":"Point","coordinates":[147.25108,-37.46069]},"properties":{"n":"Dargo","k":"village"}},{"type":"Feature","geometry":{"type":"Point","coordinates":[147.1769,-37.00186]},"properties":{"n":"Dargo Lookout","k":"lookout"}},{"type":"Feature","geometry":{"type":"Point","coordinates":[147.27814,-37.34139]},"properties":{"n":"Dargo River","k":"river"}},{"type":"Feature","geometry":{"type":"Point","coordinates":[147.25471,-37.47181]},"properties":{"n":"Dargo River Inn","k":"campsite"}},{"type":"Feature","geometry":{"type":"Point","coordinates":[147.25945,-37.54877]},"properties":{"n":"Dargo State Forest","k":"park"}},{"type":"Feature","geometry":{"type":"Point","coordinates":[146.30908,-37.11843]},"properties":{"n":"Darling Huts","k":"locality"}},{"type":"Feature","geometry":{"type":"Point","coordinates":[147.69659,-36.55749]},"properties":{"n":"Dart River","k":"river"}},{"type":"Feature","geometry":{"type":"Point","coordinates":[147.49804,-36.53453]},"properties":{"n":"Dartmouth","k":"locality"}},{"type":"Feature","geometry":{"type":"Point","coordinates":[147.28064,-37.66549]},"properties":{"n":"Davey Knob","k":"peak"}},{"type":"Feature","geometry":{"type":"Point","coordinates":[148.1254,-36.65157]},"properties":{"n":"Davies Plain Hut","k":"hut"}},{"type":"Feature","geometry":{"type":"Point","coordinates":[148.07505,-36.68332]},"properties":{"n":"Davies Plain Remote and Natural Area","k":"park"}},{"type":"Feature","geometry":{"type":"Point","coordinates":[146.34891,-37.18949]},"properties":{"n":"Davons Flat","k":"campsite"}},{"type":"Feature","geometry":{"type":"Point","coordinates":[147.61834,-37.38783]},"properties":{"n":"Dawson City Campground","k":"campsite"}},{"type":"Feature","geometry":{"type":"Point","coordinates":[148.18854,-37.3845]},"properties":{"n":"Dawson-Murrindal Nature Conservation Reserve","k":"park"}},{"type":"Feature","geometry":{"type":"Point","coordinates":[147.61191,-37.07942]},"properties":{"n":"Day Hill","k":"peak"}},{"type":"Feature","geometry":{"type":"Point","coordinates":[146.1063,-36.50124]},"properties":{"n":"Day's Lookout","k":"lookout"}},{"type":"Feature","geometry":{"type":"Point","coordinates":[145.98674,-37.17546]},"properties":{"n":"De Ford","k":"peak"}},{"type":"Feature","geometry":{"type":"Point","coordinates":[146.84749,-37.76492]},"properties":{"n":"De Moulin Knob","k":"peak","e":266}},{"type":"Feature","geometry":{"type":"Point","coordinates":[148.26023,-36.52439]},"properties":{"n":"Dead Horse Gap","k":"saddle","e":1582}},{"type":"Feature","geometry":{"type":"Point","coordinates":[147.22281,-37.01881]},"properties":{"n":"Dead Timber Hill","k":"lookout"}},{"type":"Feature","geometry":{"type":"Point","coordinates":[147.22421,-37.01909]},"properties":{"n":"Dead Timber Hill","k":"peak"}},{"type":"Feature","geometry":{"type":"Point","coordinates":[145.92801,-37.43837]},"properties":{"n":"Dead Timber Hill","k":"peak"}},{"type":"Feature","geometry":{"type":"Point","coordinates":[147.36516,-37.70135]},"properties":{"n":"Deadcock Den","k":"attraction"}},{"type":"Feature","geometry":{"type":"Point","coordinates":[147.01857,-36.47311]},"properties":{"n":"Dederang","k":"locality"}},{"type":"Feature","geometry":{"type":"Point","coordinates":[147.01058,-36.50973]},"properties":{"n":"Dederang North RA","k":"campsite"}},{"type":"Feature","geometry":{"type":"Point","coordinates":[147.01694,-36.44444]},"properties":{"n":"Dederang North Rest Area","k":"campsite"}},{"type":"Feature","geometry":{"type":"Point","coordinates":[147.05529,-36.50116]},"properties":{"n":"Dederang Streamside Reserve","k":"park"}},{"type":"Feature","geometry":{"type":"Point","coordinates":[145.64395,-37.74813]},"properties":{"n":"Dee River Streamside Reserve","k":"park"}},{"type":"Feature","geometry":{"type":"Point","coordinates":[147.80935,-37.71048]},"properties":{"n":"Deep Creek","k":"river"}},{"type":"Feature","geometry":{"type":"Point","coordinates":[145.80454,-37.60205]},"properties":{"n":"Deep Creek Reference Area","k":"park"}},{"type":"Feature","geometry":{"type":"Point","coordinates":[146.48351,-37.90735]},"properties":{"n":"Deep Creek State Forest","k":"park"}},{"type":"Feature","geometry":{"type":"Point","coordinates":[146.46361,-37.61394]},"properties":{"n":"Deep Saddle","k":"saddle","e":1053}},{"type":"Feature","geometry":{"type":"Point","coordinates":[145.76373,-37.52835]},"properties":{"n":"Del La Rue Lookout","k":"lookout"}},{"type":"Feature","geometry":{"type":"Point","coordinates":[146.15176,-37.15399]},"properties":{"n":"Delatite","k":"locality"}},{"type":"Feature","geometry":{"type":"Point","coordinates":[146.115,-37.12487]},"properties":{"n":"Delatite Bushland Reserve","k":"park"}},{"type":"Feature","geometry":{"type":"Point","coordinates":[146.33469,-37.1216]},"properties":{"n":"Delatite Education Area","k":"park"}},{"type":"Feature","geometry":{"type":"Point","coordinates":[146.14322,-37.13639]},"properties":{"n":"Delatite River","k":"river"}},{"type":"Feature","geometry":{"type":"Point","coordinates":[146.16706,-37.08776]},"properties":{"n":"Delatite Winery","k":"attraction"}},{"type":"Feature","geometry":{"type":"Point","coordinates":[146.78128,-36.69182]},"properties":{"n":"Dels Plain","k":"locality"}},{"type":"Feature","geometry":{"type":"Point","coordinates":[147.35833,-37.7016]},"properties":{"n":"Den of Nargun","k":"attraction"}},{"type":"Feature","geometry":{"type":"Point","coordinates":[145.56287,-37.55051]},"properties":{"n":"Denby Knob","k":"peak"}},{"type":"Feature","geometry":{"type":"Point","coordinates":[147.16064,-36.97121]},"properties":{"n":"Derrick Hut","k":"hut"}},{"type":"Feature","geometry":{"type":"Point","coordinates":[148.236,-37.33478]},"properties":{"n":"Detarka Bushland Reserve","k":"park"}},{"type":"Feature","geometry":{"type":"Point","coordinates":[145.89532,-36.3311]},"properties":{"n":"Devenish","k":"village"}},{"type":"Feature","geometry":{"type":"Point","coordinates":[146.91628,-36.82526]},"properties":{"n":"Devils Ck - Middle Branch Natural Catchment Area","k":"park"}},{"type":"Feature","geometry":{"type":"Point","coordinates":[145.84029,-37.17304]},"properties":{"n":"Devils Cove Campground","k":"campsite"}},{"type":"Feature","geometry":{"type":"Point","coordinates":[146.21809,-37.5305]},"properties":{"n":"Devils Elbow","k":"locality"}},{"type":"Feature","geometry":{"type":"Point","coordinates":[146.77493,-36.40034]},"properties":{"n":"Devils Elbow Gap","k":"saddle"}},{"type":"Feature","geometry":{"type":"Point","coordinates":[147.19149,-37.1123]},"properties":{"n":"Devils Hollow","k":"locality"}},{"type":"Feature","geometry":{"type":"Point","coordinates":[147.17006,-36.91132]},"properties":{"n":"Diamantina Horse Yards","k":"campsite"}},{"type":"Feature","geometry":{"type":"Point","coordinates":[147.12176,-36.9765]},"properties":{"n":"Diamantina Hut","k":"hut"}},{"type":"Feature","geometry":{"type":"Point","coordinates":[147.18249,-36.94869]},"properties":{"n":"Dibbins Hut","k":"hut"}},{"type":"Feature","geometry":{"type":"Point","coordinates":[147.18547,-36.94726]},"properties":{"n":"Dibbins Hut","k":"campsite"}},{"type":"Feature","geometry":{"type":"Point","coordinates":[147.18225,-36.94865]},"properties":{"n":"Dibbins Hut free camping area","k":"campsite"}},{"type":"Feature","geometry":{"type":"Point","coordinates":[148.13797,-37.33425]},"properties":{"n":"Dick Hill Gap","k":"saddle"}},{"type":"Feature","geometry":{"type":"Point","coordinates":[148.19755,-37.42899]},"properties":{"n":"Dicksons Cave","k":"cave"}},{"type":"Feature","geometry":{"type":"Point","coordinates":[148.19794,-37.42872]},"properties":{"n":"Dicksons Cave Reserve","k":"park"}},{"type":"Feature","geometry":{"type":"Point","coordinates":[146.78491,-37.30211]},"properties":{"n":"Dimmick Lookout","k":"lookout"}},{"type":"Feature","geometry":{"type":"Point","coordinates":[146.79744,-36.74538]},"properties":{"n":"Dingo Dell","k":"locality"}},{"type":"Feature","geometry":{"type":"Point","coordinates":[146.69213,-37.42399]},"properties":{"n":"Dingo Hill","k":"peak","e":1440}},{"type":"Feature","geometry":{"type":"Point","coordinates":[148.28141,-37.21963]},"properties":{"n":"Dingo Hill","k":"peak"}},{"type":"Feature","geometry":{"type":"Point","coordinates":[147.00221,-37.44392]},"properties":{"n":"Dingo Knob","k":"peak"}},{"type":"Feature","geometry":{"type":"Point","coordinates":[145.5311,-37.68325]},"properties":{"n":"Dingo1","k":"lookout"}},{"type":"Feature","geometry":{"type":"Point","coordinates":[145.53068,-37.68324]},"properties":{"n":"Dingo2","k":"lookout"}},{"type":"Feature","geometry":{"type":"Point","coordinates":[147.23898,-37.02358]},"properties":{"n":"Dinner Plain","k":"village"}},{"type":"Feature","geometry":{"type":"Point","coordinates":[147.03332,-36.77375]},"properties":{"n":"Discovery Parks - Bright","k":"campsite"}},{"type":"Feature","geometry":{"type":"Point","coordinates":[145.74095,-37.67703]},"properties":{"n":"Dispersed Camping","k":"campsite"}},{"type":"Feature","geometry":{"type":"Point","coordinates":[145.70105,-37.60277]},"properties":{"n":"Dispersed Camping","k":"campsite"}},{"type":"Feature","geometry":{"type":"Point","coordinates":[146.34596,-36.28659]},"properties":{"n":"Dockers Plains","k":"locality"}},{"type":"Feature","geometry":{"type":"Point","coordinates":[148.17144,-36.36636]},"properties":{"n":"Doctors Hut","k":"hut"}},{"type":"Feature","geometry":{"type":"Point","coordinates":[146.135,-36.79417]},"properties":{"n":"Dodds Bridge Rest Area","k":"campsite"}},{"type":"Feature","geometry":{"type":"Point","coordinates":[147.20111,-36.8951]},"properties":{"n":"Doe Hill","k":"peak","e":1680}},{"type":"Feature","geometry":{"type":"Point","coordinates":[148.13281,-36.53767]},"properties":{"n":"Dogmans Hut","k":"hut"}},{"type":"Feature","geometry":{"type":"Point","coordinates":[148.13297,-36.53781]},"properties":{"n":"Dogmans Hut camping area","k":"campsite"}},{"type":"Feature","geometry":{"type":"Point","coordinates":[146.74885,-37.56774]},"properties":{"n":"Dolodrook River","k":"river"}},{"type":"Feature","geometry":{"type":"Point","coordinates":[147.82373,-37.87496]},"properties":{"n":"Dolphin Lagoon","k":"lake"}},{"type":"Feature","geometry":{"type":"Point","coordinates":[147.96974,-37.88608]},"properties":{"n":"Dolphin lookout","k":"lookout"}},{"type":"Feature","geometry":{"type":"Point","coordinates":[145.64212,-37.59122]},"properties":{"n":"Dom Dom Saddle","k":"saddle","e":535}},{"type":"Feature","geometry":{"type":"Point","coordinates":[146.32821,-36.10658]},"properties":{"n":"Doma Mungi Creek Streamside Reserve","k":"park"}},{"type":"Feature","geometry":{"type":"Point","coordinates":[145.60177,-37.69825]},"properties":{"n":"Don Gap","k":"saddle"}},{"type":"Feature","geometry":{"type":"Point","coordinates":[146.13189,-36.58728]},"properties":{"n":"Don McKenzie Reserve","k":"campsite"}},{"type":"Feature","geometry":{"type":"Point","coordinates":[145.5877,-37.75958]},"properties":{"n":"Don Valley","k":"village"}},{"type":"Feature","geometry":{"type":"Point","coordinates":[147.74766,-37.6957]},"properties":{"n":"Donald Knob","k":"peak"}},{"type":"Feature","geometry":{"type":"Point","coordinates":[146.13836,-37.1858]},"properties":{"n":"Donaldsons Hill","k":"peak","e":589}},{"type":"Feature","geometry":{"type":"Point","coordinates":[146.5719,-36.13793]},"properties":{"n":"Donchi Hill","k":"peak"}},{"type":"Feature","geometry":{"type":"Point","coordinates":[145.9999,-36.91672]},"properties":{"n":"Donkey Hill","k":"peak"}},{"type":"Feature","geometry":{"type":"Point","coordinates":[146.4523,-37.75067]},"properties":{"n":"Donnelly Creek","k":"river"}},{"type":"Feature","geometry":{"type":"Point","coordinates":[145.53527,-37.62815]},"properties":{"n":"Donnellys Weir Picnic Area","k":"lake"}},{"type":"Feature","geometry":{"type":"Point","coordinates":[145.68742,-36.32834]},"properties":{"n":"Dookie","k":"village"}},{"type":"Feature","geometry":{"type":"Point","coordinates":[145.69069,-36.19292]},"properties":{"n":"Dookie - Katamatite rail line Bushland Reserve","k":"park"}},{"type":"Feature","geometry":{"type":"Point","coordinates":[145.70741,-36.38079]},"properties":{"n":"Dookie Agal Pond","k":"lake"}},{"type":"Feature","geometry":{"type":"Point","coordinates":[145.63998,-36.30613]},"properties":{"n":"Dookie H52 Bushland Reserve","k":"park"}},{"type":"Feature","geometry":{"type":"Point","coordinates":[145.96082,-37.01973]},"properties":{"n":"Doolam","k":"locality"}},{"type":"Feature","geometry":{"type":"Point","coordinates":[147.89499,-37.58227]},"properties":{"n":"Double Bridges","k":"locality"}},{"type":"Feature","geometry":{"type":"Point","coordinates":[146.03487,-36.10409]},"properties":{"n":"Dowdle Swamp Wildlife Reserve (hunting)","k":"park"}},{"type":"Feature","geometry":{"type":"Point","coordinates":[148.18297,-36.39196]},"properties":{"n":"Dr Forbes Hut","k":"hut"}},{"type":"Feature","geometry":{"type":"Point","coordinates":[146.10701,-37.11749]},"properties":{"n":"Drakes Hill","k":"peak"}},{"type":"Feature","geometry":{"type":"Point","coordinates":[146.82389,-36.19862]},"properties":{"n":"Draper Hill","k":"peak","e":549}},{"type":"Feature","geometry":{"type":"Point","coordinates":[146.7819,-36.74715]},"properties":{"n":"Drillhole Rocks","k":"peak"}},{"type":"Feature","geometry":{"type":"Point","coordinates":[146.30812,-37.12977]},"properties":{"n":"Drinking Water Dam (Drinking Dam)","k":"lake"}},{"type":"Feature","geometry":{"type":"Point","coordinates":[145.51768,-37.07973]},"properties":{"n":"Dropmore G101 Bushland Reserve","k":"park"}},{"type":"Feature","geometry":{"type":"Point","coordinates":[145.53832,-37.07091]},"properties":{"n":"Dropmore G46 Bushland Reserve","k":"park"}},{"type":"Feature","geometry":{"type":"Point","coordinates":[146.30531,-36.79104]},"properties":{"n":"Drum Top","k":"peak"}},{"type":"Feature","geometry":{"type":"Point","coordinates":[146.28881,-36.79505]},"properties":{"n":"Drum Top Reference Area","k":"park"}},{"type":"Feature","geometry":{"type":"Point","coordinates":[145.92314,-37.29778]},"properties":{"n":"Dry Creek Gap","k":"saddle"}},{"type":"Feature","geometry":{"type":"Point","coordinates":[145.90446,-37.29288]},"properties":{"n":"Dry Creek Hill","k":"peak"}},{"type":"Feature","geometry":{"type":"Point","coordinates":[147.43727,-36.21602]},"properties":{"n":"Dry Forest Creek Reference Area","k":"park"}},{"type":"Feature","geometry":{"type":"Point","coordinates":[146.69321,-37.44054]},"properties":{"n":"Dry Hill","k":"peak","e":1377}},{"type":"Feature","geometry":{"type":"Point","coordinates":[147.56461,-37.11359]},"properties":{"n":"Dry Hill","k":"peak"}},{"type":"Feature","geometry":{"type":"Point","coordinates":[146.79895,-37.19226]},"properties":{"n":"Dry River","k":"river"}},{"type":"Feature","geometry":{"type":"Point","coordinates":[146.81109,-37.18718]},"properties":{"n":"Dry River Camping Area","k":"campsite"}},{"type":"Feature","geometry":{"type":"Point","coordinates":[146.26648,-37.84063]},"properties":{"n":"Du Nord","k":"hut"}},{"type":"Feature","geometry":{"type":"Point","coordinates":[146.10046,-37.05879]},"properties":{"n":"Duck Pond","k":"lake"}},{"type":"Feature","geometry":{"type":"Point","coordinates":[146.15244,-36.40049]},"properties":{"n":"Duck Pond","k":"lake"}},{"type":"Feature","geometry":{"type":"Point","coordinates":[145.97266,-37.45869]},"properties":{"n":"Dudley Saddle","k":"saddle"}},{"type":"Feature","geometry":{"type":"Point","coordinates":[146.50119,-37.12701]},"properties":{"n":"Dugout Bowl","k":"locality"}},{"type":"Feature","geometry":{"type":"Point","coordinates":[148.16728,-37.49628]},"properties":{"n":"Dukes Cave","k":"cave"}},{"type":"Feature","geometry":{"type":"Point","coordinates":[148.25111,-36.59833]},"properties":{"n":"Dummy Salt Camp","k":"locality"}},{"type":"Feature","geometry":{"type":"Point","coordinates":[146.45274,-37.13138]},"properties":{"n":"Dump Inn (Corner)","k":"locality"}},{"type":"Feature","geometry":{"type":"Point","coordinates":[147.13611,-36.82984]},"properties":{"n":"Dungey Gap","k":"saddle","e":1210}},{"type":"Feature","geometry":{"type":"Point","coordinates":[147.08761,-37.00301]},"properties":{"n":"Dungeys Hollow","k":"saddle","e":1455}},{"type":"Feature","geometry":{"type":"Point","coordinates":[146.98608,-37.35392]},"properties":{"n":"Dungeys Hut","k":"hut"}},{"type":"Feature","geometry":{"type":"Point","coordinates":[146.83922,-37.48666]},"properties":{"n":"Dunsmuir Hut","k":"hut"}},{"type":"Feature","geometry":{"type":"Point","coordinates":[146.29859,-37.55981]},"properties":{"n":"Dusty’s Diversion Tunnel","k":"river"}},{"type":"Feature","geometry":{"type":"Point","coordinates":[146.93386,-36.76244]},"properties":{"n":"Eagle Peak","k":"peak"}},{"type":"Feature","geometry":{"type":"Point","coordinates":[146.41366,-37.23816]},"properties":{"n":"Eagle Peaks","k":"peak","e":1421}},{"type":"Feature","geometry":{"type":"Point","coordinates":[147.6805,-37.89634]},"properties":{"n":"Eagle Point","k":"village"}},{"type":"Feature","geometry":{"type":"Point","coordinates":[146.75185,-36.73695]},"properties":{"n":"Eagle Point","k":"locality"}},{"type":"Feature","geometry":{"type":"Point","coordinates":[147.67791,-37.88721]},"properties":{"n":"Eagle Point Bluff Lookout","k":"lookout"}},{"type":"Feature","geometry":{"type":"Point","coordinates":[147.68112,-37.88892]},"properties":{"n":"Eagle Point Flora & Fauna Reserve","k":"park"}},{"type":"Feature","geometry":{"type":"Point","coordinates":[147.67852,-37.88923]},"properties":{"n":"Eagle Point Gippsland Lakes Reserve","k":"park"}},{"type":"Feature","geometry":{"type":"Point","coordinates":[147.00299,-37.36441]},"properties":{"n":"Eaglevale","k":"locality"}},{"type":"Feature","geometry":{"type":"Point","coordinates":[147.00659,-37.36624]},"properties":{"n":"Eaglevale Camping Area - Alpine NP","k":"campsite"}},{"type":"Feature","geometry":{"type":"Point","coordinates":[145.66684,-36.54141]},"properties":{"n":"Earlston","k":"locality"}},{"type":"Feature","geometry":{"type":"Point","coordinates":[146.70553,-37.32618]},"properties":{"n":"East Caledonia Reference Area","k":"park"}},{"type":"Feature","geometry":{"type":"Point","coordinates":[146.03627,-37.05176]},"properties":{"n":"East Ford","k":"peak"}},{"type":"Feature","geometry":{"type":"Point","coordinates":[147.05691,-37.45939]},"properties":{"n":"East Pinnacle","k":"peak","e":1445}},{"type":"Feature","geometry":{"type":"Point","coordinates":[146.35067,-36.34609]},"properties":{"n":"East Wangaratta Nature Conservation Reserve","k":"park"}},{"type":"Feature","geometry":{"type":"Point","coordinates":[145.73747,-37.74417]},"properties":{"n":"East Warburton","k":"locality"}},{"type":"Feature","geometry":{"type":"Point","coordinates":[145.91564,-37.21881]},"properties":{"n":"Easts Lookout","k":"lookout"}},{"type":"Feature","geometry":{"type":"Point","coordinates":[147.02369,-36.15058]},"properties":{"n":"Ebden","k":"locality"}},{"type":"Feature","geometry":{"type":"Point","coordinates":[147.02583,-36.15167]},"properties":{"n":"Ebden Reserve","k":"campsite"}},{"type":"Feature","geometry":{"type":"Point","coordinates":[147.36436,-37.71156]},"properties":{"n":"Echo Bend Camp Site","k":"campsite"}},{"type":"Feature","geometry":{"type":"Point","coordinates":[146.77949,-37.53634]},"properties":{"n":"Echo Point","k":"peak","e":1074}},{"type":"Feature","geometry":{"type":"Point","coordinates":[146.82241,-36.72176]},"properties":{"n":"Echo Point","k":"locality"}},{"type":"Feature","geometry":{"type":"Point","coordinates":[146.82215,-36.72196]},"properties":{"n":"Echo Point Lookout","k":"lookout"}},{"type":"Feature","geometry":{"type":"Point","coordinates":[146.42698,-36.64906]},"properties":{"n":"Edi","k":"village"}},{"type":"Feature","geometry":{"type":"Point","coordinates":[146.41944,-36.66278]},"properties":{"n":"Edi Cutting","k":"campsite"}},{"type":"Feature","geometry":{"type":"Point","coordinates":[146.42242,-36.64722]},"properties":{"n":"Edi Turnoff Rest Area","k":"campsite"}},{"type":"Feature","geometry":{"type":"Point","coordinates":[146.43917,-36.66296]},"properties":{"n":"Edi Upper","k":"village"}},{"type":"Feature","geometry":{"type":"Point","coordinates":[146.78068,-36.72327]},"properties":{"n":"Edinboro Castle","k":"peak"}},{"type":"Feature","geometry":{"type":"Point","coordinates":[147.3328,-36.84819]},"properties":{"n":"Edmonsons Hut","k":"hut"}},{"type":"Feature","geometry":{"type":"Point","coordinates":[146.52435,-37.76053]},"properties":{"n":"Edwards Hill","k":"locality"}},{"type":"Feature","geometry":{"type":"Point","coordinates":[146.5246,-37.76001]},"properties":{"n":"Edwards Hill Camping Area","k":"campsite"}},{"type":"Feature","geometry":{"type":"Point","coordinates":[145.67993,-37.16902]},"properties":{"n":"Eglinton lookout","k":"lookout"}},{"type":"Feature","geometry":{"type":"Point","coordinates":[146.44356,-37.23218]},"properties":{"n":"Eight Mile Gap","k":"saddle"}},{"type":"Feature","geometry":{"type":"Point","coordinates":[145.91016,-37.23276]},"properties":{"n":"Eildon","k":"town"}},{"type":"Feature","geometry":{"type":"Point","coordinates":[145.8989,-37.21638]},"properties":{"n":"Eildon Bushland Reserve","k":"park"}},{"type":"Feature","geometry":{"type":"Point","coordinates":[145.91332,-37.23428]},"properties":{"n":"Eildon Pondage","k":"lake"}},{"type":"Feature","geometry":{"type":"Point","coordinates":[145.88355,-37.18293]},"properties":{"n":"Eildon Water Reserve","k":"park"}},{"type":"Feature","geometry":{"type":"Point","coordinates":[146.52248,-36.30985]},"properties":{"n":"Eldorado","k":"village"}},{"type":"Feature","geometry":{"type":"Point","coordinates":[146.51904,-36.31121]},"properties":{"n":"Eldorado Historic and Cultural Features Reserve","k":"park"}},{"type":"Feature","geometry":{"type":"Point","coordinates":[146.51358,-36.31472]},"properties":{"n":"Eldorado I73 Bushland Reserve","k":"park"}},{"type":"Feature","geometry":{"type":"Point","coordinates":[146.63636,-36.23262]},"properties":{"n":"Eldorado I84 Bushland Reserve","k":"park"}},{"type":"Feature","geometry":{"type":"Point","coordinates":[146.15168,-36.50386]},"properties":{"n":"Eleven Mile Creek Bushland Reserve","k":"park"}},{"type":"Feature","geometry":{"type":"Point","coordinates":[147.23263,-36.40789]},"properties":{"n":"Ellis Bridge RA","k":"campsite"}},{"type":"Feature","geometry":{"type":"Point","coordinates":[145.70237,-37.01316]},"properties":{"n":"Enigma Hill","k":"peak","e":518}},{"type":"Feature","geometry":{"type":"Point","coordinates":[146.39761,-37.0871]},"properties":{"n":"Enjoy","k":"lookout"}},{"type":"Feature","geometry":{"type":"Point","coordinates":[146.10136,-37.42303]},"properties":{"n":"Enoch Point","k":"locality"}},{"type":"Feature","geometry":{"type":"Point","coordinates":[147.83616,-37.37354]},"properties":{"n":"Ensay","k":"village"}},{"type":"Feature","geometry":{"type":"Point","coordinates":[147.85359,-37.30495]},"properties":{"n":"Ensay North","k":"locality"}},{"type":"Feature","geometry":{"type":"Point","coordinates":[147.82402,-37.38275]},"properties":{"n":"Ensay Recreation Ground","k":"campsite"}},{"type":"Feature","geometry":{"type":"Point","coordinates":[145.94294,-37.18398]},"properties":{"n":"Enterprise Block","k":"locality"}},{"type":"Feature","geometry":{"type":"Point","coordinates":[146.32775,-37.93522]},"properties":{"n":"Erica State Forest","k":"park"}},{"type":"Feature","geometry":{"type":"Point","coordinates":[147.25238,-36.46455]},"properties":{"n":"Eskdale","k":"village"}},{"type":"Feature","geometry":{"type":"Point","coordinates":[145.86099,-37.18437]},"properties":{"n":"Estate Spur","k":"lookout"}},{"type":"Feature","geometry":{"type":"Point","coordinates":[148.27069,-36.46814]},"properties":{"n":"Etheridge Gap","k":"saddle"}},{"type":"Feature","geometry":{"type":"Point","coordinates":[148.27279,-36.45819]},"properties":{"n":"Etheridge Ridge","k":"peak","e":2188}},{"type":"Feature","geometry":{"type":"Point","coordinates":[145.56876,-36.75276]},"properties":{"n":"Euroa","k":"town"}},{"type":"Feature","geometry":{"type":"Point","coordinates":[145.64031,-36.71086]},"properties":{"n":"Euroa Glamping","k":"campsite"}},{"type":"Feature","geometry":{"type":"Point","coordinates":[145.53872,-36.8076]},"properties":{"n":"Euroa I48 Bushland Reserve","k":"park"}},{"type":"Feature","geometry":{"type":"Point","coordinates":[145.52133,-36.78727]},"properties":{"n":"Euroa I49 Bushland Reserve","k":"park"}},{"type":"Feature","geometry":{"type":"Point","coordinates":[145.59911,-36.77222]},"properties":{"n":"Euroa I50 Bushland Reserve","k":"park"}},{"type":"Feature","geometry":{"type":"Point","coordinates":[145.61568,-36.73046]},"properties":{"n":"Euroa I51 Bushland Reserve","k":"park"}},{"type":"Feature","geometry":{"type":"Point","coordinates":[145.57441,-36.74913]},"properties":{"n":"Euroa Miniature Railway","k":"attraction"}},{"type":"Feature","geometry":{"type":"Point","coordinates":[146.83827,-36.71782]},"properties":{"n":"Eurobin Falls Lower Lookout","k":"lookout"}},{"type":"Feature","geometry":{"type":"Point","coordinates":[146.89882,-36.6329]},"properties":{"n":"Eurobin Gap","k":"saddle"}},{"type":"Feature","geometry":{"type":"Point","coordinates":[146.84086,-36.69542]},"properties":{"n":"Eurobin Point","k":"saddle"}},{"type":"Feature","geometry":{"type":"Point","coordinates":[146.86194,-36.64029]},"properties":{"n":"Eurobin Streamside Reserve","k":"park"}},{"type":"Feature","geometry":{"type":"Point","coordinates":[147.6397,-36.62821]},"properties":{"n":"Eustace Camping Area","k":"campsite"}},{"type":"Feature","geometry":{"type":"Point","coordinates":[147.66813,-36.65783]},"properties":{"n":"Eustace Gap","k":"saddle"}},{"type":"Feature","geometry":{"type":"Point","coordinates":[146.54243,-36.43316]},"properties":{"n":"Everton","k":"village"}},{"type":"Feature","geometry":{"type":"Point","coordinates":[146.58007,-36.43658]},"properties":{"n":"Everton Hill","k":"peak"}},{"type":"Feature","geometry":{"type":"Point","coordinates":[146.54994,-36.40446]},"properties":{"n":"Everton I4 Bushland Reserve","k":"park"}},{"type":"Feature","geometry":{"type":"Point","coordinates":[146.54172,-36.37259]},"properties":{"n":"Everton I6 Bushland Reserve","k":"park"}},{"type":"Feature","geometry":{"type":"Point","coordinates":[146.54207,-36.40414]},"properties":{"n":"Everton I74 Bushland Reserve","k":"park"}},{"type":"Feature","geometry":{"type":"Point","coordinates":[146.60242,-36.38316]},"properties":{"n":"Everton I78 Bushland Reserve","k":"park"}},{"type":"Feature","geometry":{"type":"Point","coordinates":[146.54456,-36.40514]},"properties":{"n":"Everton Station","k":"attraction"}},{"type":"Feature","geometry":{"type":"Point","coordinates":[148.32236,-37.79951]},"properties":{"n":"Ewing Morass Wildlife Reserve (hunting)","k":"park"}},{"type":"Feature","geometry":{"type":"Point","coordinates":[148.1785,-37.83083]},"properties":{"n":"Ewings Marsh (Morass)","k":"lake"}},{"type":"Feature","geometry":{"type":"Point","coordinates":[147.20579,-37.48293]},"properties":{"n":"Exhibition Corner","k":"locality"}},{"type":"Feature","geometry":{"type":"Point","coordinates":[148.19491,-37.443]},"properties":{"n":"Exponential Pot","k":"cave"}},{"type":"Feature","geometry":{"type":"Point","coordinates":[145.99295,-36.55777]},"properties":{"n":"F. R. Harrison Service Basin","k":"lake"}},{"type":"Feature","geometry":{"type":"Point","coordinates":[146.36887,-36.43629]},"properties":{"n":"Factory Creek","k":"river"}},{"type":"Feature","geometry":{"type":"Point","coordinates":[147.22654,-36.81381]},"properties":{"n":"Fainter Creek","k":"river"}},{"type":"Feature","geometry":{"type":"Point","coordinates":[147.22373,-36.82151]},"properties":{"n":"Fainters Falls","k":"lookout"}},{"type":"Feature","geometry":{"type":"Point","coordinates":[148.16208,-37.50237]},"properties":{"n":"Fairy Cave","k":"cave"}},{"type":"Feature","geometry":{"type":"Point","coordinates":[147.77951,-37.6874]},"properties":{"n":"Fairy Dell Flora Reserve","k":"park"}},{"type":"Feature","geometry":{"type":"Point","coordinates":[147.32875,-36.93301]},"properties":{"n":"Faithfulls Hut","k":"hut"}},{"type":"Feature","geometry":{"type":"Point","coordinates":[145.88845,-37.30321]},"properties":{"n":"Falls","k":"lookout"}},{"type":"Feature","geometry":{"type":"Point","coordinates":[147.28159,-36.8635]},"properties":{"n":"Falls Creek","k":"village"}},{"type":"Feature","geometry":{"type":"Point","coordinates":[147.27514,-36.86842]},"properties":{"n":"Falls Creek","k":"resort"}},{"type":"Feature","geometry":{"type":"Point","coordinates":[146.818,-36.7197]},"properties":{"n":"Falls Lookout","k":"lookout"}},{"type":"Feature","geometry":{"type":"Point","coordinates":[146.52347,-37.40932]},"properties":{"n":"Far Yard Saddle","k":"saddle","e":1003}},{"type":"Feature","geometry":{"type":"Point","coordinates":[147.25512,-37.42438]},"properties":{"n":"Farm Junction","k":"locality"}},{"type":"Feature","geometry":{"type":"Point","coordinates":[148.16459,-37.4961]},"properties":{"n":"Federal Cave","k":"cave"}},{"type":"Feature","geometry":{"type":"Point","coordinates":[146.83971,-36.14213]},"properties":{"n":"Federation Hill","k":"peak"}},{"type":"Feature","geometry":{"type":"Point","coordinates":[147.12276,-36.90146]},"properties":{"n":"Federation Hut","k":"campsite"}},{"type":"Feature","geometry":{"type":"Point","coordinates":[147.1226,-36.9015]},"properties":{"n":"Federation Hut","k":"hut"}},{"type":"Feature","geometry":{"type":"Point","coordinates":[145.92748,-37.46571]},"properties":{"n":"Federation Link Hut","k":"hut"}},{"type":"Feature","geometry":{"type":"Point","coordinates":[146.81217,-36.12452]},"properties":{"n":"Fell Timber Creek Nature Conservation Reserve","k":"park"}},{"type":"Feature","geometry":{"type":"Point","coordinates":[146.85084,-36.10192]},"properties":{"n":"Felltimber Creek","k":"river"}},{"type":"Feature","geometry":{"type":"Point","coordinates":[146.24622,-37.33623]},"properties":{"n":"Ferguson Saddle","k":"saddle"}},{"type":"Feature","geometry":{"type":"Point","coordinates":[147.32251,-37.87102]},"properties":{"n":"Fernbank","k":"locality"}},{"type":"Feature","geometry":{"type":"Point","coordinates":[147.32013,-37.87308]},"properties":{"n":"Fernbank Nature Conservation Reserve","k":"park"}},{"type":"Feature","geometry":{"type":"Point","coordinates":[147.63139,-36.89333]},"properties":{"n":"Ferny Flat Campground","k":"campsite"}},{"type":"Feature","geometry":{"type":"Point","coordinates":[146.80214,-36.34138]},"properties":{"n":"Ferny Hole","k":"locality"}},{"type":"Feature","geometry":{"type":"Point","coordinates":[146.38462,-37.61638]},"properties":{"n":"Fiddlers Green","k":"campsite"}},{"type":"Feature","geometry":{"type":"Point","coordinates":[146.38425,-37.61644]},"properties":{"n":"Fiddlers Green","k":"locality"}},{"type":"Feature","geometry":{"type":"Point","coordinates":[146.29045,-36.35601]},"properties":{"n":"Fifteen Mile Creek","k":"river"}},{"type":"Feature","geometry":{"type":"Point","coordinates":[145.74175,-37.38043]},"properties":{"n":"Finger Buttress","k":"peak"}},{"type":"Feature","geometry":{"type":"Point","coordinates":[148.24896,-36.19989]},"properties":{"n":"Finlays Lookout","k":"peak"}},{"type":"Feature","geometry":{"type":"Point","coordinates":[148.24893,-36.20002]},"properties":{"n":"Finlays Lookout","k":"lookout"}},{"type":"Feature","geometry":{"type":"Point","coordinates":[146.56733,-36.13087]},"properties":{"n":"Fire Dam","k":"lake"}},{"type":"Feature","geometry":{"type":"Point","coordinates":[147.36522,-36.8762]},"properties":{"n":"Fitzgerald Hut","k":"hut"}},{"type":"Feature","geometry":{"type":"Point","coordinates":[146.76179,-36.73651]},"properties":{"n":"Five Acre Plain","k":"locality"}},{"type":"Feature","geometry":{"type":"Point","coordinates":[146.30853,-37.11652]},"properties":{"n":"Five Ways","k":"locality"}},{"type":"Feature","geometry":{"type":"Point","coordinates":[147.71548,-37.27697]},"properties":{"n":"Flagstaff Hill","k":"peak"}},{"type":"Feature","geometry":{"type":"Point","coordinates":[147.91227,-37.88676]},"properties":{"n":"Flannagan Island Gippsland Lakes Reserve","k":"park"}},{"type":"Feature","geometry":{"type":"Point","coordinates":[146.64384,-36.35813]},"properties":{"n":"Flat Rock","k":"peak"}},{"type":"Feature","geometry":{"type":"Point","coordinates":[146.76266,-36.37278]},"properties":{"n":"Fletcher's Dam","k":"lake"}},{"type":"Feature","geometry":{"type":"Point","coordinates":[146.21154,-37.41803]},"properties":{"n":"Flourbag Hill","k":"peak"}},{"type":"Feature","geometry":{"type":"Point","coordinates":[145.88304,-37.76838]},"properties":{"n":"Flowerpot Hill","k":"peak"}},{"type":"Feature","geometry":{"type":"Point","coordinates":[146.303,-37.12622]},"properties":{"n":"Fly-Fishing Dam","k":"lake"}},{"type":"Feature","geometry":{"type":"Point","coordinates":[145.93986,-37.22767]},"properties":{"n":"Foggs Lookout","k":"lookout","e":503}},{"type":"Feature","geometry":{"type":"Point","coordinates":[145.85603,-37.33803]},"properties":{"n":"Forebay","k":"lake"}},{"type":"Feature","geometry":{"type":"Point","coordinates":[145.87123,-37.37428]},"properties":{"n":"Forebay","k":"lake"}},{"type":"Feature","geometry":{"type":"Point","coordinates":[145.84515,-37.30569]},"properties":{"n":"Forebay","k":"lake"}},{"type":"Feature","geometry":{"type":"Point","coordinates":[145.86391,-37.37106]},"properties":{"n":"Forebay","k":"lake"}},{"type":"Feature","geometry":{"type":"Point","coordinates":[148.19848,-36.80235]},"properties":{"n":"Forest Hill","k":"peak"}},{"type":"Feature","geometry":{"type":"Point","coordinates":[148.20412,-36.809]},"properties":{"n":"Forest Hill Reference Area","k":"park"}},{"type":"Feature","geometry":{"type":"Point","coordinates":[148.07854,-37.00755]},"properties":{"n":"Forlorn Hope","k":"peak"}},{"type":"Feature","geometry":{"type":"Point","coordinates":[146.21973,-36.45627]},"properties":{"n":"Fosters Dam","k":"lake"}},{"type":"Feature","geometry":{"type":"Point","coordinates":[146.23049,-36.46246]},"properties":{"n":"Fosters Lake Waterhole Nature Conservation Reserve","k":"park"}},{"type":"Feature","geometry":{"type":"Point","coordinates":[147.24269,-36.74677]},"properties":{"n":"Four Mile Gap","k":"saddle"}},{"type":"Feature","geometry":{"type":"Point","coordinates":[145.82345,-37.17055]},"properties":{"n":"Fraser Block","k":"locality"}},{"type":"Feature","geometry":{"type":"Point","coordinates":[147.93603,-37.88613]},"properties":{"n":"Fraser Island Gippsland Lakes Reserve","k":"park"}},{"type":"Feature","geometry":{"type":"Point","coordinates":[147.03106,-36.32789]},"properties":{"n":"Free camp site","k":"campsite"}},{"type":"Feature","geometry":{"type":"Point","coordinates":[147.03016,-36.77203]},"properties":{"n":"Freeburgh","k":"locality"}},{"type":"Feature","geometry":{"type":"Point","coordinates":[147.02357,-36.75639]},"properties":{"n":"Freeburgh Bridge","k":"campsite"}},{"type":"Feature","geometry":{"type":"Point","coordinates":[147.02871,-36.76509]},"properties":{"n":"Freeburgh Streamside Reserve","k":"park"}},{"type":"Feature","geometry":{"type":"Point","coordinates":[146.28988,-37.83096]},"properties":{"n":"Freeman's Flat","k":"locality"}},{"type":"Feature","geometry":{"type":"Point","coordinates":[147.10334,-37.62453]},"properties":{"n":"Freestone / Wurrundyan'garla State Forest","k":"park"}},{"type":"Feature","geometry":{"type":"Point","coordinates":[147.02617,-37.84822]},"properties":{"n":"Freestone Creek","k":"river"}},{"type":"Feature","geometry":{"type":"Point","coordinates":[147.03876,-37.84994]},"properties":{"n":"Freestone Creek Streamside Reserve","k":"park"}},{"type":"Feature","geometry":{"type":"Point","coordinates":[146.21817,-37.53366]},"properties":{"n":"Frenchmans Gap","k":"saddle"}},{"type":"Feature","geometry":{"type":"Point","coordinates":[146.21541,-37.53361]},"properties":{"n":"Frenchmans Spur Hut","k":"hut"}},{"type":"Feature","geometry":{"type":"Point","coordinates":[148.29821,-36.35746]},"properties":{"n":"Friars Alp","k":"peak"}},{"type":"Feature","geometry":{"type":"Point","coordinates":[148.18544,-37.82938]},"properties":{"n":"Frog Pond","k":"lake"}},{"type":"Feature","geometry":{"type":"Point","coordinates":[146.32984,-37.19585]},"properties":{"n":"Fry's Hut","k":"hut"}},{"type":"Feature","geometry":{"type":"Point","coordinates":[145.66204,-37.84772]},"properties":{"n":"Fryer Hill","k":"peak"}},{"type":"Feature","geometry":{"type":"Point","coordinates":[146.66835,-36.10938]},"properties":{"n":"Fryingpan Creek Streamside Reserve","k":"park"}},{"type":"Feature","geometry":{"type":"Point","coordinates":[146.33053,-37.1959]},"properties":{"n":"Frys Flat Campground","k":"campsite"}},{"type":"Feature","geometry":{"type":"Point","coordinates":[147.5946,-36.77191]},"properties":{"n":"G.P.O. Hut","k":"hut"}},{"type":"Feature","geometry":{"type":"Point","coordinates":[146.80388,-37.57022]},"properties":{"n":"Gable End","k":"peak","e":1566}},{"type":"Feature","geometry":{"type":"Point","coordinates":[146.18745,-37.47045]},"properties":{"n":"Gaffneys Creek","k":"locality"}},{"type":"Feature","geometry":{"type":"Point","coordinates":[146.93035,-37.10463]},"properties":{"n":"Galbraith Saddle","k":"saddle","e":1168}},{"type":"Feature","geometry":{"type":"Point","coordinates":[146.18228,-36.91325]},"properties":{"n":"Gallows Hill","k":"peak"}},{"type":"Feature","geometry":{"type":"Point","coordinates":[145.66509,-36.87525]},"properties":{"n":"Galls Gap","k":"saddle"}},{"type":"Feature","geometry":{"type":"Point","coordinates":[146.67567,-36.50744]},"properties":{"n":"Gapsted","k":"locality"}},{"type":"Feature","geometry":{"type":"Point","coordinates":[146.37813,-37.19217]},"properties":{"n":"Gardiners Hut","k":"hut"}},{"type":"Feature","geometry":{"type":"Point","coordinates":[146.37778,-37.19241]},"properties":{"n":"Gardiners Hut","k":"campsite"}},{"type":"Feature","geometry":{"type":"Point","coordinates":[146.31233,-36.95879]},"properties":{"n":"Gears Hill","k":"peak"}},{"type":"Feature","geometry":{"type":"Point","coordinates":[148.18957,-36.38666]},"properties":{"n":"Geehi","k":"locality"}},{"type":"Feature","geometry":{"type":"Point","coordinates":[148.17808,-36.38013]},"properties":{"n":"Geehi Flats Campground","k":"campsite"}},{"type":"Feature","geometry":{"type":"Point","coordinates":[148.18168,-36.40586]},"properties":{"n":"Geehi Horse Camp","k":"campsite"}},{"type":"Feature","geometry":{"type":"Point","coordinates":[148.17952,-36.37747]},"properties":{"n":"Geehi Hut","k":"hut"}},{"type":"Feature","geometry":{"type":"Point","coordinates":[148.23286,-36.36494]},"properties":{"n":"Geehi River","k":"river"}},{"type":"Feature","geometry":{"type":"Point","coordinates":[148.16715,-36.33252]},"properties":{"n":"Geehi Walls","k":"locality"}},{"type":"Feature","geometry":{"type":"Point","coordinates":[146.501,-37.12406]},"properties":{"n":"Geelong Grammar School Hut","k":"hut","e":1670}},{"type":"Feature","geometry":{"type":"Point","coordinates":[145.88104,-37.06537]},"properties":{"n":"Geelong Hill","k":"peak"}},{"type":"Feature","geometry":{"type":"Point","coordinates":[147.12767,-36.92258]},"properties":{"n":"Geezer Hill","k":"peak"}},{"type":"Feature","geometry":{"type":"Point","coordinates":[147.9332,-36.4119]},"properties":{"n":"Gentle Annie","k":"peak","e":1121}},{"type":"Feature","geometry":{"type":"Point","coordinates":[147.67289,-37.66038]},"properties":{"n":"Gentle Annie Hill","k":"peak"}},{"type":"Feature","geometry":{"type":"Point","coordinates":[147.08594,-37.81024]},"properties":{"n":"George Creek Streamside Reserve","k":"park"}},{"type":"Feature","geometry":{"type":"Point","coordinates":[147.27446,-36.13498]},"properties":{"n":"Georges Creek Lookout","k":"lookout"}},{"type":"Feature","geometry":{"type":"Point","coordinates":[146.60176,-36.46862]},"properties":{"n":"German Gully","k":"river"}},{"type":"Feature","geometry":{"type":"Point","coordinates":[147.01863,-36.74268]},"properties":{"n":"Germantown","k":"locality"}},{"type":"Feature","geometry":{"type":"Point","coordinates":[146.77752,-36.74171]},"properties":{"n":"Giants Causeway","k":"saddle"}},{"type":"Feature","geometry":{"type":"Point","coordinates":[147.71915,-36.74068]},"properties":{"n":"Gibbo River","k":"river"}},{"type":"Feature","geometry":{"type":"Point","coordinates":[147.70049,-36.75669]},"properties":{"n":"Gibbo River Bush Camping","k":"campsite"}},{"type":"Feature","geometry":{"type":"Point","coordinates":[147.95022,-36.52049]},"properties":{"n":"Gibsons Hut","k":"hut"}},{"type":"Feature","geometry":{"type":"Point","coordinates":[145.82132,-37.77196]},"properties":{"n":"Gifford Saddle","k":"saddle"}},{"type":"Feature","geometry":{"type":"Point","coordinates":[148.0453,-37.39802]},"properties":{"n":"Gil Groggin","k":"peak"}},{"type":"Feature","geometry":{"type":"Point","coordinates":[145.71282,-37.85471]},"properties":{"n":"Gilderoy","k":"locality"}},{"type":"Feature","geometry":{"type":"Point","coordinates":[147.61517,-37.19638]},"properties":{"n":"Gingee Munjie State Forest","k":"park"}},{"type":"Feature","geometry":{"type":"Point","coordinates":[147.58712,-38.12736]},"properties":{"n":"Gippsland Lakes Coastal Park","k":"park"}},{"type":"Feature","geometry":{"type":"Point","coordinates":[146.30448,-37.12874]},"properties":{"n":"Girltown","k":"locality"}},{"type":"Feature","geometry":{"type":"Point","coordinates":[145.65147,-37.81976]},"properties":{"n":"Gladysdale","k":"locality"}},{"type":"Feature","geometry":{"type":"Point","coordinates":[146.91073,-36.42943]},"properties":{"n":"Glen Creek","k":"locality"}},{"type":"Feature","geometry":{"type":"Point","coordinates":[147.0273,-36.46817]},"properties":{"n":"Glen Creek","k":"river"}},{"type":"Feature","geometry":{"type":"Point","coordinates":[145.94689,-36.93947]},"properties":{"n":"Glen Creek Gap","k":"saddle"}},{"type":"Feature","geometry":{"type":"Point","coordinates":[145.95603,-36.9576]},"properties":{"n":"Glen Creek Reference Area","k":"park"}},{"type":"Feature","geometry":{"type":"Point","coordinates":[147.4757,-36.86808]},"properties":{"n":"Glen Valley","k":"locality"}},{"type":"Feature","geometry":{"type":"Point","coordinates":[146.72866,-37.87887]},"properties":{"n":"Glenmaggie Natural Features and Scenic Reserve","k":"park"}},{"type":"Feature","geometry":{"type":"Point","coordinates":[146.60745,-37.83062]},"properties":{"n":"Glenmaggie State Forest","k":"park"}},{"type":"Feature","geometry":{"type":"Point","coordinates":[146.22567,-36.46227]},"properties":{"n":"Glenrowan","k":"town"}},{"type":"Feature","geometry":{"type":"Point","coordinates":[146.23766,-36.43201]},"properties":{"n":"Glenrowan - North","k":"locality"}},{"type":"Feature","geometry":{"type":"Point","coordinates":[146.1864,-36.42908]},"properties":{"n":"Glenrowan Bushland Reserve","k":"park"}},{"type":"Feature","geometry":{"type":"Point","coordinates":[146.23626,-36.45174]},"properties":{"n":"Glenrowan Caravan Park","k":"campsite"}},{"type":"Feature","geometry":{"type":"Point","coordinates":[146.20554,-36.46735]},"properties":{"n":"Glenrowan I69 Bushland Reserve","k":"park"}},{"type":"Feature","geometry":{"type":"Point","coordinates":[146.22432,-36.46823]},"properties":{"n":"Glenrowan I70 Bushland Reserve","k":"park"}},{"type":"Feature","geometry":{"type":"Point","coordinates":[146.22068,-36.46076]},"properties":{"n":"Glenrowan Spring Creek Reserve","k":"park"}},{"type":"Feature","geometry":{"type":"Point","coordinates":[146.15409,-36.51989]},"properties":{"n":"Glenrowan West","k":"locality"}},{"type":"Feature","geometry":{"type":"Point","coordinates":[146.27548,-37.57973]},"properties":{"n":"Gloz Hut","k":"hut"}},{"type":"Feature","geometry":{"type":"Point","coordinates":[147.89551,-37.63378]},"properties":{"n":"Goat Farm","k":"locality"}},{"type":"Feature","geometry":{"type":"Point","coordinates":[146.78539,-36.47204]},"properties":{"n":"Goat Knob","k":"peak"}},{"type":"Feature","geometry":{"type":"Point","coordinates":[145.60818,-37.01395]},"properties":{"n":"Gobur","k":"locality"}},{"type":"Feature","geometry":{"type":"Point","coordinates":[145.57989,-36.98024]},"properties":{"n":"Gobur G102 Bushland Reserve","k":"park"}},{"type":"Feature","geometry":{"type":"Point","coordinates":[145.61125,-37.02436]},"properties":{"n":"Gobur G48 Bushland Reserve","k":"park"}},{"type":"Feature","geometry":{"type":"Point","coordinates":[145.57876,-37.02387]},"properties":{"n":"Gobur Nature Conservation Reserve","k":"park"}},{"type":"Feature","geometry":{"type":"Point","coordinates":[145.60946,-37.01861]},"properties":{"n":"Godfrey Creek, Gobur Streamside Reserve","k":"park"}},{"type":"Feature","geometry":{"type":"Point","coordinates":[145.90297,-36.92041]},"properties":{"n":"Golden Mountain","k":"peak","e":1033}},{"type":"Feature","geometry":{"type":"Point","coordinates":[146.79234,-37.72326]},"properties":{"n":"Golden Point Hut","k":"hut"}},{"type":"Feature","geometry":{"type":"Point","coordinates":[146.96551,-36.75046]},"properties":{"n":"Gone Fishing","k":"lake"}},{"type":"Feature","geometry":{"type":"Point","coordinates":[148.27413,-37.04405]},"properties":{"n":"Goodwin Creek Bushland Reserve","k":"park"}},{"type":"Feature","geometry":{"type":"Point","coordinates":[148.27615,-37.04939]},"properties":{"n":"Goodwin Hill","k":"locality"}},{"type":"Feature","geometry":{"type":"Point","coordinates":[145.86207,-36.46489]},"properties":{"n":"Goomalibee","k":"locality"}},{"type":"Feature","geometry":{"type":"Point","coordinates":[145.86235,-36.46285]},"properties":{"n":"Goomalibee Bushland Reserve","k":"park"}},{"type":"Feature","geometry":{"type":"Point","coordinates":[145.89252,-36.49815]},"properties":{"n":"Goomalibee H81 Bushland Reserve","k":"park"}},{"type":"Feature","geometry":{"type":"Point","coordinates":[145.91116,-36.49838]},"properties":{"n":"Goomalibee H82 Bushland Reserve","k":"park"}},{"type":"Feature","geometry":{"type":"Point","coordinates":[145.91848,-36.49104]},"properties":{"n":"Goomalibee H83 Bushland Reserve","k":"park"}},{"type":"Feature","geometry":{"type":"Point","coordinates":[145.90639,-36.52888]},"properties":{"n":"Goomalibee Nature Conservation Reserve","k":"park"}},{"type":"Feature","geometry":{"type":"Point","coordinates":[146.45534,-37.74914]},"properties":{"n":"Goonans Hut","k":"hut"}},{"type":"Feature","geometry":{"type":"Point","coordinates":[145.62904,-36.90195]},"properties":{"n":"Gooram Falls Lower Pool","k":"lake"}},{"type":"Feature","geometry":{"type":"Point","coordinates":[145.54568,-36.86459]},"properties":{"n":"Gooram Gooram Gong I46 Bushland Reserve","k":"park"}},{"type":"Feature","geometry":{"type":"Point","coordinates":[145.5558,-36.85282]},"properties":{"n":"Gooram Gooram Gong I47 Bushland Reserve","k":"park"}},{"type":"Feature","geometry":{"type":"Point","coordinates":[145.92017,-36.40713]},"properties":{"n":"Goorambat","k":"village"}},{"type":"Feature","geometry":{"type":"Point","coordinates":[145.91832,-36.46516]},"properties":{"n":"Goorambat H124 Bushland Reserve","k":"park"}},{"type":"Feature","geometry":{"type":"Point","coordinates":[145.89663,-36.43704]},"properties":{"n":"Goorambat H84 Bushland Reserve","k":"park"}},{"type":"Feature","geometry":{"type":"Point","coordinates":[147.30564,-36.7276]},"properties":{"n":"Gorge Gap","k":"saddle"}},{"type":"Feature","geometry":{"type":"Point","coordinates":[145.81879,-37.17916]},"properties":{"n":"Goschnicks Outlook","k":"lookout"}},{"type":"Feature","geometry":{"type":"Point","coordinates":[146.06671,-37.18613]},"properties":{"n":"Goughs Bay","k":"village"}},{"type":"Feature","geometry":{"type":"Point","coordinates":[145.89696,-37.24392]},"properties":{"n":"Goulburn River","k":"river"}},{"type":"Feature","geometry":{"type":"Point","coordinates":[145.3641,-36.67814]},"properties":{"n":"Goulburn River Heritage River","k":"park"}},{"type":"Feature","geometry":{"type":"Point","coordinates":[146.14993,-37.13311]},"properties":{"n":"Goulburn Valley Water Reservoir","k":"lake"}},{"type":"Feature","geometry":{"type":"Point","coordinates":[145.7468,-37.4765]},"properties":{"n":"Gould Memorial Drive","k":"attraction"}},{"type":"Feature","geometry":{"type":"Point","coordinates":[145.69566,-36.53441]},"properties":{"n":"Gowangardie Nature Conservation Reserve","k":"park"}},{"type":"Feature","geometry":{"type":"Point","coordinates":[145.6355,-36.49708]},"properties":{"n":"Gowangardie U46 Bushland Reserve","k":"park"}},{"type":"Feature","geometry":{"type":"Point","coordinates":[145.70339,-36.48299]},"properties":{"n":"Gowangardie U48 Bushland Reserve","k":"park"}},{"type":"Feature","geometry":{"type":"Point","coordinates":[145.65203,-36.49685]},"properties":{"n":"Gowangaride H62 Bushland Reserve","k":"park"}},{"type":"Feature","geometry":{"type":"Point","coordinates":[145.68097,-36.46075]},"properties":{"n":"Gowangaride H64 Bushland Reserve","k":"park"}},{"type":"Feature","geometry":{"type":"Point","coordinates":[146.40135,-36.722]},"properties":{"n":"Gracebrook Winery","k":"attraction"}},{"type":"Feature","geometry":{"type":"Point","coordinates":[146.5378,-36.10774]},"properties":{"n":"Grand Junction Bushland Reserve","k":"park"}},{"type":"Feature","geometry":{"type":"Point","coordinates":[147.42725,-36.58203]},"properties":{"n":"Granite Flat","k":"locality"}},{"type":"Feature","geometry":{"type":"Point","coordinates":[148.24219,-36.25134]},"properties":{"n":"Granite Knob","k":"peak","e":1558}},{"type":"Feature","geometry":{"type":"Point","coordinates":[147.47784,-36.61397]},"properties":{"n":"Granite Peak","k":"peak","e":1393}},{"type":"Feature","geometry":{"type":"Point","coordinates":[147.66212,-37.76072]},"properties":{"n":"Granite Rock","k":"peak"}},{"type":"Feature","geometry":{"type":"Point","coordinates":[147.12056,-37.35135]},"properties":{"n":"Grant Historic Area","k":"park"}},{"type":"Feature","geometry":{"type":"Point","coordinates":[147.18679,-37.3731]},"properties":{"n":"Grant Junction","k":"locality"}},{"type":"Feature","geometry":{"type":"Point","coordinates":[147.15584,-37.34389]},"properties":{"n":"Grant Township Camping Area","k":"campsite"}},{"type":"Feature","geometry":{"type":"Point","coordinates":[145.69651,-37.53148]},"properties":{"n":"Granton","k":"locality"}},{"type":"Feature","geometry":{"type":"Point","coordinates":[148.11733,-36.43786]},"properties":{"n":"Granuaille Mountain","k":"peak","e":1427}},{"type":"Feature","geometry":{"type":"Point","coordinates":[147.31841,-36.10784]},"properties":{"n":"Granya","k":"locality"}},{"type":"Feature","geometry":{"type":"Point","coordinates":[147.35822,-36.18312]},"properties":{"n":"Granya Bushland Reserve","k":"park"}},{"type":"Feature","geometry":{"type":"Point","coordinates":[147.29912,-36.11262]},"properties":{"n":"Granya Falls Lookout","k":"lookout"}},{"type":"Feature","geometry":{"type":"Point","coordinates":[146.5312,-37.13203]},"properties":{"n":"Grassy Saddle","k":"saddle"}},{"type":"Feature","geometry":{"type":"Point","coordinates":[146.85274,-37.83424]},"properties":{"n":"Green Hill","k":"peak","e":393}},{"type":"Feature","geometry":{"type":"Point","coordinates":[146.78803,-36.79836]},"properties":{"n":"Green Hill","k":"peak"}},{"type":"Feature","geometry":{"type":"Point","coordinates":[145.88201,-36.76241]},"properties":{"n":"Green Hill","k":"peak"}},{"type":"Feature","geometry":{"type":"Point","coordinates":[148.1092,-37.27522]},"properties":{"n":"Green Hill","k":"peak"}},{"type":"Feature","geometry":{"type":"Point","coordinates":[146.85449,-37.8326]},"properties":{"n":"Green Hill Lookout","k":"attraction"}},{"type":"Feature","geometry":{"type":"Point","coordinates":[146.53449,-37.6606]},"properties":{"n":"Green Hills","k":"peak"}},{"type":"Feature","geometry":{"type":"Point","coordinates":[148.12984,-37.27214]},"properties":{"n":"Green Hills Nature Conservation Reserve","k":"park"}},{"type":"Feature","geometry":{"type":"Point","coordinates":[146.10664,-36.44485]},"properties":{"n":"Green Swamp","k":"lake"}},{"type":"Feature","geometry":{"type":"Point","coordinates":[146.11498,-36.44751]},"properties":{"n":"Greens Hill","k":"peak"}},{"type":"Feature","geometry":{"type":"Point","coordinates":[147.67569,-36.86077]},"properties":{"n":"Gresson Knob","k":"peak"}},{"type":"Feature","geometry":{"type":"Point","coordinates":[146.27608,-36.55151]},"properties":{"n":"Greta","k":"locality"}},{"type":"Feature","geometry":{"type":"Point","coordinates":[146.23777,-36.61921]},"properties":{"n":"Greta South","k":"village"}},{"type":"Feature","geometry":{"type":"Point","coordinates":[146.23078,-36.53142]},"properties":{"n":"Greta West","k":"locality"}},{"type":"Feature","geometry":{"type":"Point","coordinates":[148.27649,-36.28405]},"properties":{"n":"Grey Hill","k":"peak","e":1669}},{"type":"Feature","geometry":{"type":"Point","coordinates":[147.27989,-36.79652]},"properties":{"n":"Grey Hills Knob","k":"peak","e":1700}},{"type":"Feature","geometry":{"type":"Point","coordinates":[148.28922,-36.25636]},"properties":{"n":"Grey Mare Mountain","k":"peak","e":1869}},{"type":"Feature","geometry":{"type":"Point","coordinates":[147.58935,-37.09777]},"properties":{"n":"Griffiths Tunnel Lookout","k":"lookout"}},{"type":"Feature","geometry":{"type":"Point","coordinates":[146.52234,-37.52077]},"properties":{"n":"Grimme Hill","k":"peak","e":755}},{"type":"Feature","geometry":{"type":"Point","coordinates":[146.48645,-37.34651]},"properties":{"n":"Grimme Saddle","k":"saddle"}},{"type":"Feature","geometry":{"type":"Point","coordinates":[145.72455,-37.77447]},"properties":{"n":"Groom Hill","k":"peak","e":803}},{"type":"Feature","geometry":{"type":"Point","coordinates":[147.15417,-36.96223]},"properties":{"n":"Guest Shelter","k":"hut"}},{"type":"Feature","geometry":{"type":"Point","coordinates":[145.5144,-36.59192]},"properties":{"n":"Gum Swamp, Miepol Wildlife Reserve (no hunting)","k":"park"}},{"type":"Feature","geometry":{"type":"Point","coordinates":[147.07646,-36.38137]},"properties":{"n":"Gundowring Bushland Reserve","k":"park"}},{"type":"Feature","geometry":{"type":"Point","coordinates":[147.04683,-36.42678]},"properties":{"n":"Gundowring Streamside Reserve","k":"park"}},{"type":"Feature","geometry":{"type":"Point","coordinates":[146.75416,-37.28882]},"properties":{"n":"Guys Hut","k":"hut"}},{"type":"Feature","geometry":{"type":"Point","coordinates":[146.97121,-37.16588]},"properties":{"n":"Guys Hut remains","k":"hut"}},{"type":"Feature","geometry":{"type":"Point","coordinates":[146.30693,-37.83289]},"properties":{"n":"Gwinear Flat","k":"locality"}},{"type":"Feature","geometry":{"type":"Point","coordinates":[146.15218,-37.24244]},"properties":{"n":"Gypsy Gap","k":"saddle"}},{"type":"Feature","geometry":{"type":"Point","coordinates":[147.17327,-37.18113]},"properties":{"n":"Halfway Plain Saddle","k":"saddle","e":1273}},{"type":"Feature","geometry":{"type":"Point","coordinates":[147.60878,-37.1255]},"properties":{"n":"Hankshaws Hill","k":"peak"}},{"type":"Feature","geometry":{"type":"Point","coordinates":[146.79879,-36.57541]},"properties":{"n":"Happy Valley Creek","k":"river"}},{"type":"Feature","geometry":{"type":"Point","coordinates":[146.72167,-36.56248]},"properties":{"n":"Happy Valley Creek Historic Reserve","k":"park"}},{"type":"Feature","geometry":{"type":"Point","coordinates":[147.06387,-36.89232]},"properties":{"n":"Harrietville","k":"town"}},{"type":"Feature","geometry":{"type":"Point","coordinates":[147.29671,-37.32537]},"properties":{"n":"Harrisons Cut","k":"river"}},{"type":"Feature","geometry":{"type":"Point","coordinates":[145.76327,-36.95054]},"properties":{"n":"Harrops Folly Sanctuary","k":"lake"}},{"type":"Feature","geometry":{"type":"Point","coordinates":[145.93289,-37.13047]},"properties":{"n":"Harrops Hills","k":"peak"}},{"type":"Feature","geometry":{"type":"Point","coordinates":[148.24808,-37.72063]},"properties":{"n":"Hartland River","k":"river"}},{"type":"Feature","geometry":{"type":"Point","coordinates":[146.13889,-36.90917]},"properties":{"n":"Hat Hill","k":"peak"}},{"type":"Feature","geometry":{"type":"Point","coordinates":[146.13975,-36.91506]},"properties":{"n":"Hat Hill Flora and Fauna Reserve","k":"park"}},{"type":"Feature","geometry":{"type":"Point","coordinates":[146.89476,-36.62352]},"properties":{"n":"Havilah","k":"locality"}},{"type":"Feature","geometry":{"type":"Point","coordinates":[147.11965,-37.42017]},"properties":{"n":"Hawkhurst","k":"locality"}},{"type":"Feature","geometry":{"type":"Point","coordinates":[146.06431,-37.91062]},"properties":{"n":"Hawthorn Creek Reference Area","k":"park"}},{"type":"Feature","geometry":{"type":"Point","coordinates":[145.51615,-37.65372]},"properties":{"n":"Healesville","k":"town"}},{"type":"Feature","geometry":{"type":"Point","coordinates":[145.51049,-37.65635]},"properties":{"n":"Healesville Court House Historic and Cultural Features Reserve","k":"park"}},{"type":"Feature","geometry":{"type":"Point","coordinates":[145.51512,-37.64704]},"properties":{"n":"Healesville G156 Bushland Reserve","k":"park"}},{"type":"Feature","geometry":{"type":"Point","coordinates":[145.5375,-37.64626]},"properties":{"n":"Healesville G157 Bushland Reserve","k":"park"}},{"type":"Feature","geometry":{"type":"Point","coordinates":[145.5307,-37.68075]},"properties":{"n":"Healesville G158 B.R.","k":"park"}},{"type":"Feature","geometry":{"type":"Point","coordinates":[145.52334,-37.68609]},"properties":{"n":"Healesville Sanctuary","k":"park"}},{"type":"Feature","geometry":{"type":"Point","coordinates":[146.21082,-37.13007]},"properties":{"n":"Hearns Crossing","k":"locality"}},{"type":"Feature","geometry":{"type":"Point","coordinates":[145.52761,-37.67264]},"properties":{"n":"Hedgend Maze","k":"locality"}},{"type":"Feature","geometry":{"type":"Point","coordinates":[145.88282,-37.48673]},"properties":{"n":"Helicopter Flat","k":"locality"}},{"type":"Feature","geometry":{"type":"Point","coordinates":[146.45301,-37.14418]},"properties":{"n":"Hell Corner","k":"locality"}},{"type":"Feature","geometry":{"type":"Point","coordinates":[147.31367,-36.73265]},"properties":{"n":"Hell Gap","k":"saddle"}},{"type":"Feature","geometry":{"type":"Point","coordinates":[146.63051,-37.18836]},"properties":{"n":"Hellfire Creek campsite","k":"campsite"}},{"type":"Feature","geometry":{"type":"Point","coordinates":[147.83215,-37.47878]},"properties":{"n":"Hells Gate","k":"saddle"}},{"type":"Feature","geometry":{"type":"Point","coordinates":[146.62549,-37.18879]},"properties":{"n":"Hells Window","k":"saddle"}},{"type":"Feature","geometry":{"type":"Point","coordinates":[146.68794,-36.35843]},"properties":{"n":"Henry Power's Cell","k":"attraction"}},{"type":"Feature","geometry":{"type":"Point","coordinates":[148.08272,-36.49148]},"properties":{"n":"Hermit Mountain","k":"peak","e":1405}},{"type":"Feature","geometry":{"type":"Point","coordinates":[147.11286,-37.41123]},"properties":{"n":"Hibernia State Forest","k":"park"}},{"type":"Feature","geometry":{"type":"Point","coordinates":[146.72666,-37.45865]},"properties":{"n":"Higgins Hut (private)","k":"hut"}},{"type":"Feature","geometry":{"type":"Point","coordinates":[148.06436,-36.42815]},"properties":{"n":"Higgins Knob","k":"peak","e":911}},{"type":"Feature","geometry":{"type":"Point","coordinates":[146.87943,-37.4092]},"properties":{"n":"Higgins Yard","k":"campsite"}},{"type":"Feature","geometry":{"type":"Point","coordinates":[145.83165,-37.16092]},"properties":{"n":"High Camp","k":"peak"}},{"type":"Feature","geometry":{"type":"Point","coordinates":[146.54693,-37.29977]},"properties":{"n":"High Cone","k":"peak","e":1488}},{"type":"Feature","geometry":{"type":"Point","coordinates":[145.89528,-37.48343]},"properties":{"n":"High Country Lookout","k":"lookout"}},{"type":"Feature","geometry":{"type":"Point","coordinates":[146.06698,-37.1721]},"properties":{"n":"High Country Maze","k":"attraction"}},{"type":"Feature","geometry":{"type":"Point","coordinates":[147.5122,-37.35685]},"properties":{"n":"High Knob","k":"peak"}},{"type":"Feature","geometry":{"type":"Point","coordinates":[146.76245,-36.76562]},"properties":{"n":"High Meadow Plains","k":"locality"}},{"type":"Feature","geometry":{"type":"Point","coordinates":[146.95452,-37.13407]},"properties":{"n":"High Point","k":"peak","e":1498}},{"type":"Feature","geometry":{"type":"Point","coordinates":[147.62235,-37.10304]},"properties":{"n":"Hill Number 2","k":"peak"}},{"type":"Feature","geometry":{"type":"Point","coordinates":[147.58723,-37.11468]},"properties":{"n":"Hill Number 3","k":"peak"}},{"type":"Feature","geometry":{"type":"Point","coordinates":[147.60804,-36.94553]},"properties":{"n":"Hinnomunjie Bridge Camping Area","k":"campsite"}},{"type":"Feature","geometry":{"type":"Point","coordinates":[146.4193,-36.64016]},"properties":{"n":"Historic Marker","k":"attraction"}},{"type":"Feature","geometry":{"type":"Point","coordinates":[146.22194,-37.38126]},"properties":{"n":"Historic mining tunnel","k":"attraction"}},{"type":"Feature","geometry":{"type":"Point","coordinates":[145.90219,-37.37311]},"properties":{"n":"Hobin (Pound) Gap","k":"saddle"}},{"type":"Feature","geometry":{"type":"Point","coordinates":[145.59314,-37.84177]},"properties":{"n":"Hoddles Creek","k":"locality"}},{"type":"Feature","geometry":{"type":"Point","coordinates":[145.5867,-37.79825]},"properties":{"n":"Hoddles Creek Bushland Reserve","k":"park"}},{"type":"Feature","geometry":{"type":"Point","coordinates":[145.62198,-37.83382]},"properties":{"n":"Hoddles Creek Nature Conservation Area","k":"park"}},{"type":"Feature","geometry":{"type":"Point","coordinates":[146.00309,-36.57188]},"properties":{"n":"Holland Creek","k":"river"}},{"type":"Feature","geometry":{"type":"Point","coordinates":[147.36579,-36.86179]},"properties":{"n":"Hollands Knob Reference Area","k":"park"}},{"type":"Feature","geometry":{"type":"Point","coordinates":[147.16341,-36.76422]},"properties":{"n":"Hollonds Hill","k":"peak","e":845}},{"type":"Feature","geometry":{"type":"Point","coordinates":[147.35121,-36.86393]},"properties":{"n":"Hollonds Knob","k":"peak","e":1813}},{"type":"Feature","geometry":{"type":"Point","coordinates":[146.43799,-37.87656]},"properties":{"n":"Holmedale","k":"locality"}},{"type":"Feature","geometry":{"type":"Point","coordinates":[145.61333,-37.09657]},"properties":{"n":"Home Creek, Yarck Streamside Reserve","k":"park"}},{"type":"Feature","geometry":{"type":"Point","coordinates":[146.83315,-37.20471]},"properties":{"n":"Homestead Flat Camping Area","k":"campsite"}},{"type":"Feature","geometry":{"type":"Point","coordinates":[148.19352,-37.44461]},"properties":{"n":"Honeycomb Cave","k":"cave"}},{"type":"Feature","geometry":{"type":"Point","coordinates":[146.64161,-36.15916]},"properties":{"n":"Honeyeater Picnic Area","k":"attraction"}},{"type":"Feature","geometry":{"type":"Point","coordinates":[146.77559,-36.78371]},"properties":{"n":"Horn Lookout","k":"peak"}},{"type":"Feature","geometry":{"type":"Point","coordinates":[146.64125,-37.13738]},"properties":{"n":"Horrible Gap","k":"saddle","e":1412}},{"type":"Feature","geometry":{"type":"Point","coordinates":[146.45517,-37.13974]},"properties":{"n":"Horse Hill","k":"peak","e":1490}},{"type":"Feature","geometry":{"type":"Point","coordinates":[146.61095,-37.59385]},"properties":{"n":"Horse Hill","k":"peak"}},{"type":"Feature","geometry":{"type":"Point","coordinates":[146.75353,-37.40017]},"properties":{"n":"Horse Paddocks","k":"locality"}},{"type":"Feature","geometry":{"type":"Point","coordinates":[146.98346,-37.48564]},"properties":{"n":"Horse Yard Flat Hut","k":"hut"}},{"type":"Feature","geometry":{"type":"Point","coordinates":[146.32094,-36.34582]},"properties":{"n":"Horseshoe Lagoon Bushland Reserve","k":"park"}},{"type":"Feature","geometry":{"type":"Point","coordinates":[146.98208,-37.48282]},"properties":{"n":"Horseyard Flat","k":"campsite"}},{"type":"Feature","geometry":{"type":"Point","coordinates":[145.92483,-36.72729]},"properties":{"n":"Hoskin Hill","k":"peak"}},{"type":"Feature","geometry":{"type":"Point","coordinates":[148.18922,-37.75214]},"properties":{"n":"Hospital Creek Rest Area","k":"campsite"}},{"type":"Feature","geometry":{"type":"Point","coordinates":[147.14623,-37.02379]},"properties":{"n":"Hotham Heights","k":"locality"}},{"type":"Feature","geometry":{"type":"Point","coordinates":[147.148,-36.98469]},"properties":{"n":"Hotham Village","k":"village"}},{"type":"Feature","geometry":{"type":"Point","coordinates":[146.88418,-36.11257]},"properties":{"n":"House Creek","k":"river"}},{"type":"Feature","geometry":{"type":"Point","coordinates":[146.2882,-37.83963]},"properties":{"n":"Howitt Hill","k":"peak"}},{"type":"Feature","geometry":{"type":"Point","coordinates":[146.69807,-37.23167]},"properties":{"n":"Howitt Hut","k":"hut"}},{"type":"Feature","geometry":{"type":"Point","coordinates":[147.34055,-36.759]},"properties":{"n":"Howman Falls","k":"lookout"}},{"type":"Feature","geometry":{"type":"Point","coordinates":[146.18231,-37.22126]},"properties":{"n":"Howqua","k":"locality"}},{"type":"Feature","geometry":{"type":"Point","coordinates":[146.12658,-37.2273]},"properties":{"n":"Howqua G120 Bushland Reserve","k":"park"}},{"type":"Feature","geometry":{"type":"Point","coordinates":[146.12737,-37.24823]},"properties":{"n":"Howqua G121 Bushland Reserve","k":"park"}},{"type":"Feature","geometry":{"type":"Point","coordinates":[146.13939,-37.25805]},"properties":{"n":"Howqua G122 Bushland Reserve","k":"park"}},{"type":"Feature","geometry":{"type":"Point","coordinates":[146.48973,-37.14469]},"properties":{"n":"Howqua Gap","k":"saddle","e":1390}},{"type":"Feature","geometry":{"type":"Point","coordinates":[146.49058,-37.14442]},"properties":{"n":"Howqua Gap Hut","k":"hut","e":1380}},{"type":"Feature","geometry":{"type":"Point","coordinates":[146.34295,-37.20773]},"properties":{"n":"Howqua Hills Historic Area","k":"park"}},{"type":"Feature","geometry":{"type":"Point","coordinates":[146.13456,-37.22365]},"properties":{"n":"Howqua Inlet","k":"village"}},{"type":"Feature","geometry":{"type":"Point","coordinates":[146.56494,-37.17065]},"properties":{"n":"Howqua River","k":"river"}},{"type":"Feature","geometry":{"type":"Point","coordinates":[146.38204,-37.20183]},"properties":{"n":"Howqua River Heritage River","k":"park"}},{"type":"Feature","geometry":{"type":"Point","coordinates":[146.59723,-37.1685]},"properties":{"n":"Howqua River North Branch","k":"river"}},{"type":"Feature","geometry":{"type":"Point","coordinates":[146.59722,-37.16853]},"properties":{"n":"Howqua River South Branch","k":"river"}},{"type":"Feature","geometry":{"type":"Point","coordinates":[146.96301,-36.73963]},"properties":{"n":"Huggins Lookout","k":"lookout"}},{"type":"Feature","geometry":{"type":"Point","coordinates":[146.90843,-37.24176]},"properties":{"n":"Humffray River","k":"river"}},{"type":"Feature","geometry":{"type":"Point","coordinates":[146.88739,-37.10893]},"properties":{"n":"Humffray River East Branch","k":"river"}},{"type":"Feature","geometry":{"type":"Point","coordinates":[146.90574,-37.2065]},"properties":{"n":"Humffray River Shelter","k":"hut"}},{"type":"Feature","geometry":{"type":"Point","coordinates":[146.84591,-37.08101]},"properties":{"n":"Humffray River West Branch","k":"river"}},{"type":"Feature","geometry":{"type":"Point","coordinates":[147.53972,-36.21378]},"properties":{"n":"Hunters Hill","k":"peak"}},{"type":"Feature","geometry":{"type":"Point","coordinates":[147.06669,-36.21982]},"properties":{"n":"Huon","k":"locality"}},{"type":"Feature","geometry":{"type":"Point","coordinates":[146.93039,-36.13279]},"properties":{"n":"Huon Hill","k":"peak","e":428}},{"type":"Feature","geometry":{"type":"Point","coordinates":[146.93056,-36.13285]},"properties":{"n":"Huon Hill Lookout","k":"lookout"}},{"type":"Feature","geometry":{"type":"Point","coordinates":[147.39954,-37.54207]},"properties":{"n":"Hustlers","k":"locality"}},{"type":"Feature","geometry":{"type":"Point","coordinates":[145.79119,-37.82195]},"properties":{"n":"Hyde Hill","k":"peak"}},{"type":"Feature","geometry":{"type":"Point","coordinates":[146.30519,-37.13055]},"properties":{"n":"I Unit Hut","k":"hut"}},{"type":"Feature","geometry":{"type":"Point","coordinates":[148.19602,-37.44403]},"properties":{"n":"Ian's Hat Cave","k":"cave"}},{"type":"Feature","geometry":{"type":"Point","coordinates":[146.09483,-37.87839]},"properties":{"n":"Icy Creek","k":"locality"}},{"type":"Feature","geometry":{"type":"Point","coordinates":[145.59447,-37.7237]},"properties":{"n":"Illalangi Scout Camp","k":"campsite"}},{"type":"Feature","geometry":{"type":"Point","coordinates":[148.05417,-36.25944]},"properties":{"n":"Indi","k":"locality"}},{"type":"Feature","geometry":{"type":"Point","coordinates":[148.034,-36.18744]},"properties":{"n":"Indi Backwater","k":"river"}},{"type":"Feature","geometry":{"type":"Point","coordinates":[148.03333,-36.23417]},"properties":{"n":"Indi Bridge Reserve","k":"campsite"}},{"type":"Feature","geometry":{"type":"Point","coordinates":[148.15594,-36.65286]},"properties":{"n":"Indi Wilderness Zone","k":"park"}},{"type":"Feature","geometry":{"type":"Point","coordinates":[146.75066,-36.18297]},"properties":{"n":"Indigo Creek Streamside Reserve","k":"park"}},{"type":"Feature","geometry":{"type":"Point","coordinates":[148.30389,-36.89708]},"properties":{"n":"Ingeegoodbee River","k":"river"}},{"type":"Feature","geometry":{"type":"Point","coordinates":[145.55605,-36.29496]},"properties":{"n":"Inglis Bushland Reserve","k":"park"}},{"type":"Feature","geometry":{"type":"Point","coordinates":[146.68281,-36.33845]},"properties":{"n":"Ingram's Rock","k":"lookout","e":520}},{"type":"Feature","geometry":{"type":"Point","coordinates":[148.24886,-36.14046]},"properties":{"n":"Inkbottle Hill","k":"peak"}},{"type":"Feature","geometry":{"type":"Point","coordinates":[145.5831,-36.15483]},"properties":{"n":"Invergordon","k":"locality"}},{"type":"Feature","geometry":{"type":"Point","coordinates":[145.61121,-36.14663]},"properties":{"n":"Invergordon North","k":"village"}},{"type":"Feature","geometry":{"type":"Point","coordinates":[146.72156,-36.15769]},"properties":{"n":"Ironbark Hill","k":"peak","e":248}},{"type":"Feature","geometry":{"type":"Point","coordinates":[146.0888,-36.45383]},"properties":{"n":"Island Lookout","k":"lookout"}},{"type":"Feature","geometry":{"type":"Point","coordinates":[147.64279,-36.68836]},"properties":{"n":"Italian Point","k":"locality"}},{"type":"Feature","geometry":{"type":"Point","coordinates":[146.35597,-37.88664]},"properties":{"n":"J W McMahon Ski Lodge","k":"hut"}},{"type":"Feature","geometry":{"type":"Point","coordinates":[146.00512,-37.89588]},"properties":{"n":"J550 Steam Locomotive","k":"attraction"}},{"type":"Feature","geometry":{"type":"Point","coordinates":[147.22081,-37.02296]},"properties":{"n":"JB Plain Camp","k":"campsite"}},{"type":"Feature","geometry":{"type":"Point","coordinates":[147.22165,-37.02315]},"properties":{"n":"JB Plain Hut","k":"hut"}},{"type":"Feature","geometry":{"type":"Point","coordinates":[146.98003,-36.72617]},"properties":{"n":"Jacks","k":"locality"}},{"type":"Feature","geometry":{"type":"Point","coordinates":[146.13754,-37.30289]},"properties":{"n":"Jamieson","k":"town"}},{"type":"Feature","geometry":{"type":"Point","coordinates":[146.05868,-37.26223]},"properties":{"n":"Jamieson Block","k":"locality"}},{"type":"Feature","geometry":{"type":"Point","coordinates":[146.13859,-37.3031]},"properties":{"n":"Jamieson Court House Historic and Cultural Features Reserve","k":"park"}},{"type":"Feature","geometry":{"type":"Point","coordinates":[146.25359,-37.31491]},"properties":{"n":"Jamieson River","k":"river"}},{"type":"Feature","geometry":{"type":"Point","coordinates":[146.37377,-37.34235]},"properties":{"n":"Jamieson River North Branch","k":"river"}},{"type":"Feature","geometry":{"type":"Point","coordinates":[146.37388,-37.34428]},"properties":{"n":"Jamieson River South Branch","k":"river"}},{"type":"Feature","geometry":{"type":"Point","coordinates":[146.20988,-37.29206]},"properties":{"n":"Jamieson River/Deep Creek Nature Conservation Reserve","k":"park"}},{"type":"Feature","geometry":{"type":"Point","coordinates":[148.19508,-37.44498]},"properties":{"n":"Jampot Cave","k":"cave"}},{"type":"Feature","geometry":{"type":"Point","coordinates":[147.20021,-36.14687]},"properties":{"n":"Jarvis Creek Plateau Regional Park","k":"park"}},{"type":"Feature","geometry":{"type":"Point","coordinates":[145.74153,-37.38554]},"properties":{"n":"Jawbone Saddle","k":"saddle"}},{"type":"Feature","geometry":{"type":"Point","coordinates":[146.3227,-37.83232]},"properties":{"n":"Jeep Track Flat","k":"locality","e":1440}},{"type":"Feature","geometry":{"type":"Point","coordinates":[147.96431,-37.88166]},"properties":{"n":"Jemmie's Point","k":"lookout"}},{"type":"Feature","geometry":{"type":"Point","coordinates":[146.27066,-37.63714]},"properties":{"n":"Jericho","k":"locality"}},{"type":"Feature","geometry":{"type":"Point","coordinates":[146.26934,-37.63685]},"properties":{"n":"Jericho Cemetery Historic and Cultural Features Reserve","k":"park"}},{"type":"Feature","geometry":{"type":"Point","coordinates":[146.27052,-37.637]},"properties":{"n":"Jericho Diversion Tunnel","k":"river"}},{"type":"Feature","geometry":{"type":"Point","coordinates":[145.97215,-37.29735]},"properties":{"n":"Jerusalem Block","k":"locality"}},{"type":"Feature","geometry":{"type":"Point","coordinates":[145.96809,-37.26426]},"properties":{"n":"Jerusalem Creek Campground","k":"campsite"}},{"type":"Feature","geometry":{"type":"Point","coordinates":[145.96929,-37.27286]},"properties":{"n":"Jerusalem Creek Campground","k":"campsite"}},{"type":"Feature","geometry":{"type":"Point","coordinates":[148.29645,-36.57964]},"properties":{"n":"Jerusalem Hill","k":"peak","e":1810}},{"type":"Feature","geometry":{"type":"Point","coordinates":[146.76623,-36.73238]},"properties":{"n":"Jessie Lookout","k":"peak"}},{"type":"Feature","geometry":{"type":"Point","coordinates":[145.76554,-37.50985]},"properties":{"n":"Jock Lookout","k":"lookout"}},{"type":"Feature","geometry":{"type":"Point","coordinates":[145.94823,-36.55415]},"properties":{"n":"Joe Byrne","k":"attraction"}},{"type":"Feature","geometry":{"type":"Point","coordinates":[147.83462,-36.75025]},"properties":{"n":"Johnnies Top","k":"peak","e":1575}},{"type":"Feature","geometry":{"type":"Point","coordinates":[145.79713,-37.76898]},"properties":{"n":"Johnson Knob","k":"peak"}},{"type":"Feature","geometry":{"type":"Point","coordinates":[146.49697,-37.64698]},"properties":{"n":"Johnson's Hut","k":"hut"}},{"type":"Feature","geometry":{"type":"Point","coordinates":[147.83169,-37.82101]},"properties":{"n":"Johnsonville","k":"locality"}},{"type":"Feature","geometry":{"type":"Point","coordinates":[146.29833,-37.58923]},"properties":{"n":"Johnston Hill","k":"peak","e":1105}},{"type":"Feature","geometry":{"type":"Point","coordinates":[147.35136,-36.84862]},"properties":{"n":"Johnstons Hut","k":"hut"}},{"type":"Feature","geometry":{"type":"Point","coordinates":[147.47379,-36.94339]},"properties":{"n":"Jokers Flat Camping Area","k":"campsite"}},{"type":"Feature","geometry":{"type":"Point","coordinates":[147.69235,-37.86707]},"properties":{"n":"Jones Bay","k":"locality"}},{"type":"Feature","geometry":{"type":"Point","coordinates":[147.70303,-37.86077]},"properties":{"n":"Jones Bay Gippsland Lakes Reserve","k":"park"}},{"type":"Feature","geometry":{"type":"Point","coordinates":[147.65525,-37.84413]},"properties":{"n":"Jones Bay Wildlife Reserve","k":"locality"}},{"type":"Feature","geometry":{"type":"Point","coordinates":[147.65445,-37.84606]},"properties":{"n":"Jones Bay Wildlife Reserve (hunting)","k":"park"}},{"type":"Feature","geometry":{"type":"Point","coordinates":[145.95385,-36.70165]},"properties":{"n":"Jones Hill","k":"peak"}},{"type":"Feature","geometry":{"type":"Point","coordinates":[146.22255,-36.46223]},"properties":{"n":"Jones's Hotel","k":"attraction"}},{"type":"Feature","geometry":{"type":"Point","coordinates":[146.32569,-37.70385]},"properties":{"n":"Jordan River","k":"river"}},{"type":"Feature","geometry":{"type":"Point","coordinates":[145.76921,-36.56497]},"properties":{"n":"Jubilee Swamp Wildlife Reserve (hunting)","k":"park"}},{"type":"Feature","geometry":{"type":"Point","coordinates":[147.05229,-37.50454]},"properties":{"n":"Jump Up Hill","k":"peak"}},{"type":"Feature","geometry":{"type":"Point","coordinates":[146.40185,-37.75798]},"properties":{"n":"Junction Hut","k":"hut"}},{"type":"Feature","geometry":{"type":"Point","coordinates":[147.36981,-37.63248]},"properties":{"n":"Jurgensons Point Campsite","k":"campsite"}},{"type":"Feature","geometry":{"type":"Point","coordinates":[145.89424,-37.02937]},"properties":{"n":"Jury Hill","k":"peak","e":490}},{"type":"Feature","geometry":{"type":"Point","coordinates":[147.9505,-37.86034]},"properties":{"n":"Kalimna West","k":"locality"}},{"type":"Feature","geometry":{"type":"Point","coordinates":[146.32968,-36.35817]},"properties":{"n":"Kaluna Park Bushland Reserve","k":"park"}},{"type":"Feature","geometry":{"type":"Point","coordinates":[145.53306,-37.68299]},"properties":{"n":"Kangaroo","k":"lookout"}},{"type":"Feature","geometry":{"type":"Point","coordinates":[146.55862,-36.3221]},"properties":{"n":"Kangaroo Hill","k":"peak"}},{"type":"Feature","geometry":{"type":"Point","coordinates":[148.12296,-37.59424]},"properties":{"n":"Kanni Flora Reserve","k":"park"}},{"type":"Feature","geometry":{"type":"Point","coordinates":[145.66852,-37.05323]},"properties":{"n":"Kanumbra","k":"locality"}},{"type":"Feature","geometry":{"type":"Point","coordinates":[145.90672,-37.2195]},"properties":{"n":"Karalika Heights","k":"peak"}},{"type":"Feature","geometry":{"type":"Point","coordinates":[145.9927,-36.63995]},"properties":{"n":"Karn","k":"locality"}},{"type":"Feature","geometry":{"type":"Point","coordinates":[145.52872,-36.61263]},"properties":{"n":"Karramomus Bushland Reserve","k":"park"}},{"type":"Feature","geometry":{"type":"Point","coordinates":[145.55921,-36.22759]},"properties":{"n":"Katandra West","k":"village"}},{"type":"Feature","geometry":{"type":"Point","coordinates":[148.17438,-36.36908]},"properties":{"n":"Keebles Hut","k":"hut"}},{"type":"Feature","geometry":{"type":"Point","coordinates":[146.4954,-37.12934]},"properties":{"n":"Keep Dry Hut Ruin","k":"hut"}},{"type":"Feature","geometry":{"type":"Point","coordinates":[146.1061,-36.60151]},"properties":{"n":"Kelfeera Bushland Reserve","k":"park"}},{"type":"Feature","geometry":{"type":"Point","coordinates":[146.22104,-36.51834]},"properties":{"n":"Kelly Gap","k":"saddle"}},{"type":"Feature","geometry":{"type":"Point","coordinates":[147.37169,-36.874]},"properties":{"n":"Kelly Hut","k":"hut","e":1700}},{"type":"Feature","geometry":{"type":"Point","coordinates":[146.44489,-37.89366]},"properties":{"n":"Kellys","k":"locality"}},{"type":"Feature","geometry":{"type":"Point","coordinates":[146.75235,-37.41204]},"properties":{"n":"Kellys Hut","k":"hut"}},{"type":"Feature","geometry":{"type":"Point","coordinates":[145.5046,-37.88951]},"properties":{"n":"Kennedy Hill","k":"peak"}},{"type":"Feature","geometry":{"type":"Point","coordinates":[147.6578,-36.81617]},"properties":{"n":"Kennedys Hut","k":"hut"}},{"type":"Feature","geometry":{"type":"Point","coordinates":[145.84014,-37.49898]},"properties":{"n":"Keppel Falls","k":"attraction"}},{"type":"Feature","geometry":{"type":"Point","coordinates":[145.84001,-37.50179]},"properties":{"n":"Keppel Falls Lookout","k":"lookout"}},{"type":"Feature","geometry":{"type":"Point","coordinates":[145.8516,-37.46061]},"properties":{"n":"Keppel Hut","k":"hut"}},{"type":"Feature","geometry":{"type":"Point","coordinates":[145.75344,-37.53545]},"properties":{"n":"Keppel Lookout","k":"lookout"}},{"type":"Feature","geometry":{"type":"Point","coordinates":[145.75344,-37.53545]},"properties":{"n":"Keppel Lookout","k":"attraction"}},{"type":"Feature","geometry":{"type":"Point","coordinates":[147.02938,-36.32741]},"properties":{"n":"Kergunyah","k":"locality"}},{"type":"Feature","geometry":{"type":"Point","coordinates":[147.02938,-36.37078]},"properties":{"n":"Kergunyah I32 Bushland Reserve","k":"park"}},{"type":"Feature","geometry":{"type":"Point","coordinates":[147.03195,-36.37617]},"properties":{"n":"Kergunyah I33 Bushland Reserve","k":"park"}},{"type":"Feature","geometry":{"type":"Point","coordinates":[147.03669,-36.40189]},"properties":{"n":"Kergunyah South","k":"locality"}},{"type":"Feature","geometry":{"type":"Point","coordinates":[147.03284,-36.32826]},"properties":{"n":"Kergunyah Streamside Reserve","k":"park"}},{"type":"Feature","geometry":{"type":"Point","coordinates":[146.16076,-37.35848]},"properties":{"n":"Kevington","k":"locality"}},{"type":"Feature","geometry":{"type":"Point","coordinates":[146.16088,-37.35815]},"properties":{"n":"Kevington Hotel","k":"campsite"}},{"type":"Feature","geometry":{"type":"Point","coordinates":[148.13376,-36.21472]},"properties":{"n":"Khancoban","k":"town"}},{"type":"Feature","geometry":{"type":"Point","coordinates":[148.12108,-36.23438]},"properties":{"n":"Khancoban Pondage","k":"lake"}},{"type":"Feature","geometry":{"type":"Point","coordinates":[147.00849,-36.25535]},"properties":{"n":"Kiewa","k":"locality"}},{"type":"Feature","geometry":{"type":"Point","coordinates":[147.09837,-36.55496]},"properties":{"n":"Kiewa River","k":"river"}},{"type":"Feature","geometry":{"type":"Point","coordinates":[147.18918,-36.74791]},"properties":{"n":"Kiewa River East Branch","k":"river"}},{"type":"Feature","geometry":{"type":"Point","coordinates":[147.16052,-36.72603]},"properties":{"n":"Kiewa River West Branch","k":"river"}},{"type":"Feature","geometry":{"type":"Point","coordinates":[146.13828,-36.2744]},"properties":{"n":"Killawarra H103 Bushland Reserve","k":"park"}},{"type":"Feature","geometry":{"type":"Point","coordinates":[146.23588,-36.24587]},"properties":{"n":"Killawarra H106 Bushland Reserve","k":"park"}},{"type":"Feature","geometry":{"type":"Point","coordinates":[146.24514,-36.25773]},"properties":{"n":"Killawarra H107 Bushland Reserve","k":"park"}},{"type":"Feature","geometry":{"type":"Point","coordinates":[146.24035,-36.29248]},"properties":{"n":"Killawarra H108 Bushland Reserve","k":"park"}},{"type":"Feature","geometry":{"type":"Point","coordinates":[146.20035,-36.22514]},"properties":{"n":"Killawarra Reference Area","k":"park"}},{"type":"Feature","geometry":{"type":"Point","coordinates":[145.59651,-36.88566]},"properties":{"n":"Killeens Hill","k":"peak"}},{"type":"Feature","geometry":{"type":"Point","coordinates":[147.85806,-37.72724]},"properties":{"n":"Kilmorie Hill","k":"peak"}},{"type":"Feature","geometry":{"type":"Point","coordinates":[146.89169,-36.31825]},"properties":{"n":"Kinchington Creek","k":"river"}},{"type":"Feature","geometry":{"type":"Point","coordinates":[147.01056,-36.67415]},"properties":{"n":"Kinder Peak","k":"peak","e":1186}},{"type":"Feature","geometry":{"type":"Point","coordinates":[146.60112,-37.20496]},"properties":{"n":"King Billy Number 1","k":"peak","e":1716}},{"type":"Feature","geometry":{"type":"Point","coordinates":[146.60503,-37.2106]},"properties":{"n":"King Billy Number 2","k":"peak","e":1696}},{"type":"Feature","geometry":{"type":"Point","coordinates":[146.57216,-37.08827]},"properties":{"n":"King Hut","k":"hut"}},{"type":"Feature","geometry":{"type":"Point","coordinates":[146.5723,-37.08849]},"properties":{"n":"King Hut - Alpine NP","k":"campsite"}},{"type":"Feature","geometry":{"type":"Point","coordinates":[146.36186,-36.89929]},"properties":{"n":"King Reference Area","k":"park"}},{"type":"Feature","geometry":{"type":"Point","coordinates":[146.32971,-36.36088]},"properties":{"n":"King River","k":"river"}},{"type":"Feature","geometry":{"type":"Point","coordinates":[146.62916,-37.13626]},"properties":{"n":"King River North Branch","k":"river"}},{"type":"Feature","geometry":{"type":"Point","coordinates":[146.62325,-37.15089]},"properties":{"n":"King River South Branch","k":"river"}},{"type":"Feature","geometry":{"type":"Point","coordinates":[146.37951,-36.8588]},"properties":{"n":"King River West Branch","k":"river"}},{"type":"Feature","geometry":{"type":"Point","coordinates":[146.47566,-37.10459]},"properties":{"n":"King Saddle","k":"saddle"}},{"type":"Feature","geometry":{"type":"Point","coordinates":[146.47572,-37.10499]},"properties":{"n":"King Saddle Shelter","k":"hut","e":1370}},{"type":"Feature","geometry":{"type":"Point","coordinates":[146.49768,-37.11757]},"properties":{"n":"King Spur Hut","k":"hut","e":1563}},{"type":"Feature","geometry":{"type":"Point","coordinates":[146.18366,-37.79019]},"properties":{"n":"Kirchubels Tramway and Mill Historic and Cultural Features Reserve","k":"park"}},{"type":"Feature","geometry":{"type":"Point","coordinates":[146.23152,-37.42851]},"properties":{"n":"Knockwood","k":"locality"}},{"type":"Feature","geometry":{"type":"Point","coordinates":[145.98161,-37.33058]},"properties":{"n":"Knowles Gap","k":"saddle"}},{"type":"Feature","geometry":{"type":"Point","coordinates":[145.5318,-37.68328]},"properties":{"n":"Koala","k":"lookout"}},{"type":"Feature","geometry":{"type":"Point","coordinates":[147.49459,-36.15232]},"properties":{"n":"Koetong","k":"locality"}},{"type":"Feature","geometry":{"type":"Point","coordinates":[145.7139,-36.49384]},"properties":{"n":"Koonda Bushland Reserve","k":"park"}},{"type":"Feature","geometry":{"type":"Point","coordinates":[147.53436,-37.1271]},"properties":{"n":"Kosciusko Lookout","k":"lookout"}},{"type":"Feature","geometry":{"type":"Point","coordinates":[148.27782,-36.47957]},"properties":{"n":"Kosciusko Lookout","k":"lookout"}},{"type":"Feature","geometry":{"type":"Point","coordinates":[148.2346,-36.4485]},"properties":{"n":"Kosciuszko","k":"locality"}},{"type":"Feature","geometry":{"type":"Point","coordinates":[148.44128,-36.18098]},"properties":{"n":"Kosciuszko National Park","k":"park"}},{"type":"Feature","geometry":{"type":"Point","coordinates":[146.78322,-36.76586]},"properties":{"n":"Kowan Plain","k":"locality"}},{"type":"Feature","geometry":{"type":"Point","coordinates":[147.08273,-36.11364]},"properties":{"n":"Kurrajong Gap Lookout","k":"lookout"}},{"type":"Feature","geometry":{"type":"Point","coordinates":[145.57619,-37.89942]},"properties":{"n":"Kurth Kiln","k":"attraction"}},{"type":"Feature","geometry":{"type":"Point","coordinates":[145.5774,-37.89995]},"properties":{"n":"Kurth Kiln Camping and Picnic (2nd)","k":"campsite"}},{"type":"Feature","geometry":{"type":"Point","coordinates":[145.61274,-37.89176]},"properties":{"n":"Kurth Kiln Regional Park","k":"park"}},{"type":"Feature","geometry":{"type":"Point","coordinates":[146.21578,-36.33806]},"properties":{"n":"Kwat Kwat Lookout","k":"lookout"}},{"type":"Feature","geometry":{"type":"Point","coordinates":[145.70827,-37.77594]},"properties":{"n":"La La Falls","k":"attraction"}},{"type":"Feature","geometry":{"type":"Point","coordinates":[146.79322,-36.75375]},"properties":{"n":"La Souef","k":"peak","e":1695}},{"type":"Feature","geometry":{"type":"Point","coordinates":[146.00396,-37.89462]},"properties":{"n":"LaTrobe River, Noojee Streamside Reserve","k":"park"}},{"type":"Feature","geometry":{"type":"Point","coordinates":[145.99825,-37.89167]},"properties":{"n":"LaTrobe and Loch Rivers, Noojee Streamside Reserve","k":"park"}},{"type":"Feature","geometry":{"type":"Point","coordinates":[145.50966,-37.65557]},"properties":{"n":"Labyrinth Gardens","k":"attraction"}},{"type":"Feature","geometry":{"type":"Point","coordinates":[146.69892,-36.35295]},"properties":{"n":"Lac Claude","k":"lake"}},{"type":"Feature","geometry":{"type":"Point","coordinates":[147.28468,-37.13858]},"properties":{"n":"Lagoon Plateau Reference Area","k":"park"}},{"type":"Feature","geometry":{"type":"Point","coordinates":[148.27452,-36.42458]},"properties":{"n":"Lake Albina","k":"lake"}},{"type":"Feature","geometry":{"type":"Point","coordinates":[146.61191,-36.15307]},"properties":{"n":"Lake Anderson","k":"lake"}},{"type":"Feature","geometry":{"type":"Point","coordinates":[147.47187,-36.53325]},"properties":{"n":"Lake Banimboola","k":"lake"}},{"type":"Feature","geometry":{"type":"Point","coordinates":[146.57242,-36.19339]},"properties":{"n":"Lake Barambogie","k":"lake"}},{"type":"Feature","geometry":{"type":"Point","coordinates":[145.98156,-36.55391]},"properties":{"n":"Lake Benalla","k":"lake"}},{"type":"Feature","geometry":{"type":"Point","coordinates":[146.66297,-36.73748]},"properties":{"n":"Lake Buffalo","k":"lake"}},{"type":"Feature","geometry":{"type":"Point","coordinates":[148.04329,-37.86174]},"properties":{"n":"Lake Bunga","k":"lake"}},{"type":"Feature","geometry":{"type":"Point","coordinates":[146.81111,-36.73318]},"properties":{"n":"Lake Catani","k":"lake"}},{"type":"Feature","geometry":{"type":"Point","coordinates":[146.81269,-36.73529]},"properties":{"n":"Lake Catani Campground - Mt Buffalo NP","k":"campsite"}},{"type":"Feature","geometry":{"type":"Point","coordinates":[146.62666,-37.05086]},"properties":{"n":"Lake Cobbler","k":"campsite"}},{"type":"Feature","geometry":{"type":"Point","coordinates":[146.62805,-37.05067]},"properties":{"n":"Lake Cobbler","k":"lake"}},{"type":"Feature","geometry":{"type":"Point","coordinates":[146.62629,-37.04955]},"properties":{"n":"Lake Cobbler Hut","k":"hut"}},{"type":"Feature","geometry":{"type":"Point","coordinates":[148.26446,-36.46517]},"properties":{"n":"Lake Cootapatamba","k":"lake"}},{"type":"Feature","geometry":{"type":"Point","coordinates":[148.26982,-36.46439]},"properties":{"n":"Lake Cootapatamba Lookout","k":"lookout"}},{"type":"Feature","geometry":{"type":"Point","coordinates":[145.52903,-37.68841]},"properties":{"n":"Lake Coranderrk","k":"lake"}},{"type":"Feature","geometry":{"type":"Point","coordinates":[147.60981,-36.61433]},"properties":{"n":"Lake Dartmouth","k":"lake"}},{"type":"Feature","geometry":{"type":"Point","coordinates":[145.99001,-37.17398]},"properties":{"n":"Lake Eildon","k":"lake","e":230}},{"type":"Feature","geometry":{"type":"Point","coordinates":[145.93082,-37.24658]},"properties":{"n":"Lake Eildon NP (Thornton)","k":"park"}},{"type":"Feature","geometry":{"type":"Point","coordinates":[146.03213,-37.18574]},"properties":{"n":"Lake Eildon NP (VPC addition)","k":"park"}},{"type":"Feature","geometry":{"type":"Point","coordinates":[145.96712,-37.24383]},"properties":{"n":"Lake Eildon National Park","k":"park"}},{"type":"Feature","geometry":{"type":"Point","coordinates":[146.76465,-37.89756]},"properties":{"n":"Lake Glenmaggie","k":"lake"}},{"type":"Feature","geometry":{"type":"Point","coordinates":[146.73577,-37.89919]},"properties":{"n":"Lake Glenmaggie","k":"lake"}},{"type":"Feature","geometry":{"type":"Point","coordinates":[147.22642,-36.80247]},"properties":{"n":"Lake Guy","k":"lake"}},{"type":"Feature","geometry":{"type":"Point","coordinates":[147.24168,-36.09579]},"properties":{"n":"Lake Hume","k":"lake","e":192}},{"type":"Feature","geometry":{"type":"Point","coordinates":[147.03679,-36.10248]},"properties":{"n":"Lake Hume Village","k":"locality"}},{"type":"Feature","geometry":{"type":"Point","coordinates":[146.74096,-36.3676]},"properties":{"n":"Lake Kerferd","k":"lake"}},{"type":"Feature","geometry":{"type":"Point","coordinates":[147.83332,-37.88844]},"properties":{"n":"Lake King","k":"lake"}},{"type":"Feature","geometry":{"type":"Point","coordinates":[146.0843,-36.46751]},"properties":{"n":"Lake Mokoan","k":"locality"}},{"type":"Feature","geometry":{"type":"Point","coordinates":[145.88067,-37.50387]},"properties":{"n":"Lake Mountain","k":"peak","e":1432}},{"type":"Feature","geometry":{"type":"Point","coordinates":[145.72224,-37.86408]},"properties":{"n":"Lake Muratore","k":"lake"}},{"type":"Feature","geometry":{"type":"Point","coordinates":[145.99943,-36.88914]},"properties":{"n":"Lake Nillahcootie","k":"lake"}},{"type":"Feature","geometry":{"type":"Point","coordinates":[147.67944,-36.96121]},"properties":{"n":"Lake Omeo","k":"lake"}},{"type":"Feature","geometry":{"type":"Point","coordinates":[147.67967,-36.96061]},"properties":{"n":"Lake Omeo Lake Reserve","k":"park"}},{"type":"Feature","geometry":{"type":"Point","coordinates":[145.96572,-36.26768]},"properties":{"n":"Lake Rowan","k":"village"}},{"type":"Feature","geometry":{"type":"Point","coordinates":[145.97072,-36.25508]},"properties":{"n":"Lake Rowan Bushland Reserve","k":"park"}},{"type":"Feature","geometry":{"type":"Point","coordinates":[147.92574,-36.99768]},"properties":{"n":"Lake Saint Barbara","k":"lake"}},{"type":"Feature","geometry":{"type":"Point","coordinates":[146.69522,-36.36013]},"properties":{"n":"Lake Sambell","k":"lake"}},{"type":"Feature","geometry":{"type":"Point","coordinates":[146.69928,-36.3583]},"properties":{"n":"Lake Sambell Caravan Park","k":"campsite"}},{"type":"Feature","geometry":{"type":"Point","coordinates":[145.50668,-37.06297]},"properties":{"n":"Lake Surfmoot","k":"lake"}},{"type":"Feature","geometry":{"type":"Point","coordinates":[146.79131,-37.54235]},"properties":{"n":"Lake Tali Karng","k":"lake"}},{"type":"Feature","geometry":{"type":"Point","coordinates":[146.35781,-37.77244]},"properties":{"n":"Lake Thomson","k":"lake"}},{"type":"Feature","geometry":{"type":"Point","coordinates":[148.08978,-37.79398]},"properties":{"n":"Lake Tyers","k":"lake"}},{"type":"Feature","geometry":{"type":"Point","coordinates":[148.10196,-37.8373]},"properties":{"n":"Lake Tyers Aboriginal Trust","k":"locality"}},{"type":"Feature","geometry":{"type":"Point","coordinates":[148.08312,-37.858]},"properties":{"n":"Lake Tyers Beach","k":"locality"}},{"type":"Feature","geometry":{"type":"Point","coordinates":[148.10964,-37.77312]},"properties":{"n":"Lake Tyers State Park","k":"park"}},{"type":"Feature","geometry":{"type":"Point","coordinates":[146.80039,-36.73182]},"properties":{"n":"Lake View","k":"lookout"}},{"type":"Feature","geometry":{"type":"Point","coordinates":[147.64408,-37.8221]},"properties":{"n":"Lake Whadie","k":"lake"}},{"type":"Feature","geometry":{"type":"Point","coordinates":[146.39324,-36.92431]},"properties":{"n":"Lake William Hovell","k":"lake"}},{"type":"Feature","geometry":{"type":"Point","coordinates":[147.99406,-37.8778]},"properties":{"n":"Lakes Entrance","k":"town"}},{"type":"Feature","geometry":{"type":"Point","coordinates":[148.05604,-37.86347]},"properties":{"n":"Lakes Entrance - Lake Tyers Coastal Reserve","k":"park"}},{"type":"Feature","geometry":{"type":"Point","coordinates":[148.0301,-37.87352]},"properties":{"n":"Lakes Entrance - Lake Tyers Coastal Reserve (COM)","k":"park"}},{"type":"Feature","geometry":{"type":"Point","coordinates":[145.86222,-37.17694]},"properties":{"n":"Lakeside Campground","k":"campsite"}},{"type":"Feature","geometry":{"type":"Point","coordinates":[146.98297,-37.60469]},"properties":{"n":"Lamb Flat","k":"locality"}},{"type":"Feature","geometry":{"type":"Point","coordinates":[146.9298,-37.52469]},"properties":{"n":"Lamb Gap","k":"saddle","e":1097}},{"type":"Feature","geometry":{"type":"Point","coordinates":[146.94246,-37.52401]},"properties":{"n":"Lamb Hill","k":"peak","e":1267}},{"type":"Feature","geometry":{"type":"Point","coordinates":[145.55814,-36.87556]},"properties":{"n":"Lambertons Hill","k":"peak","e":462}},{"type":"Feature","geometry":{"type":"Point","coordinates":[147.32031,-36.88345]},"properties":{"n":"Langford Gap","k":"locality"}},{"type":"Feature","geometry":{"type":"Point","coordinates":[147.32243,-36.88493]},"properties":{"n":"Langford Gap SEC Hut","k":"hut"}},{"type":"Feature","geometry":{"type":"Point","coordinates":[147.30425,-36.92844]},"properties":{"n":"Langfords West Campground","k":"campsite"}},{"type":"Feature","geometry":{"type":"Point","coordinates":[147.16817,-37.11141]},"properties":{"n":"Lankey Plain Hut","k":"hut"}},{"type":"Feature","geometry":{"type":"Point","coordinates":[147.61592,-36.60551]},"properties":{"n":"Larsen Hill","k":"peak"}},{"type":"Feature","geometry":{"type":"Point","coordinates":[145.81799,-37.87157]},"properties":{"n":"Latrobe River","k":"river"}},{"type":"Feature","geometry":{"type":"Point","coordinates":[145.8753,-37.85885]},"properties":{"n":"Latrobe State Forest","k":"park"}},{"type":"Feature","geometry":{"type":"Point","coordinates":[145.59847,-37.77702]},"properties":{"n":"Launching Place Bushland Reserve","k":"park"}},{"type":"Feature","geometry":{"type":"Point","coordinates":[147.58271,-36.16672]},"properties":{"n":"Lawrence Lookout","k":"lookout"}},{"type":"Feature","geometry":{"type":"Point","coordinates":[148.19358,-36.52539]},"properties":{"n":"Leatherbarrel Creek Camping & Picnic Area","k":"campsite"}},{"type":"Feature","geometry":{"type":"Point","coordinates":[145.88226,-36.83121]},"properties":{"n":"Leerson Hill","k":"peak"}},{"type":"Feature","geometry":{"type":"Point","coordinates":[145.61424,-36.55561]},"properties":{"n":"Lehmann Swamp Wildlife Reserve (hunting)","k":"park"}},{"type":"Feature","geometry":{"type":"Point","coordinates":[146.79147,-36.74872]},"properties":{"n":"Leviathan","k":"attraction"}},{"type":"Feature","geometry":{"type":"Point","coordinates":[147.21603,-36.1912]},"properties":{"n":"Leys Hill","k":"peak","e":532}},{"type":"Feature","geometry":{"type":"Point","coordinates":[146.416,-37.25294]},"properties":{"n":"Lickhole Gap","k":"saddle","e":1079}},{"type":"Feature","geometry":{"type":"Point","coordinates":[146.62366,-37.62777]},"properties":{"n":"Licola","k":"village"}},{"type":"Feature","geometry":{"type":"Point","coordinates":[146.55046,-37.51955]},"properties":{"n":"Licola North","k":"village"}},{"type":"Feature","geometry":{"type":"Point","coordinates":[147.43289,-36.66372]},"properties":{"n":"Lightning Creek Campground / Rest / Picnic Area (South)","k":"campsite"}},{"type":"Feature","geometry":{"type":"Point","coordinates":[147.66451,-36.42845]},"properties":{"n":"Lightwood Reference Area","k":"park"}},{"type":"Feature","geometry":{"type":"Point","coordinates":[146.47406,-36.13456]},"properties":{"n":"Lilliput Wines","k":"attraction"}},{"type":"Feature","geometry":{"type":"Point","coordinates":[146.76769,-36.68113]},"properties":{"n":"Lilly Creek Saddle","k":"saddle"}},{"type":"Feature","geometry":{"type":"Point","coordinates":[148.20984,-37.40874]},"properties":{"n":"Lilly Pilly Cave","k":"cave"}},{"type":"Feature","geometry":{"type":"Point","coordinates":[145.9802,-36.77754]},"properties":{"n":"Lima East","k":"locality"}},{"type":"Feature","geometry":{"type":"Point","coordinates":[146.00822,-36.82756]},"properties":{"n":"Lima South","k":"locality"}},{"type":"Feature","geometry":{"type":"Point","coordinates":[145.97904,-36.84157]},"properties":{"n":"Lima South Education Area","k":"park"}},{"type":"Feature","geometry":{"type":"Point","coordinates":[148.05539,-36.85489]},"properties":{"n":"Limestone Creek Campsite","k":"campsite"}},{"type":"Feature","geometry":{"type":"Point","coordinates":[148.05377,-36.85491]},"properties":{"n":"Limestone Creek Caves","k":"cave"}},{"type":"Feature","geometry":{"type":"Point","coordinates":[147.29274,-37.78831]},"properties":{"n":"Limpyers State Forest","k":"park"}},{"type":"Feature","geometry":{"type":"Point","coordinates":[147.45838,-37.80043]},"properties":{"n":"Lindenow","k":"village"}},{"type":"Feature","geometry":{"type":"Point","coordinates":[147.47243,-37.10453]},"properties":{"n":"Line Hill","k":"peak"}},{"type":"Feature","geometry":{"type":"Point","coordinates":[145.87009,-37.84471]},"properties":{"n":"Little Ada River","k":"river"}},{"type":"Feature","geometry":{"type":"Point","coordinates":[148.27861,-36.40827]},"properties":{"n":"Little Austria","k":"locality"}},{"type":"Feature","geometry":{"type":"Point","coordinates":[146.92997,-37.24401]},"properties":{"n":"Little Baldy","k":"peak","e":925}},{"type":"Feature","geometry":{"type":"Point","coordinates":[146.82753,-37.78784]},"properties":{"n":"Little Ben","k":"peak","e":350}},{"type":"Feature","geometry":{"type":"Point","coordinates":[146.43204,-37.16457]},"properties":{"n":"Little Buller","k":"peak","e":1558}},{"type":"Feature","geometry":{"type":"Point","coordinates":[145.73863,-37.35476]},"properties":{"n":"Little Cathedral","k":"peak"}},{"type":"Feature","geometry":{"type":"Point","coordinates":[146.57081,-37.03931]},"properties":{"n":"Little Cobbler","k":"peak","e":1345}},{"type":"Feature","geometry":{"type":"Point","coordinates":[146.9439,-37.48012]},"properties":{"n":"Little Cromwell","k":"peak","e":1410}},{"type":"Feature","geometry":{"type":"Point","coordinates":[146.61675,-36.98252]},"properties":{"n":"Little Dandongadale River","k":"river"}},{"type":"Feature","geometry":{"type":"Point","coordinates":[147.23258,-37.16443]},"properties":{"n":"Little Dargo River","k":"river"}},{"type":"Feature","geometry":{"type":"Point","coordinates":[147.1257,-36.89956]},"properties":{"n":"Little Feathertop","k":"peak","e":1775}},{"type":"Feature","geometry":{"type":"Point","coordinates":[146.99045,-37.42373]},"properties":{"n":"Little Kent","k":"peak","e":1467}},{"type":"Feature","geometry":{"type":"Point","coordinates":[147.11815,-36.98461]},"properties":{"n":"Little Mount Baldy","k":"peak","e":1728}},{"type":"Feature","geometry":{"type":"Point","coordinates":[147.25965,-36.73107]},"properties":{"n":"Little Mount Bogong","k":"peak","e":1661}},{"type":"Feature","geometry":{"type":"Point","coordinates":[147.44974,-36.18454]},"properties":{"n":"Little Mount Brutal","k":"peak"}},{"type":"Feature","geometry":{"type":"Point","coordinates":[147.20612,-36.6935]},"properties":{"n":"Little Mount Emu","k":"peak","e":799}},{"type":"Feature","geometry":{"type":"Point","coordinates":[147.28178,-36.14287]},"properties":{"n":"Little Mount Granya","k":"peak"}},{"type":"Feature","geometry":{"type":"Point","coordinates":[148.29376,-36.9965]},"properties":{"n":"Little Mount Hamilton","k":"peak"}},{"type":"Feature","geometry":{"type":"Point","coordinates":[147.15818,-36.99413]},"properties":{"n":"Little Mount Higginbotham","k":"peak","e":1762}},{"type":"Feature","geometry":{"type":"Point","coordinates":[147.81658,-36.98647]},"properties":{"n":"Little Mount Tambo","k":"peak"}},{"type":"Feature","geometry":{"type":"Point","coordinates":[145.80803,-37.71213]},"properties":{"n":"Little Peninsula Tunnel","k":"attraction"}},{"type":"Feature","geometry":{"type":"Point","coordinates":[146.68165,-36.20777]},"properties":{"n":"Little Pilot","k":"peak","e":345}},{"type":"Feature","geometry":{"type":"Point","coordinates":[147.19942,-36.87058]},"properties":{"n":"Little Plain Campsite","k":"campsite"}},{"type":"Feature","geometry":{"type":"Point","coordinates":[148.31076,-37.05689]},"properties":{"n":"Little River","k":"river"}},{"type":"Feature","geometry":{"type":"Point","coordinates":[147.88328,-37.26561]},"properties":{"n":"Little River East Branch","k":"river"}},{"type":"Feature","geometry":{"type":"Point","coordinates":[147.86504,-37.22626]},"properties":{"n":"Little River North Branch","k":"river"}},{"type":"Feature","geometry":{"type":"Point","coordinates":[145.74563,-37.86091]},"properties":{"n":"Little River, Powelltown Streamside Reserve","k":"park"}},{"type":"Feature","geometry":{"type":"Point","coordinates":[147.24053,-36.47948]},"properties":{"n":"Little Snowy Creek","k":"river"}},{"type":"Feature","geometry":{"type":"Point","coordinates":[147.22708,-36.50702]},"properties":{"n":"Little Snowy Creek Education Area","k":"park"}},{"type":"Feature","geometry":{"type":"Point","coordinates":[147.26819,-36.82445]},"properties":{"n":"Little Spion Kopje","k":"peak"}},{"type":"Feature","geometry":{"type":"Point","coordinates":[147.78127,-37.62619]},"properties":{"n":"Little Sugarloaf","k":"peak"}},{"type":"Feature","geometry":{"type":"Point","coordinates":[146.69027,-37.4812]},"properties":{"n":"Little Tamboritha","k":"peak","e":1461}},{"type":"Feature","geometry":{"type":"Point","coordinates":[145.59674,-37.77561]},"properties":{"n":"Little Yarra River","k":"river"}},{"type":"Feature","geometry":{"type":"Point","coordinates":[147.4775,-37.26705]},"properties":{"n":"Livingstone Creek Natural Features and Scenic Reserve","k":"park"}},{"type":"Feature","geometry":{"type":"Point","coordinates":[147.58223,-37.09468]},"properties":{"n":"Livingstone Creek Reserve","k":"park"}},{"type":"Feature","geometry":{"type":"Point","coordinates":[147.11843,-37.70281]},"properties":{"n":"Lloyd Knob","k":"peak"}},{"type":"Feature","geometry":{"type":"Point","coordinates":[146.5011,-37.75403]},"properties":{"n":"Lloyds Hut","k":"hut"}},{"type":"Feature","geometry":{"type":"Point","coordinates":[147.16778,-36.3516]},"properties":{"n":"Lockhart Creek Education Area","k":"park"}},{"type":"Feature","geometry":{"type":"Point","coordinates":[147.18613,-36.35146]},"properties":{"n":"Lockhart Gap","k":"saddle"}},{"type":"Feature","geometry":{"type":"Point","coordinates":[147.72603,-36.35941]},"properties":{"n":"Log Bridge Ck - East Branch Natural Catchment Area","k":"park"}},{"type":"Feature","geometry":{"type":"Point","coordinates":[145.54967,-37.81003]},"properties":{"n":"Lone Star Creek Bushland Reserve","k":"park"}},{"type":"Feature","geometry":{"type":"Point","coordinates":[148.0858,-37.83023]},"properties":{"n":"Lonely Bay Day Visitors Area","k":"locality"}},{"type":"Feature","geometry":{"type":"Point","coordinates":[146.60298,-37.46576]},"properties":{"n":"Long Hill","k":"peak","e":1283}},{"type":"Feature","geometry":{"type":"Point","coordinates":[146.64502,-36.96665]},"properties":{"n":"Long Jack Creek Natural Catchment Area","k":"park"}},{"type":"Feature","geometry":{"type":"Point","coordinates":[147.34727,-36.74989]},"properties":{"n":"Long View","k":"lookout"}},{"type":"Feature","geometry":{"type":"Point","coordinates":[146.12011,-37.24034]},"properties":{"n":"Longton Corner","k":"locality"}},{"type":"Feature","geometry":{"type":"Point","coordinates":[146.26602,-37.84046]},"properties":{"n":"Lonsdale","k":"hut"}},{"type":"Feature","geometry":{"type":"Point","coordinates":[146.4018,-36.87557]},"properties":{"n":"Lookout","k":"lookout"}},{"type":"Feature","geometry":{"type":"Point","coordinates":[146.76461,-36.55701]},"properties":{"n":"Lookout Hill","k":"peak","e":630}},{"type":"Feature","geometry":{"type":"Point","coordinates":[147.36969,-37.66803]},"properties":{"n":"Lookout Point","k":"peak"}},{"type":"Feature","geometry":{"type":"Point","coordinates":[145.87641,-37.47438]},"properties":{"n":"Lookout Rock","k":"lookout"}},{"type":"Feature","geometry":{"type":"Point","coordinates":[146.74784,-37.30459]},"properties":{"n":"Lookout Rock","k":"lookout"}},{"type":"Feature","geometry":{"type":"Point","coordinates":[148.18022,-37.40106]},"properties":{"n":"Lookout Top","k":"peak"}},{"type":"Feature","geometry":{"type":"Point","coordinates":[146.22307,-36.72144]},"properties":{"n":"Loombah Reservoir","k":"lake"}},{"type":"Feature","geometry":{"type":"Point","coordinates":[146.57694,-37.20686]},"properties":{"n":"Lovicks Hut","k":"hut"}},{"type":"Feature","geometry":{"type":"Point","coordinates":[146.44292,-37.33288]},"properties":{"n":"Low Saddle","k":"saddle"}},{"type":"Feature","geometry":{"type":"Point","coordinates":[146.4421,-37.33302]},"properties":{"n":"Low Saddle","k":"campsite"}},{"type":"Feature","geometry":{"type":"Point","coordinates":[148.0166,-36.12092]},"properties":{"n":"Lower Bringenbrong","k":"locality"}},{"type":"Feature","geometry":{"type":"Point","coordinates":[145.77365,-37.53251]},"properties":{"n":"Lower Farside Lookout","k":"lookout"}},{"type":"Feature","geometry":{"type":"Point","coordinates":[145.77358,-37.53259]},"properties":{"n":"Lower Lookout","k":"lookout"}},{"type":"Feature","geometry":{"type":"Point","coordinates":[146.05115,-37.11604]},"properties":{"n":"Loyola","k":"locality"}},{"type":"Feature","geometry":{"type":"Point","coordinates":[146.02995,-37.129]},"properties":{"n":"Loyola G109 Bushland Reserve","k":"park"}},{"type":"Feature","geometry":{"type":"Point","coordinates":[146.0939,-37.08225]},"properties":{"n":"Loyola G50 Bushland Reserve","k":"park"}},{"type":"Feature","geometry":{"type":"Point","coordinates":[146.09843,-37.11258]},"properties":{"n":"Loyola G51 Bushland Reserve","k":"park"}},{"type":"Feature","geometry":{"type":"Point","coordinates":[147.53907,-36.26075]},"properties":{"n":"Lucyvale Creek Reference Area","k":"park"}},{"type":"Feature","geometry":{"type":"Point","coordinates":[147.03521,-36.17055]},"properties":{"n":"Ludlows Reserve","k":"campsite"}},{"type":"Feature","geometry":{"type":"Point","coordinates":[146.13567,-36.58842]},"properties":{"n":"Lurg","k":"locality"}},{"type":"Feature","geometry":{"type":"Point","coordinates":[146.11388,-36.57485]},"properties":{"n":"Lurg H129 Bushland Reserve","k":"park"}},{"type":"Feature","geometry":{"type":"Point","coordinates":[146.15783,-36.56621]},"properties":{"n":"Lurg Hill","k":"peak"}},{"type":"Feature","geometry":{"type":"Point","coordinates":[146.07636,-36.56565]},"properties":{"n":"Lurg I67 Bushland Reserve","k":"park"}},{"type":"Feature","geometry":{"type":"Point","coordinates":[146.1485,-36.56139]},"properties":{"n":"Lurg I68 Bushland Reserve","k":"park"}},{"type":"Feature","geometry":{"type":"Point","coordinates":[145.58195,-37.83083]},"properties":{"n":"Lusatia Park Road Bushland Reserve","k":"park"}},{"type":"Feature","geometry":{"type":"Point","coordinates":[145.53039,-37.68458]},"properties":{"n":"Lyre Bird","k":"lookout"}},{"type":"Feature","geometry":{"type":"Point","coordinates":[146.80738,-36.74448]},"properties":{"n":"Lyrebird Hill","k":"peak"}},{"type":"Feature","geometry":{"type":"Point","coordinates":[146.92364,-36.76116]},"properties":{"n":"Lyrebird Peak","k":"peak"}},{"type":"Feature","geometry":{"type":"Point","coordinates":[146.76939,-36.77017]},"properties":{"n":"Lyrebird Plain","k":"locality"}},{"type":"Feature","geometry":{"type":"Point","coordinates":[148.19428,-37.44265]},"properties":{"n":"M-125 Cave","k":"cave"}},{"type":"Feature","geometry":{"type":"Point","coordinates":[148.19398,-37.44226]},"properties":{"n":"M-29 Cave","k":"cave"}},{"type":"Feature","geometry":{"type":"Point","coordinates":[147.12698,-36.88507]},"properties":{"n":"MUMC Hut","k":"hut"}},{"type":"Feature","geometry":{"type":"Point","coordinates":[146.8239,-36.123]},"properties":{"n":"MacFarlanes Hill","k":"peak"}},{"type":"Feature","geometry":{"type":"Point","coordinates":[146.62959,-37.35663]},"properties":{"n":"Macalister Area Remote and Natural Area","k":"park"}},{"type":"Feature","geometry":{"type":"Point","coordinates":[146.62107,-37.73644]},"properties":{"n":"Macalister Gorge Natural Features and Scenic Reserve","k":"park"}},{"type":"Feature","geometry":{"type":"Point","coordinates":[146.70084,-37.83395]},"properties":{"n":"Macalister River","k":"river"}},{"type":"Feature","geometry":{"type":"Point","coordinates":[146.67073,-37.17215]},"properties":{"n":"Macalister Springs","k":"campsite"}},{"type":"Feature","geometry":{"type":"Point","coordinates":[147.80334,-36.87898]},"properties":{"n":"Macfarlane Lookout","k":"peak"}},{"type":"Feature","geometry":{"type":"Point","coordinates":[147.801,-36.87847]},"properties":{"n":"Macfarlane Lookout Natural Features and Scenic Reserve","k":"park"}},{"type":"Feature","geometry":{"type":"Point","coordinates":[146.8275,-36.70954]},"properties":{"n":"Mackeys Lookout","k":"lookout"}},{"type":"Feature","geometry":{"type":"Point","coordinates":[147.63927,-37.86161]},"properties":{"n":"Macleod Morass Wildlife Reserve (hunting)","k":"park"}},{"type":"Feature","geometry":{"type":"Point","coordinates":[146.14108,-37.21287]},"properties":{"n":"Macs Cove","k":"locality"}},{"type":"Feature","geometry":{"type":"Point","coordinates":[146.76065,-36.74818]},"properties":{"n":"Macs Point","k":"peak","e":1450}},{"type":"Feature","geometry":{"type":"Point","coordinates":[146.76039,-36.74823]},"properties":{"n":"Macs Point Lookout","k":"lookout"}},{"type":"Feature","geometry":{"type":"Point","coordinates":[147.08031,-37.27521]},"properties":{"n":"Mad Dog Lookout","k":"lookout"}},{"type":"Feature","geometry":{"type":"Point","coordinates":[147.32005,-36.88866]},"properties":{"n":"Madison's Hut","k":"hut"}},{"type":"Feature","geometry":{"type":"Point","coordinates":[147.3201,-36.88871]},"properties":{"n":"Madison's Hut Refuge","k":"hut"}},{"type":"Feature","geometry":{"type":"Point","coordinates":[145.50347,-37.06479]},"properties":{"n":"Mafeking Rover Park","k":"campsite"}},{"type":"Feature","geometry":{"type":"Point","coordinates":[145.50222,-37.06583]},"properties":{"n":"Mafeking Rover Park","k":"campsite"}},{"type":"Feature","geometry":{"type":"Point","coordinates":[146.79343,-37.78838]},"properties":{"n":"Magog","k":"peak","e":571}},{"type":"Feature","geometry":{"type":"Point","coordinates":[146.73551,-36.31787]},"properties":{"n":"Magpie Creek Historic Reserve","k":"park"}},{"type":"Feature","geometry":{"type":"Point","coordinates":[147.02235,-36.17651]},"properties":{"n":"Mahers Hill","k":"peak","e":507}},{"type":"Feature","geometry":{"type":"Point","coordinates":[146.30248,-37.12055]},"properties":{"n":"Main Gate","k":"locality"}},{"type":"Feature","geometry":{"type":"Point","coordinates":[145.93834,-37.02679]},"properties":{"n":"Maindample","k":"locality"}},{"type":"Feature","geometry":{"type":"Point","coordinates":[145.77267,-37.09775]},"properties":{"n":"Maintongoon G105 Bushland Reserve","k":"park"}},{"type":"Feature","geometry":{"type":"Point","coordinates":[145.77038,-37.14924]},"properties":{"n":"Maintongoon G106 Bushland Reserve","k":"park"}},{"type":"Feature","geometry":{"type":"Point","coordinates":[145.79462,-37.13117]},"properties":{"n":"Maintongoon G107 Bushland Reserve","k":"park"}},{"type":"Feature","geometry":{"type":"Point","coordinates":[145.8381,-37.09208]},"properties":{"n":"Maintongoon G108 Bushland Reserve","k":"park"}},{"type":"Feature","geometry":{"type":"Point","coordinates":[145.82983,-37.05865]},"properties":{"n":"Maintongoon G49 Bushland Reserve","k":"park"}},{"type":"Feature","geometry":{"type":"Point","coordinates":[145.91238,-37.13802]},"properties":{"n":"Maintongoon Saddle","k":"saddle"}},{"type":"Feature","geometry":{"type":"Point","coordinates":[148.1428,-36.29302]},"properties":{"n":"Major Clews Hut","k":"hut"}},{"type":"Feature","geometry":{"type":"Point","coordinates":[145.56369,-37.69698]},"properties":{"n":"Mallesons Lookout Bushland Reserve","k":"park"}},{"type":"Feature","geometry":{"type":"Point","coordinates":[146.35002,-36.37121]},"properties":{"n":"Maloneys Creek","k":"river"}},{"type":"Feature","geometry":{"type":"Point","coordinates":[146.08815,-37.05211]},"properties":{"n":"Mansfield","k":"town"}},{"type":"Feature","geometry":{"type":"Point","coordinates":[146.08862,-37.07421]},"properties":{"n":"Mansfield Reservoir","k":"lake"}},{"type":"Feature","geometry":{"type":"Point","coordinates":[147.83716,-37.04257]},"properties":{"n":"Marble Gully - Mount Tambo Nature Conservation Reserve","k":"park"}},{"type":"Feature","geometry":{"type":"Point","coordinates":[146.49842,-36.45745]},"properties":{"n":"Markwood","k":"locality"}},{"type":"Feature","geometry":{"type":"Point","coordinates":[145.80073,-37.82755]},"properties":{"n":"Marney Hill","k":"peak","e":868}},{"type":"Feature","geometry":{"type":"Point","coordinates":[145.54948,-37.64072]},"properties":{"n":"Maroondah Dam Lookout","k":"lookout"}},{"type":"Feature","geometry":{"type":"Point","coordinates":[145.56494,-37.63487]},"properties":{"n":"Maroondah Reservoir","k":"lake"}},{"type":"Feature","geometry":{"type":"Point","coordinates":[145.55116,-37.64434]},"properties":{"n":"Maroondah Reservoir Park","k":"park"}},{"type":"Feature","geometry":{"type":"Point","coordinates":[145.71179,-36.74697]},"properties":{"n":"Marraweeny I54 Bushland Reserve","k":"park"}},{"type":"Feature","geometry":{"type":"Point","coordinates":[145.74313,-36.7632]},"properties":{"n":"Marraweeny I55 Bushland Reserve","k":"park"}},{"type":"Feature","geometry":{"type":"Point","coordinates":[145.7138,-36.80815]},"properties":{"n":"Marraweeny I57 Bushland Reserve","k":"park"}},{"type":"Feature","geometry":{"type":"Point","coordinates":[146.82535,-36.71421]},"properties":{"n":"Marriotts Lookout","k":"lookout"}},{"type":"Feature","geometry":{"type":"Point","coordinates":[146.1418,-37.18157]},"properties":{"n":"Martin Gap","k":"saddle"}},{"type":"Feature","geometry":{"type":"Point","coordinates":[145.81393,-37.85688]},"properties":{"n":"Martin Point","k":"peak"}},{"type":"Feature","geometry":{"type":"Point","coordinates":[147.3446,-36.87054]},"properties":{"n":"Marum Point","k":"peak","e":1819}},{"type":"Feature","geometry":{"type":"Point","coordinates":[145.53281,-36.19365]},"properties":{"n":"Marungi","k":"locality"}},{"type":"Feature","geometry":{"type":"Point","coordinates":[145.5597,-36.17261]},"properties":{"n":"Marungi","k":"locality"}},{"type":"Feature","geometry":{"type":"Point","coordinates":[145.74904,-37.50977]},"properties":{"n":"Marysville","k":"village","e":432}},{"type":"Feature","geometry":{"type":"Point","coordinates":[145.7435,-37.51875]},"properties":{"n":"Marysville Beauty Spot Natural Features Reserve","k":"park"}},{"type":"Feature","geometry":{"type":"Point","coordinates":[145.75827,-37.5168]},"properties":{"n":"Marysville Bushland Reserve","k":"park"}},{"type":"Feature","geometry":{"type":"Point","coordinates":[145.87997,-37.50371]},"properties":{"n":"Marysville Lookout","k":"lookout"}},{"type":"Feature","geometry":{"type":"Point","coordinates":[146.22074,-37.60296]},"properties":{"n":"Matlock","k":"locality"}},{"type":"Feature","geometry":{"type":"Point","coordinates":[146.22368,-37.60309]},"properties":{"n":"Matlock Hill","k":"peak"}},{"type":"Feature","geometry":{"type":"Point","coordinates":[146.22444,-37.60182]},"properties":{"n":"Matlock Hill Historic and Cultural Features Reserve","k":"park"}},{"type":"Feature","geometry":{"type":"Point","coordinates":[146.69636,-36.36833]},"properties":{"n":"Mayday Hills Lunatic Asylum (1867-1995)","k":"park"}},{"type":"Feature","geometry":{"type":"Point","coordinates":[147.23564,-37.08786]},"properties":{"n":"Mayford","k":"locality"}},{"type":"Feature","geometry":{"type":"Point","coordinates":[145.89587,-36.14299]},"properties":{"n":"Mays Hill","k":"peak"}},{"type":"Feature","geometry":{"type":"Point","coordinates":[146.16838,-37.58832]},"properties":{"n":"McAdam Hill","k":"peak"}},{"type":"Feature","geometry":{"type":"Point","coordinates":[146.17346,-37.58795]},"properties":{"n":"McAdams Gap","k":"saddle"}},{"type":"Feature","geometry":{"type":"Point","coordinates":[147.70235,-37.72688]},"properties":{"n":"McArthur Point","k":"peak"}},{"type":"Feature","geometry":{"type":"Point","coordinates":[145.5583,-36.57831]},"properties":{"n":"McBurney Swamp Wildlife Reserve (hunting)","k":"park"}},{"type":"Feature","geometry":{"type":"Point","coordinates":[146.21188,-36.79414]},"properties":{"n":"McCall Say Reservoir","k":"lake"}},{"type":"Feature","geometry":{"type":"Point","coordinates":[146.79237,-36.11487]},"properties":{"n":"McDonald Hill","k":"peak","e":538}},{"type":"Feature","geometry":{"type":"Point","coordinates":[146.22456,-36.46377]},"properties":{"n":"McDonnell's Railway Tavern site","k":"attraction"}},{"type":"Feature","geometry":{"type":"Point","coordinates":[146.84946,-37.47469]},"properties":{"n":"McFarlane Saddle","k":"campsite"}},{"type":"Feature","geometry":{"type":"Point","coordinates":[146.84901,-37.47579]},"properties":{"n":"McFarlane Saddle","k":"saddle"}},{"type":"Feature","geometry":{"type":"Point","coordinates":[146.46427,-37.68507]},"properties":{"n":"McGuire","k":"locality"}},{"type":"Feature","geometry":{"type":"Point","coordinates":[148.11313,-36.77031]},"properties":{"n":"McHardies Flat","k":"locality"}},{"type":"Feature","geometry":{"type":"Point","coordinates":[145.7167,-37.20626]},"properties":{"n":"McKenzie Nature Conservation Reserve","k":"park"}},{"type":"Feature","geometry":{"type":"Point","coordinates":[145.83179,-37.70114]},"properties":{"n":"McMahons Creek","k":"locality"}},{"type":"Feature","geometry":{"type":"Point","coordinates":[145.83888,-37.70987]},"properties":{"n":"McMahons Creek Nature Conservation Reserve","k":"park"}},{"type":"Feature","geometry":{"type":"Point","coordinates":[146.752,-37.42246]},"properties":{"n":"McMichaels Hut","k":"hut"}},{"type":"Feature","geometry":{"type":"Point","coordinates":[146.27446,-37.83245]},"properties":{"n":"McMillan's Flat","k":"locality"}},{"type":"Feature","geometry":{"type":"Point","coordinates":[147.63533,-37.03975]},"properties":{"n":"McMillans Lookout","k":"lookout"}},{"type":"Feature","geometry":{"type":"Point","coordinates":[146.69258,-37.73396]},"properties":{"n":"McMillans Lookout","k":"peak","e":629}},{"type":"Feature","geometry":{"type":"Point","coordinates":[147.3339,-36.95487]},"properties":{"n":"McNamaras Hut","k":"hut"}},{"type":"Feature","geometry":{"type":"Point","coordinates":[145.89982,-37.68893]},"properties":{"n":"McVeighs Hill","k":"peak"}},{"type":"Feature","geometry":{"type":"Point","coordinates":[146.7871,-36.71434]},"properties":{"n":"Mckinnons Corner","k":"locality"}},{"type":"Feature","geometry":{"type":"Point","coordinates":[146.44708,-36.58156]},"properties":{"n":"Meadow Creek","k":"locality"}},{"type":"Feature","geometry":{"type":"Point","coordinates":[145.83783,-37.49346]},"properties":{"n":"Meeting of the Waters","k":"attraction"}},{"type":"Feature","geometry":{"type":"Point","coordinates":[145.69843,-37.41583]},"properties":{"n":"Meeting of the Waters","k":"attraction"}},{"type":"Feature","geometry":{"type":"Point","coordinates":[146.61538,-37.51699]},"properties":{"n":"Melbourne Grammar School Camp","k":"campsite"}},{"type":"Feature","geometry":{"type":"Point","coordinates":[145.87659,-37.49195]},"properties":{"n":"Melbourne Lookout","k":"lookout"}},{"type":"Feature","geometry":{"type":"Point","coordinates":[147.49275,-37.71226]},"properties":{"n":"Melwood Education Area","k":"park"}},{"type":"Feature","geometry":{"type":"Point","coordinates":[145.84935,-37.17178]},"properties":{"n":"Merlo Lookout","k":"lookout"}},{"type":"Feature","geometry":{"type":"Point","coordinates":[148.02395,-37.86586]},"properties":{"n":"Merrangbau Storage","k":"lake"}},{"type":"Feature","geometry":{"type":"Point","coordinates":[146.68316,-36.55479]},"properties":{"n":"Merriang","k":"locality"}},{"type":"Feature","geometry":{"type":"Point","coordinates":[146.68489,-36.58081]},"properties":{"n":"Merriang South","k":"locality"}},{"type":"Feature","geometry":{"type":"Point","coordinates":[146.26302,-37.10345]},"properties":{"n":"Merrijig","k":"village"}},{"type":"Feature","geometry":{"type":"Point","coordinates":[145.70878,-36.97695]},"properties":{"n":"Merton","k":"village"}},{"type":"Feature","geometry":{"type":"Point","coordinates":[145.67985,-37.02819]},"properties":{"n":"Merton G103 Bushland Reserve","k":"park"}},{"type":"Feature","geometry":{"type":"Point","coordinates":[145.68881,-36.99054]},"properties":{"n":"Merton G104 Bushland Reserve","k":"park"}},{"type":"Feature","geometry":{"type":"Point","coordinates":[145.69722,-37.00988]},"properties":{"n":"Merton Gap","k":"saddle"}},{"type":"Feature","geometry":{"type":"Point","coordinates":[145.97518,-37.51096]},"properties":{"n":"Messmate Knob","k":"peak"}},{"type":"Feature","geometry":{"type":"Point","coordinates":[147.85357,-37.89319]},"properties":{"n":"Metung","k":"village"}},{"type":"Feature","geometry":{"type":"Point","coordinates":[147.85405,-37.88274]},"properties":{"n":"Metung Bushland Reserve","k":"park"}},{"type":"Feature","geometry":{"type":"Point","coordinates":[147.85165,-37.87049]},"properties":{"n":"Metung Hill","k":"peak"}},{"type":"Feature","geometry":{"type":"Point","coordinates":[147.3128,-36.71974]},"properties":{"n":"Michell Hut","k":"hut"}},{"type":"Feature","geometry":{"type":"Point","coordinates":[146.90364,-36.18675]},"properties":{"n":"Middle Creek","k":"river"}},{"type":"Feature","geometry":{"type":"Point","coordinates":[145.65907,-36.9769]},"properties":{"n":"Middle Hill","k":"peak","e":488}},{"type":"Feature","geometry":{"type":"Point","coordinates":[148.15323,-36.85595]},"properties":{"n":"Middle Peak","k":"peak"}},{"type":"Feature","geometry":{"type":"Point","coordinates":[145.56503,-37.55622]},"properties":{"n":"Midway Knob","k":"peak"}},{"type":"Feature","geometry":{"type":"Point","coordinates":[145.51212,-36.64956]},"properties":{"n":"Miepoll South Natural Features Reserve","k":"park"}},{"type":"Feature","geometry":{"type":"Point","coordinates":[147.54109,-37.40777]},"properties":{"n":"Mikado Hill","k":"peak"}},{"type":"Feature","geometry":{"type":"Point","coordinates":[146.4321,-36.44927]},"properties":{"n":"Milawa","k":"village"}},{"type":"Feature","geometry":{"type":"Point","coordinates":[146.43461,-36.43416]},"properties":{"n":"Milawa Cheese Factory","k":"attraction"}},{"type":"Feature","geometry":{"type":"Point","coordinates":[146.87447,-37.50076]},"properties":{"n":"Miller Gap","k":"saddle"}},{"type":"Feature","geometry":{"type":"Point","coordinates":[146.82214,-37.53992]},"properties":{"n":"Millers Hut","k":"hut"}},{"type":"Feature","geometry":{"type":"Point","coordinates":[145.6612,-37.7515]},"properties":{"n":"Millgrove","k":"locality"}},{"type":"Feature","geometry":{"type":"Point","coordinates":[145.60366,-37.79097]},"properties":{"n":"Milner Hill","k":"peak"}},{"type":"Feature","geometry":{"type":"Point","coordinates":[145.66129,-37.77753]},"properties":{"n":"Mineshaft Hill","k":"peak"}},{"type":"Feature","geometry":{"type":"Point","coordinates":[145.4987,-37.06181]},"properties":{"n":"Minimum Impact Camping","k":"campsite"}},{"type":"Feature","geometry":{"type":"Point","coordinates":[146.39742,-37.11027]},"properties":{"n":"Mirimbah","k":"locality"}},{"type":"Feature","geometry":{"type":"Point","coordinates":[146.40113,-37.11161]},"properties":{"n":"Mirimbah Campsite","k":"campsite"}},{"type":"Feature","geometry":{"type":"Point","coordinates":[145.82576,-37.79308]},"properties":{"n":"Mississippi No. 1 Mill Historic and Cultural Features Reserve","k":"park"}},{"type":"Feature","geometry":{"type":"Point","coordinates":[147.35418,-37.56599]},"properties":{"n":"Mitchell River","k":"river"}},{"type":"Feature","geometry":{"type":"Point","coordinates":[147.6318,-37.81825]},"properties":{"n":"Mitchell River Backwater","k":"river"}},{"type":"Feature","geometry":{"type":"Point","coordinates":[147.35343,-37.64968]},"properties":{"n":"Mitchell River National Park","k":"park"}},{"type":"Feature","geometry":{"type":"Point","coordinates":[147.71127,-37.87245]},"properties":{"n":"Mitchell River Silt Jetties Gippsland Lakes Reserve","k":"park"}},{"type":"Feature","geometry":{"type":"Point","coordinates":[147.63609,-37.86338]},"properties":{"n":"Mitchell River water reserve Gippsland Lakes Reserve","k":"park"}},{"type":"Feature","geometry":{"type":"Point","coordinates":[147.21228,-37.51533]},"properties":{"n":"Mitchell and Wonnangatta Rivers Heritage River","k":"park"}},{"type":"Feature","geometry":{"type":"Point","coordinates":[146.35384,-37.30299]},"properties":{"n":"Mitchells Flat Camping Area","k":"campsite"}},{"type":"Feature","geometry":{"type":"Point","coordinates":[147.37676,-36.53704]},"properties":{"n":"Mitta Mitta","k":"locality"}},{"type":"Feature","geometry":{"type":"Point","coordinates":[147.37695,-36.52164]},"properties":{"n":"Mitta Mitta Bushland Reserve","k":"park"}},{"type":"Feature","geometry":{"type":"Point","coordinates":[147.36799,-36.44295]},"properties":{"n":"Mitta Mitta Reference Area","k":"park"}},{"type":"Feature","geometry":{"type":"Point","coordinates":[147.2451,-36.29162]},"properties":{"n":"Mitta Mitta River","k":"river"}},{"type":"Feature","geometry":{"type":"Point","coordinates":[147.56672,-36.89088]},"properties":{"n":"Mitta Mitta River Heritage River","k":"park"}},{"type":"Feature","geometry":{"type":"Point","coordinates":[147.23706,-36.27986]},"properties":{"n":"Mitta Mitta River K26 Streamside Reserve","k":"park"}},{"type":"Feature","geometry":{"type":"Point","coordinates":[147.25252,-36.40243]},"properties":{"n":"Mitta Mitta River K27 Streamside Reserve","k":"park"}},{"type":"Feature","geometry":{"type":"Point","coordinates":[147.27315,-36.45378]},"properties":{"n":"Mitta Mitta River K28 Streamside Reserve","k":"park"}},{"type":"Feature","geometry":{"type":"Point","coordinates":[147.24421,-36.21446]},"properties":{"n":"Mitta Valley Lookout","k":"attraction"}},{"type":"Feature","geometry":{"type":"Point","coordinates":[145.54281,-36.64159]},"properties":{"n":"Moglonemby","k":"locality"}},{"type":"Feature","geometry":{"type":"Point","coordinates":[145.51607,-36.63907]},"properties":{"n":"Moglonemby Bushland Reserve","k":"park"}},{"type":"Feature","geometry":{"type":"Point","coordinates":[148.22767,-36.42237]},"properties":{"n":"Moiras Flat","k":"campsite"}},{"type":"Feature","geometry":{"type":"Point","coordinates":[146.08589,-36.36695]},"properties":{"n":"Mokoan H100 Bushland Reserve","k":"park"}},{"type":"Feature","geometry":{"type":"Point","coordinates":[146.13042,-36.3298]},"properties":{"n":"Mokoan H127 Bushland Reserve","k":"park"}},{"type":"Feature","geometry":{"type":"Point","coordinates":[146.07052,-36.35818]},"properties":{"n":"Mokoan H90 Bushland Reserve","k":"park"}},{"type":"Feature","geometry":{"type":"Point","coordinates":[146.02262,-36.46509]},"properties":{"n":"Mokoan Ponds","k":"lake"}},{"type":"Feature","geometry":{"type":"Point","coordinates":[146.0224,-36.4778]},"properties":{"n":"Mokoan Ponds","k":"lake"}},{"type":"Feature","geometry":{"type":"Point","coordinates":[145.53931,-37.16777]},"properties":{"n":"Molesworth","k":"village"}},{"type":"Feature","geometry":{"type":"Point","coordinates":[145.57159,-37.11741]},"properties":{"n":"Molesworth Bushland Reserve","k":"park"}},{"type":"Feature","geometry":{"type":"Point","coordinates":[145.53599,-37.16223]},"properties":{"n":"Molesworth Nature Conservation Reserve","k":"park"}},{"type":"Feature","geometry":{"type":"Point","coordinates":[146.72493,-36.7389]},"properties":{"n":"Mollison Galleries","k":"lookout"}},{"type":"Feature","geometry":{"type":"Point","coordinates":[146.73791,-36.7414]},"properties":{"n":"Mollison Plain","k":"locality"}},{"type":"Feature","geometry":{"type":"Point","coordinates":[146.7247,-36.73918]},"properties":{"n":"Mollisons Galleries","k":"peak"}},{"type":"Feature","geometry":{"type":"Point","coordinates":[146.15087,-36.64061]},"properties":{"n":"Mollyullah Bushland Reserve","k":"park"}},{"type":"Feature","geometry":{"type":"Point","coordinates":[146.15569,-36.64137]},"properties":{"n":"Molyullah","k":"village"}},{"type":"Feature","geometry":{"type":"Point","coordinates":[147.23217,-36.73254]},"properties":{"n":"Moncrieffs Gap","k":"saddle"}},{"type":"Feature","geometry":{"type":"Point","coordinates":[147.09361,-36.58472]},"properties":{"n":"Mongans Bridge Camping Park","k":"campsite"}},{"type":"Feature","geometry":{"type":"Point","coordinates":[146.40514,-37.62624]},"properties":{"n":"Mongrel Point","k":"peak"}},{"type":"Feature","geometry":{"type":"Point","coordinates":[147.92349,-36.99467]},"properties":{"n":"Monkey's Knob","k":"peak"}},{"type":"Feature","geometry":{"type":"Point","coordinates":[146.06572,-37.66195]},"properties":{"n":"Montys Hut","k":"locality"}},{"type":"Feature","geometry":{"type":"Point","coordinates":[146.52115,-36.31897]},"properties":{"n":"Monument Hill","k":"peak"}},{"type":"Feature","geometry":{"type":"Point","coordinates":[146.51599,-37.12164]},"properties":{"n":"Monument Saddle","k":"saddle"}},{"type":"Feature","geometry":{"type":"Point","coordinates":[145.78904,-36.22783]},"properties":{"n":"Moodie Swamp Wildlife Reserve (hunting)","k":"park"}},{"type":"Feature","geometry":{"type":"Point","coordinates":[148.1661,-37.4947]},"properties":{"n":"Moon Cave","k":"cave"}},{"type":"Feature","geometry":{"type":"Point","coordinates":[148.16609,-37.49091]},"properties":{"n":"Moon Hill","k":"peak"}},{"type":"Feature","geometry":{"type":"Point","coordinates":[147.50284,-37.90791]},"properties":{"n":"Moormurng Flora and Fauna Reserve","k":"park"}},{"type":"Feature","geometry":{"type":"Point","coordinates":[147.13389,-37.73783]},"properties":{"n":"Moornapa State Forest","k":"park"}},{"type":"Feature","geometry":{"type":"Point","coordinates":[146.05021,-36.73642]},"properties":{"n":"Moorngag","k":"locality"}},{"type":"Feature","geometry":{"type":"Point","coordinates":[146.0596,-36.7708]},"properties":{"n":"Moorngag I65 Bushland Reserve","k":"park"}},{"type":"Feature","geometry":{"type":"Point","coordinates":[146.076,-36.77707]},"properties":{"n":"Moorngag I66 Bushland Reserve","k":"park"}},{"type":"Feature","geometry":{"type":"Point","coordinates":[146.17664,-37.82341]},"properties":{"n":"Moose Head Lodge","k":"hut"}},{"type":"Feature","geometry":{"type":"Point","coordinates":[148.28463,-36.43242]},"properties":{"n":"Moraine Pass","k":"saddle"}},{"type":"Feature","geometry":{"type":"Point","coordinates":[147.69529,-36.78372]},"properties":{"n":"Morass Creek","k":"river"}},{"type":"Feature","geometry":{"type":"Point","coordinates":[147.76102,-36.94881]},"properties":{"n":"Morass Creek Flora and Fauna Reserve","k":"park"}},{"type":"Feature","geometry":{"type":"Point","coordinates":[146.98958,-37.75482]},"properties":{"n":"Morgan","k":"locality"}},{"type":"Feature","geometry":{"type":"Point","coordinates":[146.62436,-37.73466]},"properties":{"n":"Morning Glory Hut","k":"hut"}},{"type":"Feature","geometry":{"type":"Point","coordinates":[146.83048,-37.51481]},"properties":{"n":"Moroka Gap","k":"saddle"}},{"type":"Feature","geometry":{"type":"Point","coordinates":[146.93201,-37.51029]},"properties":{"n":"Moroka Hut","k":"hut"}},{"type":"Feature","geometry":{"type":"Point","coordinates":[146.982,-37.45712]},"properties":{"n":"Moroka River","k":"river"}},{"type":"Feature","geometry":{"type":"Point","coordinates":[145.78266,-36.53915]},"properties":{"n":"Morphett Swamp Wildlife Reserve (hunting)","k":"park"}},{"type":"Feature","geometry":{"type":"Point","coordinates":[145.86316,-37.29081]},"properties":{"n":"Morris Lookout","k":"lookout"}},{"type":"Feature","geometry":{"type":"Point","coordinates":[147.45985,-37.50844]},"properties":{"n":"Morris Peak","k":"peak","e":788}},{"type":"Feature","geometry":{"type":"Point","coordinates":[148.14438,-36.84336]},"properties":{"n":"Moscow Peak","k":"peak"}},{"type":"Feature","geometry":{"type":"Point","coordinates":[147.92209,-37.22632]},"properties":{"n":"Moscow Villa Hut","k":"hut"}},{"type":"Feature","geometry":{"type":"Point","coordinates":[147.81189,-37.73542]},"properties":{"n":"Mossiface","k":"locality"}},{"type":"Feature","geometry":{"type":"Point","coordinates":[147.81694,-37.74533]},"properties":{"n":"Mossiface Bushland Reserve","k":"park"}},{"type":"Feature","geometry":{"type":"Point","coordinates":[147.19632,-37.02189]},"properties":{"n":"Mother Johnson Flat","k":"locality"}},{"type":"Feature","geometry":{"type":"Point","coordinates":[146.94499,-37.582]},"properties":{"n":"Motor Bike Hill","k":"peak","e":979}},{"type":"Feature","geometry":{"type":"Point","coordinates":[148.21961,-37.6241]},"properties":{"n":"Mottle Range Flora Reserve","k":"park"}},{"type":"Feature","geometry":{"type":"Point","coordinates":[145.91235,-36.79685]},"properties":{"n":"Mount Albert","k":"peak","e":639}},{"type":"Feature","geometry":{"type":"Point","coordinates":[147.53089,-37.6795]},"properties":{"n":"Mount Alfred","k":"peak"}},{"type":"Feature","geometry":{"type":"Point","coordinates":[147.97943,-36.60928]},"properties":{"n":"Mount Anderson","k":"peak","e":1663}},{"type":"Feature","geometry":{"type":"Point","coordinates":[146.72362,-36.90704]},"properties":{"n":"Mount Angus","k":"peak"}},{"type":"Feature","geometry":{"type":"Point","coordinates":[146.92588,-37.72329]},"properties":{"n":"Mount Angus","k":"peak","e":675}},{"type":"Feature","geometry":{"type":"Point","coordinates":[146.77651,-37.42285]},"properties":{"n":"Mount Arbuckle","k":"peak","e":1581}},{"type":"Feature","geometry":{"type":"Point","coordinates":[145.86466,-37.53221]},"properties":{"n":"Mount Arnold","k":"peak"}},{"type":"Feature","geometry":{"type":"Point","coordinates":[147.26898,-36.78233]},"properties":{"n":"Mount Arthur","k":"peak","e":1682}},{"type":"Feature","geometry":{"type":"Point","coordinates":[147.55321,-37.38371]},"properties":{"n":"Mount Baldhead","k":"peak"}},{"type":"Feature","geometry":{"type":"Point","coordinates":[146.57372,-36.23715]},"properties":{"n":"Mount Barambogie","k":"peak"}},{"type":"Feature","geometry":{"type":"Point","coordinates":[146.8452,-36.24984]},"properties":{"n":"Mount Baranduda","k":"peak"}},{"type":"Feature","geometry":{"type":"Point","coordinates":[147.96408,-37.88019]},"properties":{"n":"Mount Barkly","k":"peak"}},{"type":"Feature","geometry":{"type":"Point","coordinates":[148.03665,-36.42681]},"properties":{"n":"Mount Barlow","k":"peak","e":1137}},{"type":"Feature","geometry":{"type":"Point","coordinates":[145.83549,-36.8458]},"properties":{"n":"Mount Barranhet","k":"peak","e":823}},{"type":"Feature","geometry":{"type":"Point","coordinates":[146.13005,-37.04205]},"properties":{"n":"Mount Battery","k":"peak","e":547}},{"type":"Feature","geometry":{"type":"Point","coordinates":[147.38981,-37.03659]},"properties":{"n":"Mount Battery State Forest","k":"park"}},{"type":"Feature","geometry":{"type":"Point","coordinates":[146.27588,-37.83954]},"properties":{"n":"Mount Baw Baw","k":"peak","e":1567}},{"type":"Feature","geometry":{"type":"Point","coordinates":[146.26944,-37.83835]},"properties":{"n":"Mount Baw Baw","k":"resort"}},{"type":"Feature","geometry":{"type":"Point","coordinates":[147.16987,-36.74243]},"properties":{"n":"Mount Beauty","k":"town"}},{"type":"Feature","geometry":{"type":"Point","coordinates":[147.18168,-36.72368]},"properties":{"n":"Mount Beauty Streamside Reserve","k":"park"}},{"type":"Feature","geometry":{"type":"Point","coordinates":[145.69383,-37.88041]},"properties":{"n":"Mount Beenak","k":"peak","e":744}},{"type":"Feature","geometry":{"type":"Point","coordinates":[146.3129,-36.70061]},"properties":{"n":"Mount Bellevue","k":"peak","e":632}},{"type":"Feature","geometry":{"type":"Point","coordinates":[147.57476,-36.50536]},"properties":{"n":"Mount Benambra","k":"peak"}},{"type":"Feature","geometry":{"type":"Point","coordinates":[146.94101,-36.40616]},"properties":{"n":"Mount Big Ben","k":"peak","e":1140}},{"type":"Feature","geometry":{"type":"Point","coordinates":[147.88295,-37.16388]},"properties":{"n":"Mount Bindi","k":"peak"}},{"type":"Feature","geometry":{"type":"Point","coordinates":[147.32371,-37.28319]},"properties":{"n":"Mount Birregun","k":"peak","e":1363}},{"type":"Feature","geometry":{"type":"Point","coordinates":[147.06027,-37.6332]},"properties":{"n":"Mount Blomford","k":"peak"}},{"type":"Feature","geometry":{"type":"Point","coordinates":[147.11328,-36.99626]},"properties":{"n":"Mount Blowhard","k":"peak","e":1714}},{"type":"Feature","geometry":{"type":"Point","coordinates":[147.11818,-37.09105]},"properties":{"n":"Mount Blue Rag","k":"peak"}},{"type":"Feature","geometry":{"type":"Point","coordinates":[147.98837,-36.48096]},"properties":{"n":"Mount Boebuck","k":"peak","e":1496}},{"type":"Feature","geometry":{"type":"Point","coordinates":[147.30583,-36.73237]},"properties":{"n":"Mount Bogong","k":"peak","e":1986}},{"type":"Feature","geometry":{"type":"Point","coordinates":[147.451,-36.74501]},"properties":{"n":"Mount Bogong View","k":"lookout"}},{"type":"Feature","geometry":{"type":"Point","coordinates":[147.31093,-36.16327]},"properties":{"n":"Mount Bolga","k":"peak"}},{"type":"Feature","geometry":{"type":"Point","coordinates":[145.70188,-37.69748]},"properties":{"n":"Mount Boobyalla","k":"peak"}},{"type":"Feature","geometry":{"type":"Point","coordinates":[145.72445,-37.78504]},"properties":{"n":"Mount Bride","k":"peak","e":900}},{"type":"Feature","geometry":{"type":"Point","coordinates":[146.15236,-36.31778]},"properties":{"n":"Mount Bruno","k":"peak"}},{"type":"Feature","geometry":{"type":"Point","coordinates":[147.18539,-37.46537]},"properties":{"n":"Mount Bruno","k":"peak","e":942}},{"type":"Feature","geometry":{"type":"Point","coordinates":[147.43829,-36.17843]},"properties":{"n":"Mount Brutal","k":"peak"}},{"type":"Feature","geometry":{"type":"Point","coordinates":[145.57281,-36.99128]},"properties":{"n":"Mount Budd","k":"peak"}},{"type":"Feature","geometry":{"type":"Point","coordinates":[147.17271,-37.59225]},"properties":{"n":"Mount Budgee Budgee","k":"peak"}},{"type":"Feature","geometry":{"type":"Point","coordinates":[146.81973,-36.72223]},"properties":{"n":"Mount Buffalo Chalet","k":"attraction"}},{"type":"Feature","geometry":{"type":"Point","coordinates":[146.77874,-36.69751]},"properties":{"n":"Mount Buffalo National Park","k":"park"}},{"type":"Feature","geometry":{"type":"Point","coordinates":[146.72259,-36.71379]},"properties":{"n":"Mount Buffalo Reference Area","k":"park"}},{"type":"Feature","geometry":{"type":"Point","coordinates":[145.87001,-36.77934]},"properties":{"n":"Mount Buggaree","k":"peak"}},{"type":"Feature","geometry":{"type":"Point","coordinates":[146.64064,-37.14262]},"properties":{"n":"Mount Buggery","k":"peak","e":1608}},{"type":"Feature","geometry":{"type":"Point","coordinates":[146.74327,-36.90279]},"properties":{"n":"Mount Buggery","k":"peak","e":1149}},{"type":"Feature","geometry":{"type":"Point","coordinates":[146.78454,-37.85558]},"properties":{"n":"Mount Bulldog","k":"peak","e":331}},{"type":"Feature","geometry":{"type":"Point","coordinates":[146.43938,-37.14847]},"properties":{"n":"Mount Buller","k":"resort"}},{"type":"Feature","geometry":{"type":"Point","coordinates":[146.42586,-37.14463]},"properties":{"n":"Mount Buller (Marnong)","k":"peak","e":1805}},{"type":"Feature","geometry":{"type":"Point","coordinates":[145.92115,-37.43143]},"properties":{"n":"Mount Bullfight","k":"peak"}},{"type":"Feature","geometry":{"type":"Point","coordinates":[145.92461,-37.44053]},"properties":{"n":"Mount Bullfight Nature Conservation Reserve","k":"park"}},{"type":"Feature","geometry":{"type":"Point","coordinates":[147.35311,-36.2063]},"properties":{"n":"Mount Bullioh","k":"peak","e":684}},{"type":"Feature","geometry":{"type":"Point","coordinates":[147.24602,-36.92722]},"properties":{"n":"Mount Bundara","k":"peak","e":1741}},{"type":"Feature","geometry":{"type":"Point","coordinates":[147.78715,-36.96724]},"properties":{"n":"Mount Bung Bung","k":"peak","e":952}},{"type":"Feature","geometry":{"type":"Point","coordinates":[148.02747,-36.33149]},"properties":{"n":"Mount Bunroy","k":"peak","e":806}},{"type":"Feature","geometry":{"type":"Point","coordinates":[147.71338,-36.07847]},"properties":{"n":"Mount Burrowa Area Remote and Natural Area","k":"park"}},{"type":"Feature","geometry":{"type":"Point","coordinates":[147.6707,-37.24405]},"properties":{"n":"Mount Burt","k":"peak"}},{"type":"Feature","geometry":{"type":"Point","coordinates":[145.55145,-36.85675]},"properties":{"n":"Mount Cecilia (Wheeler Hill)","k":"peak","e":562}},{"type":"Feature","geometry":{"type":"Point","coordinates":[147.29433,-36.23546]},"properties":{"n":"Mount Charlie","k":"peak"}},{"type":"Feature","geometry":{"type":"Point","coordinates":[148.28823,-36.43262]},"properties":{"n":"Mount Clarke","k":"peak","e":2101}},{"type":"Feature","geometry":{"type":"Point","coordinates":[146.57334,-37.26871]},"properties":{"n":"Mount Clear","k":"peak","e":1695}},{"type":"Feature","geometry":{"type":"Point","coordinates":[148.1532,-36.86424]},"properties":{"n":"Mount Cobberas Number 1","k":"peak","e":1833}},{"type":"Feature","geometry":{"type":"Point","coordinates":[148.1509,-36.82633]},"properties":{"n":"Mount Cobberas Number 2","k":"peak"}},{"type":"Feature","geometry":{"type":"Point","coordinates":[146.59034,-37.04295]},"properties":{"n":"Mount Cobbler","k":"peak","e":1628}},{"type":"Feature","geometry":{"type":"Point","coordinates":[145.5492,-37.13281]},"properties":{"n":"Mount Concord","k":"peak","e":649}},{"type":"Feature","geometry":{"type":"Point","coordinates":[147.68033,-37.06445]},"properties":{"n":"Mount Cook","k":"peak"}},{"type":"Feature","geometry":{"type":"Point","coordinates":[147.54222,-36.73933]},"properties":{"n":"Mount Cooper","k":"peak"}},{"type":"Feature","geometry":{"type":"Point","coordinates":[147.28099,-36.9271]},"properties":{"n":"Mount Cope","k":"peak","e":1837}},{"type":"Feature","geometry":{"type":"Point","coordinates":[147.59496,-36.47379]},"properties":{"n":"Mount Cravensville","k":"peak","e":1358}},{"type":"Feature","geometry":{"type":"Point","coordinates":[147.60578,-36.47167]},"properties":{"n":"Mount Cravensville Natural Features and Scenic Reserve","k":"park"}},{"type":"Feature","geometry":{"type":"Point","coordinates":[147.53381,-36.33464]},"properties":{"n":"Mount Cudgewa","k":"peak","e":1098}},{"type":"Feature","geometry":{"type":"Point","coordinates":[145.55038,-37.19778]},"properties":{"n":"Mount Cunningham","k":"peak"}},{"type":"Feature","geometry":{"type":"Point","coordinates":[147.00664,-37.3356]},"properties":{"n":"Mount Cynthia","k":"peak","e":902}},{"type":"Feature","geometry":{"type":"Point","coordinates":[146.41347,-37.25625]},"properties":{"n":"Mount Darling","k":"peak","e":1194}},{"type":"Feature","geometry":{"type":"Point","coordinates":[146.82518,-37.2503]},"properties":{"n":"Mount Darling","k":"peak","e":1515}},{"type":"Feature","geometry":{"type":"Point","coordinates":[146.85134,-37.34181]},"properties":{"n":"Mount Darling - Snowy Bluff Wilderness Zone","k":"park"}},{"type":"Feature","geometry":{"type":"Point","coordinates":[146.87499,-37.25225]},"properties":{"n":"Mount Darling Gap","k":"saddle","e":977}},{"type":"Feature","geometry":{"type":"Point","coordinates":[146.80267,-37.30612]},"properties":{"n":"Mount Darling Saddle","k":"saddle"}},{"type":"Feature","geometry":{"type":"Point","coordinates":[146.94123,-37.41517]},"properties":{"n":"Mount Dawson","k":"peak"}},{"type":"Feature","geometry":{"type":"Point","coordinates":[148.16539,-37.41701]},"properties":{"n":"Mount Dawson","k":"peak"}},{"type":"Feature","geometry":{"type":"Point","coordinates":[148.03081,-37.12553]},"properties":{"n":"Mount Deception","k":"peak"}},{"type":"Feature","geometry":{"type":"Point","coordinates":[147.5304,-37.31969]},"properties":{"n":"Mount Delusion","k":"peak"}},{"type":"Feature","geometry":{"type":"Point","coordinates":[146.67433,-37.11282]},"properties":{"n":"Mount Despair","k":"peak","e":1464}},{"type":"Feature","geometry":{"type":"Point","coordinates":[145.54453,-37.42363]},"properties":{"n":"Mount Despair","k":"peak","e":881}},{"type":"Feature","geometry":{"type":"Point","coordinates":[147.19925,-37.70368]},"properties":{"n":"Mount Difficulty","k":"peak","e":501}},{"type":"Feature","geometry":{"type":"Point","coordinates":[147.21964,-37.56248]},"properties":{"n":"Mount Djoandah","k":"peak","e":770}},{"type":"Feature","geometry":{"type":"Point","coordinates":[145.65782,-37.59004]},"properties":{"n":"Mount Dom Dom","k":"peak","e":730}},{"type":"Feature","geometry":{"type":"Point","coordinates":[145.68118,-37.70652]},"properties":{"n":"Mount Donna Buang","k":"peak","e":1250}},{"type":"Feature","geometry":{"type":"Point","coordinates":[145.68136,-37.70657]},"properties":{"n":"Mount Donna Buang Observation Tower","k":"lookout"}},{"type":"Feature","geometry":{"type":"Point","coordinates":[147.29615,-36.53789]},"properties":{"n":"Mount Dorchap","k":"peak","e":1056}},{"type":"Feature","geometry":{"type":"Point","coordinates":[147.6424,-37.42457]},"properties":{"n":"Mount Dow","k":"peak"}},{"type":"Feature","geometry":{"type":"Point","coordinates":[148.24769,-36.43022]},"properties":{"n":"Mount Du Faur","k":"peak","e":2159}},{"type":"Feature","geometry":{"type":"Point","coordinates":[146.03963,-37.48625]},"properties":{"n":"Mount Duffy","k":"peak","e":1029}},{"type":"Feature","geometry":{"type":"Point","coordinates":[146.5126,-37.21972]},"properties":{"n":"Mount Eadley Stoney","k":"peak","e":1665}},{"type":"Feature","geometry":{"type":"Point","coordinates":[146.27769,-37.68741]},"properties":{"n":"Mount Easton","k":"peak","e":1000}},{"type":"Feature","geometry":{"type":"Point","coordinates":[147.02729,-36.82502]},"properties":{"n":"Mount Ebenezer","k":"peak"}},{"type":"Feature","geometry":{"type":"Point","coordinates":[145.76769,-37.54201]},"properties":{"n":"Mount Edgar","k":"peak"}},{"type":"Feature","geometry":{"type":"Point","coordinates":[148.19294,-37.33101]},"properties":{"n":"Mount Elephant","k":"peak","e":760}},{"type":"Feature","geometry":{"type":"Point","coordinates":[146.64822,-37.61665]},"properties":{"n":"Mount Eliza","k":"peak"}},{"type":"Feature","geometry":{"type":"Point","coordinates":[147.93284,-37.53833]},"properties":{"n":"Mount Elizabeth Nature Conservation Reserve","k":"park"}},{"type":"Feature","geometry":{"type":"Point","coordinates":[147.9194,-37.48447]},"properties":{"n":"Mount Elizabeth Number 1","k":"peak"}},{"type":"Feature","geometry":{"type":"Point","coordinates":[147.93242,-37.48862]},"properties":{"n":"Mount Elizabeth Number 2","k":"peak","e":941}},{"type":"Feature","geometry":{"type":"Point","coordinates":[147.97826,-36.18566]},"properties":{"n":"Mount Elliot","k":"peak","e":939}},{"type":"Feature","geometry":{"type":"Point","coordinates":[147.24301,-36.57804]},"properties":{"n":"Mount Elmo","k":"peak"}},{"type":"Feature","geometry":{"type":"Point","coordinates":[147.22011,-36.6717]},"properties":{"n":"Mount Emu","k":"peak","e":1361}},{"type":"Feature","geometry":{"type":"Point","coordinates":[146.56592,-36.74115]},"properties":{"n":"Mount Emu","k":"peak"}},{"type":"Feature","geometry":{"type":"Point","coordinates":[145.91203,-37.17354]},"properties":{"n":"Mount Enterprise","k":"peak","e":680}},{"type":"Feature","geometry":{"type":"Point","coordinates":[146.34384,-37.87611]},"properties":{"n":"Mount Erica","k":"peak","e":1509}},{"type":"Feature","geometry":{"type":"Point","coordinates":[147.21202,-37.32316]},"properties":{"n":"Mount Ewen","k":"peak"}},{"type":"Feature","geometry":{"type":"Point","coordinates":[147.18244,-36.84567]},"properties":{"n":"Mount Fainter North","k":"peak","e":1817}},{"type":"Feature","geometry":{"type":"Point","coordinates":[147.1887,-36.85423]},"properties":{"n":"Mount Fainter South","k":"peak","e":1861}},{"type":"Feature","geometry":{"type":"Point","coordinates":[147.13813,-36.89416]},"properties":{"n":"Mount Feathertop","k":"peak","e":1922}},{"type":"Feature","geometry":{"type":"Point","coordinates":[147.34482,-36.11829]},"properties":{"n":"Mount Firebrace","k":"peak","e":742}},{"type":"Feature","geometry":{"type":"Point","coordinates":[147.68437,-36.83865]},"properties":{"n":"Mount Fraser","k":"peak"}},{"type":"Feature","geometry":{"type":"Point","coordinates":[147.10011,-37.03812]},"properties":{"n":"Mount Freezeout","k":"peak","e":1642}},{"type":"Feature","geometry":{"type":"Point","coordinates":[147.5045,-37.08995]},"properties":{"n":"Mount George","k":"peak"}},{"type":"Feature","geometry":{"type":"Point","coordinates":[147.96159,-36.61324]},"properties":{"n":"Mount Gibbo","k":"peak","e":1757}},{"type":"Feature","geometry":{"type":"Point","coordinates":[147.94368,-36.62332]},"properties":{"n":"Mount Gibbo Natural Features and Scenic Reserve","k":"park"}},{"type":"Feature","geometry":{"type":"Point","coordinates":[147.60087,-37.20162]},"properties":{"n":"Mount Gingee Munjie","k":"peak"}},{"type":"Feature","geometry":{"type":"Point","coordinates":[146.21968,-36.4461]},"properties":{"n":"Mount Glenrowan","k":"peak"}},{"type":"Feature","geometry":{"type":"Point","coordinates":[146.80146,-37.80022]},"properties":{"n":"Mount Gog","k":"peak","e":536}},{"type":"Feature","geometry":{"type":"Point","coordinates":[145.71237,-37.51587]},"properties":{"n":"Mount Gordon","k":"peak","e":761}},{"type":"Feature","geometry":{"type":"Point","coordinates":[145.81922,-37.53318]},"properties":{"n":"Mount Grant","k":"peak","e":1063}},{"type":"Feature","geometry":{"type":"Point","coordinates":[147.14736,-37.33896]},"properties":{"n":"Mount Grant","k":"peak","e":1215}},{"type":"Feature","geometry":{"type":"Point","coordinates":[147.27467,-36.13495]},"properties":{"n":"Mount Granya","k":"peak","e":870}},{"type":"Feature","geometry":{"type":"Point","coordinates":[147.28448,-36.11436]},"properties":{"n":"Mount Granya State Park","k":"park"}},{"type":"Feature","geometry":{"type":"Point","coordinates":[146.13256,-37.69051]},"properties":{"n":"Mount Gregory","k":"peak","e":1195}},{"type":"Feature","geometry":{"type":"Point","coordinates":[146.09479,-37.69179]},"properties":{"n":"Mount Gregory Reference Area","k":"park"}},{"type":"Feature","geometry":{"type":"Point","coordinates":[148.29348,-37.00606]},"properties":{"n":"Mount Hamilton","k":"peak"}},{"type":"Feature","geometry":{"type":"Point","coordinates":[146.98339,-37.25457]},"properties":{"n":"Mount Hart","k":"peak","e":1271}},{"type":"Feature","geometry":{"type":"Point","coordinates":[146.82075,-37.84032]},"properties":{"n":"Mount Hedrick","k":"peak","e":450}},{"type":"Feature","geometry":{"type":"Point","coordinates":[147.14446,-36.98579]},"properties":{"n":"Mount Higginbotham","k":"peak","e":1814}},{"type":"Feature","geometry":{"type":"Point","coordinates":[147.57842,-37.55361]},"properties":{"n":"Mount Hoad","k":"peak"}},{"type":"Feature","geometry":{"type":"Point","coordinates":[147.09727,-37.00213]},"properties":{"n":"Mount Hope","k":"peak"}},{"type":"Feature","geometry":{"type":"Point","coordinates":[147.9968,-36.67644]},"properties":{"n":"Mount Hope","k":"peak","e":1558}},{"type":"Feature","geometry":{"type":"Point","coordinates":[147.82028,-37.29449]},"properties":{"n":"Mount Hopeful","k":"peak","e":640}},{"type":"Feature","geometry":{"type":"Point","coordinates":[147.77735,-37.21035]},"properties":{"n":"Mount Hopeless","k":"peak"}},{"type":"Feature","geometry":{"type":"Point","coordinates":[146.04633,-37.77358]},"properties":{"n":"Mount Horsfall","k":"peak","e":1134}},{"type":"Feature","geometry":{"type":"Point","coordinates":[147.12809,-36.9753]},"properties":{"n":"Mount Hotham","k":"peak","e":1861}},{"type":"Feature","geometry":{"type":"Point","coordinates":[147.14703,-36.97788]},"properties":{"n":"Mount Hotham","k":"resort"}},{"type":"Feature","geometry":{"type":"Point","coordinates":[146.64772,-37.17423]},"properties":{"n":"Mount Howitt","k":"peak","e":1746}},{"type":"Feature","geometry":{"type":"Point","coordinates":[146.78417,-37.62991]},"properties":{"n":"Mount Hump","k":"peak","e":1238}},{"type":"Feature","geometry":{"type":"Point","coordinates":[147.22768,-37.43871]},"properties":{"n":"Mount Hurley","k":"peak","e":736}},{"type":"Feature","geometry":{"type":"Point","coordinates":[146.94982,-36.4935]},"properties":{"n":"Mount Jack","k":"peak","e":1190}},{"type":"Feature","geometry":{"type":"Point","coordinates":[147.19237,-36.89053]},"properties":{"n":"Mount Jaithmathang","k":"peak","e":1852}},{"type":"Feature","geometry":{"type":"Point","coordinates":[147.21554,-36.9215]},"properties":{"n":"Mount Jim","k":"peak","e":1818}},{"type":"Feature","geometry":{"type":"Point","coordinates":[148.08929,-37.47686]},"properties":{"n":"Mount Johnston","k":"peak","e":614}},{"type":"Feature","geometry":{"type":"Point","coordinates":[147.66063,-37.12774]},"properties":{"n":"Mount Jonas","k":"peak"}},{"type":"Feature","geometry":{"type":"Point","coordinates":[145.62889,-37.64961]},"properties":{"n":"Mount Juliet","k":"peak","e":1110}},{"type":"Feature","geometry":{"type":"Point","coordinates":[146.96838,-37.41749]},"properties":{"n":"Mount Kent","k":"peak","e":1561}},{"type":"Feature","geometry":{"type":"Point","coordinates":[146.32566,-37.84978]},"properties":{"n":"Mount Kernot","k":"peak"}},{"type":"Feature","geometry":{"type":"Point","coordinates":[146.18034,-36.2504]},"properties":{"n":"Mount Killawarra","k":"peak"}},{"type":"Feature","geometry":{"type":"Point","coordinates":[145.76229,-37.55378]},"properties":{"n":"Mount Kitchener","k":"peak"}},{"type":"Feature","geometry":{"type":"Point","coordinates":[145.51817,-37.46742]},"properties":{"n":"Mount Klondyke","k":"peak"}},{"type":"Feature","geometry":{"type":"Point","coordinates":[146.62705,-37.10338]},"properties":{"n":"Mount Koonika","k":"peak","e":1594}},{"type":"Feature","geometry":{"type":"Point","coordinates":[148.26351,-36.45583]},"properties":{"n":"Mount Kosciuszko","k":"peak","e":2228}},{"type":"Feature","geometry":{"type":"Point","coordinates":[146.73084,-36.10736]},"properties":{"n":"Mount Lady Franklin","k":"peak"}},{"type":"Feature","geometry":{"type":"Point","coordinates":[146.92997,-37.3163]},"properties":{"n":"Mount Larrit","k":"peak","e":957}},{"type":"Feature","geometry":{"type":"Point","coordinates":[147.44441,-36.05037]},"properties":{"n":"Mount Lawson State Park","k":"park"}},{"type":"Feature","geometry":{"type":"Point","coordinates":[148.28584,-36.41885]},"properties":{"n":"Mount Lee","k":"peak","e":2106}},{"type":"Feature","geometry":{"type":"Point","coordinates":[147.905,-36.91452]},"properties":{"n":"Mount Leinster","k":"peak"}},{"type":"Feature","geometry":{"type":"Point","coordinates":[145.90818,-36.77506]},"properties":{"n":"Mount Lindsay","k":"peak"}},{"type":"Feature","geometry":{"type":"Point","coordinates":[147.26535,-36.78539]},"properties":{"n":"Mount Little Arthur","k":"peak"}},{"type":"Feature","geometry":{"type":"Point","coordinates":[147.10904,-37.00121]},"properties":{"n":"Mount Little Blowhard","k":"peak","e":1620}},{"type":"Feature","geometry":{"type":"Point","coordinates":[147.82914,-37.65762]},"properties":{"n":"Mount Little Dick","k":"peak","e":320}},{"type":"Feature","geometry":{"type":"Point","coordinates":[145.67018,-37.76234]},"properties":{"n":"Mount Little Joe","k":"peak"}},{"type":"Feature","geometry":{"type":"Point","coordinates":[145.94629,-36.7569]},"properties":{"n":"Mount Little Victoria","k":"peak"}},{"type":"Feature","geometry":{"type":"Point","coordinates":[147.55083,-37.14163]},"properties":{"n":"Mount Livingstone","k":"peak","e":1226}},{"type":"Feature","geometry":{"type":"Point","coordinates":[147.15619,-36.95643]},"properties":{"n":"Mount Loch","k":"peak","e":1865}},{"type":"Feature","geometry":{"type":"Point","coordinates":[146.76161,-37.36244]},"properties":{"n":"Mount Lookout","k":"peak","e":1666}},{"type":"Feature","geometry":{"type":"Point","coordinates":[146.53432,-37.49519]},"properties":{"n":"Mount Lookout","k":"peak","e":856}},{"type":"Feature","geometry":{"type":"Point","coordinates":[146.35812,-37.69374]},"properties":{"n":"Mount Lookout","k":"peak","e":1108}},{"type":"Feature","geometry":{"type":"Point","coordinates":[147.54781,-37.74815]},"properties":{"n":"Mount Lookout","k":"peak"}},{"type":"Feature","geometry":{"type":"Point","coordinates":[146.55405,-37.21027]},"properties":{"n":"Mount Lovick","k":"peak","e":1684}},{"type":"Feature","geometry":{"type":"Point","coordinates":[146.62073,-37.18932]},"properties":{"n":"Mount Magdala","k":"peak","e":1725}},{"type":"Feature","geometry":{"type":"Point","coordinates":[145.69435,-36.36102]},"properties":{"n":"Mount Major","k":"peak","e":381}},{"type":"Feature","geometry":{"type":"Point","coordinates":[146.692,-37.59151]},"properties":{"n":"Mount Margaret","k":"peak","e":1094}},{"type":"Feature","geometry":{"type":"Point","coordinates":[145.79519,-37.47715]},"properties":{"n":"Mount Margaret","k":"peak"}},{"type":"Feature","geometry":{"type":"Point","coordinates":[146.80319,-37.80642]},"properties":{"n":"Mount Margaret","k":"peak"}},{"type":"Feature","geometry":{"type":"Point","coordinates":[145.80335,-37.45229]},"properties":{"n":"Mount Margaret Gap","k":"saddle"}},{"type":"Feature","geometry":{"type":"Point","coordinates":[147.51868,-36.68329]},"properties":{"n":"Mount Martin","k":"peak"}},{"type":"Feature","geometry":{"type":"Point","coordinates":[146.85391,-36.87009]},"properties":{"n":"Mount Mary","k":"peak","e":1024}},{"type":"Feature","geometry":{"type":"Point","coordinates":[146.19041,-37.57486]},"properties":{"n":"Mount Matlock","k":"peak","e":1372}},{"type":"Feature","geometry":{"type":"Point","coordinates":[145.57082,-37.14205]},"properties":{"n":"Mount Maxwell","k":"peak"}},{"type":"Feature","geometry":{"type":"Point","coordinates":[146.93224,-37.32948]},"properties":{"n":"Mount McAdam","k":"peak","e":849}},{"type":"Feature","geometry":{"type":"Point","coordinates":[146.94092,-37.33557]},"properties":{"n":"Mount McAdam Reference Area","k":"park"}},{"type":"Feature","geometry":{"type":"Point","coordinates":[146.4644,-37.28634]},"properties":{"n":"Mount McDonald","k":"peak","e":1620}},{"type":"Feature","geometry":{"type":"Point","coordinates":[146.43525,-37.38174]},"properties":{"n":"Mount McKinty","k":"peak","e":1350}},{"type":"Feature","geometry":{"type":"Point","coordinates":[148.25009,-37.456]},"properties":{"n":"Mount McLeod","k":"peak"}},{"type":"Feature","geometry":{"type":"Point","coordinates":[147.85582,-37.14741]},"properties":{"n":"Mount Mcadam","k":"peak"}},{"type":"Feature","geometry":{"type":"Point","coordinates":[146.71941,-36.96573]},"properties":{"n":"Mount Mciver","k":"peak","e":810}},{"type":"Feature","geometry":{"type":"Point","coordinates":[146.0783,-36.36211]},"properties":{"n":"Mount Meg","k":"peak","e":320}},{"type":"Feature","geometry":{"type":"Point","coordinates":[146.05147,-36.39776]},"properties":{"n":"Mount Meg Nature Conservation Reserve","k":"park"}},{"type":"Feature","geometry":{"type":"Point","coordinates":[147.58036,-37.09309]},"properties":{"n":"Mount Mesley","k":"peak"}},{"type":"Feature","geometry":{"type":"Point","coordinates":[147.9395,-36.82727]},"properties":{"n":"Mount Misery","k":"peak","e":1590}},{"type":"Feature","geometry":{"type":"Point","coordinates":[147.38243,-36.53582]},"properties":{"n":"Mount Misery","k":"peak"}},{"type":"Feature","geometry":{"type":"Point","coordinates":[145.63636,-37.42097]},"properties":{"n":"Mount Mitchell","k":"peak","e":935}},{"type":"Feature","geometry":{"type":"Point","coordinates":[147.86282,-36.14991]},"properties":{"n":"Mount Mitta Mitta","k":"peak","e":1003}},{"type":"Feature","geometry":{"type":"Point","coordinates":[147.86619,-36.15053]},"properties":{"n":"Mount Mitta Mitta Flora Reserve","k":"park"}},{"type":"Feature","geometry":{"type":"Point","coordinates":[147.90211,-36.12199]},"properties":{"n":"Mount Mitta Mitta Regional Park","k":"park"}},{"type":"Feature","geometry":{"type":"Point","coordinates":[145.57436,-37.58601]},"properties":{"n":"Mount Monda","k":"peak"}},{"type":"Feature","geometry":{"type":"Point","coordinates":[147.1435,-37.74737]},"properties":{"n":"Mount Moornapa","k":"peak","e":480}},{"type":"Feature","geometry":{"type":"Point","coordinates":[147.14793,-37.75337]},"properties":{"n":"Mount Moornapa Flora Reserve","k":"park"}},{"type":"Feature","geometry":{"type":"Point","coordinates":[147.92514,-36.39535]},"properties":{"n":"Mount Morgan","k":"peak","e":1087}},{"type":"Feature","geometry":{"type":"Point","coordinates":[145.90647,-37.56612]},"properties":{"n":"Mount Morgan","k":"peak"}},{"type":"Feature","geometry":{"type":"Point","coordinates":[146.2871,-37.85262]},"properties":{"n":"Mount Mueller","k":"peak","e":1451}},{"type":"Feature","geometry":{"type":"Point","coordinates":[147.658,-37.17647]},"properties":{"n":"Mount Mungobala","k":"peak"}},{"type":"Feature","geometry":{"type":"Point","coordinates":[148.00352,-36.73038]},"properties":{"n":"Mount Murphy","k":"peak","e":1456}},{"type":"Feature","geometry":{"type":"Point","coordinates":[147.99854,-36.72704]},"properties":{"n":"Mount Murphy Historic Area","k":"park"}},{"type":"Feature","geometry":{"type":"Point","coordinates":[146.98946,-36.2726]},"properties":{"n":"Mount Murramurrangbong","k":"peak"}},{"type":"Feature","geometry":{"type":"Point","coordinates":[146.99187,-37.06538]},"properties":{"n":"Mount Murray","k":"peak","e":1640}},{"type":"Feature","geometry":{"type":"Point","coordinates":[148.22379,-37.34521]},"properties":{"n":"Mount Murrindal","k":"peak"}},{"type":"Feature","geometry":{"type":"Point","coordinates":[145.60354,-37.50397]},"properties":{"n":"Mount Murrindindi","k":"peak"}},{"type":"Feature","geometry":{"type":"Point","coordinates":[145.73383,-37.82684]},"properties":{"n":"Mount Myrtalia","k":"peak","e":799}},{"type":"Feature","geometry":{"type":"Point","coordinates":[147.3402,-36.84462]},"properties":{"n":"Mount Nelse","k":"peak","e":1882}},{"type":"Feature","geometry":{"type":"Point","coordinates":[147.33776,-36.83286]},"properties":{"n":"Mount Nelse North","k":"peak","e":1885}},{"type":"Feature","geometry":{"type":"Point","coordinates":[147.32439,-36.8296]},"properties":{"n":"Mount Nelse West","k":"peak","e":1893}},{"type":"Feature","geometry":{"type":"Point","coordinates":[145.53627,-37.18437]},"properties":{"n":"Mount Nibo","k":"peak"}},{"type":"Feature","geometry":{"type":"Point","coordinates":[148.27897,-36.4297]},"properties":{"n":"Mount Northcote","k":"peak","e":2129}},{"type":"Feature","geometry":{"type":"Point","coordinates":[148.09119,-37.69174]},"properties":{"n":"Mount Nowa Nowa","k":"peak","e":354}},{"type":"Feature","geometry":{"type":"Point","coordinates":[147.89676,-37.2283]},"properties":{"n":"Mount Nugong","k":"peak","e":1481}},{"type":"Feature","geometry":{"type":"Point","coordinates":[146.42512,-37.05743]},"properties":{"n":"Mount Number 3","k":"peak","e":1560}},{"type":"Feature","geometry":{"type":"Point","coordinates":[145.84779,-37.56768]},"properties":{"n":"Mount Observation","k":"peak"}},{"type":"Feature","geometry":{"type":"Point","coordinates":[145.70966,-37.0433]},"properties":{"n":"Mount Paradox","k":"peak","e":552}},{"type":"Feature","geometry":{"type":"Point","coordinates":[147.38063,-37.12224]},"properties":{"n":"Mount Parslow","k":"peak","e":1273}},{"type":"Feature","geometry":{"type":"Point","coordinates":[147.97759,-36.87638]},"properties":{"n":"Mount Pendergast","k":"peak"}},{"type":"Feature","geometry":{"type":"Point","coordinates":[147.43514,-37.20602]},"properties":{"n":"Mount Phipps","k":"peak","e":1536}},{"type":"Feature","geometry":{"type":"Point","coordinates":[146.67055,-36.25162]},"properties":{"n":"Mount Pilot","k":"peak","e":545}},{"type":"Feature","geometry":{"type":"Point","coordinates":[148.00363,-36.53564]},"properties":{"n":"Mount Pinnibar","k":"peak","e":1772}},{"type":"Feature","geometry":{"type":"Point","coordinates":[145.95799,-37.23821]},"properties":{"n":"Mount Pinniger","k":"peak","e":542}},{"type":"Feature","geometry":{"type":"Point","coordinates":[147.75865,-36.96491]},"properties":{"n":"Mount Pleasant","k":"peak","e":883}},{"type":"Feature","geometry":{"type":"Point","coordinates":[146.01586,-36.68098]},"properties":{"n":"Mount Pleasant","k":"peak"}},{"type":"Feature","geometry":{"type":"Point","coordinates":[145.71264,-37.21374]},"properties":{"n":"Mount Pleasant","k":"peak","e":381}},{"type":"Feature","geometry":{"type":"Point","coordinates":[146.48031,-36.86035]},"properties":{"n":"Mount Pleasant","k":"peak","e":691}},{"type":"Feature","geometry":{"type":"Point","coordinates":[146.48603,-36.86429]},"properties":{"n":"Mount Pleasant Reference Area","k":"park"}},{"type":"Feature","geometry":{"type":"Point","coordinates":[146.96215,-36.65725]},"properties":{"n":"Mount Porepunkah","k":"peak","e":1178}},{"type":"Feature","geometry":{"type":"Point","coordinates":[146.97141,-36.66129]},"properties":{"n":"Mount Porepunkah Scenic Reserve","k":"park"}},{"type":"Feature","geometry":{"type":"Point","coordinates":[145.69484,-37.15244]},"properties":{"n":"Mount Prospect","k":"peak","e":477}},{"type":"Feature","geometry":{"type":"Point","coordinates":[145.50163,-37.06932]},"properties":{"n":"Mount Quafftumbla","k":"peak"}},{"type":"Feature","geometry":{"type":"Point","coordinates":[147.23481,-37.7288]},"properties":{"n":"Mount Ray","k":"peak","e":496}},{"type":"Feature","geometry":{"type":"Point","coordinates":[146.72561,-37.39682]},"properties":{"n":"Mount Reynard","k":"peak","e":1710}},{"type":"Feature","geometry":{"type":"Point","coordinates":[145.5739,-37.67102]},"properties":{"n":"Mount Riddell","k":"peak","e":780}},{"type":"Feature","geometry":{"type":"Point","coordinates":[145.75727,-37.62857]},"properties":{"n":"Mount Ritchie","k":"peak","e":1259}},{"type":"Feature","geometry":{"type":"Point","coordinates":[146.69496,-37.60391]},"properties":{"n":"Mount Ronald","k":"peak","e":1076}},{"type":"Feature","geometry":{"type":"Point","coordinates":[146.39014,-37.10011]},"properties":{"n":"Mount Russell","k":"peak","e":1062}},{"type":"Feature","geometry":{"type":"Point","coordinates":[146.39703,-37.10197]},"properties":{"n":"Mount Russell Education Area","k":"park"}},{"type":"Feature","geometry":{"type":"Point","coordinates":[146.3113,-37.83264]},"properties":{"n":"Mount Saint Gwinear","k":"peak","e":1509}},{"type":"Feature","geometry":{"type":"Point","coordinates":[147.78119,-36.37272]},"properties":{"n":"Mount Saint John","k":"peak","e":983}},{"type":"Feature","geometry":{"type":"Point","coordinates":[146.29457,-37.83127]},"properties":{"n":"Mount Saint Phillack","k":"peak","e":1556}},{"type":"Feature","geometry":{"type":"Point","coordinates":[147.55347,-37.06628]},"properties":{"n":"Mount Sam State Forest","k":"park"}},{"type":"Feature","geometry":{"type":"Point","coordinates":[146.06233,-36.85409]},"properties":{"n":"Mount Samaria","k":"lookout"}},{"type":"Feature","geometry":{"type":"Point","coordinates":[146.06238,-36.85427]},"properties":{"n":"Mount Samaria","k":"peak","e":953}},{"type":"Feature","geometry":{"type":"Point","coordinates":[146.06572,-36.88104]},"properties":{"n":"Mount Samaria State Park","k":"park"}},{"type":"Feature","geometry":{"type":"Point","coordinates":[146.96698,-37.16761]},"properties":{"n":"Mount Sarah","k":"peak","e":1555}},{"type":"Feature","geometry":{"type":"Point","coordinates":[146.96542,-37.15865]},"properties":{"n":"Mount Sarah Natural Features and Scenic Reserve","k":"park"}},{"type":"Feature","geometry":{"type":"Point","coordinates":[147.82899,-36.5888]},"properties":{"n":"Mount Sassafras","k":"peak","e":1587}},{"type":"Feature","geometry":{"type":"Point","coordinates":[148.19299,-37.09739]},"properties":{"n":"Mount Seldom Seen","k":"peak"}},{"type":"Feature","geometry":{"type":"Point","coordinates":[146.43411,-37.62257]},"properties":{"n":"Mount Selma","k":"peak","e":1456}},{"type":"Feature","geometry":{"type":"Point","coordinates":[146.89919,-37.04347]},"properties":{"n":"Mount Selwyn","k":"peak","e":1424}},{"type":"Feature","geometry":{"type":"Point","coordinates":[148.28747,-36.39586]},"properties":{"n":"Mount Sentinel","k":"peak","e":1917}},{"type":"Feature","geometry":{"type":"Point","coordinates":[145.84398,-36.78939]},"properties":{"n":"Mount Separation","k":"peak"}},{"type":"Feature","geometry":{"type":"Point","coordinates":[147.81633,-37.06607]},"properties":{"n":"Mount Shanahan","k":"peak"}},{"type":"Feature","geometry":{"type":"Point","coordinates":[147.7662,-37.09674]},"properties":{"n":"Mount Shaw","k":"peak"}},{"type":"Feature","geometry":{"type":"Point","coordinates":[146.4172,-37.50538]},"properties":{"n":"Mount Shillinglaw","k":"peak","e":1301}},{"type":"Feature","geometry":{"type":"Point","coordinates":[146.8865,-37.33141]},"properties":{"n":"Mount Short","k":"peak","e":1072}},{"type":"Feature","geometry":{"type":"Point","coordinates":[147.81519,-37.09993]},"properties":{"n":"Mount Simson","k":"peak"}},{"type":"Feature","geometry":{"type":"Point","coordinates":[146.39252,-37.603]},"properties":{"n":"Mount Singleton","k":"peak"}},{"type":"Feature","geometry":{"type":"Point","coordinates":[146.38526,-37.42618]},"properties":{"n":"Mount Skene","k":"peak","e":1570}},{"type":"Feature","geometry":{"type":"Point","coordinates":[146.37917,-37.42808]},"properties":{"n":"Mount Skene Lookout","k":"lookout"}},{"type":"Feature","geometry":{"type":"Point","coordinates":[146.39246,-37.40543]},"properties":{"n":"Mount Skene Natural Features and Scenic Reserve","k":"park"}},{"type":"Feature","geometry":{"type":"Point","coordinates":[146.39066,-37.43046]},"properties":{"n":"Mount Skene Scenic View Point","k":"lookout"}},{"type":"Feature","geometry":{"type":"Point","coordinates":[147.08072,-37.00174]},"properties":{"n":"Mount Smythe","k":"peak","e":1537}},{"type":"Feature","geometry":{"type":"Point","coordinates":[146.64404,-37.12494]},"properties":{"n":"Mount Speculation","k":"peak","e":1666}},{"type":"Feature","geometry":{"type":"Point","coordinates":[147.07811,-37.01066]},"properties":{"n":"Mount St Bernard","k":"peak","e":1532}},{"type":"Feature","geometry":{"type":"Point","coordinates":[145.52556,-37.56741]},"properties":{"n":"Mount St Leonard","k":"peak","e":1010}},{"type":"Feature","geometry":{"type":"Point","coordinates":[146.37819,-37.59805]},"properties":{"n":"Mount Stander","k":"peak"}},{"type":"Feature","geometry":{"type":"Point","coordinates":[146.80291,-36.45137]},"properties":{"n":"Mount Stanley","k":"peak","e":1050}},{"type":"Feature","geometry":{"type":"Point","coordinates":[146.80282,-36.4512]},"properties":{"n":"Mount Stanley Lookout","k":"lookout"}},{"type":"Feature","geometry":{"type":"Point","coordinates":[146.79114,-36.45979]},"properties":{"n":"Mount Stanley Scenic Reserve","k":"park"}},{"type":"Feature","geometry":{"type":"Point","coordinates":[145.80315,-37.80673]},"properties":{"n":"Mount Starling","k":"peak"}},{"type":"Feature","geometry":{"type":"Point","coordinates":[148.1958,-37.17168]},"properties":{"n":"Mount Statham","k":"peak"}},{"type":"Feature","geometry":{"type":"Point","coordinates":[147.75631,-37.19667]},"properties":{"n":"Mount Stawell","k":"peak"}},{"type":"Feature","geometry":{"type":"Point","coordinates":[147.32862,-37.40941]},"properties":{"n":"Mount Steve","k":"peak","e":987}},{"type":"Feature","geometry":{"type":"Point","coordinates":[148.12742,-37.23703]},"properties":{"n":"Mount Stewart","k":"peak"}},{"type":"Feature","geometry":{"type":"Point","coordinates":[148.12185,-37.24281]},"properties":{"n":"Mount Stewart Natural Features and Scenic Reserve","k":"park"}},{"type":"Feature","geometry":{"type":"Point","coordinates":[148.15202,-37.2503]},"properties":{"n":"Mount Stewart Nature Conservation Reserve","k":"park"}},{"type":"Feature","geometry":{"type":"Point","coordinates":[145.81874,-37.54403]},"properties":{"n":"Mount Stinton","k":"peak","e":1063}},{"type":"Feature","geometry":{"type":"Point","coordinates":[146.49801,-37.12651]},"properties":{"n":"Mount Stirling","k":"peak","e":1747}},{"type":"Feature","geometry":{"type":"Point","coordinates":[148.27469,-36.95011]},"properties":{"n":"Mount Stradbroke","k":"peak","e":1319}},{"type":"Feature","geometry":{"type":"Point","coordinates":[145.92436,-36.92605]},"properties":{"n":"Mount Strathbogie","k":"peak","e":1031}},{"type":"Feature","geometry":{"type":"Point","coordinates":[145.73648,-37.5676]},"properties":{"n":"Mount Strickland","k":"peak","e":1069}},{"type":"Feature","geometry":{"type":"Point","coordinates":[147.05372,-36.9883]},"properties":{"n":"Mount Sugarloaf","k":"peak","e":1511}},{"type":"Feature","geometry":{"type":"Point","coordinates":[147.896,-36.22724]},"properties":{"n":"Mount Sugarloaf","k":"peak","e":609}},{"type":"Feature","geometry":{"type":"Point","coordinates":[145.71272,-36.80018]},"properties":{"n":"Mount Sugarloaf","k":"peak","e":723}},{"type":"Feature","geometry":{"type":"Point","coordinates":[147.707,-37.51449]},"properties":{"n":"Mount Sugarloaf","k":"peak","e":889}},{"type":"Feature","geometry":{"type":"Point","coordinates":[145.91891,-37.21675]},"properties":{"n":"Mount Sugarloaf","k":"peak"}},{"type":"Feature","geometry":{"type":"Point","coordinates":[146.42422,-37.33987]},"properties":{"n":"Mount Sunday","k":"peak","e":1407}},{"type":"Feature","geometry":{"type":"Point","coordinates":[147.20848,-37.0541]},"properties":{"n":"Mount Tabletop","k":"peak","e":1590}},{"type":"Feature","geometry":{"type":"Point","coordinates":[147.20694,-37.05746]},"properties":{"n":"Mount Tabletop (Square Mount)","k":"lookout"}},{"type":"Feature","geometry":{"type":"Point","coordinates":[147.55715,-36.52225]},"properties":{"n":"Mount Tabor","k":"peak"}},{"type":"Feature","geometry":{"type":"Point","coordinates":[147.5395,-36.53426]},"properties":{"n":"Mount Tabor Creek Natural Catchment Area","k":"park"}},{"type":"Feature","geometry":{"type":"Point","coordinates":[147.80792,-37.00707]},"properties":{"n":"Mount Tambo","k":"peak","e":1431}},{"type":"Feature","geometry":{"type":"Point","coordinates":[146.69656,-37.47137]},"properties":{"n":"Mount Tamboritha","k":"peak","e":1509}},{"type":"Feature","geometry":{"type":"Point","coordinates":[145.53133,-37.51462]},"properties":{"n":"Mount Tanglefoot","k":"peak","e":1009}},{"type":"Feature","geometry":{"type":"Point","coordinates":[148.20427,-37.56912]},"properties":{"n":"Mount Tara","k":"peak","e":608}},{"type":"Feature","geometry":{"type":"Point","coordinates":[147.12574,-36.55099]},"properties":{"n":"Mount Tawonga","k":"peak"}},{"type":"Feature","geometry":{"type":"Point","coordinates":[147.56071,-37.70588]},"properties":{"n":"Mount Taylor","k":"peak","e":474}},{"type":"Feature","geometry":{"type":"Point","coordinates":[147.5972,-37.73984]},"properties":{"n":"Mount Taylor","k":"locality","e":106}},{"type":"Feature","geometry":{"type":"Point","coordinates":[148.02264,-36.46637]},"properties":{"n":"Mount Tempest","k":"peak","e":1235}},{"type":"Feature","geometry":{"type":"Point","coordinates":[146.14051,-37.39494]},"properties":{"n":"Mount Terrible","k":"peak","e":1316}},{"type":"Feature","geometry":{"type":"Point","coordinates":[146.14039,-37.39502]},"properties":{"n":"Mount Terrible","k":"lookout"}},{"type":"Feature","geometry":{"type":"Point","coordinates":[146.14015,-37.39482]},"properties":{"n":"Mount Terrible Hut","k":"hut","e":1316}},{"type":"Feature","geometry":{"type":"Point","coordinates":[146.13512,-37.39583]},"properties":{"n":"Mount Terrible Natural Features and Scenic Reserve","k":"park"}},{"type":"Feature","geometry":{"type":"Point","coordinates":[146.20544,-37.04362]},"properties":{"n":"Mount Terry","k":"peak"}},{"type":"Feature","geometry":{"type":"Point","coordinates":[147.24007,-37.49453]},"properties":{"n":"Mount Thomson","k":"peak","e":723}},{"type":"Feature","geometry":{"type":"Point","coordinates":[146.5793,-37.15457]},"properties":{"n":"Mount Thorn","k":"peak","e":1470}},{"type":"Feature","geometry":{"type":"Point","coordinates":[145.64345,-37.85237]},"properties":{"n":"Mount Thule","k":"peak"}},{"type":"Feature","geometry":{"type":"Point","coordinates":[146.31884,-37.15327]},"properties":{"n":"Mount Timbertop (Warrambat)","k":"peak","e":1280}},{"type":"Feature","geometry":{"type":"Point","coordinates":[147.70034,-37.20553]},"properties":{"n":"Mount Tongio","k":"peak"}},{"type":"Feature","geometry":{"type":"Point","coordinates":[145.57011,-37.71148]},"properties":{"n":"Mount Toole-Be-Wong","k":"peak","e":738}},{"type":"Feature","geometry":{"type":"Point","coordinates":[145.56143,-37.71834]},"properties":{"n":"Mount Toolebewong","k":"locality"}},{"type":"Feature","geometry":{"type":"Point","coordinates":[145.54767,-37.71516]},"properties":{"n":"Mount Toolebewong State Forest","k":"park"}},{"type":"Feature","geometry":{"type":"Point","coordinates":[146.10291,-37.83467]},"properties":{"n":"Mount Toorongo","k":"peak","e":1248}},{"type":"Feature","geometry":{"type":"Point","coordinates":[145.93755,-37.35819]},"properties":{"n":"Mount Torbreck","k":"peak","e":1515}},{"type":"Feature","geometry":{"type":"Point","coordinates":[145.93579,-37.36095]},"properties":{"n":"Mount Torbreck Natural Features and Scenic Reserve","k":"park"}},{"type":"Feature","geometry":{"type":"Point","coordinates":[148.25864,-36.42289]},"properties":{"n":"Mount Townsend","k":"peak","e":2209}},{"type":"Feature","geometry":{"type":"Point","coordinates":[145.69767,-37.78294]},"properties":{"n":"Mount Tugwell","k":"peak"}},{"type":"Feature","geometry":{"type":"Point","coordinates":[146.29497,-37.86109]},"properties":{"n":"Mount Tyers","k":"peak"}},{"type":"Feature","geometry":{"type":"Point","coordinates":[146.50299,-36.96199]},"properties":{"n":"Mount Typo","k":"peak","e":982}},{"type":"Feature","geometry":{"type":"Point","coordinates":[147.99157,-36.34314]},"properties":{"n":"Mount Unicorn","k":"peak","e":944}},{"type":"Feature","geometry":{"type":"Point","coordinates":[146.50483,-37.69517]},"properties":{"n":"Mount Useful","k":"peak","e":1436}},{"type":"Feature","geometry":{"type":"Point","coordinates":[146.50732,-37.68323]},"properties":{"n":"Mount Useful Natural Features and Scenic Reserve","k":"park"}},{"type":"Feature","geometry":{"type":"Point","coordinates":[146.57003,-37.71704]},"properties":{"n":"Mount Useful State Forest","k":"park"}},{"type":"Feature","geometry":{"type":"Point","coordinates":[147.05477,-37.4787]},"properties":{"n":"Mount Valentia","k":"peak","e":1434}},{"type":"Feature","geometry":{"type":"Point","coordinates":[146.34667,-37.62205]},"properties":{"n":"Mount Victor","k":"peak"}},{"type":"Feature","geometry":{"type":"Point","coordinates":[148.10879,-37.44045]},"properties":{"n":"Mount Victoria","k":"peak"}},{"type":"Feature","geometry":{"type":"Point","coordinates":[145.69932,-37.72097]},"properties":{"n":"Mount Victoria","k":"peak"}},{"type":"Feature","geometry":{"type":"Point","coordinates":[145.93521,-36.78355]},"properties":{"n":"Mount Victoria","k":"peak","e":570}},{"type":"Feature","geometry":{"type":"Point","coordinates":[146.44986,-36.90195]},"properties":{"n":"Mount View","k":"peak"}},{"type":"Feature","geometry":{"type":"Point","coordinates":[145.69465,-37.63832]},"properties":{"n":"Mount Vinegar","k":"peak"}},{"type":"Feature","geometry":{"type":"Point","coordinates":[146.97045,-37.29439]},"properties":{"n":"Mount Von Guerard","k":"peak","e":1235}},{"type":"Feature","geometry":{"type":"Point","coordinates":[147.81873,-37.16012]},"properties":{"n":"Mount Walterson","k":"peak"}},{"type":"Feature","geometry":{"type":"Point","coordinates":[146.20847,-36.34831]},"properties":{"n":"Mount Warby","k":"peak","e":486}},{"type":"Feature","geometry":{"type":"Point","coordinates":[146.51026,-36.89848]},"properties":{"n":"Mount Warrick","k":"peak"}},{"type":"Feature","geometry":{"type":"Point","coordinates":[147.67941,-37.55772]},"properties":{"n":"Mount Welcome","k":"peak"}},{"type":"Feature","geometry":{"type":"Point","coordinates":[147.3783,-36.56594]},"properties":{"n":"Mount Welcome","k":"peak"}},{"type":"Feature","geometry":{"type":"Point","coordinates":[146.84531,-37.50807]},"properties":{"n":"Mount Wellington","k":"peak","e":1634}},{"type":"Feature","geometry":{"type":"Point","coordinates":[146.24753,-37.7892]},"properties":{"n":"Mount Whitelaw","k":"peak"}},{"type":"Feature","geometry":{"type":"Point","coordinates":[147.47347,-36.81161]},"properties":{"n":"Mount Wills","k":"peak"}},{"type":"Feature","geometry":{"type":"Point","coordinates":[147.50025,-36.84208]},"properties":{"n":"Mount Wills Historic Area","k":"park"}},{"type":"Feature","geometry":{"type":"Point","coordinates":[147.47397,-36.81141]},"properties":{"n":"Mount Wills Hut","k":"hut"}},{"type":"Feature","geometry":{"type":"Point","coordinates":[147.4736,-36.82176]},"properties":{"n":"Mount Wills South","k":"peak"}},{"type":"Feature","geometry":{"type":"Point","coordinates":[146.45379,-37.10182]},"properties":{"n":"Mount Winstanley","k":"peak","e":1526}},{"type":"Feature","geometry":{"type":"Point","coordinates":[148.18007,-36.94131]},"properties":{"n":"Mount Wombargo","k":"peak","e":1665}},{"type":"Feature","geometry":{"type":"Point","coordinates":[145.6732,-36.8495]},"properties":{"n":"Mount Wombat","k":"peak","e":799}},{"type":"Feature","geometry":{"type":"Point","coordinates":[145.65937,-36.84079]},"properties":{"n":"Mount Wombat-Garden Range Flora and Fauna Reserve","k":"park"}},{"type":"Feature","geometry":{"type":"Point","coordinates":[147.512,-37.06459]},"properties":{"n":"Mount Worcester","k":"peak"}},{"type":"Feature","geometry":{"type":"Point","coordinates":[147.17076,-36.62051]},"properties":{"n":"Mount Yorke","k":"peak","e":1262}},{"type":"Feature","geometry":{"type":"Point","coordinates":[148.11863,-36.39469]},"properties":{"n":"Mount Youngal","k":"peak","e":1515}},{"type":"Feature","geometry":{"type":"Point","coordinates":[146.49069,-37.36506]},"properties":{"n":"Mountain Ash Top","k":"peak","e":1333}},{"type":"Feature","geometry":{"type":"Point","coordinates":[146.48989,-37.37232]},"properties":{"n":"Mountain Ash Top Hut","k":"hut"}},{"type":"Feature","geometry":{"type":"Point","coordinates":[147.2525,-36.69981]},"properties":{"n":"Mountain Creek Campsite","k":"campsite"}},{"type":"Feature","geometry":{"type":"Point","coordinates":[147.5639,-36.16284]},"properties":{"n":"Mountain Creek Education Area","k":"park"}},{"type":"Feature","geometry":{"type":"Point","coordinates":[145.85775,-37.14002]},"properties":{"n":"Mountaineer Creek Campground","k":"campsite"}},{"type":"Feature","geometry":{"type":"Point","coordinates":[146.3775,-36.57686]},"properties":{"n":"Moyhu","k":"village"}},{"type":"Feature","geometry":{"type":"Point","coordinates":[147.16849,-36.73688]},"properties":{"n":"Mt Beauty Regulating Pondage","k":"lake"}},{"type":"Feature","geometry":{"type":"Point","coordinates":[146.44947,-37.14626]},"properties":{"n":"Mt Buller Village","k":"locality"}},{"type":"Feature","geometry":{"type":"Point","coordinates":[146.78029,-36.73514]},"properties":{"n":"Mt Dunn","k":"peak","e":1492}},{"type":"Feature","geometry":{"type":"Point","coordinates":[147.2193,-36.67197]},"properties":{"n":"Mt Emu","k":"lookout"}},{"type":"Feature","geometry":{"type":"Point","coordinates":[146.27837,-37.69246]},"properties":{"n":"Mt Little Easton","k":"peak","e":953}},{"type":"Feature","geometry":{"type":"Point","coordinates":[147.24335,-36.87473]},"properties":{"n":"Mt McKay","k":"peak","e":1841}},{"type":"Feature","geometry":{"type":"Point","coordinates":[146.78918,-36.69517]},"properties":{"n":"Mt McLeod","k":"peak","e":1541}},{"type":"Feature","geometry":{"type":"Point","coordinates":[146.99155,-37.06549]},"properties":{"n":"Mt Murray Campsite","k":"campsite"}},{"type":"Feature","geometry":{"type":"Point","coordinates":[146.42502,-37.05751]},"properties":{"n":"Mt No. 3 camp area","k":"campsite"}},{"type":"Feature","geometry":{"type":"Point","coordinates":[146.80341,-36.45153]},"properties":{"n":"Mt Stanley Lookout","k":"lookout"}},{"type":"Feature","geometry":{"type":"Point","coordinates":[146.76365,-36.50262]},"properties":{"n":"Mudgeegonga Bushland Reserve","k":"park"}},{"type":"Feature","geometry":{"type":"Point","coordinates":[146.27594,-37.83865]},"properties":{"n":"Muellers Lookout","k":"lookout"}},{"type":"Feature","geometry":{"type":"Point","coordinates":[148.27019,-36.43993]},"properties":{"n":"Muellers Pass","k":"saddle"}},{"type":"Feature","geometry":{"type":"Point","coordinates":[148.26962,-36.43249]},"properties":{"n":"Muellers Peak","k":"peak","e":2129}},{"type":"Feature","geometry":{"type":"Point","coordinates":[147.11211,-36.60462]},"properties":{"n":"Mullagong I35 Bushland Reserve","k":"park"}},{"type":"Feature","geometry":{"type":"Point","coordinates":[147.12627,-36.62254]},"properties":{"n":"Mullagong I36 Bushland Reserve","k":"park"}},{"type":"Feature","geometry":{"type":"Point","coordinates":[146.55201,-37.85515]},"properties":{"n":"Murderers Hill","k":"peak"}},{"type":"Feature","geometry":{"type":"Point","coordinates":[146.64292,-36.44688]},"properties":{"n":"Murmungee","k":"locality"}},{"type":"Feature","geometry":{"type":"Point","coordinates":[147.12494,-36.6746]},"properties":{"n":"Murmungee H37 Bushland Reserve","k":"park"}},{"type":"Feature","geometry":{"type":"Point","coordinates":[146.672,-36.44694]},"properties":{"n":"Murmungee I37 Bushland Reserve","k":"park"}},{"type":"Feature","geometry":{"type":"Point","coordinates":[146.67263,-36.4646]},"properties":{"n":"Murmungee I38 Bushland Reserve","k":"park"}},{"type":"Feature","geometry":{"type":"Point","coordinates":[146.58198,-36.42082]},"properties":{"n":"Murmungee I75 Bushland Reserve","k":"park"}},{"type":"Feature","geometry":{"type":"Point","coordinates":[146.62755,-36.40566]},"properties":{"n":"Murmungee I76 Bushland Reserve","k":"park"}},{"type":"Feature","geometry":{"type":"Point","coordinates":[146.58909,-36.45199]},"properties":{"n":"Murmungee I77 Bushland Reserve","k":"park"}},{"type":"Feature","geometry":{"type":"Point","coordinates":[146.65659,-36.4875]},"properties":{"n":"Murmungee I79 Bushland Reserve","k":"park"}},{"type":"Feature","geometry":{"type":"Point","coordinates":[146.67449,-36.46117]},"properties":{"n":"Murmungee I80 Bushland Reserve","k":"park"}},{"type":"Feature","geometry":{"type":"Point","coordinates":[146.69644,-36.41582]},"properties":{"n":"Murmungee I81 Bushland Reserve","k":"park"}},{"type":"Feature","geometry":{"type":"Point","coordinates":[146.71188,-36.4188]},"properties":{"n":"Murmungee Lookout","k":"lookout"}},{"type":"Feature","geometry":{"type":"Point","coordinates":[146.65366,-36.40855]},"properties":{"n":"Murmungee Scenic Reserve","k":"park"}},{"type":"Feature","geometry":{"type":"Point","coordinates":[148.18871,-36.24728]},"properties":{"n":"Murray 1 Power Station Viewing Point","k":"lookout"}},{"type":"Feature","geometry":{"type":"Point","coordinates":[148.18599,-36.24184]},"properties":{"n":"Murray 2 Pondage","k":"lake"}},{"type":"Feature","geometry":{"type":"Point","coordinates":[148.12556,-36.46335]},"properties":{"n":"Murray Gates campsite","k":"campsite"}},{"type":"Feature","geometry":{"type":"Point","coordinates":[148.0846,-36.3985]},"properties":{"n":"Murray Gorge","k":"locality"}},{"type":"Feature","geometry":{"type":"Point","coordinates":[146.86592,-36.08656]},"properties":{"n":"Murray River","k":"river"}},{"type":"Feature","geometry":{"type":"Point","coordinates":[145.97773,-35.95863]},"properties":{"n":"Murray River","k":"lake"}},{"type":"Feature","geometry":{"type":"Point","coordinates":[148.07458,-36.3324]},"properties":{"n":"Murray River","k":"lake"}},{"type":"Feature","geometry":{"type":"Point","coordinates":[148.21113,-37.40737]},"properties":{"n":"Murrindal Cave","k":"cave"}},{"type":"Feature","geometry":{"type":"Point","coordinates":[148.23426,-37.39644]},"properties":{"n":"Murrindal Flora Reserve","k":"park"}},{"type":"Feature","geometry":{"type":"Point","coordinates":[148.22441,-37.35699]},"properties":{"n":"Murrindal River","k":"river"}},{"type":"Feature","geometry":{"type":"Point","coordinates":[148.20715,-37.40701]},"properties":{"n":"Murrindal and Lilly Pilly Cave Reserve","k":"park"}},{"type":"Feature","geometry":{"type":"Point","coordinates":[145.60369,-37.51791]},"properties":{"n":"Murrindindi Gap","k":"saddle"}},{"type":"Feature","geometry":{"type":"Point","coordinates":[145.50083,-37.31957]},"properties":{"n":"Murrindindi River","k":"river"}},{"type":"Feature","geometry":{"type":"Point","coordinates":[145.56568,-37.41891]},"properties":{"n":"Murrindindi River Natural Features and Scenic Reserve","k":"park"}},{"type":"Feature","geometry":{"type":"Point","coordinates":[146.35483,-37.88567]},"properties":{"n":"Mushroom Rocks","k":"attraction"}},{"type":"Feature","geometry":{"type":"Point","coordinates":[146.61525,-37.0782]},"properties":{"n":"Mustering Flat","k":"campsite"}},{"type":"Feature","geometry":{"type":"Point","coordinates":[146.29987,-37.8209]},"properties":{"n":"Mustering Flat","k":"locality"}},{"type":"Feature","geometry":{"type":"Point","coordinates":[146.31625,-37.16837]},"properties":{"n":"Muzza's Saddle","k":"saddle"}},{"type":"Feature","geometry":{"type":"Point","coordinates":[146.32164,-36.7312]},"properties":{"n":"Myrrhee","k":"locality"}},{"type":"Feature","geometry":{"type":"Point","coordinates":[146.34847,-36.72298]},"properties":{"n":"Myrrhee H2 Bushland Reserve","k":"park"}},{"type":"Feature","geometry":{"type":"Point","coordinates":[146.29619,-36.63138]},"properties":{"n":"Myrrhee H3 Bushland Reserve","k":"park"}},{"type":"Feature","geometry":{"type":"Point","coordinates":[146.72368,-36.56096]},"properties":{"n":"Myrtleford","k":"town"}},{"type":"Feature","geometry":{"type":"Point","coordinates":[146.78217,-37.16828]},"properties":{"n":"Myrtleford Turn-Off Camping Area","k":"campsite"}},{"type":"Feature","geometry":{"type":"Point","coordinates":[146.96606,-36.75847]},"properties":{"n":"Mystic Hill","k":"peak","e":797}},{"type":"Feature","geometry":{"type":"Point","coordinates":[146.96575,-36.75831]},"properties":{"n":"Mystic Hill Lookout","k":"lookout"}},{"type":"Feature","geometry":{"type":"Point","coordinates":[145.74359,-36.42302]},"properties":{"n":"Nalinga","k":"locality"}},{"type":"Feature","geometry":{"type":"Point","coordinates":[145.7222,-36.42627]},"properties":{"n":"Nalinga Streamside Reserve","k":"park"}},{"type":"Feature","geometry":{"type":"Point","coordinates":[147.83342,-37.47481]},"properties":{"n":"Namestone Point","k":"locality"}},{"type":"Feature","geometry":{"type":"Point","coordinates":[145.53251,-37.87552]},"properties":{"n":"Nangana","k":"locality"}},{"type":"Feature","geometry":{"type":"Point","coordinates":[145.56499,-37.86829]},"properties":{"n":"Nangana Bushland Reserve","k":"park"}},{"type":"Feature","geometry":{"type":"Point","coordinates":[146.30332,-37.12691]},"properties":{"n":"Nappy Valley","k":"locality"}},{"type":"Feature","geometry":{"type":"Point","coordinates":[145.66283,-37.54746]},"properties":{"n":"Narbethong","k":"village"}},{"type":"Feature","geometry":{"type":"Point","coordinates":[147.83172,-36.24211]},"properties":{"n":"Nariel Creek Recreation Reserve","k":"campsite"}},{"type":"Feature","geometry":{"type":"Point","coordinates":[147.87073,-36.28176]},"properties":{"n":"Nariel Gap","k":"saddle"}},{"type":"Feature","geometry":{"type":"Point","coordinates":[146.05974,-36.3572]},"properties":{"n":"Natamatite Creek Bushland Reserve","k":"park"}},{"type":"Feature","geometry":{"type":"Point","coordinates":[148.08949,-36.89648]},"properties":{"n":"Native Dog Flat Camping Area","k":"campsite"}},{"type":"Feature","geometry":{"type":"Point","coordinates":[148.09093,-36.89826]},"properties":{"n":"Native Dog Flat Horse Camping Area","k":"campsite"}},{"type":"Feature","geometry":{"type":"Point","coordinates":[145.52353,-37.22573]},"properties":{"n":"Native Dog Gap","k":"saddle"}},{"type":"Feature","geometry":{"type":"Point","coordinates":[146.62362,-36.32275]},"properties":{"n":"Native Dog Peak","k":"peak"}},{"type":"Feature","geometry":{"type":"Point","coordinates":[146.22354,-36.46146]},"properties":{"n":"Ned Kelly Copse","k":"attraction"}},{"type":"Feature","geometry":{"type":"Point","coordinates":[146.22361,-36.46177]},"properties":{"n":"Ned Kelly's Capture","k":"attraction"}},{"type":"Feature","geometry":{"type":"Point","coordinates":[146.22225,-36.46377]},"properties":{"n":"Ned Kelly's Last Stand","k":"attraction"}},{"type":"Feature","geometry":{"type":"Point","coordinates":[145.75186,-37.35589]},"properties":{"n":"Neds Gully Camping Area","k":"campsite"}},{"type":"Feature","geometry":{"type":"Point","coordinates":[145.73995,-37.36732]},"properties":{"n":"Neds Peak","k":"peak","e":777}},{"type":"Feature","geometry":{"type":"Point","coordinates":[145.73742,-37.36701]},"properties":{"n":"Neds Saddle","k":"saddle"}},{"type":"Feature","geometry":{"type":"Point","coordinates":[146.03746,-37.91685]},"properties":{"n":"Neerim State Forest","k":"park"}},{"type":"Feature","geometry":{"type":"Point","coordinates":[146.84122,-37.35655]},"properties":{"n":"Neilson Crag","k":"peak","e":1346}},{"type":"Feature","geometry":{"type":"Point","coordinates":[146.1141,-36.44634]},"properties":{"n":"Nesting Camp Ground","k":"campsite"}},{"type":"Feature","geometry":{"type":"Point","coordinates":[146.6809,-36.36529]},"properties":{"n":"Newtown Falls and Newtown Bridge","k":"lookout"}},{"type":"Feature","geometry":{"type":"Point","coordinates":[145.94955,-37.32178]},"properties":{"n":"Nicholas Hill","k":"peak"}},{"type":"Feature","geometry":{"type":"Point","coordinates":[145.78167,-37.51698]},"properties":{"n":"Nicholl Lookout","k":"lookout"}},{"type":"Feature","geometry":{"type":"Point","coordinates":[147.73954,-37.81584]},"properties":{"n":"Nicholson","k":"locality"}},{"type":"Feature","geometry":{"type":"Point","coordinates":[147.6499,-37.55236]},"properties":{"n":"Nicholson River","k":"river"}},{"type":"Feature","geometry":{"type":"Point","coordinates":[147.73365,-37.83699]},"properties":{"n":"Nicholson floodplain Gippsland Lakes Reserve","k":"park"}},{"type":"Feature","geometry":{"type":"Point","coordinates":[146.73995,-36.56083]},"properties":{"n":"Nill Gully Reservoir","k":"lake"}},{"type":"Feature","geometry":{"type":"Point","coordinates":[146.04144,-36.98916]},"properties":{"n":"Nillacootie","k":"locality"}},{"type":"Feature","geometry":{"type":"Point","coordinates":[145.47939,-36.14096]},"properties":{"n":"Nine Mile Creek","k":"river"}},{"type":"Feature","geometry":{"type":"Point","coordinates":[146.77033,-36.34971]},"properties":{"n":"Nine Mile Creek Historic and Cultural Features Reserve","k":"park"}},{"type":"Feature","geometry":{"type":"Point","coordinates":[145.66472,-37.58081]},"properties":{"n":"Nissen Hut","k":"hut"}},{"type":"Feature","geometry":{"type":"Point","coordinates":[146.41678,-37.07642]},"properties":{"n":"No. 3 Hut","k":"hut","e":1495}},{"type":"Feature","geometry":{"type":"Point","coordinates":[145.99997,-37.89359]},"properties":{"n":"Noojee","k":"village"}},{"type":"Feature","geometry":{"type":"Point","coordinates":[146.00144,-37.89977]},"properties":{"n":"Noojee Bushland Reserve","k":"park"}},{"type":"Feature","geometry":{"type":"Point","coordinates":[146.02394,-37.82234]},"properties":{"n":"Noojee State Forest","k":"park"}},{"type":"Feature","geometry":{"type":"Point","coordinates":[145.98557,-37.89987]},"properties":{"n":"Noojee Trestle Bridge Historic and Cultural Features Reserve","k":"park"}},{"type":"Feature","geometry":{"type":"Point","coordinates":[146.35992,-37.18718]},"properties":{"n":"Noonan's Hut","k":"hut"}},{"type":"Feature","geometry":{"type":"Point","coordinates":[146.36091,-37.18729]},"properties":{"n":"Noonans Flat","k":"campsite"}},{"type":"Feature","geometry":{"type":"Point","coordinates":[147.27634,-36.37311]},"properties":{"n":"Noorongong Bushland Reserve","k":"park"}},{"type":"Feature","geometry":{"type":"Point","coordinates":[147.28762,-36.87082]},"properties":{"n":"Nordic Bowl","k":"locality"}},{"type":"Feature","geometry":{"type":"Point","coordinates":[147.9787,-37.86584]},"properties":{"n":"North Arm","k":"lake"}},{"type":"Feature","geometry":{"type":"Point","coordinates":[146.75952,-36.68193]},"properties":{"n":"North Buffalo Remote and Natural Area","k":"park"}},{"type":"Feature","geometry":{"type":"Point","coordinates":[146.76319,-36.71061]},"properties":{"n":"North Buffalo Saddle","k":"saddle"}},{"type":"Feature","geometry":{"type":"Point","coordinates":[145.71907,-37.41409]},"properties":{"n":"North Buxton Peak","k":"peak"}},{"type":"Feature","geometry":{"type":"Point","coordinates":[145.74233,-37.38285]},"properties":{"n":"North Jawbone Peak","k":"peak","e":795}},{"type":"Feature","geometry":{"type":"Point","coordinates":[146.28082,-37.83211]},"properties":{"n":"North Tors","k":"peak"}},{"type":"Feature","geometry":{"type":"Point","coordinates":[148.28,-36.42477]},"properties":{"n":"Northcote Pass","k":"saddle"}},{"type":"Feature","geometry":{"type":"Point","coordinates":[146.46266,-36.18056]},"properties":{"n":"Northeast windsport club","k":"attraction"}},{"type":"Feature","geometry":{"type":"Point","coordinates":[147.57282,-37.34364]},"properties":{"n":"Notch Hill","k":"peak"}},{"type":"Feature","geometry":{"type":"Point","coordinates":[148.09101,-37.73184]},"properties":{"n":"Nowa Nowa","k":"village"}},{"type":"Feature","geometry":{"type":"Point","coordinates":[148.0875,-37.72398]},"properties":{"n":"Nowa Nowa Gorge Lookout","k":"lookout"}},{"type":"Feature","geometry":{"type":"Point","coordinates":[145.5074,-37.06499]},"properties":{"n":"Nudie Dam","k":"lake"}},{"type":"Feature","geometry":{"type":"Point","coordinates":[146.70655,-36.66138]},"properties":{"n":"Nug Nug Reserve","k":"campsite"}},{"type":"Feature","geometry":{"type":"Point","coordinates":[147.88866,-37.87836]},"properties":{"n":"Nungurner","k":"locality"}},{"type":"Feature","geometry":{"type":"Point","coordinates":[147.88995,-37.87118]},"properties":{"n":"Nungurner Bushland Reserve","k":"park"}},{"type":"Feature","geometry":{"type":"Point","coordinates":[147.90452,-37.87753]},"properties":{"n":"Nungurner Hill","k":"peak"}},{"type":"Feature","geometry":{"type":"Point","coordinates":[148.00502,-37.20493]},"properties":{"n":"Nunnett Plain Natural Features and Scenic Reserve","k":"park"}},{"type":"Feature","geometry":{"type":"Point","coordinates":[148.07263,-37.28715]},"properties":{"n":"Nunnett State Forest","k":"park"}},{"type":"Feature","geometry":{"type":"Point","coordinates":[147.95311,-37.15211]},"properties":{"n":"Nunniong Plain Natural Features and Scenic Reserve","k":"park"}},{"type":"Feature","geometry":{"type":"Point","coordinates":[147.95301,-37.13705]},"properties":{"n":"Nunniong Plains","k":"locality"}},{"type":"Feature","geometry":{"type":"Point","coordinates":[147.90292,-37.17455]},"properties":{"n":"Nunniong State Forest","k":"park"}},{"type":"Feature","geometry":{"type":"Point","coordinates":[147.93382,-37.87105]},"properties":{"n":"Nyerimilang Park Gippsland Lakes Reserve","k":"park"}},{"type":"Feature","geometry":{"type":"Point","coordinates":[146.81738,-37.53121]},"properties":{"n":"Nyimba Camp","k":"campsite"}},{"type":"Feature","geometry":{"type":"Point","coordinates":[145.80866,-37.67298]},"properties":{"n":"O'Shannassy Reservoir","k":"lake"}},{"type":"Feature","geometry":{"type":"Point","coordinates":[145.81992,-37.67016]},"properties":{"n":"O'Shannassy River","k":"river"}},{"type":"Feature","geometry":{"type":"Point","coordinates":[145.98986,-37.34131]},"properties":{"n":"O'Tooles Flat","k":"campsite"}},{"type":"Feature","geometry":{"type":"Point","coordinates":[145.79809,-37.60631]},"properties":{"n":"OShannassy River Natural Catchment Area","k":"park"}},{"type":"Feature","geometry":{"type":"Point","coordinates":[148.08896,-36.15333]},"properties":{"n":"Oak Hill","k":"peak"}},{"type":"Feature","geometry":{"type":"Point","coordinates":[146.76701,-36.73426]},"properties":{"n":"Og Gog Magog","k":"peak"}},{"type":"Feature","geometry":{"type":"Point","coordinates":[145.97782,-36.55527]},"properties":{"n":"Old Court House Benalla","k":"attraction"}},{"type":"Feature","geometry":{"type":"Point","coordinates":[148.16371,-36.36054]},"properties":{"n":"Old Geehi Hut","k":"hut"}},{"type":"Feature","geometry":{"type":"Point","coordinates":[147.11021,-37.7755]},"properties":{"n":"Old Gold Mine","k":"attraction"}},{"type":"Feature","geometry":{"type":"Point","coordinates":[146.30375,-37.1283]},"properties":{"n":"Old K Unit Gate","k":"locality"}},{"type":"Feature","geometry":{"type":"Point","coordinates":[147.72173,-37.72217]},"properties":{"n":"Old Man Hill","k":"peak"}},{"type":"Feature","geometry":{"type":"Point","coordinates":[147.25562,-36.19348]},"properties":{"n":"Old Tallangatta","k":"village"}},{"type":"Feature","geometry":{"type":"Point","coordinates":[147.2576,-36.20185]},"properties":{"n":"Old Tallangatta Lookout","k":"attraction"}},{"type":"Feature","geometry":{"type":"Point","coordinates":[145.6728,-37.76845]},"properties":{"n":"Old Warburton","k":"locality"}},{"type":"Feature","geometry":{"type":"Point","coordinates":[145.89512,-37.41203]},"properties":{"n":"Old hut and ruins","k":"hut"}},{"type":"Feature","geometry":{"type":"Point","coordinates":[148.25126,-36.35945]},"properties":{"n":"Olsens Lookout","k":"lookout"}},{"type":"Feature","geometry":{"type":"Point","coordinates":[147.59225,-37.1004]},"properties":{"n":"Omeo","k":"town"}},{"type":"Feature","geometry":{"type":"Point","coordinates":[147.62021,-37.12244]},"properties":{"n":"Omeo Bushland Reserve","k":"park"}},{"type":"Feature","geometry":{"type":"Point","coordinates":[148.28416,-36.79796]},"properties":{"n":"Omeo Flat","k":"locality"}},{"type":"Feature","geometry":{"type":"Point","coordinates":[146.29002,-36.3152]},"properties":{"n":"One Mile Creek","k":"river"}},{"type":"Feature","geometry":{"type":"Point","coordinates":[146.68121,-36.34807]},"properties":{"n":"One Tree Hill","k":"lookout"}},{"type":"Feature","geometry":{"type":"Point","coordinates":[146.45625,-37.14795]},"properties":{"n":"One Tree Hill","k":"peak"}},{"type":"Feature","geometry":{"type":"Point","coordinates":[146.68104,-36.34825]},"properties":{"n":"One Tree Hill","k":"peak"}},{"type":"Feature","geometry":{"type":"Point","coordinates":[146.07008,-37.06755]},"properties":{"n":"One Tree Hill","k":"peak","e":426}},{"type":"Feature","geometry":{"type":"Point","coordinates":[147.03984,-37.43429]},"properties":{"n":"One Tree Hill","k":"peak"}},{"type":"Feature","geometry":{"type":"Point","coordinates":[148.25813,-37.49835]},"properties":{"n":"One Tree Hill Lookout","k":"lookout"}},{"type":"Feature","geometry":{"type":"Point","coordinates":[148.19689,-37.44394]},"properties":{"n":"Oolite Cave","k":"cave"}},{"type":"Feature","geometry":{"type":"Point","coordinates":[148.27466,-36.38739]},"properties":{"n":"Opera House","k":"hut"}},{"type":"Feature","geometry":{"type":"Point","coordinates":[147.57514,-37.10694]},"properties":{"n":"Oriental Claims Historic Area","k":"park"}},{"type":"Feature","geometry":{"type":"Point","coordinates":[146.45804,-37.62196]},"properties":{"n":"Oriental Saddle","k":"saddle"}},{"type":"Feature","geometry":{"type":"Point","coordinates":[146.89268,-36.30995]},"properties":{"n":"Osbornes Flat","k":"locality"}},{"type":"Feature","geometry":{"type":"Point","coordinates":[146.76389,-36.58935]},"properties":{"n":"Ovens","k":"village"}},{"type":"Feature","geometry":{"type":"Point","coordinates":[146.36515,-36.38086]},"properties":{"n":"Ovens Billabong Bushland Reserve","k":"park"}},{"type":"Feature","geometry":{"type":"Point","coordinates":[146.27919,-36.29319]},"properties":{"n":"Ovens River","k":"river"}},{"type":"Feature","geometry":{"type":"Point","coordinates":[146.22371,-36.1452]},"properties":{"n":"Ovens River Heritage River","k":"park"}},{"type":"Feature","geometry":{"type":"Point","coordinates":[146.99351,-36.73262]},"properties":{"n":"Ovens River J15 Streamside Reserve","k":"park"}},{"type":"Feature","geometry":{"type":"Point","coordinates":[146.94729,-36.72009]},"properties":{"n":"Ovens River J16 Streamside Reserve","k":"park"}},{"type":"Feature","geometry":{"type":"Point","coordinates":[147.01963,-36.74969]},"properties":{"n":"Ovens River J20 Streamside Reserve","k":"park"}},{"type":"Feature","geometry":{"type":"Point","coordinates":[146.59935,-36.49226]},"properties":{"n":"Ovens River K16 Streamside Reserve","k":"park"}},{"type":"Feature","geometry":{"type":"Point","coordinates":[146.45662,-36.41421]},"properties":{"n":"Ovens River Reserve","k":"campsite"}},{"type":"Feature","geometry":{"type":"Point","coordinates":[147.05229,-36.903]},"properties":{"n":"Ovens River West Branch","k":"river"}},{"type":"Feature","geometry":{"type":"Point","coordinates":[146.35495,-37.88537]},"properties":{"n":"Overhanging Rock","k":"cave"}},{"type":"Feature","geometry":{"type":"Point","coordinates":[145.91235,-37.1199]},"properties":{"n":"Owens Hill","k":"peak"}},{"type":"Feature","geometry":{"type":"Point","coordinates":[146.38398,-36.44327]},"properties":{"n":"Oxley","k":"village"}},{"type":"Feature","geometry":{"type":"Point","coordinates":[146.38626,-36.44055]},"properties":{"n":"Oxley Bushland Reserve","k":"park"}},{"type":"Feature","geometry":{"type":"Point","coordinates":[145.76139,-37.52879]},"properties":{"n":"Oxley Lookout","k":"lookout"}},{"type":"Feature","geometry":{"type":"Point","coordinates":[146.385,-36.47056]},"properties":{"n":"Oxley Recreation Reserve","k":"campsite"}},{"type":"Feature","geometry":{"type":"Point","coordinates":[146.36978,-36.44194]},"properties":{"n":"Oxley Streamside Reserve","k":"park"}},{"type":"Feature","geometry":{"type":"Point","coordinates":[146.61439,-36.49063]},"properties":{"n":"Paddy Gully","k":"river"}},{"type":"Feature","geometry":{"type":"Point","coordinates":[146.91149,-36.91011]},"properties":{"n":"Paddy Hill","k":"peak","e":970}},{"type":"Feature","geometry":{"type":"Point","coordinates":[146.97548,-37.71598]},"properties":{"n":"Paddy Lees Crossing","k":"locality"}},{"type":"Feature","geometry":{"type":"Point","coordinates":[145.88188,-37.47061]},"properties":{"n":"Panorama Lookout","k":"lookout"}},{"type":"Feature","geometry":{"type":"Point","coordinates":[145.57213,-37.70152]},"properties":{"n":"Panton Gap","k":"saddle"}},{"type":"Feature","geometry":{"type":"Point","coordinates":[146.43763,-36.8674]},"properties":{"n":"Paradise Falls view","k":"lookout"}},{"type":"Feature","geometry":{"type":"Point","coordinates":[146.12846,-37.26861]},"properties":{"n":"Paradise Point","k":"locality"}},{"type":"Feature","geometry":{"type":"Point","coordinates":[146.18787,-37.4662]},"properties":{"n":"Paradise Point","k":"locality"}},{"type":"Feature","geometry":{"type":"Point","coordinates":[146.71019,-37.83957]},"properties":{"n":"Paradise Valley Camping Ground","k":"campsite"}},{"type":"Feature","geometry":{"type":"Point","coordinates":[146.90353,-36.72269]},"properties":{"n":"Parrot Peak","k":"peak","e":512}},{"type":"Feature","geometry":{"type":"Point","coordinates":[148.22474,-37.74815]},"properties":{"n":"Partellis","k":"locality"}},{"type":"Feature","geometry":{"type":"Point","coordinates":[145.50371,-37.57861]},"properties":{"n":"Paul Range State Forest","k":"park"}},{"type":"Feature","geometry":{"type":"Point","coordinates":[146.32547,-36.87455]},"properties":{"n":"Peacock Spur","k":"peak"}},{"type":"Feature","geometry":{"type":"Point","coordinates":[146.80562,-37.85464]},"properties":{"n":"Pearson Point","k":"lookout"}},{"type":"Feature","geometry":{"type":"Point","coordinates":[146.23164,-36.1926]},"properties":{"n":"Peechelba","k":"village"}},{"type":"Feature","geometry":{"type":"Point","coordinates":[146.31188,-36.2411]},"properties":{"n":"Peechelba - Wangaratta rail line Bushland Reserve","k":"park"}},{"type":"Feature","geometry":{"type":"Point","coordinates":[146.2553,-36.16812]},"properties":{"n":"Peechelba East","k":"locality"}},{"type":"Feature","geometry":{"type":"Point","coordinates":[146.16339,-36.24833]},"properties":{"n":"Peechelba H104 Bushland Reserve","k":"park"}},{"type":"Feature","geometry":{"type":"Point","coordinates":[146.21354,-36.17261]},"properties":{"n":"Peechelba H105 Bushland Reserve","k":"park"}},{"type":"Feature","geometry":{"type":"Point","coordinates":[146.29931,-37.55329]},"properties":{"n":"Pemburthy","k":"locality"}},{"type":"Feature","geometry":{"type":"Point","coordinates":[148.28291,-36.25191]},"properties":{"n":"Penders Lookout","k":"peak"}},{"type":"Feature","geometry":{"type":"Point","coordinates":[148.28291,-36.25192]},"properties":{"n":"Penders Lookout","k":"lookout"}},{"type":"Feature","geometry":{"type":"Point","coordinates":[145.76797,-36.21342]},"properties":{"n":"Pendle Hill","k":"peak"}},{"type":"Feature","geometry":{"type":"Point","coordinates":[146.05321,-37.78641]},"properties":{"n":"Penny Saddle","k":"saddle"}},{"type":"Feature","geometry":{"type":"Point","coordinates":[148.28221,-37.19018]},"properties":{"n":"Peppermint Hill","k":"peak"}},{"type":"Feature","geometry":{"type":"Point","coordinates":[147.27603,-37.87461]},"properties":{"n":"Perry River","k":"river"}},{"type":"Feature","geometry":{"type":"Point","coordinates":[147.24689,-36.39989]},"properties":{"n":"Peters Bridge RA","k":"campsite"}},{"type":"Feature","geometry":{"type":"Point","coordinates":[146.55556,-37.10096]},"properties":{"n":"Peters Corner","k":"locality"}},{"type":"Feature","geometry":{"type":"Point","coordinates":[148.18492,-37.82915]},"properties":{"n":"Pettmans Beach Camping Area","k":"campsite"}},{"type":"Feature","geometry":{"type":"Point","coordinates":[145.82521,-37.49854]},"properties":{"n":"Phantom Falls","k":"attraction"}},{"type":"Feature","geometry":{"type":"Point","coordinates":[147.60839,-36.12499]},"properties":{"n":"Pheasant Creek Flora Reserve","k":"park"}},{"type":"Feature","geometry":{"type":"Point","coordinates":[147.84542,-37.58504]},"properties":{"n":"Pheasant Hill","k":"peak"}},{"type":"Feature","geometry":{"type":"Point","coordinates":[147.19067,-37.41131]},"properties":{"n":"Phelans Tree Corner","k":"locality"}},{"type":"Feature","geometry":{"type":"Point","coordinates":[146.04859,-37.06522]},"properties":{"n":"Phosphate Hill","k":"peak"}},{"type":"Feature","geometry":{"type":"Point","coordinates":[146.3544,-37.18639]},"properties":{"n":"Pickerings Flat","k":"campsite"}},{"type":"Feature","geometry":{"type":"Point","coordinates":[146.35463,-37.18595]},"properties":{"n":"Pickerings Hut","k":"hut"}},{"type":"Feature","geometry":{"type":"Point","coordinates":[146.24397,-37.40791]},"properties":{"n":"Picnic Point","k":"locality"}},{"type":"Feature","geometry":{"type":"Point","coordinates":[146.24472,-37.40861]},"properties":{"n":"Picnic Point Reserve","k":"campsite"}},{"type":"Feature","geometry":{"type":"Point","coordinates":[146.59138,-37.19499]},"properties":{"n":"Picture Point","k":"peak","e":1635}},{"type":"Feature","geometry":{"type":"Point","coordinates":[147.08154,-36.89196]},"properties":{"n":"Picture Point","k":"lookout"}},{"type":"Feature","geometry":{"type":"Point","coordinates":[146.81255,-37.5069]},"properties":{"n":"Picture Point","k":"peak"}},{"type":"Feature","geometry":{"type":"Point","coordinates":[145.9505,-37.89448]},"properties":{"n":"Piedmont","k":"locality"}},{"type":"Feature","geometry":{"type":"Point","coordinates":[146.30195,-37.12605]},"properties":{"n":"Pig's Gate","k":"locality"}},{"type":"Feature","geometry":{"type":"Point","coordinates":[147.2375,-36.2797]},"properties":{"n":"Pigs Point Reserve","k":"campsite"}},{"type":"Feature","geometry":{"type":"Point","coordinates":[146.51263,-37.17944]},"properties":{"n":"Pikes Flat","k":"campsite"}},{"type":"Feature","geometry":{"type":"Point","coordinates":[146.51241,-37.1806]},"properties":{"n":"Pikes Flat Hut","k":"hut"}},{"type":"Feature","geometry":{"type":"Point","coordinates":[146.76542,-36.24311]},"properties":{"n":"Pilot Range Reference Area","k":"park"}},{"type":"Feature","geometry":{"type":"Point","coordinates":[148.22225,-36.53564]},"properties":{"n":"Pilot View Lookout","k":"lookout"}},{"type":"Feature","geometry":{"type":"Point","coordinates":[148.22386,-36.67552]},"properties":{"n":"Pilot Wilderness","k":"locality"}},{"type":"Feature","geometry":{"type":"Point","coordinates":[148.31904,-36.70691]},"properties":{"n":"Pinch River","k":"river"}},{"type":"Feature","geometry":{"type":"Point","coordinates":[145.53205,-36.35462]},"properties":{"n":"Pine Lodge","k":"locality"}},{"type":"Feature","geometry":{"type":"Point","coordinates":[145.62625,-36.36288]},"properties":{"n":"Pine Lodge H54 Bushland Reserve","k":"park"}},{"type":"Feature","geometry":{"type":"Point","coordinates":[146.49941,-37.06587]},"properties":{"n":"Pineapple Flat Camping Area - Alpine NP","k":"campsite"}},{"type":"Feature","geometry":{"type":"Point","coordinates":[147.08039,-37.45016]},"properties":{"n":"Pinnacle Ck - East Branch Natural Catchment Area","k":"park"}},{"type":"Feature","geometry":{"type":"Point","coordinates":[148.24582,-36.33396]},"properties":{"n":"Pinnacle Mountain","k":"peak","e":1582}},{"type":"Feature","geometry":{"type":"Point","coordinates":[147.05533,-37.46032]},"properties":{"n":"Pinnacles Lookout","k":"lookout"}},{"type":"Feature","geometry":{"type":"Point","coordinates":[146.97596,-37.48363]},"properties":{"n":"Pinnacles State Forest","k":"park"}},{"type":"Feature","geometry":{"type":"Point","coordinates":[147.57464,-37.11138]},"properties":{"n":"Pioneer Hill Lookout","k":"lookout"}},{"type":"Feature","geometry":{"type":"Point","coordinates":[147.37277,-36.53918]},"properties":{"n":"Pioneer Mine Historic Reserve","k":"park"}},{"type":"Feature","geometry":{"type":"Point","coordinates":[146.13147,-37.14784]},"properties":{"n":"Piries","k":"village"}},{"type":"Feature","geometry":{"type":"Point","coordinates":[145.9265,-36.71499]},"properties":{"n":"Pitty Hill","k":"peak"}},{"type":"Feature","geometry":{"type":"Point","coordinates":[145.5329,-37.68418]},"properties":{"n":"Platypus","k":"lookout"}},{"type":"Feature","geometry":{"type":"Point","coordinates":[147.91663,-36.19856]},"properties":{"n":"Playles Hill","k":"peak"}},{"type":"Feature","geometry":{"type":"Point","coordinates":[146.44204,-37.42431]},"properties":{"n":"Plum Pudding Rocks","k":"peak","e":1185}},{"type":"Feature","geometry":{"type":"Point","coordinates":[146.43633,-37.87717]},"properties":{"n":"Point Champion","k":"lookout"}},{"type":"Feature","geometry":{"type":"Point","coordinates":[147.71983,-37.89801]},"properties":{"n":"Point Fullarton Gippsland Lakes Reserve","k":"park"}},{"type":"Feature","geometry":{"type":"Point","coordinates":[145.85168,-37.25577]},"properties":{"n":"Point Hill","k":"peak"}},{"type":"Feature","geometry":{"type":"Point","coordinates":[145.9198,-36.63952]},"properties":{"n":"Poison Creek Bushland Reserve","k":"park"}},{"type":"Feature","geometry":{"type":"Point","coordinates":[146.08815,-37.05211]},"properties":{"n":"Police Memorial","k":"attraction"}},{"type":"Feature","geometry":{"type":"Point","coordinates":[145.69587,-36.87529]},"properties":{"n":"Polly McQuinns","k":"lake"}},{"type":"Feature","geometry":{"type":"Point","coordinates":[147.14767,-36.17302]},"properties":{"n":"Pooley Hill","k":"peak"}},{"type":"Feature","geometry":{"type":"Point","coordinates":[146.14798,-36.80389]},"properties":{"n":"Porcupine Hill","k":"peak","e":630}},{"type":"Feature","geometry":{"type":"Point","coordinates":[146.91302,-36.699]},"properties":{"n":"Porepunkah","k":"village"}},{"type":"Feature","geometry":{"type":"Point","coordinates":[146.92625,-36.70942]},"properties":{"n":"Porepunkah East Rest Area","k":"campsite"}},{"type":"Feature","geometry":{"type":"Point","coordinates":[147.65403,-36.8787]},"properties":{"n":"Porphyry Hill","k":"peak"}},{"type":"Feature","geometry":{"type":"Point","coordinates":[147.64597,-36.88403]},"properties":{"n":"Porphyry Hill Reference Area","k":"park"}},{"type":"Feature","geometry":{"type":"Point","coordinates":[145.63817,-37.88991]},"properties":{"n":"Post Office Tree","k":"attraction"}},{"type":"Feature","geometry":{"type":"Point","coordinates":[146.36225,-37.31914]},"properties":{"n":"Potato Patch","k":"saddle"}},{"type":"Feature","geometry":{"type":"Point","coordinates":[148.19511,-37.43962]},"properties":{"n":"Potholes Cave Reserve","k":"park"}},{"type":"Feature","geometry":{"type":"Point","coordinates":[145.75146,-37.86307]},"properties":{"n":"Powelltown","k":"locality"}},{"type":"Feature","geometry":{"type":"Point","coordinates":[145.75491,-37.8651]},"properties":{"n":"Powelltown Bushland Reserve","k":"park"}},{"type":"Feature","geometry":{"type":"Point","coordinates":[145.74472,-37.86056]},"properties":{"n":"Powelltown Rest Area","k":"campsite"}},{"type":"Feature","geometry":{"type":"Point","coordinates":[146.37035,-36.84584]},"properties":{"n":"Power's Lookout","k":"attraction"}},{"type":"Feature","geometry":{"type":"Point","coordinates":[146.37194,-36.84494]},"properties":{"n":"Powers Lookout","k":"lookout"}},{"type":"Feature","geometry":{"type":"Point","coordinates":[146.37067,-36.84584]},"properties":{"n":"Powers Lookout 2","k":"lookout"}},{"type":"Feature","geometry":{"type":"Point","coordinates":[146.36203,-36.83918]},"properties":{"n":"Powers Lookout Scenic Reserve","k":"park"}},{"type":"Feature","geometry":{"type":"Point","coordinates":[146.36982,-36.84637]},"properties":{"n":"Powers waterhole","k":"attraction"}},{"type":"Feature","geometry":{"type":"Point","coordinates":[147.25804,-37.053]},"properties":{"n":"Precipice Plain Lookout","k":"lookout"}},{"type":"Feature","geometry":{"type":"Point","coordinates":[147.1903,-37.61239]},"properties":{"n":"Pretty Boy","k":"locality"}},{"type":"Feature","geometry":{"type":"Point","coordinates":[148.03034,-37.67434]},"properties":{"n":"Pretty Sally","k":"peak"}},{"type":"Feature","geometry":{"type":"Point","coordinates":[147.24934,-36.89427]},"properties":{"n":"Pretty Valley Camping Area","k":"campsite"}},{"type":"Feature","geometry":{"type":"Point","coordinates":[147.23991,-36.8924]},"properties":{"n":"Pretty Valley Creek","k":"river"}},{"type":"Feature","geometry":{"type":"Point","coordinates":[147.25152,-36.89366]},"properties":{"n":"Pretty Valley Hut","k":"hut"}},{"type":"Feature","geometry":{"type":"Point","coordinates":[147.23931,-36.89811]},"properties":{"n":"Pretty Valley Pondage","k":"lake"}},{"type":"Feature","geometry":{"type":"Point","coordinates":[146.5752,-37.57851]},"properties":{"n":"Primrose Gap","k":"saddle"}},{"type":"Feature","geometry":{"type":"Point","coordinates":[147.99665,-37.87305]},"properties":{"n":"Prince William Trees","k":"locality"}},{"type":"Feature","geometry":{"type":"Point","coordinates":[145.83045,-37.1047]},"properties":{"n":"Proctor Hill","k":"peak"}},{"type":"Feature","geometry":{"type":"Point","coordinates":[144.35669,-35.12214]},"properties":{"n":"Proposed Murray River Park (part)","k":"park"}},{"type":"Feature","geometry":{"type":"Point","coordinates":[147.30177,-37.90996]},"properties":{"n":"Providence Ponds Flora and Fauna Reserve","k":"park"}},{"type":"Feature","geometry":{"type":"Point","coordinates":[146.81923,-36.71901]},"properties":{"n":"Pulpit Rock Lookout","k":"lookout"}},{"type":"Feature","geometry":{"type":"Point","coordinates":[147.25605,-37.02353]},"properties":{"n":"Pumice Hill","k":"peak"}},{"type":"Feature","geometry":{"type":"Point","coordinates":[148.16524,-37.49429]},"properties":{"n":"Punchbowl Cave","k":"cave"}},{"type":"Feature","geometry":{"type":"Point","coordinates":[147.33229,-37.5004]},"properties":{"n":"Punchen Creek Natural Catchment Area","k":"park"}},{"type":"Feature","geometry":{"type":"Point","coordinates":[148.21323,-37.44819]},"properties":{"n":"Pyramid Cave","k":"cave"}},{"type":"Feature","geometry":{"type":"Point","coordinates":[147.14014,-36.82146]},"properties":{"n":"Pyramid Hill","k":"peak"}},{"type":"Feature","geometry":{"type":"Point","coordinates":[145.91015,-37.38589]},"properties":{"n":"Pyramid Hill","k":"peak"}},{"type":"Feature","geometry":{"type":"Point","coordinates":[147.2676,-37.42686]},"properties":{"n":"Quag Munjie Hill","k":"peak"}},{"type":"Feature","geometry":{"type":"Point","coordinates":[146.23742,-36.38979]},"properties":{"n":"Quarry Lookout","k":"lookout"}},{"type":"Feature","geometry":{"type":"Point","coordinates":[147.61622,-36.73183]},"properties":{"n":"Quart Pot Flat Camping Area","k":"campsite"}},{"type":"Feature","geometry":{"type":"Point","coordinates":[147.61579,-36.73262]},"properties":{"n":"Quart Pot Hut","k":"hut"}},{"type":"Feature","geometry":{"type":"Point","coordinates":[146.45791,-37.6164]},"properties":{"n":"Queen Bee Saddle","k":"saddle","e":1184}},{"type":"Feature","geometry":{"type":"Point","coordinates":[146.96393,-36.71253]},"properties":{"n":"Quins Gap","k":"saddle"}},{"type":"Feature","geometry":{"type":"Point","coordinates":[145.57301,-37.56519]},"properties":{"n":"Quo Vadis","k":"peak"}},{"type":"Feature","geometry":{"type":"Point","coordinates":[148.2666,-36.41978]},"properties":{"n":"Race Course Gully","k":"locality"}},{"type":"Feature","geometry":{"type":"Point","coordinates":[147.99464,-37.67648]},"properties":{"n":"Radar Hill","k":"peak"}},{"type":"Feature","geometry":{"type":"Point","coordinates":[147.3839,-36.17538]},"properties":{"n":"Rail Bridge (Dry Forest Creek) Historic Reserve","k":"park"}},{"type":"Feature","geometry":{"type":"Point","coordinates":[145.87212,-37.02755]},"properties":{"n":"Rail Trail Bridge","k":"attraction"}},{"type":"Feature","geometry":{"type":"Point","coordinates":[146.61033,-36.41154]},"properties":{"n":"Rail trail water tank","k":"hut"}},{"type":"Feature","geometry":{"type":"Point","coordinates":[146.09462,-37.41241]},"properties":{"n":"Railway Creek","k":"campsite"}},{"type":"Feature","geometry":{"type":"Point","coordinates":[145.70935,-37.7109]},"properties":{"n":"Rainforest Gallery","k":"attraction"}},{"type":"Feature","geometry":{"type":"Point","coordinates":[145.70932,-37.71093]},"properties":{"n":"Rainforest Walk","k":"attraction"}},{"type":"Feature","geometry":{"type":"Point","coordinates":[148.25975,-36.49138]},"properties":{"n":"Rams Head","k":"peak","e":2191}},{"type":"Feature","geometry":{"type":"Point","coordinates":[148.27039,-36.48231]},"properties":{"n":"Rams Head North","k":"peak","e":2178}},{"type":"Feature","geometry":{"type":"Point","coordinates":[148.24723,-36.50954]},"properties":{"n":"Rams Head South","k":"peak","e":2052}},{"type":"Feature","geometry":{"type":"Point","coordinates":[148.11845,-36.90127]},"properties":{"n":"Rams Horn","k":"peak","e":1603}},{"type":"Feature","geometry":{"type":"Point","coordinates":[148.24111,-36.51639]},"properties":{"n":"Rams South Head Trig Point","k":"peak","e":1951}},{"type":"Feature","geometry":{"type":"Point","coordinates":[145.53918,-37.10786]},"properties":{"n":"Rantin Robin Rocks","k":"peak"}},{"type":"Feature","geometry":{"type":"Point","coordinates":[147.3175,-36.9425]},"properties":{"n":"Raspberry Hill Campground","k":"campsite"}},{"type":"Feature","geometry":{"type":"Point","coordinates":[146.19055,-37.47504]},"properties":{"n":"Raspberry Point","k":"locality"}},{"type":"Feature","geometry":{"type":"Point","coordinates":[148.26866,-36.45767]},"properties":{"n":"Rawson Pass","k":"saddle","e":2124}},{"type":"Feature","geometry":{"type":"Point","coordinates":[147.75354,-37.90777]},"properties":{"n":"Raymond Island Gippsland Lakes Reserve","k":"park"}},{"type":"Feature","geometry":{"type":"Point","coordinates":[146.68641,-37.10679]},"properties":{"n":"Razor - Viking Wilderness Zone","k":"park"}},{"type":"Feature","geometry":{"type":"Point","coordinates":[148.19585,-37.4432]},"properties":{"n":"Razor Cave","k":"cave"}},{"type":"Feature","geometry":{"type":"Point","coordinates":[146.46415,-37.10384]},"properties":{"n":"Razorback Hut","k":"hut","e":1330}},{"type":"Feature","geometry":{"type":"Point","coordinates":[146.30161,-37.15501]},"properties":{"n":"Red Hill","k":"peak","e":881}},{"type":"Feature","geometry":{"type":"Point","coordinates":[146.53408,-37.53704]},"properties":{"n":"Red Hill","k":"peak","e":665}},{"type":"Feature","geometry":{"type":"Point","coordinates":[145.70128,-37.26961]},"properties":{"n":"Red Hill","k":"peak"}},{"type":"Feature","geometry":{"type":"Point","coordinates":[146.60227,-37.1579]},"properties":{"n":"Red Hill","k":"peak","e":1417}},{"type":"Feature","geometry":{"type":"Point","coordinates":[146.29677,-37.65548]},"properties":{"n":"Red Jacket","k":"locality"}},{"type":"Feature","geometry":{"type":"Point","coordinates":[146.2946,-37.65545]},"properties":{"n":"Red Jacket Cemetery Historic and Cultural Features Reserve","k":"park"}},{"type":"Feature","geometry":{"type":"Point","coordinates":[147.89261,-37.6332]},"properties":{"n":"Red Knob","k":"peak"}},{"type":"Feature","geometry":{"type":"Point","coordinates":[148.04031,-37.69037]},"properties":{"n":"Red Knob","k":"peak"}},{"type":"Feature","geometry":{"type":"Point","coordinates":[147.18184,-36.93055]},"properties":{"n":"Red Robin Mine Battery","k":"attraction"}},{"type":"Feature","geometry":{"type":"Point","coordinates":[146.59316,-37.15611]},"properties":{"n":"Red Rock Saddle","k":"saddle"}},{"type":"Feature","geometry":{"type":"Point","coordinates":[145.75146,-37.71796]},"properties":{"n":"Redwood Forest","k":"attraction"}},{"type":"Feature","geometry":{"type":"Point","coordinates":[146.82141,-36.71514]},"properties":{"n":"Reeds Lookout","k":"lookout"}},{"type":"Feature","geometry":{"type":"Point","coordinates":[148.13715,-37.79648]},"properties":{"n":"Reedy Arm No.2 Camp","k":"campsite"}},{"type":"Feature","geometry":{"type":"Point","coordinates":[146.31812,-36.30803]},"properties":{"n":"Reedy Creek","k":"river"}},{"type":"Feature","geometry":{"type":"Point","coordinates":[146.40305,-36.332]},"properties":{"n":"Reedy Creek K14 Streamside Reserve","k":"park"}},{"type":"Feature","geometry":{"type":"Point","coordinates":[146.67502,-36.31312]},"properties":{"n":"Reedy Creek K17 Streamside Reserve","k":"park"}},{"type":"Feature","geometry":{"type":"Point","coordinates":[146.68622,-36.30244]},"properties":{"n":"Reedy Creek K18 Streamside Reserve","k":"park"}},{"type":"Feature","geometry":{"type":"Point","coordinates":[146.67072,-36.32108]},"properties":{"n":"Reedy Creek Sluice Lookout","k":"lookout"}},{"type":"Feature","geometry":{"type":"Point","coordinates":[145.9491,-36.61835]},"properties":{"n":"Reef Hills Reference Area","k":"park"}},{"type":"Feature","geometry":{"type":"Point","coordinates":[145.9364,-36.6035]},"properties":{"n":"Reef Hills State Park","k":"park"}},{"type":"Feature","geometry":{"type":"Point","coordinates":[147.91439,-37.88637]},"properties":{"n":"Reeve Channel","k":"river"}},{"type":"Feature","geometry":{"type":"Point","coordinates":[147.00551,-37.52129]},"properties":{"n":"Reeves Knob","k":"peak"}},{"type":"Feature","geometry":{"type":"Point","coordinates":[146.7365,-36.56536]},"properties":{"n":"Reform Hill","k":"peak","e":380}},{"type":"Feature","geometry":{"type":"Point","coordinates":[146.73536,-36.56379]},"properties":{"n":"Reform Hill State Forest","k":"park"}},{"type":"Feature","geometry":{"type":"Point","coordinates":[146.73263,-36.56348]},"properties":{"n":"Reform Quatrz Gold Mine Historic Reserve","k":"park"}},{"type":"Feature","geometry":{"type":"Point","coordinates":[146.4763,-37.22353]},"properties":{"n":"Refrigerator Gap","k":"saddle","e":1240}},{"type":"Feature","geometry":{"type":"Point","coordinates":[146.17707,-37.8225]},"properties":{"n":"Reindeer Lodge","k":"hut"}},{"type":"Feature","geometry":{"type":"Point","coordinates":[147.10008,-37.00164]},"properties":{"n":"Renes Lookout","k":"lookout","e":1589}},{"type":"Feature","geometry":{"type":"Point","coordinates":[146.32265,-37.12857]},"properties":{"n":"Rhyolite Knob","k":"peak","e":911}},{"type":"Feature","geometry":{"type":"Point","coordinates":[147.95123,-37.88638]},"properties":{"n":"Rigby Island Gippsland Lakes Reserve","k":"park"}},{"type":"Feature","geometry":{"type":"Point","coordinates":[146.82821,-37.10605]},"properties":{"n":"Riley Hut","k":"hut"}},{"type":"Feature","geometry":{"type":"Point","coordinates":[146.1428,-37.12799]},"properties":{"n":"Ritchie Reservoir","k":"lake"}},{"type":"Feature","geometry":{"type":"Point","coordinates":[146.47544,-37.19514]},"properties":{"n":"Ritchies","k":"campsite"}},{"type":"Feature","geometry":{"type":"Point","coordinates":[146.47524,-37.19523]},"properties":{"n":"Ritchies Hut","k":"hut"}},{"type":"Feature","geometry":{"type":"Point","coordinates":[144.91772,-35.23187]},"properties":{"n":"River Murray Reserve","k":"park"}},{"type":"Feature","geometry":{"type":"Point","coordinates":[145.70065,-37.7501]},"properties":{"n":"River View Lookout","k":"lookout"}},{"type":"Feature","geometry":{"type":"Point","coordinates":[145.58394,-37.76913]},"properties":{"n":"River view","k":"lookout"}},{"type":"Feature","geometry":{"type":"Point","coordinates":[145.84305,-37.26859]},"properties":{"n":"Robb Hill","k":"peak"}},{"type":"Feature","geometry":{"type":"Point","coordinates":[146.25008,-37.61034]},"properties":{"n":"Roberts","k":"locality"}},{"type":"Feature","geometry":{"type":"Point","coordinates":[145.57715,-36.93393]},"properties":{"n":"Robertsons Hill","k":"peak"}},{"type":"Feature","geometry":{"type":"Point","coordinates":[146.09035,-36.42586]},"properties":{"n":"Robertsons Hill","k":"peak"}},{"type":"Feature","geometry":{"type":"Point","coordinates":[148.28304,-36.76264]},"properties":{"n":"Rock Flat","k":"locality"}},{"type":"Feature","geometry":{"type":"Point","coordinates":[146.3021,-37.83646]},"properties":{"n":"Rock Shelter","k":"campsite"}},{"type":"Feature","geometry":{"type":"Point","coordinates":[147.87107,-37.55264]},"properties":{"n":"Rock Walls","k":"locality"}},{"type":"Feature","geometry":{"type":"Point","coordinates":[147.31674,-36.7384]},"properties":{"n":"Rocking Stone Saddle","k":"saddle"}},{"type":"Feature","geometry":{"type":"Point","coordinates":[146.73054,-36.75283]},"properties":{"n":"Rocky Creek hike-in campsite","k":"campsite"}},{"type":"Feature","geometry":{"type":"Point","coordinates":[146.81465,-37.76905]},"properties":{"n":"Rocky Knob","k":"peak","e":550}},{"type":"Feature","geometry":{"type":"Point","coordinates":[146.22637,-37.76613]},"properties":{"n":"Rocky Knob","k":"peak"}},{"type":"Feature","geometry":{"type":"Point","coordinates":[146.82096,-37.42819]},"properties":{"n":"Rocky Knob","k":"peak"}},{"type":"Feature","geometry":{"type":"Point","coordinates":[146.51256,-37.20604]},"properties":{"n":"Rocky Knob","k":"peak","e":1218}},{"type":"Feature","geometry":{"type":"Point","coordinates":[148.24697,-37.49257]},"properties":{"n":"Rocky Knob","k":"peak"}},{"type":"Feature","geometry":{"type":"Point","coordinates":[147.27759,-36.88943]},"properties":{"n":"Rocky Knobs","k":"peak","e":1780}},{"type":"Feature","geometry":{"type":"Point","coordinates":[145.91083,-36.82746]},"properties":{"n":"Rocky Ned","k":"peak"}},{"type":"Feature","geometry":{"type":"Point","coordinates":[146.00813,-37.33301]},"properties":{"n":"Rocky Peak","k":"peak","e":985}},{"type":"Feature","geometry":{"type":"Point","coordinates":[146.59867,-37.2375]},"properties":{"n":"Rocky Point","k":"peak","e":1531}},{"type":"Feature","geometry":{"type":"Point","coordinates":[146.22564,-36.12824]},"properties":{"n":"Rocky Point Flat","k":"locality"}},{"type":"Feature","geometry":{"type":"Point","coordinates":[146.08297,-36.92095]},"properties":{"n":"Rocky Point Lookout","k":"lookout"}},{"type":"Feature","geometry":{"type":"Point","coordinates":[147.26117,-36.83967]},"properties":{"n":"Rocky Valley Creek","k":"river"}},{"type":"Feature","geometry":{"type":"Point","coordinates":[147.2944,-36.8793]},"properties":{"n":"Rocky Valley Storage","k":"lake"}},{"type":"Feature","geometry":{"type":"Point","coordinates":[146.50063,-36.16205]},"properties":{"n":"Rocky Waterholes Creek Streamside Reserve","k":"park"}},{"type":"Feature","geometry":{"type":"Point","coordinates":[148.05472,-36.89067]},"properties":{"n":"Rods Downfall","k":"peak"}},{"type":"Feature","geometry":{"type":"Point","coordinates":[148.17747,-36.92554]},"properties":{"n":"Rogers Hut","k":"hut"}},{"type":"Feature","geometry":{"type":"Point","coordinates":[147.23565,-37.00986]},"properties":{"n":"Room with a View","k":"lookout"}},{"type":"Feature","geometry":{"type":"Point","coordinates":[147.2933,-36.85975]},"properties":{"n":"Roper Lookout","k":"lookout"}},{"type":"Feature","geometry":{"type":"Point","coordinates":[147.2141,-36.76946]},"properties":{"n":"Roper's Lookout","k":"lookout"}},{"type":"Feature","geometry":{"type":"Point","coordinates":[147.33143,-36.81019]},"properties":{"n":"Ropers Hut","k":"hut"}},{"type":"Feature","geometry":{"type":"Point","coordinates":[146.66492,-36.79533]},"properties":{"n":"Rose River","k":"river"}},{"type":"Feature","geometry":{"type":"Point","coordinates":[145.99469,-37.46879]},"properties":{"n":"Rough Hill","k":"peak","e":965}},{"type":"Feature","geometry":{"type":"Point","coordinates":[146.26752,-36.9119]},"properties":{"n":"Round Camp Hill","k":"peak"}},{"type":"Feature","geometry":{"type":"Point","coordinates":[148.16778,-36.34833]},"properties":{"n":"Round Flat","k":"locality"}},{"type":"Feature","geometry":{"type":"Point","coordinates":[148.28497,-37.0934]},"properties":{"n":"Round Hill","k":"peak"}},{"type":"Feature","geometry":{"type":"Point","coordinates":[146.89958,-37.55161]},"properties":{"n":"Round Hill","k":"peak"}},{"type":"Feature","geometry":{"type":"Point","coordinates":[146.39361,-37.14321]},"properties":{"n":"Round Hill","k":"peak"}},{"type":"Feature","geometry":{"type":"Point","coordinates":[147.52693,-37.10089]},"properties":{"n":"Round Hill","k":"peak"}},{"type":"Feature","geometry":{"type":"Point","coordinates":[148.09862,-36.78272]},"properties":{"n":"Round Mountain","k":"peak"}},{"type":"Feature","geometry":{"type":"Point","coordinates":[145.98082,-36.29148]},"properties":{"n":"Rowan Swamp Wildlife Reserve (hunting)","k":"park"}},{"type":"Feature","geometry":{"type":"Point","coordinates":[145.90318,-37.80254]},"properties":{"n":"Roy Hill","k":"peak"}},{"type":"Feature","geometry":{"type":"Point","coordinates":[148.16191,-37.49919]},"properties":{"n":"Royal Cave","k":"cave"}},{"type":"Feature","geometry":{"type":"Point","coordinates":[145.88595,-37.37927]},"properties":{"n":"Royston Dam","k":"lake"}},{"type":"Feature","geometry":{"type":"Point","coordinates":[145.90932,-37.47269]},"properties":{"n":"Royston Gap","k":"saddle"}},{"type":"Feature","geometry":{"type":"Point","coordinates":[145.87348,-37.35249]},"properties":{"n":"Royston River","k":"river"}},{"type":"Feature","geometry":{"type":"Point","coordinates":[145.81939,-37.29384]},"properties":{"n":"Rubicon","k":"locality"}},{"type":"Feature","geometry":{"type":"Point","coordinates":[145.84981,-37.39218]},"properties":{"n":"Rubicon Dam","k":"lake"}},{"type":"Feature","geometry":{"type":"Point","coordinates":[145.84997,-37.34367]},"properties":{"n":"Rubicon Falls Dam","k":"lake"}},{"type":"Feature","geometry":{"type":"Point","coordinates":[145.85387,-37.31442]},"properties":{"n":"Rubicon River","k":"river"}},{"type":"Feature","geometry":{"type":"Point","coordinates":[145.79953,-37.27909]},"properties":{"n":"Rubicon River Rest Area","k":"campsite"}},{"type":"Feature","geometry":{"type":"Point","coordinates":[145.87074,-37.41049]},"properties":{"n":"Rubicon State Forest","k":"park"}},{"type":"Feature","geometry":{"type":"Point","coordinates":[145.86595,-37.35031]},"properties":{"n":"Rubicon Valley Historic and Cultural Features Reserve","k":"park"}},{"type":"Feature","geometry":{"type":"Point","coordinates":[147.33377,-37.39146]},"properties":{"n":"Rudolph Gap","k":"saddle"}},{"type":"Feature","geometry":{"type":"Point","coordinates":[145.50262,-36.97469]},"properties":{"n":"Ruffy CFA emergency water supply","k":"lake"}},{"type":"Feature","geometry":{"type":"Point","coordinates":[145.52928,-36.96841]},"properties":{"n":"Ruffy Flora Reserve","k":"park"}},{"type":"Feature","geometry":{"type":"Point","coordinates":[147.26651,-36.87398]},"properties":{"n":"Ruined Castle","k":"attraction"}},{"type":"Feature","geometry":{"type":"Point","coordinates":[146.40053,-37.43256]},"properties":{"n":"Rumpff Saddle","k":"saddle"}},{"type":"Feature","geometry":{"type":"Point","coordinates":[146.40058,-37.43266]},"properties":{"n":"Rumpff Saddle","k":"campsite"}},{"type":"Feature","geometry":{"type":"Point","coordinates":[147.02231,-36.55505]},"properties":{"n":"Running Creek","k":"river"}},{"type":"Feature","geometry":{"type":"Point","coordinates":[147.04639,-36.54444]},"properties":{"n":"Running Creek Rest Area","k":"campsite"}},{"type":"Feature","geometry":{"type":"Point","coordinates":[146.49122,-36.10905]},"properties":{"n":"Rutherglen Nature Conservation Reserve","k":"park"}},{"type":"Feature","geometry":{"type":"Point","coordinates":[146.22809,-36.82139]},"properties":{"n":"Ryan Creek Reference Area","k":"park"}},{"type":"Feature","geometry":{"type":"Point","coordinates":[147.13328,-37.42044]},"properties":{"n":"Ryan Knob","k":"peak"}},{"type":"Feature","geometry":{"type":"Point","coordinates":[147.48818,-37.54433]},"properties":{"n":"Ryan Peak","k":"peak"}},{"type":"Feature","geometry":{"type":"Point","coordinates":[146.14199,-37.49984]},"properties":{"n":"Ryan's Spur Hut","k":"hut"}},{"type":"Feature","geometry":{"type":"Point","coordinates":[146.18987,-36.67636]},"properties":{"n":"Ryans Creek","k":"river"}},{"type":"Feature","geometry":{"type":"Point","coordinates":[146.97021,-36.10637]},"properties":{"n":"Ryans Lagoon Nature Conservation Reserve","k":"park"}},{"type":"Feature","geometry":{"type":"Point","coordinates":[146.20729,-36.30946]},"properties":{"n":"Ryans Lookout","k":"lookout"}},{"type":"Feature","geometry":{"type":"Point","coordinates":[147.26095,-36.93172]},"properties":{"n":"Ryders Huts","k":"hut"}},{"type":"Feature","geometry":{"type":"Point","coordinates":[147.12213,-36.7208]},"properties":{"n":"SEC Lookout","k":"lookout"}},{"type":"Feature","geometry":{"type":"Point","coordinates":[147.20546,-36.8869]},"properties":{"n":"SS Notch","k":"saddle","e":1630}},{"type":"Feature","geometry":{"type":"Point","coordinates":[148.14625,-37.25157]},"properties":{"n":"Saint Georges Point","k":"peak"}},{"type":"Feature","geometry":{"type":"Point","coordinates":[146.31197,-37.83058]},"properties":{"n":"Saint Gwinear North Side","k":"locality"}},{"type":"Feature","geometry":{"type":"Point","coordinates":[146.29181,-37.8291]},"properties":{"n":"Saint Phillack Saddle","k":"lookout"}},{"type":"Feature","geometry":{"type":"Point","coordinates":[146.29165,-37.82927]},"properties":{"n":"Saint Phillack Saddle","k":"campsite"}},{"type":"Feature","geometry":{"type":"Point","coordinates":[145.65249,-37.87076]},"properties":{"n":"Sale Hill","k":"peak"}},{"type":"Feature","geometry":{"type":"Point","coordinates":[146.76593,-36.73794]},"properties":{"n":"Saltlick Plain","k":"locality"}},{"type":"Feature","geometry":{"type":"Point","coordinates":[146.50674,-37.31895]},"properties":{"n":"Saltlick Saddle","k":"saddle","e":1185}},{"type":"Feature","geometry":{"type":"Point","coordinates":[147.5668,-37.0515]},"properties":{"n":"Sam Hill","k":"peak"}},{"type":"Feature","geometry":{"type":"Point","coordinates":[146.07377,-36.79083]},"properties":{"n":"Samaria","k":"locality"}},{"type":"Feature","geometry":{"type":"Point","coordinates":[146.02537,-36.6887]},"properties":{"n":"Samaria Bushland Reserve","k":"park"}},{"type":"Feature","geometry":{"type":"Point","coordinates":[146.0633,-36.82469]},"properties":{"n":"Samaria Wells Camp Site","k":"campsite"}},{"type":"Feature","geometry":{"type":"Point","coordinates":[146.72086,-37.46723]},"properties":{"n":"Sambain Chalet (private)","k":"hut"}},{"type":"Feature","geometry":{"type":"Point","coordinates":[147.05313,-36.91501]},"properties":{"n":"Sambas Mine Corner","k":"locality"}},{"type":"Feature","geometry":{"type":"Point","coordinates":[146.54596,-36.19728]},"properties":{"n":"Sanderson Hill","k":"peak","e":430}},{"type":"Feature","geometry":{"type":"Point","coordinates":[147.11024,-36.33069]},"properties":{"n":"Sandy Creek","k":"river"}},{"type":"Feature","geometry":{"type":"Point","coordinates":[147.0976,-36.27021]},"properties":{"n":"Sandy Creek, Red Bluff Streamside Reserve","k":"park"}},{"type":"Feature","geometry":{"type":"Point","coordinates":[147.37515,-37.84001]},"properties":{"n":"Saplings Morass Flora and Fauna Reserve","k":"park"}},{"type":"Feature","geometry":{"type":"Point","coordinates":[147.72669,-37.752]},"properties":{"n":"Sarsfield","k":"locality"}},{"type":"Feature","geometry":{"type":"Point","coordinates":[147.75101,-37.74918]},"properties":{"n":"Sarsfield Bushland Reserve","k":"park"}},{"type":"Feature","geometry":{"type":"Point","coordinates":[147.77165,-36.60529]},"properties":{"n":"Sassafras Gap","k":"saddle"}},{"type":"Feature","geometry":{"type":"Point","coordinates":[146.35725,-37.10838]},"properties":{"n":"Sawmill Settlement","k":"village"}},{"type":"Feature","geometry":{"type":"Point","coordinates":[148.20026,-36.32356]},"properties":{"n":"Scammells Ridge Lookout","k":"lookout"}},{"type":"Feature","geometry":{"type":"Point","coordinates":[148.18396,-36.30503]},"properties":{"n":"Scammels Lookout","k":"peak","e":1135}},{"type":"Feature","geometry":{"type":"Point","coordinates":[145.98468,-37.17607]},"properties":{"n":"Schodson Peak","k":"peak"}},{"type":"Feature","geometry":{"type":"Point","coordinates":[146.14141,-37.29321]},"properties":{"n":"School Hill","k":"peak"}},{"type":"Feature","geometry":{"type":"Point","coordinates":[145.95988,-36.84242]},"properties":{"n":"Scott's Peak","k":"peak","e":806}},{"type":"Feature","geometry":{"type":"Point","coordinates":[147.34957,-37.57197]},"properties":{"n":"Scotts","k":"locality"}},{"type":"Feature","geometry":{"type":"Point","coordinates":[147.35118,-37.57159]},"properties":{"n":"Scotts Homestead","k":"hut"}},{"type":"Feature","geometry":{"type":"Point","coordinates":[147.35132,-37.5706]},"properties":{"n":"Scotts Homestead Camping Area","k":"campsite"}},{"type":"Feature","geometry":{"type":"Point","coordinates":[145.58166,-37.89913]},"properties":{"n":"Scout Loop Track Campground","k":"campsite"}},{"type":"Feature","geometry":{"type":"Point","coordinates":[146.72533,-37.42453]},"properties":{"n":"Scrubby Hill","k":"peak","e":1620}},{"type":"Feature","geometry":{"type":"Point","coordinates":[146.30594,-37.12134]},"properties":{"n":"Scrubby Hill","k":"peak","e":652}},{"type":"Feature","geometry":{"type":"Point","coordinates":[148.28274,-36.45014]},"properties":{"n":"Seamans Hut","k":"hut","e":2030}},{"type":"Feature","geometry":{"type":"Point","coordinates":[146.61113,-36.31025]},"properties":{"n":"Sebastopol Flat","k":"locality"}},{"type":"Feature","geometry":{"type":"Point","coordinates":[146.78502,-36.69156]},"properties":{"n":"Second Plain","k":"locality"}},{"type":"Feature","geometry":{"type":"Point","coordinates":[148.25021,-37.11218]},"properties":{"n":"Seldom Seen","k":"locality"}},{"type":"Feature","geometry":{"type":"Point","coordinates":[145.55729,-37.64601]},"properties":{"n":"Selover's Lookout","k":"lookout"}},{"type":"Feature","geometry":{"type":"Point","coordinates":[146.04307,-36.46388]},"properties":{"n":"Sergeants Swamp","k":"lake"}},{"type":"Feature","geometry":{"type":"Point","coordinates":[145.55528,-36.73361]},"properties":{"n":"Seven Creeks","k":"river"}},{"type":"Feature","geometry":{"type":"Point","coordinates":[145.51374,-36.68774]},"properties":{"n":"Seven Creeks Bushland Reserve","k":"park"}},{"type":"Feature","geometry":{"type":"Point","coordinates":[145.72409,-36.85532]},"properties":{"n":"Seven Creeks Wildlife Reserve (no hunting)","k":"park"}},{"type":"Feature","geometry":{"type":"Point","coordinates":[146.41762,-37.19589]},"properties":{"n":"Seven Mile Flat walk-in campsite","k":"campsite"}},{"type":"Feature","geometry":{"type":"Point","coordinates":[148.21076,-37.40468]},"properties":{"n":"Shades of Death Cave","k":"cave"}},{"type":"Feature","geometry":{"type":"Point","coordinates":[146.46487,-36.26071]},"properties":{"n":"Shannon Hill","k":"peak"}},{"type":"Feature","geometry":{"type":"Point","coordinates":[146.95288,-37.4173]},"properties":{"n":"Shanty Hollow","k":"saddle"}},{"type":"Feature","geometry":{"type":"Point","coordinates":[147.36583,-37.08357]},"properties":{"n":"Sharpe Hill","k":"peak"}},{"type":"Feature","geometry":{"type":"Point","coordinates":[146.00935,-37.63201]},"properties":{"n":"Shaw","k":"locality"}},{"type":"Feature","geometry":{"type":"Point","coordinates":[146.67086,-37.5301]},"properties":{"n":"Shaws Gap","k":"saddle"}},{"type":"Feature","geometry":{"type":"Point","coordinates":[145.74137,-37.51324]},"properties":{"n":"Sheehan Lookout","k":"attraction"}},{"type":"Feature","geometry":{"type":"Point","coordinates":[145.55238,-37.82107]},"properties":{"n":"Sheep Station Creek Nature Conservation Area","k":"park"}},{"type":"Feature","geometry":{"type":"Point","coordinates":[145.52236,-37.16442]},"properties":{"n":"Sheepwash Lagoon","k":"lake"}},{"type":"Feature","geometry":{"type":"Point","coordinates":[146.34685,-37.19493]},"properties":{"n":"Sheepyard Flat","k":"campsite"}},{"type":"Feature","geometry":{"type":"Point","coordinates":[147.62008,-36.59123]},"properties":{"n":"Sheevers Point","k":"locality"}},{"type":"Feature","geometry":{"type":"Point","coordinates":[147.54936,-36.17937]},"properties":{"n":"Shelley","k":"locality"}},{"type":"Feature","geometry":{"type":"Point","coordinates":[147.54266,-36.18999]},"properties":{"n":"Shelley","k":"attraction"}},{"type":"Feature","geometry":{"type":"Point","coordinates":[145.54387,-37.87242]},"properties":{"n":"Shepherd Creek Natural Features Reserve","k":"park"}},{"type":"Feature","geometry":{"type":"Point","coordinates":[147.28707,-37.21579]},"properties":{"n":"Shepherds Creek Reference Area","k":"park"}},{"type":"Feature","geometry":{"type":"Point","coordinates":[145.88186,-37.51047]},"properties":{"n":"Sherlocks Lookout","k":"lookout"}},{"type":"Feature","geometry":{"type":"Point","coordinates":[145.59698,-37.88326]},"properties":{"n":"Shiprock Falls","k":"lookout"}},{"type":"Feature","geometry":{"type":"Point","coordinates":[145.62788,-36.53374]},"properties":{"n":"Shire Dam Swamp Wildlife Reserve (no hunting)","k":"park"}},{"type":"Feature","geometry":{"type":"Point","coordinates":[148.23548,-36.533]},"properties":{"n":"Siberia","k":"locality"}},{"type":"Feature","geometry":{"type":"Point","coordinates":[145.58053,-37.52799]},"properties":{"n":"Siberia Gap","k":"saddle"}},{"type":"Feature","geometry":{"type":"Point","coordinates":[145.55195,-37.5071]},"properties":{"n":"Siberia Junction","k":"locality"}},{"type":"Feature","geometry":{"type":"Point","coordinates":[146.71818,-36.71658]},"properties":{"n":"Signal Peak","k":"peak"}},{"type":"Feature","geometry":{"type":"Point","coordinates":[148.2766,-36.48373]},"properties":{"n":"Signature Hill","k":"peak"}},{"type":"Feature","geometry":{"type":"Point","coordinates":[147.15729,-36.98642]},"properties":{"n":"Silver Brumby Hut","k":"hut"}},{"type":"Feature","geometry":{"type":"Point","coordinates":[146.46958,-37.45918]},"properties":{"n":"Silver Top","k":"peak","e":945}},{"type":"Feature","geometry":{"type":"Point","coordinates":[146.34831,-37.32983]},"properties":{"n":"Silvermine Hut","k":"hut"}},{"type":"Feature","geometry":{"type":"Point","coordinates":[146.28678,-37.34611]},"properties":{"n":"Silvermine Saddle","k":"saddle"}},{"type":"Feature","geometry":{"type":"Point","coordinates":[146.384,-37.36013]},"properties":{"n":"Silverwater Hut","k":"hut"}},{"type":"Feature","geometry":{"type":"Point","coordinates":[148.24147,-36.48667]},"properties":{"n":"Simkin Peak","k":"peak","e":1977}},{"type":"Feature","geometry":{"type":"Point","coordinates":[147.11668,-36.78793]},"properties":{"n":"Simmonds Gap","k":"saddle","e":827}},{"type":"Feature","geometry":{"type":"Point","coordinates":[147.36447,-37.57334]},"properties":{"n":"Sinnotts","k":"park"}},{"type":"Feature","geometry":{"type":"Point","coordinates":[145.87868,-37.55801]},"properties":{"n":"Sitka Spruce","k":"attraction"}},{"type":"Feature","geometry":{"type":"Point","coordinates":[146.63056,-36.17636]},"properties":{"n":"Skeleton Hill","k":"peak"}},{"type":"Feature","geometry":{"type":"Point","coordinates":[147.33887,-37.60231]},"properties":{"n":"Slalom Rapids Campsite","k":"campsite"}},{"type":"Feature","geometry":{"type":"Point","coordinates":[147.78814,-37.83579]},"properties":{"n":"Slaughterhouse Creek","k":"river"}},{"type":"Feature","geometry":{"type":"Point","coordinates":[147.78362,-37.83638]},"properties":{"n":"Slaughterhouse Creek Gippsland Lakes Reserve","k":"park"}},{"type":"Feature","geometry":{"type":"Point","coordinates":[146.45881,-37.1475]},"properties":{"n":"Sleepy Hollow","k":"lookout"}},{"type":"Feature","geometry":{"type":"Point","coordinates":[146.62151,-37.04952]},"properties":{"n":"Slip'n Slides swimming hole","k":"lake"}},{"type":"Feature","geometry":{"type":"Point","coordinates":[147.22443,-37.38992]},"properties":{"n":"Slippery Hill","k":"peak"}},{"type":"Feature","geometry":{"type":"Point","coordinates":[147.70879,-36.82556]},"properties":{"n":"Sloan Knob","k":"peak","e":763}},{"type":"Feature","geometry":{"type":"Point","coordinates":[148.28826,-37.43139]},"properties":{"n":"Slocombe's Cave","k":"cave"}},{"type":"Feature","geometry":{"type":"Point","coordinates":[148.28774,-37.43203]},"properties":{"n":"Slocombes Cave Reserve","k":"park"}},{"type":"Feature","geometry":{"type":"Point","coordinates":[145.75903,-37.67987]},"properties":{"n":"Smith Hill","k":"peak","e":1072}},{"type":"Feature","geometry":{"type":"Point","coordinates":[147.25101,-37.41704]},"properties":{"n":"Smith Hill","k":"peak"}},{"type":"Feature","geometry":{"type":"Point","coordinates":[147.63505,-37.03936]},"properties":{"n":"Smoking Hill","k":"peak","e":917}},{"type":"Feature","geometry":{"type":"Point","coordinates":[146.7743,-37.76188]},"properties":{"n":"Smoking Point","k":"peak","e":562}},{"type":"Feature","geometry":{"type":"Point","coordinates":[147.05902,-36.81403]},"properties":{"n":"Smoko","k":"locality"}},{"type":"Feature","geometry":{"type":"Point","coordinates":[145.88422,-37.75329]},"properties":{"n":"Smoko Hill","k":"peak"}},{"type":"Feature","geometry":{"type":"Point","coordinates":[147.07002,-36.82015]},"properties":{"n":"Smoko Streamside Reserve","k":"park"}},{"type":"Feature","geometry":{"type":"Point","coordinates":[145.88328,-37.28429]},"properties":{"n":"Snobs Creek Hatchery","k":"park"}},{"type":"Feature","geometry":{"type":"Point","coordinates":[145.89717,-37.31713]},"properties":{"n":"Snobs Creek Wildlife Reserve (no hunting)","k":"park"}},{"type":"Feature","geometry":{"type":"Point","coordinates":[145.94306,-37.42123]},"properties":{"n":"Snobs Gap","k":"saddle"}},{"type":"Feature","geometry":{"type":"Point","coordinates":[147.13851,-36.9743]},"properties":{"n":"Snowmaking Dam","k":"lake"}},{"type":"Feature","geometry":{"type":"Point","coordinates":[146.91854,-37.36964]},"properties":{"n":"Snowy Bluff","k":"peak","e":1385}},{"type":"Feature","geometry":{"type":"Point","coordinates":[147.40655,-36.59879]},"properties":{"n":"Snowy Creek","k":"river"}},{"type":"Feature","geometry":{"type":"Point","coordinates":[147.42639,-36.6661]},"properties":{"n":"Snowy Creek Bogong Branch","k":"river"}},{"type":"Feature","geometry":{"type":"Point","coordinates":[145.88143,-37.52431]},"properties":{"n":"Snowy Hill","k":"peak"}},{"type":"Feature","geometry":{"type":"Point","coordinates":[148.31752,-37.3194]},"properties":{"n":"Snowy River","k":"river"}},{"type":"Feature","geometry":{"type":"Point","coordinates":[148.4142,-37.3454]},"properties":{"n":"Snowy River Heritage River","k":"park"}},{"type":"Feature","geometry":{"type":"Point","coordinates":[148.49515,-37.30318]},"properties":{"n":"Snowy River National Park","k":"park"}},{"type":"Feature","geometry":{"type":"Point","coordinates":[148.16921,-36.51431]},"properties":{"n":"Snowy Valleys","k":"locality"}},{"type":"Feature","geometry":{"type":"Point","coordinates":[146.46663,-37.31034]},"properties":{"n":"Son of a Bitch","k":"peak","e":1392}},{"type":"Feature","geometry":{"type":"Point","coordinates":[147.77957,-37.13235]},"properties":{"n":"South Bindi","k":"peak","e":528}},{"type":"Feature","geometry":{"type":"Point","coordinates":[146.75657,-36.77008]},"properties":{"n":"South Buffalo View Point","k":"lookout"}},{"type":"Feature","geometry":{"type":"Point","coordinates":[147.05465,-37.46623]},"properties":{"n":"South East Pinnacle","k":"peak","e":1422}},{"type":"Feature","geometry":{"type":"Point","coordinates":[145.74391,-37.38871]},"properties":{"n":"South Jawbone Peak","k":"peak","e":804}},{"type":"Feature","geometry":{"type":"Point","coordinates":[148.23444,-36.515]},"properties":{"n":"South Rams Head","k":"peak"}},{"type":"Feature","geometry":{"type":"Point","coordinates":[146.89553,-37.05112]},"properties":{"n":"South Selwyn","k":"peak","e":1398}},{"type":"Feature","geometry":{"type":"Point","coordinates":[146.89599,-37.05078]},"properties":{"n":"South Selwyn campsite","k":"campsite"}},{"type":"Feature","geometry":{"type":"Point","coordinates":[146.28291,-37.83455]},"properties":{"n":"South Tors","k":"peak"}},{"type":"Feature","geometry":{"type":"Point","coordinates":[146.72218,-37.12567]},"properties":{"n":"South Viking","k":"peak","e":1502}},{"type":"Feature","geometry":{"type":"Point","coordinates":[145.88263,-37.56151]},"properties":{"n":"Sovereign View","k":"lookout"}},{"type":"Feature","geometry":{"type":"Point","coordinates":[148.01979,-37.60472]},"properties":{"n":"Spanker Knob","k":"peak"}},{"type":"Feature","geometry":{"type":"Point","coordinates":[147.16296,-36.98186]},"properties":{"n":"Spargo's Hut","k":"hut"}},{"type":"Feature","geometry":{"type":"Point","coordinates":[146.00864,-36.85431]},"properties":{"n":"Spillway","k":"lake"}},{"type":"Feature","geometry":{"type":"Point","coordinates":[145.93044,-37.22667]},"properties":{"n":"Spillway","k":"lake"}},{"type":"Feature","geometry":{"type":"Point","coordinates":[147.28236,-36.82804]},"properties":{"n":"Spion Kopje","k":"peak","e":1837}},{"type":"Feature","geometry":{"type":"Point","coordinates":[145.52338,-37.28035]},"properties":{"n":"Spion Kopje","k":"peak","e":487}},{"type":"Feature","geometry":{"type":"Point","coordinates":[146.81873,-37.52239]},"properties":{"n":"Spion Kopje","k":"peak","e":1615}},{"type":"Feature","geometry":{"type":"Point","coordinates":[146.77306,-36.76001]},"properties":{"n":"Split Peak","k":"peak","e":1612}},{"type":"Feature","geometry":{"type":"Point","coordinates":[147.73741,-37.08254]},"properties":{"n":"Splitters Range State Forest","k":"park"}},{"type":"Feature","geometry":{"type":"Point","coordinates":[147.09953,-36.1864]},"properties":{"n":"Spring Creek","k":"river"}},{"type":"Feature","geometry":{"type":"Point","coordinates":[147.41079,-37.19988]},"properties":{"n":"Spring Creek Reference Area","k":"park"}},{"type":"Feature","geometry":{"type":"Point","coordinates":[146.08507,-36.87114]},"properties":{"n":"Spring Creek Sawmill","k":"campsite"}},{"type":"Feature","geometry":{"type":"Point","coordinates":[146.46701,-36.18604]},"properties":{"n":"Springhurst","k":"village"}},{"type":"Feature","geometry":{"type":"Point","coordinates":[146.54213,-37.19697]},"properties":{"n":"Square Head Jinny","k":"peak","e":1557}},{"type":"Feature","geometry":{"type":"Point","coordinates":[146.57306,-37.28518]},"properties":{"n":"Square Top","k":"peak","e":1587}},{"type":"Feature","geometry":{"type":"Point","coordinates":[145.89534,-36.26903]},"properties":{"n":"St James","k":"village"}},{"type":"Feature","geometry":{"type":"Point","coordinates":[146.29171,-37.82919]},"properties":{"n":"St Phillack Saddle","k":"saddle"}},{"type":"Feature","geometry":{"type":"Point","coordinates":[146.16477,-37.61685]},"properties":{"n":"St. Clair","k":"locality"}},{"type":"Feature","geometry":{"type":"Point","coordinates":[145.66936,-37.54319]},"properties":{"n":"St. Fillans","k":"locality"}},{"type":"Feature","geometry":{"type":"Point","coordinates":[147.83028,-36.44333]},"properties":{"n":"Staceys Bridge","k":"campsite"}},{"type":"Feature","geometry":{"type":"Point","coordinates":[146.93604,-36.24071]},"properties":{"n":"Staghorn Flat","k":"locality"}},{"type":"Feature","geometry":{"type":"Point","coordinates":[146.93425,-36.2446]},"properties":{"n":"Staghorn Flat RA","k":"campsite"}},{"type":"Feature","geometry":{"type":"Point","coordinates":[146.75484,-36.40489]},"properties":{"n":"Stanley","k":"village"}},{"type":"Feature","geometry":{"type":"Point","coordinates":[146.50037,-37.12994]},"properties":{"n":"Stanley Bowl","k":"locality"}},{"type":"Feature","geometry":{"type":"Point","coordinates":[146.74415,-36.37715]},"properties":{"n":"Stanley I21 Bushland Reserve","k":"park"}},{"type":"Feature","geometry":{"type":"Point","coordinates":[146.77079,-36.40973]},"properties":{"n":"Stanley I23 Bushland Reserve","k":"park"}},{"type":"Feature","geometry":{"type":"Point","coordinates":[146.756,-36.42265]},"properties":{"n":"Stanley I24 Bushland Reserve","k":"park"}},{"type":"Feature","geometry":{"type":"Point","coordinates":[146.75198,-36.43378]},"properties":{"n":"Stanley I25 Bushland Reserve","k":"park"}},{"type":"Feature","geometry":{"type":"Point","coordinates":[146.75018,-36.4393]},"properties":{"n":"Stanley I82 Bushland Reserve","k":"park"}},{"type":"Feature","geometry":{"type":"Point","coordinates":[146.78345,-36.74603]},"properties":{"n":"Stanley Rocks","k":"lookout"}},{"type":"Feature","geometry":{"type":"Point","coordinates":[146.55542,-37.12829]},"properties":{"n":"Stanleys Name Gap","k":"saddle"}},{"type":"Feature","geometry":{"type":"Point","coordinates":[146.70701,-37.54804]},"properties":{"n":"Star of Hope Saddle","k":"saddle"}},{"type":"Feature","geometry":{"type":"Point","coordinates":[145.80178,-37.81449]},"properties":{"n":"Starling Gap","k":"saddle"}},{"type":"Feature","geometry":{"type":"Point","coordinates":[145.774,-37.53283]},"properties":{"n":"Steavenson Falls","k":"attraction"}},{"type":"Feature","geometry":{"type":"Point","coordinates":[145.71022,-37.43283]},"properties":{"n":"Steavenson River","k":"river"}},{"type":"Feature","geometry":{"type":"Point","coordinates":[145.76997,-37.53211]},"properties":{"n":"Steavensons Falls Natural Features and Scenic Reserve","k":"park"}},{"type":"Feature","geometry":{"type":"Point","coordinates":[145.81454,-36.39991]},"properties":{"n":"Stewarton Bushland Reserve","k":"park"}},{"type":"Feature","geometry":{"type":"Point","coordinates":[145.91759,-37.4198]},"properties":{"n":"Stillmans Lookout","k":"lookout"}},{"type":"Feature","geometry":{"type":"Point","coordinates":[147.2824,-36.74016]},"properties":{"n":"Stirling Gap","k":"saddle"}},{"type":"Feature","geometry":{"type":"Point","coordinates":[146.49869,-37.12791]},"properties":{"n":"Stirling Saddle","k":"saddle"}},{"type":"Feature","geometry":{"type":"Point","coordinates":[148.19174,-37.44398]},"properties":{"n":"Stirling's Cave","k":"cave"}},{"type":"Feature","geometry":{"type":"Point","coordinates":[145.97345,-37.41266]},"properties":{"n":"Stocco Junction","k":"locality"}},{"type":"Feature","geometry":{"type":"Point","coordinates":[147.17185,-37.80251]},"properties":{"n":"Stockdale","k":"locality"}},{"type":"Feature","geometry":{"type":"Point","coordinates":[147.21663,-37.76907]},"properties":{"n":"Stockdale State Forest","k":"park"}},{"type":"Feature","geometry":{"type":"Point","coordinates":[146.337,-37.09231]},"properties":{"n":"Stockmans Saddle","k":"saddle"}},{"type":"Feature","geometry":{"type":"Point","coordinates":[145.84349,-37.14425]},"properties":{"n":"Stone's Outstation","k":"hut"}},{"type":"Feature","geometry":{"type":"Point","coordinates":[147.02225,-37.47345]},"properties":{"n":"Stonehenge","k":"peak","e":1261}},{"type":"Feature","geometry":{"type":"Point","coordinates":[148.13556,-37.53083]},"properties":{"n":"Stonehenge Farmstay Camping Ground","k":"campsite"}},{"type":"Feature","geometry":{"type":"Point","coordinates":[147.74801,-37.11172]},"properties":{"n":"Stony Creek Natural Catchment Area","k":"park"}},{"type":"Feature","geometry":{"type":"Point","coordinates":[148.04404,-37.74326]},"properties":{"n":"Stony Creek Trestle","k":"lookout"}},{"type":"Feature","geometry":{"type":"Point","coordinates":[146.58759,-37.91052]},"properties":{"n":"Stony State Forest","k":"park"}},{"type":"Feature","geometry":{"type":"Point","coordinates":[148.22514,-37.74784]},"properties":{"n":"Stopping place 22","k":"locality"}},{"type":"Feature","geometry":{"type":"Point","coordinates":[146.50226,-37.75587]},"properties":{"n":"Store Point","k":"locality"}},{"type":"Feature","geometry":{"type":"Point","coordinates":[146.50247,-37.75574]},"properties":{"n":"Store Point Hut","k":"hut"}},{"type":"Feature","geometry":{"type":"Point","coordinates":[147.13245,-37.1911]},"properties":{"n":"Stormy Saddle","k":"saddle","e":1118}},{"type":"Feature","geometry":{"type":"Point","coordinates":[147.18733,-36.87533]},"properties":{"n":"Strange Point","k":"peak","e":1785}},{"type":"Feature","geometry":{"type":"Point","coordinates":[147.12875,-37.87896]},"properties":{"n":"Stratford I12 Bushland Reserve","k":"park"}},{"type":"Feature","geometry":{"type":"Point","coordinates":[147.12462,-37.90041]},"properties":{"n":"Stratford I13 Bushland Reserve","k":"park"}},{"type":"Feature","geometry":{"type":"Point","coordinates":[145.73589,-36.85647]},"properties":{"n":"Strathbogie","k":"village"}},{"type":"Feature","geometry":{"type":"Point","coordinates":[148.27001,-37.61726]},"properties":{"n":"Stringer Knob","k":"peak"}},{"type":"Feature","geometry":{"type":"Point","coordinates":[146.19851,-36.8739]},"properties":{"n":"Stringybark Creek","k":"locality"}},{"type":"Feature","geometry":{"type":"Point","coordinates":[146.6927,-37.74936]},"properties":{"n":"Stringybark Creek Reference Area","k":"park"}},{"type":"Feature","geometry":{"type":"Point","coordinates":[146.21629,-37.74752]},"properties":{"n":"Stronachs Campsite","k":"campsite"}},{"type":"Feature","geometry":{"type":"Point","coordinates":[146.00031,-36.95048]},"properties":{"n":"Stump Hill","k":"locality"}},{"type":"Feature","geometry":{"type":"Point","coordinates":[147.56266,-37.53468]},"properties":{"n":"Stutterin Fred","k":"peak"}},{"type":"Feature","geometry":{"type":"Point","coordinates":[148.20625,-37.02709]},"properties":{"n":"Sugarloaf","k":"peak"}},{"type":"Feature","geometry":{"type":"Point","coordinates":[146.59446,-37.52026]},"properties":{"n":"Sugarloaf","k":"peak","e":932}},{"type":"Feature","geometry":{"type":"Point","coordinates":[147.41067,-36.7244]},"properties":{"n":"Sugarloaf Hill","k":"peak","e":1170}},{"type":"Feature","geometry":{"type":"Point","coordinates":[146.24331,-36.70195]},"properties":{"n":"Sugarloaf Hill","k":"peak","e":510}},{"type":"Feature","geometry":{"type":"Point","coordinates":[146.70444,-36.89192]},"properties":{"n":"Sugarloaf Hill","k":"peak"}},{"type":"Feature","geometry":{"type":"Point","coordinates":[145.75345,-37.40813]},"properties":{"n":"Sugarloaf Peak","k":"peak","e":912}},{"type":"Feature","geometry":{"type":"Point","coordinates":[145.75734,-37.40966]},"properties":{"n":"Sugarloaf Saddle","k":"saddle"}},{"type":"Feature","geometry":{"type":"Point","coordinates":[148.25234,-36.87979]},"properties":{"n":"Suggan Buggan Remote and Natural Area","k":"park"}},{"type":"Feature","geometry":{"type":"Point","coordinates":[148.27337,-36.90099]},"properties":{"n":"Suggan Buggan River","k":"river"}},{"type":"Feature","geometry":{"type":"Point","coordinates":[148.30772,-36.91498]},"properties":{"n":"Suggan Buggan and Berrima Rivers Heritage River","k":"park"}},{"type":"Feature","geometry":{"type":"Point","coordinates":[147.13211,-36.71812]},"properties":{"n":"Sullivan's Lookout","k":"lookout"}},{"type":"Feature","geometry":{"type":"Point","coordinates":[146.38165,-37.75822]},"properties":{"n":"Sullivans","k":"locality"}},{"type":"Feature","geometry":{"type":"Point","coordinates":[147.11208,-37.32865]},"properties":{"n":"Summer Hill","k":"peak"}},{"type":"Feature","geometry":{"type":"Point","coordinates":[146.38627,-37.60954]},"properties":{"n":"Sunflower Hill","k":"peak"}},{"type":"Feature","geometry":{"type":"Point","coordinates":[148.18162,-37.49373]},"properties":{"n":"Sunny Point","k":"peak"}},{"type":"Feature","geometry":{"type":"Point","coordinates":[147.47641,-36.8101]},"properties":{"n":"Sunnyside Education Area","k":"park"}},{"type":"Feature","geometry":{"type":"Point","coordinates":[145.7651,-37.21075]},"properties":{"n":"Survey Peak","k":"peak"}},{"type":"Feature","geometry":{"type":"Point","coordinates":[147.16215,-37.90573]},"properties":{"n":"Swallow Lagoon Nature Conservation Reserve","k":"park"}},{"type":"Feature","geometry":{"type":"Point","coordinates":[148.19151,-36.43138]},"properties":{"n":"Swampy Plain River","k":"river"}},{"type":"Feature","geometry":{"type":"Point","coordinates":[147.86293,-37.82162]},"properties":{"n":"Swan Reach","k":"locality"}},{"type":"Feature","geometry":{"type":"Point","coordinates":[147.77519,-37.8526]},"properties":{"n":"Swan Reach Bay Gippsland Lakes Reserve","k":"park"}},{"type":"Feature","geometry":{"type":"Point","coordinates":[146.00073,-36.74507]},"properties":{"n":"Swanpool","k":"village"}},{"type":"Feature","geometry":{"type":"Point","coordinates":[147.72365,-37.26361]},"properties":{"n":"Swifts Creek","k":"village"}},{"type":"Feature","geometry":{"type":"Point","coordinates":[147.72441,-37.26126]},"properties":{"n":"Swifts Creek Caravan & Tourist Park","k":"campsite"}},{"type":"Feature","geometry":{"type":"Point","coordinates":[147.72292,-37.26066]},"properties":{"n":"Swifts Creek Riverbank Camping","k":"campsite"}},{"type":"Feature","geometry":{"type":"Point","coordinates":[146.30846,-37.12906]},"properties":{"n":"Swimming Dam","k":"lake"}},{"type":"Feature","geometry":{"type":"Point","coordinates":[147.19048,-36.96632]},"properties":{"n":"Swindlers Gap","k":"saddle"}},{"type":"Feature","geometry":{"type":"Point","coordinates":[145.51244,-37.52746]},"properties":{"n":"Sylvia Falls Scenic Reserve","k":"park"}},{"type":"Feature","geometry":{"type":"Point","coordinates":[147.34279,-36.76878]},"properties":{"n":"T Spur Knob","k":"peak"}},{"type":"Feature","geometry":{"type":"Point","coordinates":[145.50044,-36.97677]},"properties":{"n":"TCC emergency water supply","k":"lake"}},{"type":"Feature","geometry":{"type":"Point","coordinates":[147.31695,-37.54057]},"properties":{"n":"Tabberabbera Nature Conservation Reserve","k":"park"}},{"type":"Feature","geometry":{"type":"Point","coordinates":[145.71291,-37.32175]},"properties":{"n":"Taggerty","k":"village"}},{"type":"Feature","geometry":{"type":"Point","coordinates":[145.79234,-37.4966]},"properties":{"n":"Taggerty River","k":"river"}},{"type":"Feature","geometry":{"type":"Point","coordinates":[145.764,-37.49645]},"properties":{"n":"Taggerty River Lookout","k":"attraction"}},{"type":"Feature","geometry":{"type":"Point","coordinates":[145.88182,-37.50847]},"properties":{"n":"Taggerty Valley View Lookout","k":"lookout"}},{"type":"Feature","geometry":{"type":"Point","coordinates":[146.3414,-37.87255]},"properties":{"n":"Talbot Peak","k":"peak","e":1517}},{"type":"Feature","geometry":{"type":"Point","coordinates":[146.28899,-37.82375]},"properties":{"n":"Talbot Peak","k":"peak"}},{"type":"Feature","geometry":{"type":"Point","coordinates":[147.06635,-37.33398]},"properties":{"n":"Talbotville","k":"locality"}},{"type":"Feature","geometry":{"type":"Point","coordinates":[147.06682,-37.33476]},"properties":{"n":"Talbotville Camp Site","k":"campsite"}},{"type":"Feature","geometry":{"type":"Point","coordinates":[147.20322,-36.4405]},"properties":{"n":"Tallandoon Rest Area","k":"campsite"}},{"type":"Feature","geometry":{"type":"Point","coordinates":[145.85921,-36.95957]},"properties":{"n":"Tallangallook Bushland Reserve","k":"park"}},{"type":"Feature","geometry":{"type":"Point","coordinates":[145.87357,-36.93813]},"properties":{"n":"Tallangallook-Dry Creek Historic Area","k":"park"}},{"type":"Feature","geometry":{"type":"Point","coordinates":[147.1779,-36.21662]},"properties":{"n":"Tallangatta","k":"town"}},{"type":"Feature","geometry":{"type":"Point","coordinates":[147.46008,-36.37027]},"properties":{"n":"Tallangatta Creek K11 Streamside Reserve","k":"park"}},{"type":"Feature","geometry":{"type":"Point","coordinates":[147.31093,-36.19387]},"properties":{"n":"Tallangatta Creek K29 Streamside Reserve","k":"park"}},{"type":"Feature","geometry":{"type":"Point","coordinates":[147.31739,-36.1953]},"properties":{"n":"Tallangatta Creek Rest Area","k":"campsite"}},{"type":"Feature","geometry":{"type":"Point","coordinates":[147.1705,-36.2316]},"properties":{"n":"Tallangatta Lookout","k":"lookout"}},{"type":"Feature","geometry":{"type":"Point","coordinates":[147.20129,-36.24096]},"properties":{"n":"Tallangatta Lookout","k":"peak","e":735}},{"type":"Feature","geometry":{"type":"Point","coordinates":[147.79255,-37.7276]},"properties":{"n":"Tambo Bushland Reserve","k":"park"}},{"type":"Feature","geometry":{"type":"Point","coordinates":[147.80762,-37.86196]},"properties":{"n":"Tambo Delta - Metung Gippsland Lakes Reserve","k":"park"}},{"type":"Feature","geometry":{"type":"Point","coordinates":[147.82855,-37.8073]},"properties":{"n":"Tambo River","k":"river"}},{"type":"Feature","geometry":{"type":"Point","coordinates":[147.8205,-37.73277]},"properties":{"n":"Tambo River Old Course","k":"river"}},{"type":"Feature","geometry":{"type":"Point","coordinates":[147.93592,-37.56202]},"properties":{"n":"Tambo River Reference Area","k":"park"}},{"type":"Feature","geometry":{"type":"Point","coordinates":[147.89071,-37.06783]},"properties":{"n":"Tambo River South Branch","k":"river"}},{"type":"Feature","geometry":{"type":"Point","coordinates":[147.89425,-36.99243]},"properties":{"n":"Tambo State Forest","k":"park"}},{"type":"Feature","geometry":{"type":"Point","coordinates":[147.81961,-37.78362]},"properties":{"n":"Tambo Wines","k":"attraction"}},{"type":"Feature","geometry":{"type":"Point","coordinates":[147.81049,-37.83311]},"properties":{"n":"Tambo floodplain Gippsland Lakes Reserve","k":"park"}},{"type":"Feature","geometry":{"type":"Point","coordinates":[146.70915,-37.47676]},"properties":{"n":"Tamboritha Saddle","k":"saddle"}},{"type":"Feature","geometry":{"type":"Point","coordinates":[146.18202,-36.40796]},"properties":{"n":"Taminick","k":"locality"}},{"type":"Feature","geometry":{"type":"Point","coordinates":[146.20914,-36.41062]},"properties":{"n":"Taminick Gap","k":"saddle"}},{"type":"Feature","geometry":{"type":"Point","coordinates":[146.16995,-36.36967]},"properties":{"n":"Taminick H100A Bushland Reserve","k":"park"}},{"type":"Feature","geometry":{"type":"Point","coordinates":[146.23456,-36.32218]},"properties":{"n":"Taminick H109 Bushland Reserve","k":"park"}},{"type":"Feature","geometry":{"type":"Point","coordinates":[145.56918,-36.57116]},"properties":{"n":"Tamleugh H73 Bushland Reserve","k":"park"}},{"type":"Feature","geometry":{"type":"Point","coordinates":[145.56066,-36.50016]},"properties":{"n":"Tamleugh Natural Features Reserve","k":"park"}},{"type":"Feature","geometry":{"type":"Point","coordinates":[145.62377,-36.5781]},"properties":{"n":"Tamleugh Nature Conservation Reserve","k":"park"}},{"type":"Feature","geometry":{"type":"Point","coordinates":[147.02997,-36.25259]},"properties":{"n":"Tangambalanga","k":"village"}},{"type":"Feature","geometry":{"type":"Point","coordinates":[145.53608,-37.51031]},"properties":{"n":"Tanglefoot","k":"campsite"}},{"type":"Feature","geometry":{"type":"Point","coordinates":[146.17723,-37.82335]},"properties":{"n":"Tanjil Bren","k":"village"}},{"type":"Feature","geometry":{"type":"Point","coordinates":[146.27197,-37.83382]},"properties":{"n":"Tanjil Plain","k":"locality"}},{"type":"Feature","geometry":{"type":"Point","coordinates":[146.22677,-37.86365]},"properties":{"n":"Tanjil River East Branch","k":"river"}},{"type":"Feature","geometry":{"type":"Point","coordinates":[146.15996,-37.91514]},"properties":{"n":"Tanjil River West Branch","k":"river"}},{"type":"Feature","geometry":{"type":"Point","coordinates":[146.18048,-37.92624]},"properties":{"n":"Tanjil State Forest","k":"park"}},{"type":"Feature","geometry":{"type":"Point","coordinates":[146.05834,-37.36792]},"properties":{"n":"Taponga River","k":"river"}},{"type":"Feature","geometry":{"type":"Point","coordinates":[148.28587,-37.57444]},"properties":{"n":"Tara Range Park","k":"park"}},{"type":"Feature","geometry":{"type":"Point","coordinates":[148.19679,-37.57985]},"properties":{"n":"Tara Tower","k":"peak"}},{"type":"Feature","geometry":{"type":"Point","coordinates":[146.45063,-36.39143]},"properties":{"n":"Tarrawingee","k":"village"}},{"type":"Feature","geometry":{"type":"Point","coordinates":[146.4897,-36.40471]},"properties":{"n":"Tarrawingee I5 Bushland Reserve","k":"park"}},{"type":"Feature","geometry":{"type":"Point","coordinates":[146.50728,-36.33425]},"properties":{"n":"Tarrawingee I8 Bushland Reserve","k":"park"}},{"type":"Feature","geometry":{"type":"Point","coordinates":[146.51049,-36.323]},"properties":{"n":"Tarrawingee I9 Bushland Reserve","k":"park"}},{"type":"Feature","geometry":{"type":"Point","coordinates":[146.46038,-36.41529]},"properties":{"n":"Tarrawingee Streamside Reserve","k":"park"}},{"type":"Feature","geometry":{"type":"Point","coordinates":[145.53083,-37.68518]},"properties":{"n":"Tasmanian Devil","k":"lookout"}},{"type":"Feature","geometry":{"type":"Point","coordinates":[146.10857,-36.73031]},"properties":{"n":"Tatong","k":"locality"}},{"type":"Feature","geometry":{"type":"Point","coordinates":[146.10125,-36.73544]},"properties":{"n":"Tatong Bushland Reserve","k":"park"}},{"type":"Feature","geometry":{"type":"Point","coordinates":[147.12039,-36.712]},"properties":{"n":"Tawonga Gap Lookout","k":"lookout"}},{"type":"Feature","geometry":{"type":"Point","coordinates":[147.12299,-36.71674]},"properties":{"n":"Tawonga Gap Scenic Reserve","k":"park"}},{"type":"Feature","geometry":{"type":"Point","coordinates":[147.20315,-36.89768]},"properties":{"n":"Tawonga Huts","k":"hut"}},{"type":"Feature","geometry":{"type":"Point","coordinates":[147.30955,-36.7319]},"properties":{"n":"Tawonga Saddle","k":"saddle"}},{"type":"Feature","geometry":{"type":"Point","coordinates":[146.65685,-36.48806]},"properties":{"n":"Taylor Gap","k":"saddle"}},{"type":"Feature","geometry":{"type":"Point","coordinates":[146.82942,-37.54055]},"properties":{"n":"Taylor Lookout","k":"peak","e":1514}},{"type":"Feature","geometry":{"type":"Point","coordinates":[146.03761,-37.29507]},"properties":{"n":"Taylors Creek","k":"campsite"}},{"type":"Feature","geometry":{"type":"Point","coordinates":[147.65938,-36.82636]},"properties":{"n":"Taylors Crossing campsite","k":"campsite"}},{"type":"Feature","geometry":{"type":"Point","coordinates":[146.43673,-36.43254]},"properties":{"n":"Tea Garden Creek","k":"river"}},{"type":"Feature","geometry":{"type":"Point","coordinates":[146.936,-37.16946]},"properties":{"n":"Tea Tree Range State Forest","k":"park"}},{"type":"Feature","geometry":{"type":"Point","coordinates":[146.46346,-37.11311]},"properties":{"n":"Telephone Box Junction","k":"locality"}},{"type":"Feature","geometry":{"type":"Point","coordinates":[145.93953,-36.10006]},"properties":{"n":"Telford","k":"locality"}},{"type":"Feature","geometry":{"type":"Point","coordinates":[145.91376,-36.91928]},"properties":{"n":"Tels Mountain","k":"peak","e":1024}},{"type":"Feature","geometry":{"type":"Point","coordinates":[146.18872,-37.37512]},"properties":{"n":"Ten Mile","k":"locality"}},{"type":"Feature","geometry":{"type":"Point","coordinates":[147.68495,-37.16258]},"properties":{"n":"Terlite-Munjie Bushland Reserve","k":"park"}},{"type":"Feature","geometry":{"type":"Point","coordinates":[146.53529,-36.12079]},"properties":{"n":"Terrill Hill","k":"peak"}},{"type":"Feature","geometry":{"type":"Point","coordinates":[146.43392,-37.1234]},"properties":{"n":"Thank Christ Corner","k":"locality"}},{"type":"Feature","geometry":{"type":"Point","coordinates":[145.90457,-36.14589]},"properties":{"n":"Tharanbegga H47 Bushland Reserve","k":"park"}},{"type":"Feature","geometry":{"type":"Point","coordinates":[146.04101,-36.94697]},"properties":{"n":"The Bald Hills","k":"peak"}},{"type":"Feature","geometry":{"type":"Point","coordinates":[147.20299,-36.8742]},"properties":{"n":"The Bap","k":"peak","e":1640}},{"type":"Feature","geometry":{"type":"Point","coordinates":[145.88084,-37.55432]},"properties":{"n":"The Big Tree","k":"attraction"}},{"type":"Feature","geometry":{"type":"Point","coordinates":[147.64294,-37.81853]},"properties":{"n":"The Billabong","k":"lake"}},{"type":"Feature","geometry":{"type":"Point","coordinates":[147.64588,-37.81829]},"properties":{"n":"The Billabong","k":"lake"}},{"type":"Feature","geometry":{"type":"Point","coordinates":[146.50768,-37.22766]},"properties":{"n":"The Blowhole","k":"saddle"}},{"type":"Feature","geometry":{"type":"Point","coordinates":[146.4919,-37.23419]},"properties":{"n":"The Bluff","k":"peak","e":1728}},{"type":"Feature","geometry":{"type":"Point","coordinates":[145.50156,-36.99173]},"properties":{"n":"The Boathole","k":"lake"}},{"type":"Feature","geometry":{"type":"Point","coordinates":[145.70299,-37.23271]},"properties":{"n":"The Breakaway","k":"river"}},{"type":"Feature","geometry":{"type":"Point","coordinates":[145.71622,-37.23234]},"properties":{"n":"The Breakaway","k":"lake"}},{"type":"Feature","geometry":{"type":"Point","coordinates":[147.74961,-36.91977]},"properties":{"n":"The Brothers","k":"peak"}},{"type":"Feature","geometry":{"type":"Point","coordinates":[145.80643,-37.86961]},"properties":{"n":"The Bump","k":"peak"}},{"type":"Feature","geometry":{"type":"Point","coordinates":[145.88593,-37.48331]},"properties":{"n":"The Camp","k":"locality"}},{"type":"Feature","geometry":{"type":"Point","coordinates":[148.26778,-36.58167]},"properties":{"n":"The Cascades","k":"locality"}},{"type":"Feature","geometry":{"type":"Point","coordinates":[146.79551,-36.75653]},"properties":{"n":"The Castle","k":"peak","e":1620}},{"type":"Feature","geometry":{"type":"Point","coordinates":[145.73394,-37.36661]},"properties":{"n":"The Cathedral","k":"peak","e":840}},{"type":"Feature","geometry":{"type":"Point","coordinates":[146.78751,-36.75512]},"properties":{"n":"The Cathedral","k":"attraction"}},{"type":"Feature","geometry":{"type":"Point","coordinates":[148.21406,-37.44675]},"properties":{"n":"The Citadel Rocks","k":"peak"}},{"type":"Feature","geometry":{"type":"Point","coordinates":[146.80701,-36.64657]},"properties":{"n":"The Constitution","k":"peak"}},{"type":"Feature","geometry":{"type":"Point","coordinates":[146.60124,-37.49371]},"properties":{"n":"The Crinoline","k":"peak","e":1165}},{"type":"Feature","geometry":{"type":"Point","coordinates":[147.13281,-36.97494]},"properties":{"n":"The Cross","k":"locality"}},{"type":"Feature","geometry":{"type":"Point","coordinates":[146.64517,-37.15843]},"properties":{"n":"The Crosscut Saw","k":"peak","e":1708}},{"type":"Feature","geometry":{"type":"Point","coordinates":[146.94479,-37.6658]},"properties":{"n":"The Crossover","k":"saddle"}},{"type":"Feature","geometry":{"type":"Point","coordinates":[146.83029,-37.44184]},"properties":{"n":"The Dry Hills","k":"locality"}},{"type":"Feature","geometry":{"type":"Point","coordinates":[147.18905,-36.88689]},"properties":{"n":"The Dulugar","k":"peak","e":1835}},{"type":"Feature","geometry":{"type":"Point","coordinates":[146.83255,-37.20819]},"properties":{"n":"The Elms Camping Area","k":"campsite"}},{"type":"Feature","geometry":{"type":"Point","coordinates":[147.28751,-37.38173]},"properties":{"n":"The Farm;Private Property","k":"locality"}},{"type":"Feature","geometry":{"type":"Point","coordinates":[145.74114,-37.38734]},"properties":{"n":"The Farmyard","k":"campsite"}},{"type":"Feature","geometry":{"type":"Point","coordinates":[146.71862,-36.48049]},"properties":{"n":"The Flagstaff","k":"peak"}},{"type":"Feature","geometry":{"type":"Point","coordinates":[146.17898,-36.22162]},"properties":{"n":"The Forest Camp","k":"campsite"}},{"type":"Feature","geometry":{"type":"Point","coordinates":[147.21047,-37.32869]},"properties":{"n":"The Freda Treasure Flora Reserve","k":"park"}},{"type":"Feature","geometry":{"type":"Point","coordinates":[145.88001,-37.47834]},"properties":{"n":"The Gap","k":"locality"}},{"type":"Feature","geometry":{"type":"Point","coordinates":[147.54152,-37.40121]},"properties":{"n":"The Gap","k":"saddle"}},{"type":"Feature","geometry":{"type":"Point","coordinates":[146.8015,-36.71794]},"properties":{"n":"The Gap","k":"locality"}},{"type":"Feature","geometry":{"type":"Point","coordinates":[147.22352,-37.4771]},"properties":{"n":"The Gap","k":"saddle"}},{"type":"Feature","geometry":{"type":"Point","coordinates":[146.77737,-36.77325]},"properties":{"n":"The Giants Playground","k":"locality"}},{"type":"Feature","geometry":{"type":"Point","coordinates":[148.10917,-37.84639]},"properties":{"n":"The Glasshouse Camping Area","k":"campsite"}},{"type":"Feature","geometry":{"type":"Point","coordinates":[147.86462,-37.6948]},"properties":{"n":"The Glen Flora Reserve","k":"park"}},{"type":"Feature","geometry":{"type":"Point","coordinates":[146.7486,-37.39598]},"properties":{"n":"The Gorge","k":"locality"}},{"type":"Feature","geometry":{"type":"Point","coordinates":[146.82134,-36.72162]},"properties":{"n":"The Gorge Lookout","k":"lookout"}},{"type":"Feature","geometry":{"type":"Point","coordinates":[146.39785,-37.25924]},"properties":{"n":"The Governor","k":"peak","e":1442}},{"type":"Feature","geometry":{"type":"Point","coordinates":[146.38714,-37.26591]},"properties":{"n":"The Governors Remote and Natural Area","k":"park"}},{"type":"Feature","geometry":{"type":"Point","coordinates":[148.2777,-36.41998]},"properties":{"n":"The Grand Stand","k":"locality"}},{"type":"Feature","geometry":{"type":"Point","coordinates":[148.29166,-36.26377]},"properties":{"n":"The Granites","k":"peak","e":1832}},{"type":"Feature","geometry":{"type":"Point","coordinates":[145.78802,-37.42854]},"properties":{"n":"The Green Hill","k":"peak"}},{"type":"Feature","geometry":{"type":"Point","coordinates":[148.04472,-36.36579]},"properties":{"n":"The Hairpin Bend","k":"locality"}},{"type":"Feature","geometry":{"type":"Point","coordinates":[146.76247,-36.67019]},"properties":{"n":"The Hill of Rock","k":"peak"}},{"type":"Feature","geometry":{"type":"Point","coordinates":[146.76744,-36.77635]},"properties":{"n":"The Horn","k":"peak","e":1723}},{"type":"Feature","geometry":{"type":"Point","coordinates":[146.50406,-37.43301]},"properties":{"n":"The Horrell Top","k":"peak","e":941}},{"type":"Feature","geometry":{"type":"Point","coordinates":[146.78754,-36.75838]},"properties":{"n":"The Hump","k":"locality","e":1695}},{"type":"Feature","geometry":{"type":"Point","coordinates":[146.40093,-37.75991]},"properties":{"n":"The Junction","k":"locality"}},{"type":"Feature","geometry":{"type":"Point","coordinates":[145.71039,-37.66463]},"properties":{"n":"The Knobs","k":"peak"}},{"type":"Feature","geometry":{"type":"Point","coordinates":[147.53437,-36.87457]},"properties":{"n":"The Knocker","k":"peak","e":1506}},{"type":"Feature","geometry":{"type":"Point","coordinates":[148.20415,-36.74467]},"properties":{"n":"The Little Pilot","k":"peak"}},{"type":"Feature","geometry":{"type":"Point","coordinates":[146.79552,-36.73856]},"properties":{"n":"The Long Plain","k":"locality"}},{"type":"Feature","geometry":{"type":"Point","coordinates":[146.80757,-36.72737]},"properties":{"n":"The Monolith","k":"peak","e":1419}},{"type":"Feature","geometry":{"type":"Point","coordinates":[146.52269,-37.11316]},"properties":{"n":"The Monument","k":"peak","e":1582}},{"type":"Feature","geometry":{"type":"Point","coordinates":[146.51769,-37.29696]},"properties":{"n":"The Nobs","k":"peak","e":1490}},{"type":"Feature","geometry":{"type":"Point","coordinates":[146.77816,-36.69037]},"properties":{"n":"The North Bluff","k":"peak"}},{"type":"Feature","geometry":{"type":"Point","coordinates":[146.13862,-37.63749]},"properties":{"n":"The Oaks","k":"locality"}},{"type":"Feature","geometry":{"type":"Point","coordinates":[145.98528,-37.04329]},"properties":{"n":"The Paps","k":"peak","e":701}},{"type":"Feature","geometry":{"type":"Point","coordinates":[145.98596,-37.04625]},"properties":{"n":"The Paps Natural Features and Scenic Reserve","k":"park"}},{"type":"Feature","geometry":{"type":"Point","coordinates":[145.98533,-37.05223]},"properties":{"n":"The Paps South","k":"peak","e":672}},{"type":"Feature","geometry":{"type":"Point","coordinates":[148.19432,-36.9337]},"properties":{"n":"The Peak","k":"peak"}},{"type":"Feature","geometry":{"type":"Point","coordinates":[148.20605,-36.754]},"properties":{"n":"The Pilot","k":"peak","e":1829}},{"type":"Feature","geometry":{"type":"Point","coordinates":[146.60379,-37.1389]},"properties":{"n":"The Pimple","k":"peak","e":1391}},{"type":"Feature","geometry":{"type":"Point","coordinates":[146.4147,-37.08599]},"properties":{"n":"The Pinnacle","k":"peak"}},{"type":"Feature","geometry":{"type":"Point","coordinates":[146.16125,-37.27678]},"properties":{"n":"The Pinnacle","k":"peak","e":681}},{"type":"Feature","geometry":{"type":"Point","coordinates":[145.99171,-37.31755]},"properties":{"n":"The Pinnacle","k":"peak"}},{"type":"Feature","geometry":{"type":"Point","coordinates":[148.20216,-37.48964]},"properties":{"n":"The Pinnacle","k":"peak"}},{"type":"Feature","geometry":{"type":"Point","coordinates":[146.93622,-36.54113]},"properties":{"n":"The Pinnacles","k":"peak","e":949}},{"type":"Feature","geometry":{"type":"Point","coordinates":[146.67858,-36.33899]},"properties":{"n":"The Precipice","k":"lookout","e":440}},{"type":"Feature","geometry":{"type":"Point","coordinates":[148.21377,-37.45169]},"properties":{"n":"The Pyramids Cave Reserve","k":"park"}},{"type":"Feature","geometry":{"type":"Point","coordinates":[147.08913,-37.81284]},"properties":{"n":"The Quarries Campground","k":"campsite"}},{"type":"Feature","geometry":{"type":"Point","coordinates":[146.70338,-37.10016]},"properties":{"n":"The Razor","k":"peak","e":1459}},{"type":"Feature","geometry":{"type":"Point","coordinates":[147.05784,-37.49822]},"properties":{"n":"The Red Herring","k":"peak","e":1303}},{"type":"Feature","geometry":{"type":"Point","coordinates":[145.70592,-36.92124]},"properties":{"n":"The Rock","k":"peak"}},{"type":"Feature","geometry":{"type":"Point","coordinates":[147.19775,-36.88174]},"properties":{"n":"The Rook","k":"peak","e":1780}},{"type":"Feature","geometry":{"type":"Point","coordinates":[146.09462,-37.08383]},"properties":{"n":"The Saddle","k":"lookout"}},{"type":"Feature","geometry":{"type":"Point","coordinates":[146.79416,-36.75467]},"properties":{"n":"The Sentinel","k":"attraction"}},{"type":"Feature","geometry":{"type":"Point","coordinates":[146.80001,-37.55496]},"properties":{"n":"The Sentinels","k":"peak","e":1545}},{"type":"Feature","geometry":{"type":"Point","coordinates":[146.55613,-37.45527]},"properties":{"n":"The Sisters","k":"peak","e":636}},{"type":"Feature","geometry":{"type":"Point","coordinates":[147.43541,-37.61304]},"properties":{"n":"The Sisters (North Peak)","k":"peak"}},{"type":"Feature","geometry":{"type":"Point","coordinates":[147.44583,-37.62071]},"properties":{"n":"The Sisters (South Peak)","k":"peak"}},{"type":"Feature","geometry":{"type":"Point","coordinates":[146.77155,-36.76723]},"properties":{"n":"The South Bluff","k":"peak"}},{"type":"Feature","geometry":{"type":"Point","coordinates":[146.1619,-37.60561]},"properties":{"n":"The Springs","k":"locality"}},{"type":"Feature","geometry":{"type":"Point","coordinates":[146.60769,-37.0735]},"properties":{"n":"The Staircase","k":"locality"}},{"type":"Feature","geometry":{"type":"Point","coordinates":[146.21945,-36.6585]},"properties":{"n":"The Sugarloaf","k":"peak","e":505}},{"type":"Feature","geometry":{"type":"Point","coordinates":[147.85583,-37.14218]},"properties":{"n":"The Sugarloaf","k":"peak"}},{"type":"Feature","geometry":{"type":"Point","coordinates":[147.35467,-36.51778]},"properties":{"n":"The Sugarloaf","k":"peak"}},{"type":"Feature","geometry":{"type":"Point","coordinates":[146.9647,-37.33845]},"properties":{"n":"The Sugarloaf Hill","k":"peak","e":707}},{"type":"Feature","geometry":{"type":"Point","coordinates":[147.1106,-37.25594]},"properties":{"n":"The Tablelands","k":"saddle"}},{"type":"Feature","geometry":{"type":"Point","coordinates":[146.66711,-37.15747]},"properties":{"n":"The Terrible Hollow","k":"locality"}},{"type":"Feature","geometry":{"type":"Point","coordinates":[146.79707,-36.75193]},"properties":{"n":"The Tomb","k":"cave"}},{"type":"Feature","geometry":{"type":"Point","coordinates":[146.77293,-36.7636]},"properties":{"n":"The Tombstones","k":"peak"}},{"type":"Feature","geometry":{"type":"Point","coordinates":[146.13006,-37.64808]},"properties":{"n":"The Triangle","k":"locality"}},{"type":"Feature","geometry":{"type":"Point","coordinates":[146.4027,-37.06492]},"properties":{"n":"The Trough","k":"locality"}},{"type":"Feature","geometry":{"type":"Point","coordinates":[148.27243,-36.3045]},"properties":{"n":"The Twins","k":"peak","e":1653}},{"type":"Feature","geometry":{"type":"Point","coordinates":[147.0572,-37.02308]},"properties":{"n":"The Twins","k":"peak","e":1703}},{"type":"Feature","geometry":{"type":"Point","coordinates":[147.61776,-37.58607]},"properties":{"n":"The Two Sisters","k":"peak"}},{"type":"Feature","geometry":{"type":"Point","coordinates":[146.75286,-37.38431]},"properties":{"n":"The Valley","k":"locality"}},{"type":"Feature","geometry":{"type":"Point","coordinates":[146.71833,-37.11922]},"properties":{"n":"The Viking","k":"peak","e":1519}},{"type":"Feature","geometry":{"type":"Point","coordinates":[148.08795,-37.32585]},"properties":{"n":"The Volcano (Big Hill)","k":"peak"}},{"type":"Feature","geometry":{"type":"Point","coordinates":[146.95166,-37.35573]},"properties":{"n":"The White Ladies","k":"peak","e":767}},{"type":"Feature","geometry":{"type":"Point","coordinates":[147.54358,-37.52188]},"properties":{"n":"The Wooly Butt","k":"peak"}},{"type":"Feature","geometry":{"type":"Point","coordinates":[147.20883,-37.36745]},"properties":{"n":"Thirteen Mile Spur Reference Area","k":"park"}},{"type":"Feature","geometry":{"type":"Point","coordinates":[146.74041,-37.45666]},"properties":{"n":"Thomastown Campsite","k":"campsite"}},{"type":"Feature","geometry":{"type":"Point","coordinates":[146.40562,-37.85839]},"properties":{"n":"Thomson River","k":"river"}},{"type":"Feature","geometry":{"type":"Point","coordinates":[146.2765,-37.71378]},"properties":{"n":"Thomson River Campsite","k":"campsite"}},{"type":"Feature","geometry":{"type":"Point","coordinates":[146.27392,-37.72136]},"properties":{"n":"Thomson River Forest Reserve","k":"park"}},{"type":"Feature","geometry":{"type":"Point","coordinates":[146.51994,-37.92423]},"properties":{"n":"Thomson River Heritage River","k":"park"}},{"type":"Feature","geometry":{"type":"Point","coordinates":[146.0782,-36.33839]},"properties":{"n":"Thoona","k":"village"}},{"type":"Feature","geometry":{"type":"Point","coordinates":[146.06988,-36.33263]},"properties":{"n":"Thoona Bushland Reserve","k":"park"}},{"type":"Feature","geometry":{"type":"Point","coordinates":[145.79867,-37.2542]},"properties":{"n":"Thornton","k":"village"}},{"type":"Feature","geometry":{"type":"Point","coordinates":[147.90994,-36.3172]},"properties":{"n":"Thowgla Upper","k":"locality"}},{"type":"Feature","geometry":{"type":"Point","coordinates":[148.27943,-36.49322]},"properties":{"n":"Thredbo Community Bell","k":"attraction","e":2037}},{"type":"Feature","geometry":{"type":"Point","coordinates":[148.29515,-36.49336]},"properties":{"n":"Thredbo Resort","k":"resort"}},{"type":"Feature","geometry":{"type":"Point","coordinates":[148.42707,-36.44599]},"properties":{"n":"Thredbo River","k":"river"}},{"type":"Feature","geometry":{"type":"Point","coordinates":[146.97094,-36.7586]},"properties":{"n":"Three Bells View","k":"lookout"}},{"type":"Feature","geometry":{"type":"Point","coordinates":[146.30523,-37.13769]},"properties":{"n":"Three Knolls Saddle","k":"saddle"}},{"type":"Feature","geometry":{"type":"Point","coordinates":[146.29093,-36.39078]},"properties":{"n":"Three Mile Creek","k":"river"}},{"type":"Feature","geometry":{"type":"Point","coordinates":[146.77513,-36.69546]},"properties":{"n":"Three Rock Peak","k":"peak"}},{"type":"Feature","geometry":{"type":"Point","coordinates":[146.89751,-37.18209]},"properties":{"n":"Tim's Camp","k":"campsite"}},{"type":"Feature","geometry":{"type":"Point","coordinates":[148.09412,-37.38546]},"properties":{"n":"Timbarra River","k":"river"}},{"type":"Feature","geometry":{"type":"Point","coordinates":[148.09038,-37.37765]},"properties":{"n":"Timbarra River South Nature Conservation Reserve","k":"park"}},{"type":"Feature","geometry":{"type":"Point","coordinates":[146.30392,-37.15395]},"properties":{"n":"Timbertop Saddle","k":"saddle"}},{"type":"Feature","geometry":{"type":"Point","coordinates":[146.11335,-37.86732]},"properties":{"n":"Timboon Mill","k":"locality"}},{"type":"Feature","geometry":{"type":"Point","coordinates":[147.3692,-36.79064]},"properties":{"n":"Timmins Lookout","k":"lookout"}},{"type":"Feature","geometry":{"type":"Point","coordinates":[147.30216,-36.7989]},"properties":{"n":"Timms Lookout","k":"lookout"}},{"type":"Feature","geometry":{"type":"Point","coordinates":[145.59926,-37.8846]},"properties":{"n":"Tims Corner","k":"locality"}},{"type":"Feature","geometry":{"type":"Point","coordinates":[148.23444,-36.69833]},"properties":{"n":"Tin Mine","k":"locality"}},{"type":"Feature","geometry":{"type":"Point","coordinates":[148.25064,-36.69998]},"properties":{"n":"Tin Mine Hut","k":"hut"}},{"type":"Feature","geometry":{"type":"Point","coordinates":[146.45577,-37.14377]},"properties":{"n":"Tip Corner","k":"locality"}},{"type":"Feature","geometry":{"type":"Point","coordinates":[146.31533,-37.21708]},"properties":{"n":"Tobacco Flat Camping Area","k":"campsite"}},{"type":"Feature","geometry":{"type":"Point","coordinates":[147.09158,-36.88625]},"properties":{"n":"Tobias Gap","k":"lookout"}},{"type":"Feature","geometry":{"type":"Point","coordinates":[147.06217,-37.70433]},"properties":{"n":"Toggle Hill","k":"peak"}},{"type":"Feature","geometry":{"type":"Point","coordinates":[147.70368,-36.72108]},"properties":{"n":"Toke Gibbo","k":"peak","e":1369}},{"type":"Feature","geometry":{"type":"Point","coordinates":[146.23888,-36.93608]},"properties":{"n":"Tolmie","k":"village"}},{"type":"Feature","geometry":{"type":"Point","coordinates":[146.23584,-36.93462]},"properties":{"n":"Tolmie Recreational Reserve","k":"campsite"}},{"type":"Feature","geometry":{"type":"Point","coordinates":[146.26528,-36.91778]},"properties":{"n":"Tolmie Rest Area","k":"campsite"}},{"type":"Feature","geometry":{"type":"Point","coordinates":[148.13444,-36.54833]},"properties":{"n":"Tom Groggin","k":"locality"}},{"type":"Feature","geometry":{"type":"Point","coordinates":[148.12899,-36.54248]},"properties":{"n":"Tom Groggin Campsite","k":"campsite"}},{"type":"Feature","geometry":{"type":"Point","coordinates":[148.18619,-36.63496]},"properties":{"n":"Tom Groggin Reference Area","k":"park"}},{"type":"Feature","geometry":{"type":"Point","coordinates":[147.54996,-36.17831]},"properties":{"n":"Tom Mitchell Reserve Rest Area","k":"campsite"}},{"type":"Feature","geometry":{"type":"Point","coordinates":[146.41214,-37.03871]},"properties":{"n":"Tomahawk Gap","k":"saddle"}},{"type":"Feature","geometry":{"type":"Point","coordinates":[146.41141,-37.04049]},"properties":{"n":"Tomahawk Hut","k":"hut"}},{"type":"Feature","geometry":{"type":"Point","coordinates":[146.60338,-37.31992]},"properties":{"n":"Toms Cap","k":"peak","e":1394}},{"type":"Feature","geometry":{"type":"Point","coordinates":[147.69501,-37.18972]},"properties":{"n":"Tongio Bushland Reserve","k":"park"}},{"type":"Feature","geometry":{"type":"Point","coordinates":[145.5262,-37.48965]},"properties":{"n":"Toolangi State Forest","k":"park"}},{"type":"Feature","geometry":{"type":"Point","coordinates":[148.25444,-36.19429]},"properties":{"n":"Toolong","k":"peak","e":1672}},{"type":"Feature","geometry":{"type":"Point","coordinates":[148.27825,-36.11351]},"properties":{"n":"Tooma River","k":"river"}},{"type":"Feature","geometry":{"type":"Point","coordinates":[146.39793,-37.73089]},"properties":{"n":"Toombon Gold-mines Historic and Cultural Features Reserve","k":"park"}},{"type":"Feature","geometry":{"type":"Point","coordinates":[146.26287,-36.91579]},"properties":{"n":"Toombullup","k":"village"}},{"type":"Feature","geometry":{"type":"Point","coordinates":[146.18967,-36.86441]},"properties":{"n":"Toombullup Historic Area","k":"park"}},{"type":"Feature","geometry":{"type":"Point","coordinates":[146.08948,-36.94362]},"properties":{"n":"Toombullup State Forest","k":"park"}},{"type":"Feature","geometry":{"type":"Point","coordinates":[148.04864,-37.8592]},"properties":{"n":"Toorloo Storage","k":"lake"}},{"type":"Feature","geometry":{"type":"Point","coordinates":[146.04983,-37.84811]},"properties":{"n":"Toorongo Falls","k":"lookout"}},{"type":"Feature","geometry":{"type":"Point","coordinates":[145.92751,-36.83211]},"properties":{"n":"Toorour Reference Area","k":"park"}},{"type":"Feature","geometry":{"type":"Point","coordinates":[146.44152,-36.96387]},"properties":{"n":"Top Crossing Hut","k":"hut"}},{"type":"Feature","geometry":{"type":"Point","coordinates":[146.44144,-36.96376]},"properties":{"n":"Top Crossing Hut","k":"campsite"}},{"type":"Feature","geometry":{"type":"Point","coordinates":[146.80329,-36.7437]},"properties":{"n":"Torpedo Rock","k":"attraction"}},{"type":"Feature","geometry":{"type":"Point","coordinates":[148.18381,-37.74816]},"properties":{"n":"Tostaree Cottages","k":"campsite"}},{"type":"Feature","geometry":{"type":"Point","coordinates":[148.18292,-37.74734]},"properties":{"n":"Tostaree Cottages Farm Stay","k":"campsite"}},{"type":"Feature","geometry":{"type":"Point","coordinates":[146.93595,-36.72912]},"properties":{"n":"Tower Hill","k":"peak"}},{"type":"Feature","geometry":{"type":"Point","coordinates":[147.70997,-36.95937]},"properties":{"n":"Tower Hill","k":"peak","e":764}},{"type":"Feature","geometry":{"type":"Point","coordinates":[145.93035,-36.59355]},"properties":{"n":"Tower Hill","k":"peak","e":232}},{"type":"Feature","geometry":{"type":"Point","coordinates":[146.93608,-36.72746]},"properties":{"n":"Tower Hill Lookout","k":"lookout"}},{"type":"Feature","geometry":{"type":"Point","coordinates":[147.71017,-36.95951]},"properties":{"n":"Tower Hill Reserve","k":"park"}},{"type":"Feature","geometry":{"type":"Point","coordinates":[148.25098,-36.41691]},"properties":{"n":"Townsend Run","k":"locality"}},{"type":"Feature","geometry":{"type":"Point","coordinates":[147.98795,-36.1269]},"properties":{"n":"Towong","k":"village"}},{"type":"Feature","geometry":{"type":"Point","coordinates":[147.97949,-36.16326]},"properties":{"n":"Towong Bushland Reserve","k":"park"}},{"type":"Feature","geometry":{"type":"Point","coordinates":[147.99758,-36.12358]},"properties":{"n":"Towong Reserve","k":"campsite"}},{"type":"Feature","geometry":{"type":"Point","coordinates":[147.22118,-37.49099]},"properties":{"n":"Traill Hill","k":"peak"}},{"type":"Feature","geometry":{"type":"Point","coordinates":[147.3714,-36.95069]},"properties":{"n":"Trapyard Gap","k":"locality"}},{"type":"Feature","geometry":{"type":"Point","coordinates":[146.86685,-37.48101]},"properties":{"n":"Trapyard Hill","k":"peak","e":1598}},{"type":"Feature","geometry":{"type":"Point","coordinates":[147.67293,-36.21786]},"properties":{"n":"Trestle Bridge, Cudgewa Creek Historic Reserve","k":"park"}},{"type":"Feature","geometry":{"type":"Point","coordinates":[147.45837,-36.14946]},"properties":{"n":"Trestle Bridge, Koetong Creek (1) Historic Reserve","k":"park"}},{"type":"Feature","geometry":{"type":"Point","coordinates":[147.48667,-36.16114]},"properties":{"n":"Trestle Bridge, Koetong Creek (2) Historic Reserve","k":"park"}},{"type":"Feature","geometry":{"type":"Point","coordinates":[147.37623,-36.17955]},"properties":{"n":"Trestle Bridge, Tucker Box Creek Historic Reserve","k":"park"}},{"type":"Feature","geometry":{"type":"Point","coordinates":[148.13543,-37.82385]},"properties":{"n":"Trident Arm Camp","k":"campsite"}},{"type":"Feature","geometry":{"type":"Point","coordinates":[146.75095,-36.70677]},"properties":{"n":"Trig Hill","k":"peak"}},{"type":"Feature","geometry":{"type":"Point","coordinates":[147.07012,-36.89674]},"properties":{"n":"Tronoh Dredge Hole","k":"lake"}},{"type":"Feature","geometry":{"type":"Point","coordinates":[147.02996,-36.10231]},"properties":{"n":"Trout Farm Travelling Stock Reserve","k":"park"}},{"type":"Feature","geometry":{"type":"Point","coordinates":[146.58985,-36.12851]},"properties":{"n":"Tuan Campsite","k":"campsite"}},{"type":"Feature","geometry":{"type":"Point","coordinates":[148.21778,-36.365]},"properties":{"n":"Tumbling Waters","k":"locality"}},{"type":"Feature","geometry":{"type":"Point","coordinates":[145.87938,-36.16368]},"properties":{"n":"Tungamah","k":"village"}},{"type":"Feature","geometry":{"type":"Point","coordinates":[145.87852,-36.16706]},"properties":{"n":"Tungamah Lions Park","k":"campsite"}},{"type":"Feature","geometry":{"type":"Point","coordinates":[145.91882,-36.19454]},"properties":{"n":"Tungamah Natural Features Reserve","k":"park"}},{"type":"Feature","geometry":{"type":"Point","coordinates":[145.91697,-36.15122]},"properties":{"n":"Tungamah Swamp Wildlife Reserve (hunting)","k":"park"}},{"type":"Feature","geometry":{"type":"Point","coordinates":[145.88264,-36.16756]},"properties":{"n":"Tungamah Weir","k":"lake"}},{"type":"Feature","geometry":{"type":"Point","coordinates":[145.87629,-36.17088]},"properties":{"n":"Tungumah Bushland Reserve","k":"park"}},{"type":"Feature","geometry":{"type":"Point","coordinates":[146.37363,-37.18641]},"properties":{"n":"Tunnel Bend","k":"locality"}},{"type":"Feature","geometry":{"type":"Point","coordinates":[146.36875,-37.18825]},"properties":{"n":"Tunnel Bend Flat","k":"campsite"}},{"type":"Feature","geometry":{"type":"Point","coordinates":[146.37291,-37.1883]},"properties":{"n":"Tunnel Bend Tunnel Entrance","k":"attraction"}},{"type":"Feature","geometry":{"type":"Point","coordinates":[145.80062,-36.59287]},"properties":{"n":"Turnip Creek Bushland Reserve","k":"park"}},{"type":"Feature","geometry":{"type":"Point","coordinates":[146.89636,-37.69685]},"properties":{"n":"Turton River","k":"river"}},{"type":"Feature","geometry":{"type":"Point","coordinates":[146.6271,-37.79439]},"properties":{"n":"Twenty Acre Creek Reference Area","k":"park"}},{"type":"Feature","geometry":{"type":"Point","coordinates":[147.13879,-37.24928]},"properties":{"n":"Twenty Five Mile Creek Camp Site","k":"campsite"}},{"type":"Feature","geometry":{"type":"Point","coordinates":[148.23817,-36.49013]},"properties":{"n":"Twin Humps","k":"peak","e":1962}},{"type":"Feature","geometry":{"type":"Point","coordinates":[147.25224,-37.40168]},"properties":{"n":"Two Mile Creek","k":"campsite"}},{"type":"Feature","geometry":{"type":"Point","coordinates":[145.88826,-36.72724]},"properties":{"n":"Tye Hill","k":"peak"}},{"type":"Feature","geometry":{"type":"Point","coordinates":[146.33443,-37.89078]},"properties":{"n":"Tyers River","k":"river"}},{"type":"Feature","geometry":{"type":"Point","coordinates":[146.3745,-37.89385]},"properties":{"n":"Tyers River East Branch","k":"river"}},{"type":"Feature","geometry":{"type":"Point","coordinates":[146.2884,-37.87518]},"properties":{"n":"Tyers River West Branch","k":"river"}},{"type":"Feature","geometry":{"type":"Point","coordinates":[145.70974,-37.19004]},"properties":{"n":"U.T. Creek Historic Reserve","k":"park"}},{"type":"Feature","geometry":{"type":"Point","coordinates":[146.75325,-36.71386]},"properties":{"n":"Ulrich Peak","k":"peak"}},{"type":"Feature","geometry":{"type":"Point","coordinates":[145.80533,-36.68442]},"properties":{"n":"Umbrella Hill","k":"peak"}},{"type":"Feature","geometry":{"type":"Point","coordinates":[145.74536,-37.05608]},"properties":{"n":"United Kingdom Gap","k":"saddle"}},{"type":"Feature","geometry":{"type":"Point","coordinates":[146.45632,-37.13274]},"properties":{"n":"Unnamed Corner","k":"locality"}},{"type":"Feature","geometry":{"type":"Point","coordinates":[146.25566,-36.68055]},"properties":{"n":"Unnamed P0023 Private Nature Reserve","k":"park"}},{"type":"Feature","geometry":{"type":"Point","coordinates":[146.26915,-36.71689]},"properties":{"n":"Unnamed P0074 Private Nature Reserve","k":"park"}},{"type":"Feature","geometry":{"type":"Point","coordinates":[145.92285,-36.19216]},"properties":{"n":"Unnamed P0093 Private Nature Reserve","k":"park"}},{"type":"Feature","geometry":{"type":"Point","coordinates":[145.58541,-37.77752]},"properties":{"n":"Unnamed P0118 Private Nature Reserve","k":"park"}},{"type":"Feature","geometry":{"type":"Point","coordinates":[147.24998,-37.86431]},"properties":{"n":"Unnamed P0226 Private Nature Reserve","k":"park"}},{"type":"Feature","geometry":{"type":"Point","coordinates":[145.65137,-37.02488]},"properties":{"n":"Unnamed P0310 Private Nature Reserve","k":"park"}},{"type":"Feature","geometry":{"type":"Point","coordinates":[147.71632,-36.85027]},"properties":{"n":"Uplands State Forest","k":"park"}},{"type":"Feature","geometry":{"type":"Point","coordinates":[145.77315,-36.47359]},"properties":{"n":"Upotipotpon","k":"locality"}},{"type":"Feature","geometry":{"type":"Point","coordinates":[145.79133,-36.44989]},"properties":{"n":"Upotipotpon H4A Streamside Reserve","k":"park"}},{"type":"Feature","geometry":{"type":"Point","coordinates":[145.77191,-36.45577]},"properties":{"n":"Upotipotpon H65 Bushland Reserve","k":"park"}},{"type":"Feature","geometry":{"type":"Point","coordinates":[145.82132,-36.51934]},"properties":{"n":"Upotipotpon H80 Bushland Reserve","k":"park"}},{"type":"Feature","geometry":{"type":"Point","coordinates":[145.73326,-36.51951]},"properties":{"n":"Upotipotpon Nature Conservation Reserve","k":"park"}},{"type":"Feature","geometry":{"type":"Point","coordinates":[148.13513,-37.00963]},"properties":{"n":"Upper Buchan River Heritage River","k":"park"}},{"type":"Feature","geometry":{"type":"Point","coordinates":[146.83685,-36.71906]},"properties":{"n":"Upper Eurobin Falls Lookout","k":"lookout"}},{"type":"Feature","geometry":{"type":"Point","coordinates":[146.22834,-36.36579]},"properties":{"n":"Upper Falls Lookout","k":"lookout"}},{"type":"Feature","geometry":{"type":"Point","coordinates":[146.34586,-37.41469]},"properties":{"n":"Upper Goulburn State Forest","k":"park"}},{"type":"Feature","geometry":{"type":"Point","coordinates":[146.56273,-37.17363]},"properties":{"n":"Upper Howqua Camping Area","k":"campsite"}},{"type":"Feature","geometry":{"type":"Point","coordinates":[146.44797,-37.25762]},"properties":{"n":"Upper Jamieson Hut","k":"hut"}},{"type":"Feature","geometry":{"type":"Point","coordinates":[145.77502,-37.53349]},"properties":{"n":"Upper Lookout","k":"lookout"}},{"type":"Feature","geometry":{"type":"Point","coordinates":[146.20479,-36.59903]},"properties":{"n":"Upper Lurg","k":"locality"}},{"type":"Feature","geometry":{"type":"Point","coordinates":[147.02378,-37.61312]},"properties":{"n":"Upper New Place Hut","k":"hut"}},{"type":"Feature","geometry":{"type":"Point","coordinates":[146.19936,-36.63622]},"properties":{"n":"Upper Ryans Creek","k":"locality"}},{"type":"Feature","geometry":{"type":"Point","coordinates":[145.88982,-37.66887]},"properties":{"n":"Upper Yarra Reservoir","k":"campsite"}},{"type":"Feature","geometry":{"type":"Point","coordinates":[145.93399,-37.68064]},"properties":{"n":"Upper Yarra Reservoir","k":"lake"}},{"type":"Feature","geometry":{"type":"Point","coordinates":[145.89028,-37.66944]},"properties":{"n":"Upper Yarra Reservoir Park","k":"campsite"}},{"type":"Feature","geometry":{"type":"Point","coordinates":[146.99011,-37.82562]},"properties":{"n":"Valencia Creek","k":"locality"}},{"type":"Feature","geometry":{"type":"Point","coordinates":[146.9576,-37.65557]},"properties":{"n":"Valencia State Forest","k":"park"}},{"type":"Feature","geometry":{"type":"Point","coordinates":[146.67039,-37.17214]},"properties":{"n":"Vallejo Gantner Hut","k":"hut","e":1603}},{"type":"Feature","geometry":{"type":"Point","coordinates":[146.77615,-37.55136]},"properties":{"n":"Valley of Destruction","k":"locality"}},{"type":"Feature","geometry":{"type":"Point","coordinates":[146.30861,-37.1223]},"properties":{"n":"Veggie Tip","k":"locality"}},{"type":"Feature","geometry":{"type":"Point","coordinates":[147.45979,-37.08497]},"properties":{"n":"Victoria Falls","k":"attraction"}},{"type":"Feature","geometry":{"type":"Point","coordinates":[147.425,-37.09361]},"properties":{"n":"Victoria Falls Campground","k":"campsite"}},{"type":"Feature","geometry":{"type":"Point","coordinates":[147.44405,-37.08345]},"properties":{"n":"Victoria Falls Historic Area","k":"park"}},{"type":"Feature","geometry":{"type":"Point","coordinates":[147.4583,-37.08481]},"properties":{"n":"Victoria Falls Lookout","k":"lookout"}},{"type":"Feature","geometry":{"type":"Point","coordinates":[147.42413,-37.08994]},"properties":{"n":"Victoria River","k":"river"}},{"type":"Feature","geometry":{"type":"Point","coordinates":[146.67762,-37.2052]},"properties":{"n":"View Point","k":"peak","e":1615}},{"type":"Feature","geometry":{"type":"Point","coordinates":[146.18772,-37.47346]},"properties":{"n":"View Point","k":"locality"}},{"type":"Feature","geometry":{"type":"Point","coordinates":[145.96524,-37.21591]},"properties":{"n":"View of longest wire span and bay","k":"lookout"}},{"type":"Feature","geometry":{"type":"Point","coordinates":[146.71053,-37.11536]},"properties":{"n":"Viking Saddle","k":"campsite"}},{"type":"Feature","geometry":{"type":"Point","coordinates":[146.71009,-37.11557]},"properties":{"n":"Viking Saddle","k":"saddle"}},{"type":"Feature","geometry":{"type":"Point","coordinates":[145.87931,-36.93625]},"properties":{"n":"Vinegar Hill","k":"peak","e":824}},{"type":"Feature","geometry":{"type":"Point","coordinates":[146.52874,-37.58406]},"properties":{"n":"Violet Hill","k":"peak"}},{"type":"Feature","geometry":{"type":"Point","coordinates":[145.71719,-36.69345]},"properties":{"n":"Violet State Forest","k":"park"}},{"type":"Feature","geometry":{"type":"Point","coordinates":[145.71798,-36.63709]},"properties":{"n":"Violet Town","k":"town"}},{"type":"Feature","geometry":{"type":"Point","coordinates":[145.70565,-36.64951]},"properties":{"n":"Violet Town Bushland Reserve","k":"park"}},{"type":"Feature","geometry":{"type":"Point","coordinates":[147.4806,-37.13963]},"properties":{"n":"Volker's Lookout","k":"lookout"}},{"type":"Feature","geometry":{"type":"Point","coordinates":[148.219,-37.36938]},"properties":{"n":"W Tree Falls Lookout","k":"lookout"}},{"type":"Feature","geometry":{"type":"Point","coordinates":[148.21525,-37.37656]},"properties":{"n":"W Tree Falls Natural Features and Scenic Reserve","k":"park"}},{"type":"Feature","geometry":{"type":"Point","coordinates":[148.26298,-36.44054]},"properties":{"n":"WIlkinson's Creek Campsite","k":"campsite"}},{"type":"Feature","geometry":{"type":"Point","coordinates":[145.86642,-37.2951]},"properties":{"n":"WP42","k":"lake"}},{"type":"Feature","geometry":{"type":"Point","coordinates":[147.72145,-36.36618]},"properties":{"n":"Wabba Wilderness Park","k":"park"}},{"type":"Feature","geometry":{"type":"Point","coordinates":[146.46119,-36.82115]},"properties":{"n":"Wabonga Bushland Reserve","k":"park"}},{"type":"Feature","geometry":{"type":"Point","coordinates":[147.31733,-36.25164]},"properties":{"n":"Wagra Bushland Reserve","k":"park"}},{"type":"Feature","geometry":{"type":"Point","coordinates":[148.16652,-37.68851]},"properties":{"n":"Wairewa","k":"locality"}},{"type":"Feature","geometry":{"type":"Point","coordinates":[148.16203,-37.7322]},"properties":{"n":"Wairewa Road Trestle Bridge","k":"attraction"}},{"type":"Feature","geometry":{"type":"Point","coordinates":[146.44399,-37.9374]},"properties":{"n":"Walhalla Historic Area","k":"park"}},{"type":"Feature","geometry":{"type":"Point","coordinates":[145.7757,-37.30131]},"properties":{"n":"Walker Hill","k":"peak"}},{"type":"Feature","geometry":{"type":"Point","coordinates":[146.20007,-36.21067]},"properties":{"n":"Wallaby Hill","k":"peak","e":246}},{"type":"Feature","geometry":{"type":"Point","coordinates":[146.92946,-36.73445]},"properties":{"n":"Wallaby Hill","k":"peak","e":660}},{"type":"Feature","geometry":{"type":"Point","coordinates":[147.30718,-36.89649]},"properties":{"n":"Wallaces Hut","k":"hut"}},{"type":"Feature","geometry":{"type":"Point","coordinates":[147.41876,-37.79387]},"properties":{"n":"Walpa","k":"locality"}},{"type":"Feature","geometry":{"type":"Point","coordinates":[145.96818,-37.62161]},"properties":{"n":"Walsh Creek Reference Area","k":"park"}},{"type":"Feature","geometry":{"type":"Point","coordinates":[146.98287,-36.76998]},"properties":{"n":"Wandiligong","k":"village"}},{"type":"Feature","geometry":{"type":"Point","coordinates":[146.98647,-36.74193]},"properties":{"n":"Wandiligong Education Area","k":"park"}},{"type":"Feature","geometry":{"type":"Point","coordinates":[146.97769,-36.76767]},"properties":{"n":"Wandiligong Maze and Cafe","k":"attraction"}},{"type":"Feature","geometry":{"type":"Point","coordinates":[146.22427,-36.31324]},"properties":{"n":"Wanganderry Creek","k":"locality"}},{"type":"Feature","geometry":{"type":"Point","coordinates":[146.32283,-36.35643]},"properties":{"n":"Wangaratta","k":"town","e":154}},{"type":"Feature","geometry":{"type":"Point","coordinates":[146.30275,-36.37098]},"properties":{"n":"Wangaratta Common Nature Conservation Reserve","k":"park"}},{"type":"Feature","geometry":{"type":"Point","coordinates":[146.25311,-36.28397]},"properties":{"n":"Wangaratta H8A Bushland Reserve","k":"park"}},{"type":"Feature","geometry":{"type":"Point","coordinates":[146.2515,-36.39351]},"properties":{"n":"Wangaratta South","k":"locality"}},{"type":"Feature","geometry":{"type":"Point","coordinates":[146.24012,-36.3458]},"properties":{"n":"Wangaratta South Bushland Reserve","k":"park"}},{"type":"Feature","geometry":{"type":"Point","coordinates":[145.90626,-37.03468]},"properties":{"n":"Wappan","k":"locality"}},{"type":"Feature","geometry":{"type":"Point","coordinates":[145.86734,-37.12598]},"properties":{"n":"Wappan Block","k":"locality"}},{"type":"Feature","geometry":{"type":"Point","coordinates":[147.63866,-37.82593]},"properties":{"n":"War memorial gate","k":"attraction"}},{"type":"Feature","geometry":{"type":"Point","coordinates":[145.68873,-37.75362]},"properties":{"n":"Warburton","k":"town"}},{"type":"Feature","geometry":{"type":"Point","coordinates":[145.67382,-37.75726]},"properties":{"n":"Warburton Bushland Reserve","k":"park"}},{"type":"Feature","geometry":{"type":"Point","coordinates":[145.70809,-37.74385]},"properties":{"n":"Warburton Trails Scout Adventure Centre","k":"campsite"}},{"type":"Feature","geometry":{"type":"Point","coordinates":[146.15341,-36.29181]},"properties":{"n":"Warby Range Reference Area","k":"park"}},{"type":"Feature","geometry":{"type":"Point","coordinates":[146.17812,-36.26073]},"properties":{"n":"Warby-Ovens National Park","k":"park"}},{"type":"Feature","geometry":{"type":"Point","coordinates":[146.16311,-36.64032]},"properties":{"n":"Watchbox Creek","k":"river"}},{"type":"Feature","geometry":{"type":"Point","coordinates":[146.84285,-37.78954]},"properties":{"n":"Water hole","k":"lake"}},{"type":"Feature","geometry":{"type":"Point","coordinates":[145.70926,-37.71142]},"properties":{"n":"Waterfall Viewpoint","k":"lookout"}},{"type":"Feature","geometry":{"type":"Point","coordinates":[147.20196,-37.51656]},"properties":{"n":"Waterford","k":"locality"}},{"type":"Feature","geometry":{"type":"Point","coordinates":[146.59802,-37.23189]},"properties":{"n":"Waterhole Saddle","k":"saddle"}},{"type":"Feature","geometry":{"type":"Point","coordinates":[148.29414,-36.38004]},"properties":{"n":"Watsons Crags","k":"peak","e":2029}},{"type":"Feature","geometry":{"type":"Point","coordinates":[147.82616,-37.44934]},"properties":{"n":"Wattle Circle","k":"locality"}},{"type":"Feature","geometry":{"type":"Point","coordinates":[145.67825,-37.68438]},"properties":{"n":"Watts Creek Reference Area","k":"park"}},{"type":"Feature","geometry":{"type":"Point","coordinates":[145.53345,-37.64324]},"properties":{"n":"Watts River","k":"river"}},{"type":"Feature","geometry":{"type":"Point","coordinates":[145.51891,-37.65067]},"properties":{"n":"Watts River Streamside Reserve","k":"park"}},{"type":"Feature","geometry":{"type":"Point","coordinates":[145.74909,-36.25941]},"properties":{"n":"Wattville Natural Features Reserve","k":"park"}},{"type":"Feature","geometry":{"type":"Point","coordinates":[146.62762,-37.58601]},"properties":{"n":"Wellington River","k":"river"}},{"type":"Feature","geometry":{"type":"Point","coordinates":[145.75392,-37.40808]},"properties":{"n":"Wells Cave","k":"cave"}},{"type":"Feature","geometry":{"type":"Point","coordinates":[146.20449,-36.34103]},"properties":{"n":"Wenhams Camping Area","k":"campsite"}},{"type":"Feature","geometry":{"type":"Point","coordinates":[147.39788,-37.46527]},"properties":{"n":"Wentworth River","k":"river"}},{"type":"Feature","geometry":{"type":"Point","coordinates":[145.64627,-37.76616]},"properties":{"n":"Wesburn","k":"locality"}},{"type":"Feature","geometry":{"type":"Point","coordinates":[145.64996,-37.78384]},"properties":{"n":"Wesburn Camp","k":"campsite"}},{"type":"Feature","geometry":{"type":"Point","coordinates":[146.03073,-37.05043]},"properties":{"n":"West Ford","k":"peak"}},{"type":"Feature","geometry":{"type":"Point","coordinates":[147.42514,-37.15291]},"properties":{"n":"West Hill","k":"peak"}},{"type":"Feature","geometry":{"type":"Point","coordinates":[147.2782,-36.74035]},"properties":{"n":"West Peak","k":"peak","e":1962}},{"type":"Feature","geometry":{"type":"Point","coordinates":[146.64122,-37.17564]},"properties":{"n":"West Peak","k":"peak","e":1725}},{"type":"Feature","geometry":{"type":"Point","coordinates":[147.18771,-36.91699]},"properties":{"n":"Westons Hut","k":"hut"}},{"type":"Feature","geometry":{"type":"Point","coordinates":[147.56793,-37.09846]},"properties":{"n":"Wet Hill","k":"peak"}},{"type":"Feature","geometry":{"type":"Point","coordinates":[145.51212,-37.20166]},"properties":{"n":"Whanregarwen Bushland Reserve","k":"park"}},{"type":"Feature","geometry":{"type":"Point","coordinates":[147.73183,-36.67158]},"properties":{"n":"Wheeler Gibbo","k":"peak","e":1369}},{"type":"Feature","geometry":{"type":"Point","coordinates":[148.25287,-36.11372]},"properties":{"n":"Wheelers Hut","k":"hut"}},{"type":"Feature","geometry":{"type":"Point","coordinates":[147.1835,-37.00409]},"properties":{"n":"Whiskey Flat","k":"locality"}},{"type":"Feature","geometry":{"type":"Point","coordinates":[145.89334,-37.40944]},"properties":{"n":"Whisky Creek Hut","k":"hut"}},{"type":"Feature","geometry":{"type":"Point","coordinates":[146.43507,-37.47008]},"properties":{"n":"Whisky Knob","k":"peak","e":1180}},{"type":"Feature","geometry":{"type":"Point","coordinates":[146.66534,-36.16928]},"properties":{"n":"White Box Ridge Reference Area","k":"park"}},{"type":"Feature","geometry":{"type":"Point","coordinates":[145.96297,-37.33465]},"properties":{"n":"White Cow Gap","k":"saddle"}},{"type":"Feature","geometry":{"type":"Point","coordinates":[146.79649,-36.77167]},"properties":{"n":"White Hill","k":"peak"}},{"type":"Feature","geometry":{"type":"Point","coordinates":[146.30207,-37.13781]},"properties":{"n":"White Hill","k":"peak","e":760}},{"type":"Feature","geometry":{"type":"Point","coordinates":[145.69141,-37.59835]},"properties":{"n":"White Hill","k":"peak"}},{"type":"Feature","geometry":{"type":"Point","coordinates":[148.05436,-36.11457]},"properties":{"n":"Whitehead","k":"peak","e":695}},{"type":"Feature","geometry":{"type":"Point","coordinates":[147.30515,-36.81627]},"properties":{"n":"Whiterock Creek Reference Area","k":"park"}},{"type":"Feature","geometry":{"type":"Point","coordinates":[146.41423,-36.76546]},"properties":{"n":"Whitfield","k":"village"}},{"type":"Feature","geometry":{"type":"Point","coordinates":[146.31229,-36.73621]},"properties":{"n":"Whitfield H1 Bushland Reserve","k":"park"}},{"type":"Feature","geometry":{"type":"Point","coordinates":[146.35631,-36.75987]},"properties":{"n":"Whitfield Scenic Reserve","k":"park"}},{"type":"Feature","geometry":{"type":"Point","coordinates":[146.5877,-36.50464]},"properties":{"n":"Whorouly","k":"village"}},{"type":"Feature","geometry":{"type":"Point","coordinates":[146.6168,-36.53484]},"properties":{"n":"Whorouly East","k":"locality"}},{"type":"Feature","geometry":{"type":"Point","coordinates":[146.59901,-36.48955]},"properties":{"n":"Whorouly Streamside Reserve","k":"park"}},{"type":"Feature","geometry":{"type":"Point","coordinates":[146.98274,-36.21463]},"properties":{"n":"Whyte Hill","k":"peak","e":215}},{"type":"Feature","geometry":{"type":"Point","coordinates":[145.89869,-37.22543]},"properties":{"n":"Wielles Hill","k":"peak"}},{"type":"Feature","geometry":{"type":"Point","coordinates":[146.01789,-36.15756]},"properties":{"n":"Wilby","k":"village"}},{"type":"Feature","geometry":{"type":"Point","coordinates":[146.01433,-36.15997]},"properties":{"n":"Wilby Bushland Reserve","k":"park"}},{"type":"Feature","geometry":{"type":"Point","coordinates":[147.82316,-36.59621]},"properties":{"n":"Wild Boar Range Natural Features and Scenic Reserve","k":"park"}},{"type":"Feature","geometry":{"type":"Point","coordinates":[146.07142,-36.86427]},"properties":{"n":"Wild Dog Creek Falls Camp","k":"campsite"}},{"type":"Feature","geometry":{"type":"Point","coordinates":[146.77024,-36.74168]},"properties":{"n":"Wild Dog Plains","k":"locality"}},{"type":"Feature","geometry":{"type":"Point","coordinates":[145.93191,-36.94579]},"properties":{"n":"Wild Dog Rocks","k":"lookout"}},{"type":"Feature","geometry":{"type":"Point","coordinates":[145.93156,-36.94574]},"properties":{"n":"Wild Dog Rocks","k":"peak"}},{"type":"Feature","geometry":{"type":"Point","coordinates":[146.55658,-36.96567]},"properties":{"n":"Wild Horse Gap","k":"saddle"}},{"type":"Feature","geometry":{"type":"Point","coordinates":[145.92504,-37.44484]},"properties":{"n":"Wild Oats Hill","k":"peak"}},{"type":"Feature","geometry":{"type":"Point","coordinates":[146.76238,-36.77087]},"properties":{"n":"Wilfreds Hill","k":"peak","e":1639}},{"type":"Feature","geometry":{"type":"Point","coordinates":[145.57285,-37.4008]},"properties":{"n":"Wilhelmina Falls view point","k":"lookout"}},{"type":"Feature","geometry":{"type":"Point","coordinates":[148.25976,-36.42501]},"properties":{"n":"Wilkinsons Cirque","k":"locality"}},{"type":"Feature","geometry":{"type":"Point","coordinates":[146.8212,-36.71845]},"properties":{"n":"Wilkinsons Lookout","k":"lookout"}},{"type":"Feature","geometry":{"type":"Point","coordinates":[146.20124,-37.33527]},"properties":{"n":"Williams Creek Natural Catchment Area","k":"park"}},{"type":"Feature","geometry":{"type":"Point","coordinates":[146.10754,-37.27362]},"properties":{"n":"Williams Lookout","k":"lookout"}},{"type":"Feature","geometry":{"type":"Point","coordinates":[148.21529,-37.50124]},"properties":{"n":"Wilsons Cave Reserve","k":"park"}},{"type":"Feature","geometry":{"type":"Point","coordinates":[145.98297,-37.27116]},"properties":{"n":"Wilsons Ck Hut","k":"hut"}},{"type":"Feature","geometry":{"type":"Point","coordinates":[147.25895,-36.48703]},"properties":{"n":"Wilsons Hill","k":"peak"}},{"type":"Feature","geometry":{"type":"Point","coordinates":[145.94645,-37.44817]},"properties":{"n":"Winch Hill","k":"peak"}},{"type":"Feature","geometry":{"type":"Point","coordinates":[146.67229,-37.65269]},"properties":{"n":"Windmill Hill","k":"peak"}},{"type":"Feature","geometry":{"type":"Point","coordinates":[148.28152,-36.40703]},"properties":{"n":"Windover Knoll","k":"peak","e":1967}},{"type":"Feature","geometry":{"type":"Point","coordinates":[147.2859,-36.86502]},"properties":{"n":"Windy Corner","k":"locality"}},{"type":"Feature","geometry":{"type":"Point","coordinates":[146.09588,-36.50597]},"properties":{"n":"Winton Bushland Reserve","k":"park"}},{"type":"Feature","geometry":{"type":"Point","coordinates":[146.09182,-36.51954]},"properties":{"n":"Winton Motor Raceway Camping Ground","k":"campsite"}},{"type":"Feature","geometry":{"type":"Point","coordinates":[146.05041,-36.44638]},"properties":{"n":"Winton North","k":"locality"}},{"type":"Feature","geometry":{"type":"Point","coordinates":[146.07573,-36.4551]},"properties":{"n":"Winton Swamp","k":"lake"}},{"type":"Feature","geometry":{"type":"Point","coordinates":[146.0965,-36.45597]},"properties":{"n":"Winton Wetlands Reserve","k":"park"}},{"type":"Feature","geometry":{"type":"Point","coordinates":[146.78487,-36.7693]},"properties":{"n":"Wirbill Plain","k":"locality"}},{"type":"Feature","geometry":{"type":"Point","coordinates":[147.17543,-36.99675]},"properties":{"n":"Wire Plain","k":"locality"}},{"type":"Feature","geometry":{"type":"Point","coordinates":[147.78919,-37.7201]},"properties":{"n":"Wiseleigh Bushland Reserve","k":"park"}},{"type":"Feature","geometry":{"type":"Point","coordinates":[146.88808,-36.12055]},"properties":{"n":"Wodonga","k":"city","e":152}},{"type":"Feature","geometry":{"type":"Point","coordinates":[146.89947,-36.14868]},"properties":{"n":"Wodonga Bushland Reserve","k":"park"}},{"type":"Feature","geometry":{"type":"Point","coordinates":[146.89915,-36.09926]},"properties":{"n":"Wodonga Creek","k":"river"}},{"type":"Feature","geometry":{"type":"Point","coordinates":[146.93995,-36.13273]},"properties":{"n":"Wodonga Regional Park","k":"park"}},{"type":"Feature","geometry":{"type":"Point","coordinates":[145.53049,-37.68303]},"properties":{"n":"Wombat","k":"lookout"}},{"type":"Feature","geometry":{"type":"Point","coordinates":[145.53117,-37.68525]},"properties":{"n":"Wombat","k":"lookout"}},{"type":"Feature","geometry":{"type":"Point","coordinates":[148.27706,-37.7532]},"properties":{"n":"Wombat Creek","k":"locality"}},{"type":"Feature","geometry":{"type":"Point","coordinates":[148.23151,-37.69388]},"properties":{"n":"Wombat Creek Nature Conservation Reserve","k":"park"}},{"type":"Feature","geometry":{"type":"Point","coordinates":[147.63813,-36.75438]},"properties":{"n":"Wombat Creek Reference Area","k":"park"}},{"type":"Feature","geometry":{"type":"Point","coordinates":[146.30718,-37.84744]},"properties":{"n":"Wombat Flat","k":"locality"}},{"type":"Feature","geometry":{"type":"Point","coordinates":[146.82159,-37.17171]},"properties":{"n":"Wombat Gap","k":"saddle"}},{"type":"Feature","geometry":{"type":"Point","coordinates":[146.26346,-36.95188]},"properties":{"n":"Wombat Hill","k":"peak"}},{"type":"Feature","geometry":{"type":"Point","coordinates":[146.00231,-37.27462]},"properties":{"n":"Wombat Knob","k":"peak"}},{"type":"Feature","geometry":{"type":"Point","coordinates":[145.64949,-36.80808]},"properties":{"n":"Wondoomarook I53 Bushland Reserve","k":"park"}},{"type":"Feature","geometry":{"type":"Point","coordinates":[145.69854,-36.86014]},"properties":{"n":"Wondoomarook I58 Bushland Reserve","k":"park"}},{"type":"Feature","geometry":{"type":"Point","coordinates":[145.71265,-36.86032]},"properties":{"n":"Wondoomarook I59 Bushland Reserve","k":"park"}},{"type":"Feature","geometry":{"type":"Point","coordinates":[145.71623,-36.85467]},"properties":{"n":"Wondoomarook I60 Bushland Reserve","k":"park"}},{"type":"Feature","geometry":{"type":"Point","coordinates":[145.72088,-36.85245]},"properties":{"n":"Wondoomarook I61 Bushland Reserve","k":"park"}},{"type":"Feature","geometry":{"type":"Point","coordinates":[147.0708,-37.34691]},"properties":{"n":"Wongungarra River","k":"river"}},{"type":"Feature","geometry":{"type":"Point","coordinates":[147.07267,-37.03705]},"properties":{"n":"Wongungurra River headwaters Natural Catchment Area","k":"park"}},{"type":"Feature","geometry":{"type":"Point","coordinates":[146.75096,-37.16677]},"properties":{"n":"Wonnangatta River","k":"river"}},{"type":"Feature","geometry":{"type":"Point","coordinates":[146.86458,-37.20032]},"properties":{"n":"Wonnangatta River Reference Area","k":"park"}},{"type":"Feature","geometry":{"type":"Point","coordinates":[146.83137,-37.208]},"properties":{"n":"Wonnangatta Station (Guys) Hut","k":"hut"}},{"type":"Feature","geometry":{"type":"Point","coordinates":[146.1457,-36.40336]},"properties":{"n":"Wood Duck Camping Ground","k":"campsite"}},{"type":"Feature","geometry":{"type":"Point","coordinates":[146.04573,-37.84906]},"properties":{"n":"Wooden bridge","k":"lookout"}},{"type":"Feature","geometry":{"type":"Point","coordinates":[145.79971,-37.02032]},"properties":{"n":"Woodfield","k":"locality"}},{"type":"Feature","geometry":{"type":"Point","coordinates":[145.80185,-37.01903]},"properties":{"n":"Woodfield Trestle Bridge Historic and Cultural Features Reserve","k":"park"}},{"type":"Feature","geometry":{"type":"Point","coordinates":[146.25267,-37.56908]},"properties":{"n":"Woods Point","k":"village"}},{"type":"Feature","geometry":{"type":"Point","coordinates":[146.32742,-37.5813]},"properties":{"n":"Woods Point Gold-mines Historic and Cultural Features Reserve","k":"park"}},{"type":"Feature","geometry":{"type":"Point","coordinates":[147.04375,-37.77738]},"properties":{"n":"Woolenook I10 Bushland Reserve","k":"park"}},{"type":"Feature","geometry":{"type":"Point","coordinates":[147.0499,-37.78387]},"properties":{"n":"Woolenook I9 Bushland Reserve","k":"park"}},{"type":"Feature","geometry":{"type":"Point","coordinates":[146.66872,-36.31829]},"properties":{"n":"Woolshed Falls","k":"lookout"}},{"type":"Feature","geometry":{"type":"Point","coordinates":[145.91644,-37.15834]},"properties":{"n":"Woolshed Saddle","k":"saddle"}},{"type":"Feature","geometry":{"type":"Point","coordinates":[146.62157,-36.30796]},"properties":{"n":"Woolshed Valley","k":"locality"}},{"type":"Feature","geometry":{"type":"Point","coordinates":[146.73178,-36.29073]},"properties":{"n":"Wooragee","k":"village"}},{"type":"Feature","geometry":{"type":"Point","coordinates":[145.53013,-37.77933]},"properties":{"n":"Woori Yallock","k":"town"}},{"type":"Feature","geometry":{"type":"Point","coordinates":[145.51234,-37.76644]},"properties":{"n":"Woori Yallock Creek Streamside Reserve","k":"park"}},{"type":"Feature","geometry":{"type":"Point","coordinates":[145.54039,-37.75196]},"properties":{"n":"Woori Yallock G161 Bushland Reserve","k":"park"}},{"type":"Feature","geometry":{"type":"Point","coordinates":[146.7588,-36.3174]},"properties":{"n":"Woorragee I20 Bushland Reserve","k":"park"}},{"type":"Feature","geometry":{"type":"Point","coordinates":[146.80842,-36.26642]},"properties":{"n":"Woorragee I93 Bushland Reserve","k":"park"}},{"type":"Feature","geometry":{"type":"Point","coordinates":[146.78974,-36.20544]},"properties":{"n":"Woorragee North I18 Bushland Reserve","k":"park"}},{"type":"Feature","geometry":{"type":"Point","coordinates":[146.78204,-36.1792]},"properties":{"n":"Woorragee North I92 Bushland Reserve","k":"park"}},{"type":"Feature","geometry":{"type":"Point","coordinates":[148.25732,-37.42436]},"properties":{"n":"World Hill","k":"peak"}},{"type":"Feature","geometry":{"type":"Point","coordinates":[145.73408,-37.89714]},"properties":{"n":"Worlley Hill","k":"peak"}},{"type":"Feature","geometry":{"type":"Point","coordinates":[146.74135,-37.66935]},"properties":{"n":"Worrowing","k":"locality"}},{"type":"Feature","geometry":{"type":"Point","coordinates":[146.94867,-37.5971]},"properties":{"n":"Wrathung","k":"locality"}},{"type":"Feature","geometry":{"type":"Point","coordinates":[147.03782,-37.74401]},"properties":{"n":"Wright Hill","k":"peak","e":256}},{"type":"Feature","geometry":{"type":"Point","coordinates":[148.26684,-37.062]},"properties":{"n":"Wulgulmerang Creek Bushland Reserve","k":"park"}},{"type":"Feature","geometry":{"type":"Point","coordinates":[148.25913,-37.06847]},"properties":{"n":"Wulgulmerang Recreation Reserve","k":"campsite"}},{"type":"Feature","geometry":{"type":"Point","coordinates":[147.53501,-37.75247]},"properties":{"n":"Wy Yung I17 Bushland Reserve","k":"park"}},{"type":"Feature","geometry":{"type":"Point","coordinates":[147.63502,-37.75684]},"properties":{"n":"Wy Yung I18 Bushland Reserve","k":"park"}},{"type":"Feature","geometry":{"type":"Point","coordinates":[147.63973,-37.74088]},"properties":{"n":"Wy Yung I19 Bushland Reserve","k":"park"}},{"type":"Feature","geometry":{"type":"Point","coordinates":[148.1899,-37.43987]},"properties":{"n":"Wyatts Reserve","k":"park"}},{"type":"Feature","geometry":{"type":"Point","coordinates":[147.25031,-36.26394]},"properties":{"n":"Yabba","k":"locality"}},{"type":"Feature","geometry":{"type":"Point","coordinates":[145.68887,-36.21556]},"properties":{"n":"Yabba North","k":"locality"}},{"type":"Feature","geometry":{"type":"Point","coordinates":[145.65057,-36.2802]},"properties":{"n":"Yabba South Nature Conservation Reserve","k":"park"}},{"type":"Feature","geometry":{"type":"Point","coordinates":[145.6459,-36.23353]},"properties":{"n":"Yabba Yabba H34 Bushland Reserve","k":"park"}},{"type":"Feature","geometry":{"type":"Point","coordinates":[145.66006,-36.21766]},"properties":{"n":"Yabba Yabba H35 Bushland Reserve","k":"park"}},{"type":"Feature","geometry":{"type":"Point","coordinates":[145.65983,-36.19976]},"properties":{"n":"Yabba Yabba H36 Bushland Reserve","k":"park"}},{"type":"Feature","geometry":{"type":"Point","coordinates":[145.69499,-36.24056]},"properties":{"n":"Yabba Yabba H39 Bushland Reserve","k":"park"}},{"type":"Feature","geometry":{"type":"Point","coordinates":[146.83908,-36.31438]},"properties":{"n":"Yackandandah","k":"village"}},{"type":"Feature","geometry":{"type":"Point","coordinates":[146.8414,-36.31134]},"properties":{"n":"Yackandandah Court House Historic Reserve","k":"park"}},{"type":"Feature","geometry":{"type":"Point","coordinates":[146.91298,-36.26249]},"properties":{"n":"Yackandandah Creek","k":"river"}},{"type":"Feature","geometry":{"type":"Point","coordinates":[145.61662,-37.10105]},"properties":{"n":"Yarck","k":"village"}},{"type":"Feature","geometry":{"type":"Point","coordinates":[145.57784,-37.0655]},"properties":{"n":"Yarck Nature Conservation Reserve","k":"park"}},{"type":"Feature","geometry":{"type":"Point","coordinates":[145.53482,-37.76775]},"properties":{"n":"Yarra Bridge Streamside Reserve","k":"park"}},{"type":"Feature","geometry":{"type":"Point","coordinates":[145.61503,-37.78217]},"properties":{"n":"Yarra Junction","k":"town"}},{"type":"Feature","geometry":{"type":"Point","coordinates":[145.60981,-37.77993]},"properties":{"n":"Yarra Junction Railway Station Historic and Cultural Features Reserve","k":"park"}},{"type":"Feature","geometry":{"type":"Point","coordinates":[145.84297,-37.60995]},"properties":{"n":"Yarra Ranges National Park","k":"park"}},{"type":"Feature","geometry":{"type":"Point","coordinates":[145.49037,-37.71642]},"properties":{"n":"Yarra River","k":"river"}},{"type":"Feature","geometry":{"type":"Point","coordinates":[145.47568,-37.71723]},"properties":{"n":"Yarra River Heritage River","k":"park"}},{"type":"Feature","geometry":{"type":"Point","coordinates":[145.78531,-37.76726]},"properties":{"n":"Yarra State Forest","k":"park"}},{"type":"Feature","geometry":{"type":"Point","coordinates":[145.83075,-37.6957]},"properties":{"n":"Yarra Tributaries Forest Reserve","k":"park"}},{"type":"Feature","geometry":{"type":"Point","coordinates":[146.67825,-36.73507]},"properties":{"n":"Yarrarabula Creek","k":"river"}},{"type":"Feature","geometry":{"type":"Point","coordinates":[146.77945,-36.89855]},"properties":{"n":"Yarrarabula Creek Natural Catchment Area","k":"park"}},{"type":"Feature","geometry":{"type":"Point","coordinates":[146.79289,-36.89375]},"properties":{"n":"Yarrarabula Remote and Natural Area","k":"park"}},{"type":"Feature","geometry":{"type":"Point","coordinates":[145.46148,-37.50454]},"properties":{"n":"Yea River","k":"river"}},{"type":"Feature","geometry":{"type":"Point","coordinates":[145.60964,-37.47131]},"properties":{"n":"Yea Rock","k":"peak","e":847}},{"type":"Feature","geometry":{"type":"Point","coordinates":[145.50972,-37.81029]},"properties":{"n":"Yellingbo","k":"locality"}},{"type":"Feature","geometry":{"type":"Point","coordinates":[145.49643,-37.83627]},"properties":{"n":"Yellingbo Nature Conservation Area","k":"park"}},{"type":"Feature","geometry":{"type":"Point","coordinates":[146.34563,-36.34884]},"properties":{"n":"Yellow Creek","k":"river"}},{"type":"Feature","geometry":{"type":"Point","coordinates":[148.10619,-37.54922]},"properties":{"n":"Yellow Waterholes Creek","k":"lake"}},{"type":"Feature","geometry":{"type":"Point","coordinates":[147.28106,-37.67442]},"properties":{"n":"Yellowman Knob","k":"peak","e":471}},{"type":"Feature","geometry":{"type":"Point","coordinates":[145.98632,-36.66657]},"properties":{"n":"Yin Barun","k":"locality"}},{"type":"Feature","geometry":{"type":"Point","coordinates":[145.97416,-36.66567]},"properties":{"n":"Yin Barun","k":"locality"}},{"type":"Feature","geometry":{"type":"Point","coordinates":[145.69224,-36.15726]},"properties":{"n":"Youanmite","k":"locality"}},{"type":"Feature","geometry":{"type":"Point","coordinates":[145.67319,-36.16477]},"properties":{"n":"Youanmite H37 Bushland Reserve","k":"park"}},{"type":"Feature","geometry":{"type":"Point","coordinates":[145.70369,-36.18605]},"properties":{"n":"Youanmite H38 Bushland Reserve","k":"park"}},{"type":"Feature","geometry":{"type":"Point","coordinates":[145.71479,-36.11937]},"properties":{"n":"Youanmite H41 Bushland Reserve","k":"park"}},{"type":"Feature","geometry":{"type":"Point","coordinates":[145.67909,-36.15252]},"properties":{"n":"Youanmite Nature Conservation Reserve","k":"park"}},{"type":"Feature","geometry":{"type":"Point","coordinates":[145.77587,-36.15633]},"properties":{"n":"Youarang","k":"locality"}},{"type":"Feature","geometry":{"type":"Point","coordinates":[145.80078,-36.21376]},"properties":{"n":"Youarang Natural Features Reserve","k":"park"}},{"type":"Feature","geometry":{"type":"Point","coordinates":[147.21502,-36.95169]},"properties":{"n":"Youngs Hut","k":"hut"}},{"type":"Feature","geometry":{"type":"Point","coordinates":[145.64698,-36.88552]},"properties":{"n":"c","k":"lake"}},{"type":"Feature","geometry":{"type":"Point","coordinates":[146.52492,-37.03907]},"properties":{"n":"dam","k":"lake"}},{"type":"Feature","geometry":{"type":"Point","coordinates":[146.68864,-36.52788]},"properties":{"n":"gabster track","k":"attraction"}},{"type":"Feature","geometry":{"type":"Point","coordinates":[146.76457,-36.4121]},"properties":{"n":"water race lake","k":"lake"}}]}