{"type":"FeatureCollection","features":[{"type":"Feature","geometry":{"type":"MultiLineString","coordinates":[[[146.14084,-37.34476],[146.14084,-37.34476]],[[146.1349,-37.30266],[146.13427,-37.30297],[146.13405,-37.30344],[146.1348,-37.3051],[146.13553,-37.30611],[146.13567,-37.30672],[146.1354,-37.3077],[146.13455,-37.30939],[146.13457,-37.30977],[146.13627,-37.31176],[146.13662,-37.31234],[146.13712,-37.31382],[146.13713,-37.31432],[146.13678,-37.31471],[146.1352,-37.31537],[146.13343,-37.31529],[146.13294,-37.31535],[146.13254,-37.31557],[146.13231,-37.31584],[146.13205,-37.31661],[146.13184,-37.31683],[146.12994,-37.31813],[146.12953,-37.31878],[146.1295,-37.31921],[146.13103,-37.32099],[146.13121,-37.32137],[146.1316,-37.32342],[146.13129,-37.32574],[146.13137,-37.32653],[146.13168,-37.32704],[146.13272,-37.32775],[146.13503,-37.32879],[146.13609,-37.32978],[146.13672,-37.33061],[146.13669,-37.33085],[146.13605,-37.33119],[146.13206,-37.33216],[146.13156,-37.33237],[146.13131,-37.33264],[146.13126,-37.33292],[146.13245,-37.33494],[146.13227,-37.33672],[146.13236,-37.33689],[146.13294,-37.33718],[146.13469,-37.33761],[146.13588,-37.33886],[146.14018,-37.34],[146.14092,-37.34048],[146.14099,-37.34065],[146.14087,-37.34092],[146.13952,-37.34195],[146.13878,-37.34284],[146.13855,-37.3434],[146.13857,-37.34383],[146.13919,-37.3445],[146.13945,-37.34465],[146.14084,-37.34476]]]},"properties":{"n":"Upper Goulburn 4WD Tour","k":"drive","g":["4WD · 90 km return · 8 hrs · Difficult (Black Diamond)"],"d":"The Upper Goulburn 4WD Touring Route starts at the historic township of Jamieson. It travels through State Forest and features mountain views and historic sites associated with the gold mining era. The route is approximately 90 km and will take a full day to complete if you wish to explore some of the points of interest along the way. Surrounded by bush clad mountains, the township of Jamieson is also worthy of a visit to witness the beautiful colours during the Autumn Festival celebrated during March each year","a":"Jamieson, approximately three hours drive from Melbourne, is the starting point for this 4WD tour. The tour commences from the bridge over the Jamieson River at the south end of Jamieson, heading south along the Mansfield - Woods Point Road.","b":[146.1295,-37.34476,146.14099,-37.30266]}},{"type":"Feature","geometry":{"type":"MultiLineString","coordinates":[[[146.4521,-37.94148],[146.45217,-37.941],[146.4513,-37.93958],[146.45125,-37.93903],[146.45072,-37.93844],[146.45043,-37.93716],[146.4501,-37.93675],[146.44985,-37.9361],[146.44989,-37.93559],[146.4494,-37.93484],[146.44884,-37.93359],[146.44891,-37.93329],[146.44955,-37.93223],[146.44962,-37.93073],[146.4513,-37.92855],[146.45271,-37.92784],[146.45304,-37.92755],[146.45348,-37.92668],[146.45397,-37.92648],[146.4543,-37.92617],[146.45442,-37.92589],[146.45436,-37.92508],[146.45449,-37.92465],[146.45519,-37.92368],[146.45509,-37.92351],[146.45438,-37.92348],[146.45416,-37.92335],[146.4535,-37.92155],[146.45326,-37.92122],[146.45323,-37.9209],[146.45342,-37.92048],[146.45384,-37.9202],[146.45394,-37.91978],[146.45302,-37.9195],[146.45231,-37.91886],[146.45158,-37.9187],[146.45136,-37.91835],[146.45073,-37.91793],[146.4504,-37.91795],[146.44982,-37.91824],[146.44851,-37.91828],[146.44825,-37.91757],[146.44833,-37.91713],[146.44825,-37.91662],[146.44834,-37.9164],[146.44877,-37.91606],[146.44924,-37.91582],[146.45009,-37.91555],[146.4516,-37.91533],[146.45253,-37.91441],[146.45248,-37.91425],[146.45291,-37.91408],[146.45338,-37.91353],[146.45323,-37.91333],[146.45252,-37.91313],[146.45183,-37.91346],[146.45147,-37.91348],[146.45122,-37.91289],[146.45104,-37.91279],[146.4504,-37.91292],[146.45018,-37.91285],[146.45008,-37.91213],[146.45076,-37.91147],[146.45149,-37.91139],[146.45243,-37.91055],[146.45291,-37.91033],[146.4536,-37.90947],[146.45312,-37.90899],[146.45285,-37.9085],[146.45211,-37.9083],[146.45234,-37.90768],[146.45295,-37.90733],[146.45365,-37.90654],[146.45345,-37.90607],[146.45281,-37.90549],[146.45287,-37.905],[146.45273,-37.90467],[146.45158,-37.90391],[146.45087,-37.90425],[146.45058,-37.90422],[146.45013,-37.90371],[146.45016,-37.90356],[146.45119,-37.90288],[146.45182,-37.90208],[146.4529,-37.90116],[146.45327,-37.90008],[146.45324,-37.89959],[146.45309,-37.89932],[146.45259,-37.89897],[146.44872,-37.89737],[146.44803,-37.89689],[146.44791,-37.89674],[146.44795,-37.89599],[146.44757,-37.89466],[146.44667,-37.89433],[146.44536,-37.89428],[146.44471,-37.89401],[146.44421,-37.89341],[146.44423,-37.89307],[146.44452,-37.89238],[146.44414,-37.89214],[146.44243,-37.89174],[146.44209,-37.8915],[146.44216,-37.89086],[146.44241,-37.89033],[146.44264,-37.89014],[146.444,-37.88977],[146.44566,-37.88896],[146.44633,-37.88842],[146.44629,-37.88819],[146.44543,-37.88793],[146.44263,-37.8877],[146.44233,-37.88744],[146.44226,-37.8868],[146.44361,-37.88611],[146.44371,-37.88589],[146.44371,-37.88424],[146.4429,-37.88352],[146.44263,-37.88299],[146.44168,-37.88219],[146.44161,-37.88114],[146.44113,-37.87927],[146.44054,-37.87777],[146.43992,-37.87744],[146.43921,-37.87748],[146.4387,-37.87691],[146.43772,-37.87678],[146.43753,-37.8766],[146.43761,-37.87635],[146.44011,-37.87479],[146.44129,-37.87431],[146.44181,-37.87383],[146.44187,-37.87308],[146.44206,-37.87278],[146.44356,-37.87139],[146.44491,-37.871],[146.44614,-37.87025],[146.44768,-37.86965],[146.44799,-37.8694],[146.44835,-37.86876],[146.44982,-37.86801],[146.45093,-37.86655],[146.4512,-37.86593],[146.4515,-37.86454],[146.45295,-37.86222],[146.45352,-37.86162],[146.45456,-37.86121],[146.45655,-37.85959],[146.45911,-37.85882],[146.4597,-37.85876],[146.46032,-37.85886],[146.46132,-37.85858],[146.46243,-37.85767],[146.46324,-37.85668],[146.46385,-37.85643],[146.46526,-37.85616],[146.46601,-37.85521],[146.46713,-37.85454],[146.46784,-37.85371],[146.46922,-37.8535],[146.46994,-37.85288],[146.47115,-37.85247],[146.47184,-37.85113],[146.47183,-37.85072],[146.47121,-37.84972],[146.47007,-37.84879],[146.47001,-37.84845],[146.4704,-37.84799],[146.47044,-37.84771],[146.47086,-37.84753],[146.47156,-37.84687],[146.47179,-37.84618],[146.4721,-37.84601],[146.47308,-37.84605],[146.47411,-37.84578],[146.47428,-37.84562],[146.47424,-37.84494],[146.47442,-37.84461],[146.4759,-37.84423],[146.47766,-37.84324],[146.47824,-37.84268],[146.47817,-37.84076],[146.47934,-37.83993],[146.47965,-37.83903],[146.48029,-37.83827],[146.48031,-37.83758],[146.48064,-37.83664],[146.48049,-37.83627],[146.48015,-37.83595],[146.48013,-37.83575],[146.48106,-37.83465],[146.48138,-37.83404],[146.48163,-37.83388],[146.48317,-37.83358],[146.48471,-37.83415],[146.4854,-37.83348],[146.48647,-37.83276],[146.48767,-37.83283],[146.48851,-37.8324],[146.48926,-37.83223],[146.49002,-37.83174],[146.4904,-37.8317],[146.49179,-37.8322],[146.49255,-37.83188],[146.49286,-37.83188],[146.49339,-37.83223],[146.49375,-37.83231],[146.49489,-37.83176],[146.49596,-37.83198],[146.4975,-37.83263],[146.49836,-37.83317],[146.49928,-37.83445],[146.49952,-37.8344],[146.50029,-37.83343],[146.5005,-37.83333],[146.50077,-37.83338],[146.50148,-37.83394],[146.50238,-37.83404],[146.50251,-37.83392],[146.50267,-37.83302],[146.50339,-37.83286],[146.50385,-37.83263],[146.50538,-37.83098],[146.50653,-37.83073],[146.50757,-37.82992],[146.50852,-37.8299],[146.50904,-37.8297],[146.50955,-37.82918],[146.50973,-37.8284],[146.51048,-37.82769],[146.51131,-37.82785],[146.51514,-37.82712],[146.51565,-37.82727],[146.51825,-37.82953],[146.51928,-37.82977],[146.5197,-37.82974],[146.52017,-37.82945],[146.52052,-37.82775],[146.52074,-37.82759],[146.52148,-37.82764],[146.52194,-37.82722],[146.52326,-37.82643],[146.52572,-37.82646],[146.52821,-37.82586],[146.5283,-37.8257],[146.52786,-37.82522],[146.52783,-37.8248],[146.52794,-37.82456],[146.52835,-37.82434],[146.52872,-37.82308],[146.52875,-37.82267],[146.52857,-37.82207],[146.52803,-37.82149],[146.52593,-37.82045],[146.52549,-37.81997],[146.52536,-37.81956],[146.5255,-37.81893],[146.52626,-37.81765],[146.52656,-37.81657],[146.52749,-37.81565],[146.52773,-37.81524],[146.52778,-37.81486],[146.52768,-37.81459],[146.52669,-37.81372],[146.52651,-37.81321],[146.52717,-37.81225],[146.52734,-37.81128],[146.52801,-37.81027],[146.52794,-37.81],[146.52736,-37.80945],[146.52734,-37.80893],[146.52794,-37.80646],[146.52878,-37.80473],[146.52841,-37.80405],[146.52842,-37.80377],[146.52952,-37.80195],[146.53029,-37.80118],[146.53106,-37.80073],[146.53207,-37.8005],[146.53292,-37.80015],[146.53469,-37.80008],[146.53562,-37.79989],[146.53652,-37.79952],[146.53813,-37.79943],[146.53871,-37.79924],[146.53928,-37.79867],[146.53995,-37.79827],[146.54036,-37.79732],[146.54136,-37.7963],[146.5418,-37.79538],[146.54209,-37.79393],[146.5427,-37.79345],[146.54396,-37.79188],[146.54501,-37.79116],[146.5451,-37.79083],[146.54496,-37.79007],[146.54502,-37.78889],[146.54526,-37.78782],[146.54541,-37.78565],[146.54528,-37.7852],[146.54459,-37.78421],[146.54663,-37.78031],[146.54687,-37.7783],[146.54779,-37.77743],[146.54815,-37.77685],[146.54813,-37.77573],[146.54743,-37.77439],[146.54742,-37.77416],[146.54761,-37.7738],[146.54884,-37.7726],[146.55091,-37.77078],[146.5519,-37.76939],[146.55235,-37.76834],[146.55302,-37.76769],[146.55305,-37.76743],[146.55261,-37.76676],[146.55197,-37.76611],[146.55148,-37.76447],[146.55089,-37.76317],[146.54903,-37.75998],[146.54874,-37.75908],[146.54817,-37.75601],[146.54709,-37.75247],[146.54628,-37.75123],[146.54554,-37.74961],[146.54487,-37.7488],[146.54481,-37.74808],[146.54416,-37.74753],[146.5442,-37.74694],[146.54364,-37.74527],[146.54363,-37.7443],[146.54377,-37.74392],[146.54362,-37.7439],[146.54325,-37.74397],[146.54283,-37.74427],[146.54224,-37.74513],[146.54206,-37.74566],[146.54209,-37.74692],[146.54278,-37.74932],[146.5426,-37.75003],[146.54207,-37.75079],[146.54041,-37.7516],[146.53918,-37.75305],[146.53863,-37.75339],[146.53807,-37.75356],[146.53729,-37.75369],[146.53678,-37.7536],[146.53526,-37.7525],[146.53478,-37.75247],[146.53449,-37.75274],[146.534,-37.75367],[146.53362,-37.75412],[146.5324,-37.755],[146.53138,-37.75505],[146.53108,-37.7552],[146.531,-37.75555],[146.53123,-37.75621],[146.53176,-37.75652],[146.5327,-37.75675],[146.53079,-37.75685],[146.52982,-37.75643],[146.52931,-37.75638],[146.5282,-37.75699],[146.527,-37.75714],[146.52477,-37.75966],[146.52357,-37.76069],[146.52278,-37.76116],[146.52232,-37.76109],[146.52145,-37.76131],[146.52088,-37.76097],[146.52049,-37.76039],[146.51881,-37.76029],[146.51827,-37.75987],[146.51757,-37.75974],[146.51648,-37.75914],[146.51518,-37.75872],[146.51477,-37.75799],[146.51351,-37.75759],[146.513,-37.75729],[146.51301,-37.75711],[146.51331,-37.75687],[146.51453,-37.75653],[146.51511,-37.75645],[146.51573,-37.75657],[146.51674,-37.75653],[146.51758,-37.7554],[146.5183,-37.75577],[146.51968,-37.75682],[146.51985,-37.7568],[146.51975,-37.75656],[146.51837,-37.75537],[146.51753,-37.75393],[146.51713,-37.75357],[146.51668,-37.75383],[146.51598,-37.75494],[146.51532,-37.75479],[146.51117,-37.75489],[146.51058,-37.75477],[146.50954,-37.75508],[146.50855,-37.75579],[146.50749,-37.75619],[146.50703,-37.75612],[146.50644,-37.75581],[146.50507,-37.75567],[146.50415,-37.75539],[146.50304,-37.75573],[146.50271,-37.75595],[146.50262,-37.75575],[146.50193,-37.75528],[146.50142,-37.75409],[146.50087,-37.75386],[146.50054,-37.75395],[146.50019,-37.75439],[146.49875,-37.75489],[146.49808,-37.75559],[146.4975,-37.75582],[146.49636,-37.75565],[146.49558,-37.7553],[146.49541,-37.75509],[146.49543,-37.75432],[146.49444,-37.75412],[146.49221,-37.75471],[146.49208,-37.75494],[146.49219,-37.75535],[146.49206,-37.75542],[146.49102,-37.7544],[146.48983,-37.75415],[146.48847,-37.7543],[146.48758,-37.75512],[146.48691,-37.75537],[146.48657,-37.75517],[146.48635,-37.75456],[146.48613,-37.7543],[146.48527,-37.75395],[146.48506,-37.75321],[146.48436,-37.75301],[146.48357,-37.75296],[146.48262,-37.75333],[146.48148,-37.75284],[146.48128,-37.75259],[146.48121,-37.75198],[146.48076,-37.75184],[146.47896,-37.75229],[146.47884,-37.75252],[146.47894,-37.75314],[146.47837,-37.75288],[146.4772,-37.75277],[146.47626,-37.7531],[146.475,-37.75332],[146.47473,-37.75356],[146.47478,-37.75417],[146.47434,-37.75453],[146.4736,-37.75459],[146.47254,-37.75499],[146.4723,-37.75547],[146.47238,-37.75596],[146.47222,-37.75601],[146.472,-37.75589],[146.47163,-37.75537],[146.47026,-37.75465],[146.46923,-37.75466],[146.46881,-37.75453],[146.46819,-37.75402],[146.46774,-37.75409],[146.46768,-37.75366],[146.46742,-37.75336],[146.4669,-37.75327],[146.46678,-37.75295],[146.46518,-37.75218],[146.465,-37.75196],[146.46536,-37.75156],[146.46552,-37.75071],[146.4653,-37.75054],[146.46427,-37.75041],[146.46313,-37.75051],[146.4624,-37.75041],[146.46165,-37.75014],[146.46101,-37.7496],[146.45977,-37.7501],[146.45951,-37.75038],[146.45913,-37.75025],[146.45854,-37.75028],[146.45784,-37.75095],[146.45722,-37.75101],[146.4564,-37.75084],[146.45605,-37.75133],[146.45585,-37.75059],[146.45585,-37.74986],[146.45553,-37.7497],[146.45531,-37.74974],[146.45489,-37.7502],[146.4545,-37.7504],[146.45347,-37.75033],[146.45201,-37.75088],[146.45085,-37.75076],[146.44969,-37.75124],[146.44922,-37.75093],[146.44891,-37.75047],[146.44794,-37.7507],[146.44753,-37.75066],[146.44677,-37.74971],[146.44644,-37.75006],[146.44619,-37.75011],[146.44604,-37.74968],[146.44519,-37.74903],[146.44488,-37.74893],[146.44456,-37.74901],[146.44366,-37.74999],[146.44187,-37.75013],[146.44169,-37.74981],[146.44084,-37.74953],[146.44062,-37.74905],[146.44016,-37.74878],[146.43949,-37.7487],[146.43904,-37.74897],[146.43862,-37.74901],[146.43846,-37.74829],[146.43786,-37.74811],[146.43813,-37.74766],[146.43755,-37.74754],[146.43773,-37.74687],[146.43758,-37.74654],[146.43608,-37.74619],[146.43539,-37.74567],[146.43524,-37.74513],[146.43366,-37.74442],[146.43345,-37.74453],[146.43328,-37.74489],[146.43242,-37.74514],[146.43201,-37.74546],[146.43144,-37.74563],[146.43085,-37.74548],[146.42887,-37.74561],[146.42716,-37.7455],[146.42701,-37.74564],[146.42675,-37.74662],[146.42641,-37.74689],[146.42548,-37.7467],[146.42355,-37.74577],[146.42312,-37.74576],[146.42163,-37.74608],[146.42127,-37.74673],[146.42004,-37.74747],[146.41983,-37.74791],[146.41833,-37.74757],[146.41788,-37.74724],[146.41764,-37.74684],[146.41746,-37.74682],[146.41627,-37.74713],[146.41583,-37.74711],[146.41505,-37.74748],[146.41462,-37.7475],[146.41419,-37.74785],[146.41405,-37.74823],[146.41365,-37.74849],[146.41311,-37.74842],[146.41272,-37.74792],[146.41211,-37.74793],[146.41173,-37.74831],[146.41143,-37.7493],[146.41076,-37.74947],[146.40963,-37.74929],[146.40596,-37.74972],[146.40509,-37.74994],[146.40667,-37.74899],[146.40753,-37.74863],[146.40789,-37.74825],[146.40801,-37.74798],[146.40804,-37.74683],[146.40763,-37.74654],[146.40746,-37.74624],[146.40766,-37.74576],[146.40831,-37.74491],[146.40888,-37.74447],[146.40923,-37.74365],[146.40896,-37.74356],[146.40676,-37.74422],[146.40604,-37.74422],[146.4051,-37.74379],[146.40498,-37.74352],[146.40554,-37.74261],[146.40595,-37.74121],[146.40404,-37.74155],[146.40226,-37.74213],[146.40198,-37.74192],[146.40191,-37.74131],[146.40128,-37.74087],[146.40099,-37.74045],[146.40103,-37.74018],[146.40122,-37.74],[146.40387,-37.73804],[146.40409,-37.73712],[146.40499,-37.7367],[146.40497,-37.7365],[146.40455,-37.73617],[146.40488,-37.73535],[146.40458,-37.73491],[146.40437,-37.73492],[146.40425,-37.73542],[146.40394,-37.73586],[146.40294,-37.73658],[146.40246,-37.73684],[146.39999,-37.73764],[146.39979,-37.73742],[146.39972,-37.73684],[146.39921,-37.7368],[146.39889,-37.73653],[146.39873,-37.73478],[146.39836,-37.73461],[146.39807,-37.73428],[146.3979,-37.73366],[146.39745,-37.73331],[146.39717,-37.73271],[146.39651,-37.73294],[146.39632,-37.73287],[146.39648,-37.73195],[146.3963,-37.73095],[146.39576,-37.73088],[146.39504,-37.7312],[146.39385,-37.73124],[146.39246,-37.7306],[146.3898,-37.73025],[146.38998,-37.72947],[146.39041,-37.72854],[146.39159,-37.72769],[146.39156,-37.72689],[146.39167,-37.72658],[146.39203,-37.72637],[146.39297,-37.72622],[146.39299,-37.72609],[146.39265,-37.72582],[146.39133,-37.72525],[146.39111,-37.72474],[146.39037,-37.72472],[146.39043,-37.72396],[146.38989,-37.72341],[146.38931,-37.72313],[146.38842,-37.72308],[146.38773,-37.72284],[146.3879,-37.72237],[146.38856,-37.72216],[146.38869,-37.72195],[146.38807,-37.72113],[146.38825,-37.7207],[146.38798,-37.71914],[146.38841,-37.71786],[146.38785,-37.71675],[146.3872,-37.71642],[146.38564,-37.71631],[146.38528,-37.71578],[146.38478,-37.71562],[146.38399,-37.71581],[146.38358,-37.71615],[146.3813,-37.71591],[146.37985,-37.71644],[146.37937,-37.71681],[146.37718,-37.7166],[146.37587,-37.71697],[146.37559,-37.71687],[146.37558,-37.71614],[146.37535,-37.71601],[146.37388,-37.71627],[146.37362,-37.71649],[146.37282,-37.71648],[146.37245,-37.7166],[146.37199,-37.71706],[146.37103,-37.71752],[146.37072,-37.71812],[146.3704,-37.71822],[146.36975,-37.71788],[146.36916,-37.71801],[146.36898,-37.71747],[146.36805,-37.71719],[146.36775,-37.71668],[146.36743,-37.71648]],[[146.36743,-37.71648],[146.36759,-37.71739],[146.36788,-37.71796],[146.36957,-37.71952],[146.37008,-37.71971],[146.37108,-37.71973],[146.37165,-37.71991],[146.37241,-37.7194],[146.3727,-37.71939],[146.37273,-37.71985],[146.37199,-37.72093],[146.37339,-37.72212],[146.37347,-37.72232],[146.37313,-37.72402],[146.37292,-37.72606],[146.37236,-37.72774],[146.37267,-37.72886],[146.37222,-37.72986],[146.37153,-37.73347],[146.37115,-37.73423],[146.37135,-37.73472],[146.37173,-37.73516],[146.37299,-37.73567],[146.37297,-37.73722],[146.37433,-37.73824],[146.37468,-37.73943],[146.37504,-37.7399],[146.37517,-37.74033],[146.37506,-37.74075],[146.37471,-37.7412],[146.37461,-37.74203],[146.3744,-37.74237],[146.37304,-37.74294],[146.37469,-37.74333],[146.37547,-37.74397],[146.37668,-37.7443],[146.37684,-37.74444],[146.37692,-37.74487],[146.37618,-37.74654],[146.37628,-37.74678],[146.37738,-37.74738],[146.37822,-37.74764],[146.37924,-37.74847],[146.37999,-37.74869],[146.38061,-37.74944],[146.38134,-37.75006],[146.38164,-37.7507],[146.38185,-37.7515],[146.38187,-37.75244],[146.3822,-37.75341],[146.38179,-37.75451],[146.38196,-37.75623],[146.38211,-37.75645],[146.38289,-37.75693],[146.38212,-37.75805],[146.38211,-37.75868],[146.38237,-37.759],[146.38374,-37.75986],[146.38413,-37.76038],[146.38497,-37.76083],[146.38483,-37.76224],[146.38538,-37.76403],[146.38542,-37.76467],[146.38517,-37.76532],[146.38444,-37.766],[146.38396,-37.76684],[146.38408,-37.76726],[146.38496,-37.76835],[146.38557,-37.77025],[146.38574,-37.77119],[146.38628,-37.77202],[146.38625,-37.77346],[146.38653,-37.77442],[146.38642,-37.77497],[146.38644,-37.77559],[146.3866,-37.77582],[146.38654,-37.77657],[146.38614,-37.77777],[146.38563,-37.77873],[146.38558,-37.7792],[146.38515,-37.77955],[146.38541,-37.78133],[146.3847,-37.78202],[146.38474,-37.7827],[146.3846,-37.78318],[146.38386,-37.784],[146.38396,-37.78516],[146.38371,-37.78569],[146.38359,-37.78651],[146.38245,-37.7874],[146.38241,-37.78768],[146.38371,-37.78923],[146.38426,-37.78966],[146.38451,-37.78972],[146.38542,-37.78954],[146.3859,-37.78965],[146.38574,-37.7901],[146.38523,-37.7906],[146.38533,-37.79107],[146.38614,-37.79254],[146.38754,-37.79362],[146.38801,-37.79439],[146.3881,-37.79488],[146.38801,-37.79642],[146.3884,-37.79742],[146.389,-37.79787],[146.3903,-37.79839],[146.39119,-37.79953],[146.39071,-37.80283],[146.39092,-37.80311],[146.39188,-37.80402],[146.39324,-37.80482],[146.3939,-37.80489],[146.39483,-37.80466],[146.39517,-37.80474],[146.39685,-37.80653],[146.39782,-37.80718],[146.39809,-37.80797],[146.39804,-37.80911],[146.39817,-37.81054],[146.39927,-37.81234],[146.40021,-37.81274],[146.40086,-37.81324],[146.40013,-37.81368],[146.40014,-37.81473],[146.39994,-37.81527],[146.39996,-37.81585],[146.40129,-37.81729],[146.40211,-37.81852],[146.40332,-37.81838],[146.40393,-37.81874],[146.40485,-37.81894],[146.40541,-37.81934],[146.40636,-37.82153],[146.40694,-37.82215],[146.40684,-37.82346],[146.40615,-37.82494],[146.40562,-37.82573],[146.40539,-37.82633],[146.40541,-37.82668],[146.40559,-37.82702],[146.40622,-37.82756],[146.40682,-37.82863],[146.4076,-37.82957],[146.40762,-37.83039],[146.40723,-37.83204],[146.40643,-37.83284],[146.40634,-37.83385],[146.40667,-37.83563],[146.40664,-37.83705],[146.40555,-37.8377],[146.405,-37.83874],[146.40434,-37.83946],[146.40398,-37.83949],[146.40314,-37.83922],[146.40274,-37.83934],[146.39946,-37.8426],[146.39895,-37.8433],[146.39908,-37.84345],[146.39896,-37.84366],[146.39837,-37.84396],[146.39776,-37.84458],[146.39512,-37.84587],[146.39352,-37.8472],[146.39317,-37.84776],[146.39316,-37.84873],[146.39287,-37.84948],[146.39104,-37.85175],[146.38838,-37.85339],[146.38789,-37.85397],[146.3881,-37.85613],[146.38838,-37.85651],[146.38923,-37.85715],[146.38942,-37.85779],[146.38971,-37.85801],[146.39013,-37.85784],[146.39082,-37.85681],[146.39106,-37.85674],[146.39194,-37.8569],[146.39241,-37.85685],[146.39319,-37.85599],[146.3945,-37.85556],[146.39504,-37.85492],[146.39519,-37.85445],[146.39569,-37.85415],[146.39638,-37.85426],[146.39706,-37.85498],[146.39885,-37.8554],[146.39951,-37.8557],[146.39955,-37.85585],[146.39942,-37.85603],[146.39866,-37.85636],[146.3981,-37.85654],[146.39637,-37.85672],[146.39561,-37.85768],[146.39572,-37.85815],[146.39636,-37.85868],[146.39688,-37.85952],[146.39757,-37.86006],[146.39751,-37.86046],[146.39707,-37.86129],[146.39708,-37.86185],[146.39725,-37.86211],[146.39833,-37.86271],[146.39843,-37.86299],[146.39806,-37.86318],[146.39664,-37.86331],[146.3963,-37.86316],[146.39583,-37.86272],[146.39538,-37.86186],[146.39485,-37.86157],[146.39416,-37.86146],[146.39371,-37.86148],[146.39256,-37.86184],[146.39149,-37.86166],[146.3881,-37.86178],[146.38751,-37.86194],[146.38637,-37.8626],[146.38525,-37.86296],[146.38178,-37.86353],[146.38101,-37.86395],[146.37999,-37.86493],[146.37848,-37.86579],[146.37763,-37.86664],[146.37734,-37.86709],[146.37691,-37.86998],[146.37718,-37.87125],[146.37703,-37.87271],[146.37716,-37.87326],[146.37741,-37.87362],[146.37902,-37.87498],[146.37939,-37.87562],[146.37945,-37.87619],[146.37931,-37.87664],[146.37877,-37.87762],[146.37905,-37.87888],[146.38084,-37.88127],[146.3812,-37.88188],[146.38149,-37.88285],[146.38135,-37.88383],[146.38014,-37.88567],[146.3799,-37.88673],[146.37988,-37.8877],[146.38029,-37.88966],[146.3807,-37.89041],[146.38199,-37.89171],[146.38255,-37.89204],[146.38339,-37.89225],[146.38377,-37.89255],[146.38389,-37.89278],[146.38382,-37.89392],[146.38416,-37.89639],[146.38447,-37.89702],[146.38594,-37.89818],[146.38671,-37.89959],[146.3885,-37.90067],[146.38957,-37.90228],[146.39485,-37.90691],[146.39573,-37.90861],[146.39599,-37.90928],[146.39602,-37.90968],[146.39552,-37.91125],[146.39552,-37.91162],[146.39616,-37.91311],[146.39632,-37.91559],[146.39688,-37.91748],[146.39738,-37.91833],[146.39786,-37.9187],[146.39914,-37.91933],[146.39985,-37.92009],[146.40128,-37.92722],[146.40219,-37.92855],[146.4023,-37.92903],[146.40217,-37.93186],[146.4025,-37.93507],[146.40299,-37.93723],[146.40294,-37.93822],[146.40216,-37.93964],[146.40159,-37.9402],[146.40005,-37.94109],[146.39957,-37.94161],[146.39846,-37.94443],[146.39789,-37.94527],[146.39708,-37.9457],[146.39407,-37.94668],[146.39142,-37.94805],[146.39085,-37.94861],[146.38905,-37.95108],[146.3881,-37.95291],[146.38439,-37.95634],[146.3835,-37.95687],[146.37938,-37.95834],[146.37795,-37.95918],[146.37511,-37.96116],[146.37362,-37.96325],[146.3727,-37.96632],[146.37207,-37.96946],[146.37156,-37.97108],[146.37154,-37.97173],[146.37193,-37.97368],[146.3718,-37.97767]],[[146.36089,-37.69795],[146.36168,-37.69945],[146.3618,-37.701],[146.36216,-37.70167],[146.36343,-37.70313],[146.36375,-37.70399],[146.36372,-37.70442],[146.36347,-37.70491],[146.36344,-37.70564],[146.36287,-37.70656],[146.36276,-37.70802],[146.36291,-37.70871],[146.3633,-37.70903],[146.36517,-37.7096],[146.3674,-37.71],[146.36838,-37.70991],[146.36869,-37.71002],[146.36883,-37.71023],[146.36847,-37.71078],[146.36791,-37.71084],[146.36771,-37.71104],[146.36803,-37.712],[146.36784,-37.71244],[146.36799,-37.71312],[146.36674,-37.71367],[146.36644,-37.71397],[146.36645,-37.71429],[146.36685,-37.71491],[146.36707,-37.71578],[146.36743,-37.71648]]]},"properties":{"n":"Aberfeldy Backroad Tour - Donnellys Creek Loop","k":"drive","g":["4WD · 80 km one way · 8 hrs · Medium (Blue Square)"],"d":"For 4WDs and drivers with some 4WD experience or training. Head north out of Walhalla, passing Cricket Ground Track after 6km, which goes to the historic Walhalla Cricket Ground. At 10 km, veer right onto Binns Road. On your right pass the historic sites of Holmedale with views to your left of the Thomson Reservoir. At the end of Binns Road, turn left onto McEvoys Track which boasted many hotel sites in the late 1800s servicing travellers to the goldfields. Continue north towards Mt Useful. At 10.2 km from Binns Road/McEvoys Track intersection, turn left into Donnellys Creek Road. At 1.8 km along Donnellys Creek Road is the 1863 Edwards Reef Burial Ground at the top of a short track to your…","a":"Route Summary - Starting from Walhalla head north on the Walhalla Road. At the 10km mark veer right onto Binns Road. Continue on Binns Road for the entire length to the intersection of Springs Road. Turn left up Springs Road. After travelling 10.2km turn left onto Donnellys Creek Road. Follow Donnellys Creek Road for its entire length to the Walhalla Road. Turn left onto the Walhalla Road. Follow the Walhalla Road south until you get to the Dam Access Road (sealed road). From here you can turn right, and this will take you over the Thomson Dam wall and back into Erica. Alternatively, you can…","b":[146.36089,-37.97767,146.55305,-37.69795]}},{"type":"Feature","geometry":{"type":"MultiLineString","coordinates":[[[147.64842,-37.80894],[147.64735,-37.8111],[147.6473,-37.81178],[147.64786,-37.8145],[147.64938,-37.81885]],[[147.64842,-37.80894],[147.64842,-37.80894]]]},"properties":{"n":"High Country Backroad Tour - Mt Baldhead Loop","k":"drive","g":["4WD · 188 km return · 8 hrs · Easy (Green Circle)"],"d":"This drive is suitable for novice drivers in all-wheel drive and high range 4WDs. This route is a full day tour but can be extended over two days if you wish to camp along the way. Head north out of Bairnsdale on Bullumwaal Road and turn left onto Lookout Road to Mount Taylor with opportunities for picnicking, mountain biking or walking. Return along Bullumwaal Road to Bullumwaal, continuing along the Bullumwaal/Mt Baldhead Road for 15.8km to Stuttering Fred Lookout. Continue along Mt Baldhead Road for a further 13km then turn right onto Marthavale Road to travel to Marthavale Hut on the Nicholson River. Continue down Nicholson River Track if you wish to do the optional side trip (Grade –…","a":"Head north out of Bairnsdale on the Bullumwaal Road and onwards toward Mt Taylor.","b":[147.6473,-37.81885,147.64938,-37.80894]}},{"type":"Feature","geometry":{"type":"MultiLineString","coordinates":[[[148.28668,-37.23443],[148.28746,-37.23478],[148.2887,-37.23615],[148.29057,-37.23751],[148.29375,-37.23782],[148.29567,-37.23853],[148.29663,-37.23941],[148.29821,-37.24186],[148.29994,-37.24287],[148.30195,-37.24526],[148.30351,-37.24611],[148.30443,-37.247],[148.30454,-37.24721],[148.30441,-37.24831],[148.30454,-37.24859],[148.30599,-37.2493],[148.3075,-37.25075],[148.30918,-37.25157],[148.30987,-37.25205],[148.30991,-37.25246],[148.3091,-37.25578],[148.30818,-37.26092],[148.30821,-37.26129],[148.30907,-37.26335],[148.3084,-37.26617],[148.30781,-37.26681],[148.30635,-37.26754],[148.30511,-37.26869],[148.30482,-37.26986],[148.30395,-37.2707],[148.30343,-37.27173],[148.30357,-37.27215],[148.30426,-37.27287],[148.30505,-37.27428],[148.3048,-37.27484],[148.30416,-37.27526],[148.30444,-37.27662],[148.30469,-37.27693],[148.30584,-37.27717],[148.30619,-37.27742],[148.30686,-37.27933],[148.30685,-37.27986],[148.3059,-37.28068],[148.30563,-37.28117],[148.30564,-37.28142],[148.30619,-37.28189],[148.30752,-37.2824],[148.30858,-37.28261],[148.30892,-37.28282],[148.3107,-37.28604],[148.31064,-37.28647],[148.31046,-37.2867],[148.30952,-37.28739],[148.30946,-37.28768],[148.30963,-37.28855],[148.31014,-37.28904],[148.31065,-37.28932],[148.31174,-37.28938],[148.31256,-37.28961],[148.31342,-37.29053],[148.31459,-37.29147],[148.31598,-37.29155],[148.31795,-37.29133],[148.31907,-37.2917],[148.31985,-37.29172],[148.3205,-37.29138],[148.32125,-37.29068],[148.32146,-37.29067],[148.32251,-37.29082],[148.32411,-37.2913],[148.32457,-37.29176],[148.3246,-37.292]],[[148.27462,-37.47099],[148.27416,-37.47117],[148.27399,-37.4715],[148.27408,-37.47235],[148.27492,-37.4731],[148.27598,-37.47344],[148.276,-37.47353],[148.2758,-37.47396],[148.27465,-37.47434],[148.27422,-37.47493],[148.27373,-37.47706],[148.27408,-37.47825],[148.27385,-37.47954],[148.2734,-37.48001],[148.27205,-37.48048],[148.27137,-37.48097],[148.27114,-37.48129],[148.27121,-37.4824],[148.2709,-37.48311],[148.27062,-37.48353],[148.26972,-37.48417],[148.26928,-37.48507],[148.26886,-37.48536],[148.26724,-37.48598],[148.26739,-37.48633],[148.26824,-37.48694],[148.26848,-37.48747],[148.26837,-37.48775],[148.26726,-37.4884],[148.26641,-37.48868],[148.26619,-37.48922],[148.26621,-37.48953],[148.26654,-37.49052],[148.26614,-37.49138],[148.26566,-37.49172],[148.26399,-37.49212],[148.26297,-37.49279],[148.26232,-37.49304],[148.2615,-37.49319],[148.26039,-37.49358],[148.25965,-37.4937],[148.25856,-37.49361],[148.25765,-37.49336],[148.25737,-37.49343],[148.25694,-37.49416],[148.25617,-37.49464],[148.25584,-37.49513],[148.25665,-37.49576],[148.25714,-37.49665],[148.25785,-37.49741],[148.25964,-37.49846],[148.26,-37.49897],[148.25976,-37.50053],[148.25931,-37.50159],[148.25925,-37.50236],[148.25898,-37.50224],[148.25832,-37.50087],[148.2581,-37.5018],[148.25754,-37.50239],[148.25738,-37.50279],[148.25742,-37.50309],[148.2571,-37.50354],[148.25717,-37.50373],[148.25775,-37.50405],[148.25825,-37.50503],[148.25919,-37.50551],[148.26012,-37.50623],[148.25955,-37.50676],[148.25975,-37.5073],[148.25926,-37.50777],[148.25987,-37.50881],[148.25919,-37.51163],[148.25829,-37.51358],[148.25741,-37.51436],[148.25834,-37.51452],[148.25854,-37.51494],[148.25859,-37.51571],[148.25971,-37.51626],[148.26141,-37.5176],[148.2628,-37.51817],[148.26355,-37.51816],[148.2639,-37.5179]],[[148.31459,-37.29147],[148.31478,-37.29182],[148.31464,-37.29358],[148.31472,-37.29445],[148.31628,-37.29581],[148.317,-37.2961],[148.31765,-37.29612],[148.31915,-37.2955],[148.32008,-37.29556],[148.32128,-37.29686],[148.3231,-37.29814],[148.32513,-37.2998],[148.32705,-37.29992],[148.32737,-37.30018],[148.32574,-37.30139],[148.32437,-37.30186],[148.3232,-37.30305],[148.32167,-37.30394],[148.32085,-37.30486],[148.3206,-37.30548],[148.32056,-37.30826],[148.32101,-37.30949],[148.32103,-37.30994],[148.32038,-37.31139],[148.32024,-37.31199],[148.32047,-37.31402],[148.3202,-37.31432],[148.31968,-37.3145],[148.31859,-37.31462],[148.31775,-37.31489],[148.31681,-37.31553],[148.31616,-37.31635],[148.31531,-37.3167],[148.31461,-37.31756],[148.31357,-37.31846],[148.31295,-37.32029],[148.31226,-37.32174],[148.31228,-37.32245],[148.31198,-37.32343],[148.31211,-37.32379],[148.31426,-37.3259],[148.31523,-37.32727],[148.31524,-37.32768],[148.31499,-37.32842],[148.31514,-37.32912],[148.31659,-37.32988],[148.31836,-37.33026],[148.31866,-37.33063],[148.31897,-37.33141],[148.31957,-37.33183],[148.31974,-37.33228],[148.31985,-37.33345],[148.32029,-37.33501],[148.32126,-37.3368],[148.32183,-37.33751],[148.32219,-37.33855],[148.32217,-37.33885],[148.32189,-37.33908],[148.32051,-37.33889],[148.31941,-37.3394],[148.31912,-37.33972],[148.31896,-37.34015],[148.31917,-37.34063],[148.31908,-37.34082],[148.3183,-37.34124],[148.31755,-37.34138],[148.31712,-37.34168],[148.31666,-37.34235],[148.31681,-37.3432],[148.31593,-37.34381],[148.31563,-37.34441],[148.31578,-37.34506],[148.31649,-37.34627],[148.31685,-37.34734],[148.31739,-37.34797],[148.31778,-37.34883],[148.31788,-37.34943],[148.31776,-37.34977],[148.31796,-37.35122],[148.32005,-37.35481],[148.32063,-37.35531],[148.32104,-37.35606],[148.32094,-37.35645],[148.32012,-37.35707],[148.31997,-37.35764],[148.31913,-37.35824],[148.31838,-37.35857],[148.31776,-37.35939],[148.31786,-37.36041],[148.31836,-37.36077],[148.319,-37.36088],[148.31905,-37.36098],[148.3188,-37.3616],[148.31838,-37.36174],[148.31777,-37.36146],[148.31734,-37.36142],[148.31608,-37.36194],[148.31414,-37.36193],[148.31224,-37.3629],[148.312,-37.36374],[148.31148,-37.36466],[148.31114,-37.36506],[148.31018,-37.36577],[148.3099,-37.3667],[148.31003,-37.36753],[148.30974,-37.36814],[148.30917,-37.36881],[148.30762,-37.36965],[148.30689,-37.36973],[148.30509,-37.36954],[148.30277,-37.36894],[148.30146,-37.36829],[148.30017,-37.36739],[148.29816,-37.36683],[148.29724,-37.36686],[148.29655,-37.36724],[148.29581,-37.36744],[148.29543,-37.36797],[148.29549,-37.36917],[148.29539,-37.37009],[148.29581,-37.3711],[148.29569,-37.37213],[148.29465,-37.37293],[148.29393,-37.37311],[148.29311,-37.37312],[148.29214,-37.37275],[148.29176,-37.37273],[148.29152,-37.37295],[148.29129,-37.37364],[148.29083,-37.37392],[148.28879,-37.37347],[148.2881,-37.37352],[148.28775,-37.3737],[148.28765,-37.37398],[148.28804,-37.37453],[148.28806,-37.37483],[148.28668,-37.37537],[148.28466,-37.37649],[148.28475,-37.3773],[148.28461,-37.37868],[148.28415,-37.37977],[148.28325,-37.38121],[148.28301,-37.38288],[148.28268,-37.38341],[148.2811,-37.38399],[148.28038,-37.38456],[148.2793,-37.38492],[148.27863,-37.38545],[148.27795,-37.38571],[148.27719,-37.3862],[148.27586,-37.38599],[148.27448,-37.38631],[148.27254,-37.38531],[148.27188,-37.38558],[148.27097,-37.38553],[148.27077,-37.38576],[148.27059,-37.38676],[148.26975,-37.38816],[148.26911,-37.38878],[148.26853,-37.38902],[148.2675,-37.38891],[148.26553,-37.38838],[148.26354,-37.38713],[148.26163,-37.38713],[148.2596,-37.38735],[148.25708,-37.38918],[148.25668,-37.38995],[148.25671,-37.39059],[148.25692,-37.39111],[148.258,-37.39213],[148.25819,-37.3926],[148.25813,-37.39307],[148.25746,-37.39374],[148.25662,-37.39428],[148.25405,-37.39667],[148.25323,-37.39682],[148.25164,-37.39674],[148.25133,-37.39719],[148.25137,-37.39766],[148.25103,-37.39873],[148.25134,-37.39971],[148.25126,-37.40004],[148.24939,-37.40086],[148.24861,-37.40199],[148.24727,-37.4021],[148.24623,-37.40148],[148.2452,-37.40123],[148.24461,-37.40135],[148.24402,-37.40191],[148.2435,-37.40209],[148.24216,-37.40196],[148.24045,-37.40148],[148.23947,-37.40148],[148.2385,-37.40241],[148.23787,-37.40419],[148.23748,-37.40451],[148.23529,-37.40513],[148.23405,-37.40522],[148.23327,-37.40506],[148.23256,-37.40527],[148.23279,-37.40586],[148.23392,-37.40662],[148.2346,-37.40681],[148.23484,-37.40703],[148.23487,-37.40722],[148.23482,-37.40805],[148.23447,-37.4089],[148.23411,-37.4092],[148.23306,-37.40917],[148.23296,-37.40943],[148.23642,-37.41197],[148.23654,-37.41239],[148.23577,-37.41348],[148.2349,-37.41445],[148.23455,-37.41513],[148.23456,-37.4154],[148.23538,-37.41726],[148.23608,-37.41808],[148.23661,-37.41994],[148.23661,-37.42041],[148.23559,-37.4228],[148.23544,-37.42306],[148.23433,-37.42395],[148.23501,-37.42618],[148.23519,-37.42847],[148.23545,-37.42998],[148.23665,-37.43179],[148.23758,-37.43256],[148.2379,-37.43326],[148.23847,-37.43405],[148.2386,-37.43448],[148.23799,-37.43547],[148.23818,-37.436],[148.23874,-37.4363],[148.23996,-37.43641],[148.24106,-37.43679],[148.24447,-37.43725],[148.24588,-37.43773],[148.24677,-37.43848],[148.24741,-37.43993],[148.24866,-37.44167],[148.24844,-37.44211],[148.24773,-37.44264],[148.24757,-37.44295],[148.24775,-37.44329],[148.2483,-37.44374],[148.24835,-37.44447],[148.2481,-37.44573],[148.24752,-37.44632],[148.24587,-37.44691],[148.24534,-37.44799],[148.24428,-37.44861],[148.24397,-37.44899],[148.24392,-37.44923],[148.24411,-37.45001],[148.24402,-37.4503],[148.24291,-37.45101],[148.24243,-37.45159],[148.24236,-37.45392],[148.24268,-37.45422],[148.24314,-37.45441],[148.2441,-37.45459],[148.24451,-37.45552],[148.24388,-37.45663],[148.24404,-37.45701],[148.24518,-37.45836],[148.2455,-37.45961],[148.24517,-37.46005],[148.24433,-37.46034],[148.24254,-37.46058],[148.24163,-37.46133],[148.24117,-37.46242],[148.2411,-37.46344],[148.24116,-37.46416],[148.24145,-37.46515],[148.24201,-37.46559],[148.24269,-37.46715],[148.24532,-37.46859],[148.24523,-37.46896],[148.2482,-37.47154],[148.24928,-37.47226],[148.25146,-37.47562],[148.25209,-37.47629],[148.25549,-37.47824],[148.25614,-37.47837],[148.25799,-37.47834],[148.2602,-37.47849],[148.26108,-37.47891],[148.2612,-37.47913],[148.26118,-37.48128],[148.26137,-37.48177],[148.26352,-37.4832],[148.26389,-37.48384],[148.26385,-37.48447],[148.26332,-37.48555],[148.26329,-37.48609],[148.26417,-37.48741],[148.26415,-37.48942],[148.26471,-37.49063],[148.26464,-37.49132],[148.26399,-37.49212],[148.2635,-37.49202],[148.2626,-37.49205],[148.26102,-37.49132],[148.2602,-37.4911],[148.26002,-37.49097],[148.25985,-37.49042],[148.25859,-37.48976],[148.25549,-37.48919],[148.25286,-37.48909],[148.25146,-37.48922],[148.24977,-37.48907],[148.24804,-37.48919],[148.24549,-37.48905],[148.24293,-37.48908],[148.24095,-37.48984],[148.24011,-37.49039],[148.23894,-37.49075],[148.23863,-37.49069],[148.23818,-37.49035],[148.23706,-37.49011],[148.23529,-37.49045],[148.23425,-37.49107],[148.23309,-37.49083],[148.23135,-37.49088],[148.23096,-37.49073],[148.23064,-37.49015],[148.23048,-37.48918],[148.22997,-37.48904],[148.22978,-37.48914],[148.22958,-37.48951],[148.22932,-37.4911],[148.22971,-37.49197],[148.22968,-37.49228],[148.22923,-37.49242],[148.22777,-37.49211],[148.22668,-37.49211],[148.22644,-37.49226],[148.22649,-37.49253],[148.22712,-37.49285],[148.2274,-37.49314],[148.2275,-37.49353],[148.22725,-37.49446],[148.22639,-37.49501],[148.22565,-37.49582],[148.2257,-37.49613],[148.2265,-37.49658],[148.22652,-37.49746],[148.22628,-37.49776],[148.2249,-37.49817],[148.2225,-37.49924],[148.2219,-37.49936],[148.22136,-37.49923],[148.22036,-37.49853],[148.21866,-37.49772],[148.21782,-37.4969],[148.21745,-37.49676],[148.21716,-37.49695],[148.21644,-37.49788],[148.2155,-37.49859],[148.21418,-37.50023],[148.2158,-37.50151],[148.21714,-37.50323],[148.21784,-37.50371],[148.21873,-37.50485],[148.21911,-37.50571],[148.21946,-37.50603],[148.22073,-37.50592],[148.22274,-37.5062],[148.22464,-37.50567],[148.2263,-37.50623],[148.2275,-37.50625],[148.22772,-37.50642],[148.22761,-37.50701],[148.22772,-37.50749],[148.22837,-37.50853],[148.22869,-37.5093],[148.22894,-37.50952],[148.22943,-37.50933],[148.23049,-37.50787],[148.23097,-37.50771],[148.23143,-37.50799],[148.23229,-37.50925],[148.23279,-37.50953],[148.23592,-37.5099],[148.23655,-37.51023],[148.23658,-37.51044],[148.23579,-37.51131],[148.23463,-37.5121],[148.23374,-37.51251],[148.23124,-37.51304],[148.22999,-37.51365],[148.22762,-37.51386],[148.22702,-37.51413],[148.22681,-37.51442],[148.22705,-37.51478],[148.22916,-37.51557],[148.22994,-37.51606],[148.23042,-37.51745],[148.23265,-37.521],[148.23367,-37.52334],[148.23427,-37.52334],[148.23464,-37.5226],[148.23537,-37.52202],[148.2363,-37.52145],[148.2376,-37.52099],[148.24106,-37.52213],[148.24142,-37.52282],[148.24224,-37.52344],[148.24232,-37.52385],[148.24193,-37.52451],[148.24218,-37.5248],[148.24385,-37.5247],[148.24485,-37.52426],[148.24527,-37.52428],[148.24599,-37.52457],[148.24665,-37.52562],[148.24836,-37.52576],[148.24869,-37.52554],[148.24891,-37.5244],[148.24921,-37.52413],[148.25149,-37.52406],[148.2515,-37.52491],[148.25162,-37.52515],[148.25233,-37.52571],[148.25231,-37.526],[148.25192,-37.52671],[148.25197,-37.52686],[148.25305,-37.52712],[148.25322,-37.52726],[148.25326,-37.52804],[148.25369,-37.52909],[148.25367,-37.52929],[148.25325,-37.52978],[148.25219,-37.53014],[148.25179,-37.53056],[148.251,-37.53078],[148.24949,-37.53178],[148.24872,-37.53184],[148.24856,-37.53203],[148.24869,-37.5322],[148.24957,-37.53226],[148.25059,-37.53185],[148.25179,-37.53159],[148.25239,-37.53172],[148.25273,-37.53164],[148.2533,-37.53126],[148.25372,-37.53129],[148.25387,-37.53149],[148.2539,-37.53204],[148.25417,-37.53276],[148.25502,-37.53361],[148.25509,-37.53447],[148.25542,-37.53467],[148.2556,-37.53503],[148.25559,-37.53569],[148.25615,-37.53627],[148.25586,-37.53698],[148.25597,-37.53759],[148.25587,-37.538],[148.25626,-37.53935],[148.25608,-37.53995],[148.2565,-37.54114],[148.2563,-37.54158],[148.25638,-37.54227],[148.25616,-37.54289],[148.25674,-37.54459],[148.25672,-37.54489],[148.25728,-37.54581],[148.25733,-37.54676],[148.25718,-37.54747],[148.25655,-37.54904],[148.25598,-37.54964],[148.25582,-37.54997],[148.25586,-37.55026],[148.25621,-37.5508],[148.25572,-37.55188],[148.25636,-37.55307],[148.25694,-37.55354],[148.25768,-37.5558],[148.25747,-37.55636],[148.25596,-37.55722],[148.25562,-37.55756],[148.25546,-37.55815],[148.25549,-37.55886],[148.25578,-37.55936],[148.25641,-37.5597],[148.25886,-37.56035],[148.25942,-37.56024],[148.26022,-37.55968],[148.26077,-37.55948],[148.26539,-37.55861],[148.26724,-37.55871],[148.26976,-37.55907],[148.27053,-37.55978],[148.27099,-37.56065],[148.27286,-37.56173],[148.27315,-37.56273],[148.27348,-37.56307],[148.27427,-37.56304],[148.27506,-37.56264],[148.27504,-37.56223],[148.2744,-37.56157],[148.27437,-37.5614],[148.27453,-37.56129],[148.27515,-37.56143],[148.27603,-37.56126],[148.27637,-37.56181],[148.27808,-37.56279],[148.27969,-37.56467],[148.28027,-37.56511],[148.28067,-37.56582],[148.2824,-37.56708],[148.28264,-37.56763],[148.28244,-37.56836],[148.2825,-37.56887],[148.28413,-37.57031],[148.28476,-37.57047],[148.28566,-37.57027],[148.28602,-37.57012],[148.28673,-37.56928],[148.28701,-37.56918],[148.28761,-37.56962],[148.28883,-37.56984],[148.28929,-37.57049],[148.28966,-37.57055],[148.29028,-37.57033],[148.29098,-37.57068],[148.29151,-37.57286],[148.29062,-37.5738],[148.29041,-37.57518],[148.29008,-37.57579],[148.2901,-37.57637],[148.29046,-37.57729],[148.29008,-37.57769],[148.28894,-37.57772],[148.28842,-37.57788],[148.28837,-37.57814],[148.28887,-37.57986],[148.28883,-37.58021],[148.28671,-37.5818],[148.28589,-37.5829],[148.28559,-37.58389],[148.28552,-37.58509],[148.28597,-37.5852],[148.287,-37.58481],[148.28756,-37.58499],[148.28774,-37.58527],[148.28808,-37.58665],[148.2889,-37.58727],[148.28913,-37.58759],[148.28916,-37.5887],[148.28807,-37.59006],[148.28779,-37.59063],[148.28751,-37.59227],[148.28758,-37.59268],[148.28818,-37.59313],[148.28916,-37.59337],[148.29051,-37.5934],[148.2913,-37.59305],[148.29222,-37.59292],[148.29251,-37.59299],[148.29315,-37.59474],[148.29295,-37.59571],[148.29266,-37.5963],[148.29271,-37.59664],[148.29301,-37.59681],[148.29337,-37.59678],[148.29466,-37.59572],[148.29513,-37.59565],[148.29552,-37.59603],[148.29602,-37.59728],[148.29628,-37.59839],[148.29681,-37.59833],[148.29723,-37.59778],[148.29775,-37.59758],[148.30019,-37.59724],[148.30085,-37.59751],[148.30204,-37.59893],[148.30296,-37.60031],[148.30314,-37.6009],[148.30322,-37.60187],[148.30424,-37.60377],[148.30424,-37.60397],[148.30358,-37.60496],[148.30315,-37.606],[148.30253,-37.60668],[148.30281,-37.60798],[148.30197,-37.61001],[148.30127,-37.61078],[148.30113,-37.61145],[148.30068,-37.612],[148.29911,-37.61321],[148.29845,-37.61356],[148.2971,-37.61384],[148.29636,-37.61477],[148.29587,-37.61573],[148.29563,-37.61587],[148.29348,-37.61668],[148.28963,-37.61741],[148.28901,-37.61769],[148.28882,-37.61791],[148.28892,-37.61848],[148.29105,-37.62113],[148.2911,-37.62147],[148.29071,-37.62167],[148.28979,-37.62161],[148.28801,-37.62081],[148.28774,-37.62087],[148.28779,-37.62144],[148.28822,-37.62222],[148.28948,-37.62372],[148.29198,-37.62498],[148.29214,-37.62531],[148.29059,-37.6265],[148.28821,-37.62732],[148.28803,-37.62753],[148.28816,-37.62778],[148.28843,-37.62787],[148.29009,-37.62774],[148.29126,-37.62776],[148.2914,-37.62785],[148.29128,-37.62832],[148.2902,-37.62952],[148.28997,-37.63038],[148.29001,-37.63123],[148.29069,-37.63243],[148.29087,-37.63327],[148.29135,-37.63394],[148.29184,-37.63439],[148.29348,-37.6355],[148.2949,-37.63753],[148.29566,-37.63818],[148.2963,-37.63927],[148.29714,-37.64192],[148.29818,-37.64437],[148.29919,-37.64594],[148.29996,-37.64765],[148.30195,-37.65009],[148.30101,-37.65165],[148.30074,-37.65268],[148.3009,-37.65433],[148.30188,-37.65654],[148.30192,-37.65687],[148.30097,-37.65995],[148.30074,-37.66025],[148.29939,-37.66114],[148.29838,-37.66339],[148.29837,-37.66401],[148.29852,-37.66457],[148.29904,-37.66507],[148.29917,-37.66551],[148.29973,-37.66616],[148.30023,-37.66821],[148.30073,-37.66882],[148.30164,-37.66954],[148.30312,-37.67137],[148.30381,-37.67194],[148.30428,-37.67215],[148.3047,-37.67215],[148.30582,-37.67169],[148.30652,-37.67173],[148.30736,-37.67196],[148.30954,-37.67389],[148.31042,-37.67438],[148.31242,-37.6746],[148.31458,-37.67511],[148.31781,-37.67564],[148.34255,-37.67919],[148.34896,-37.67966],[148.35056,-37.68035],[148.35277,-37.6817],[148.35554,-37.68458],[148.35619,-37.68501],[148.35702,-37.68525],[148.35803,-37.68522],[148.35891,-37.68492],[148.36194,-37.68239],[148.3643,-37.68132],[148.36618,-37.67988],[148.36649,-37.67941],[148.36636,-37.67816],[148.36649,-37.67761],[148.3682,-37.67627],[148.36913,-37.67601],[148.37009,-37.67596],[148.37202,-37.67657],[148.37434,-37.6771],[148.37574,-37.6771],[148.37695,-37.67735],[148.37775,-37.6778],[148.37924,-37.67907],[148.38109,-37.68088],[148.38763,-37.68907],[148.39117,-37.69404],[148.39146,-37.69456],[148.39236,-37.69703],[148.39405,-37.69986],[148.3945,-37.70137],[148.39703,-37.70578],[148.39905,-37.71244],[148.399,-37.71294],[148.39847,-37.7137],[148.39842,-37.71397],[148.40201,-37.71636],[148.40308,-37.71729],[148.40316,-37.71771],[148.4078,-37.71997],[148.41047,-37.72052],[148.41214,-37.72048],[148.41321,-37.72067],[148.41361,-37.72082],[148.41559,-37.7221],[148.41622,-37.72236],[148.41916,-37.7228],[148.42018,-37.72288],[148.42326,-37.7224],[148.42441,-37.72248],[148.42798,-37.72319],[148.43023,-37.72325],[148.43462,-37.72251],[148.43833,-37.72135],[148.44105,-37.72134],[148.44127,-37.72144],[148.44133,-37.72166],[148.44112,-37.72402],[148.4459,-37.72472],[148.44851,-37.72334],[148.44935,-37.72274],[148.45013,-37.72266],[148.45083,-37.72217],[148.45154,-37.72112],[148.45244,-37.71703],[148.45305,-37.7172],[148.45414,-37.71524],[148.45523,-37.71381],[148.45648,-37.71252],[148.45795,-37.71137],[148.45761,-37.71104],[148.45319,-37.71038],[148.45493,-37.70736],[148.45733,-37.69757],[148.45996,-37.69787],[148.46361,-37.6975],[148.46445,-37.6973],[148.46525,-37.69665],[148.46823,-37.69338],[148.46863,-37.69278],[148.46879,-37.69213],[148.46893,-37.68879],[148.46912,-37.68766],[148.47274,-37.674],[148.47414,-37.67099],[148.47481,-37.66922],[148.4757,-37.66846],[148.47736,-37.66766],[148.47791,-37.66707],[148.47801,-37.66669],[148.47814,-37.66527],[148.47806,-37.66488],[148.47744,-37.66333],[148.47673,-37.66212],[148.4766,-37.6616],[148.47665,-37.66124],[148.47698,-37.66076],[148.47833,-37.65996],[148.47869,-37.65926],[148.47862,-37.65873],[148.478,-37.65769],[148.47781,-37.65702],[148.47759,-37.65299],[148.47783,-37.65221],[148.47856,-37.65169],[148.47875,-37.6525],[148.47888,-37.65263],[148.4797,-37.65272],[148.48079,-37.65258],[148.48204,-37.6544],[148.48413,-37.65517],[148.48733,-37.65527],[148.48814,-37.65486],[148.48882,-37.65429],[148.48962,-37.65275],[148.4911,-37.65145],[148.49147,-37.65023],[148.49261,-37.64825],[148.4956,-37.64658],[148.49551,-37.64602],[148.49586,-37.64472],[148.49676,-37.64349],[148.49897,-37.64092],[148.49906,-37.63957],[148.49896,-37.6386],[148.49906,-37.63777],[148.4996,-37.63715],[148.50126,-37.63627],[148.50253,-37.63442],[148.50266,-37.63394],[148.50259,-37.63302],[148.50197,-37.63205],[148.50267,-37.63193],[148.50374,-37.63091],[148.50441,-37.62976],[148.50557,-37.62899],[148.50609,-37.62723],[148.50595,-37.62683],[148.50542,-37.6263],[148.50534,-37.62601],[148.50584,-37.62557],[148.50669,-37.62545],[148.50716,-37.62497],[148.50739,-37.62416],[148.50715,-37.62354],[148.50722,-37.62325],[148.50763,-37.62304],[148.51022,-37.62251],[148.51094,-37.62218],[148.51254,-37.62008],[148.51264,-37.61923],[148.5119,-37.61607],[148.51271,-37.61329],[148.51239,-37.61227],[148.51282,-37.61156],[148.51372,-37.61069],[148.51395,-37.60892],[148.51524,-37.60797],[148.51672,-37.60764],[148.52008,-37.60619],[148.52179,-37.60618],[148.52213,-37.60603],[148.52369,-37.60379],[148.52552,-37.60212],[148.52659,-37.60148],[148.52697,-37.60037],[148.52791,-37.59961],[148.52793,-37.59931],[148.52756,-37.59841],[148.52787,-37.5969],[148.52936,-37.59429],[148.52959,-37.59257],[148.52934,-37.59148],[148.52854,-37.59059],[148.52755,-37.58997],[148.52751,-37.58961],[148.52774,-37.5894],[148.52881,-37.58916],[148.53155,-37.58765],[148.53224,-37.58703],[148.53232,-37.58655],[148.53257,-37.58626],[148.53297,-37.58626],[148.53392,-37.58667],[148.53467,-37.58664],[148.53524,-37.58639],[148.53591,-37.58564],[148.5359,-37.58534],[148.53554,-37.58474],[148.53573,-37.5844],[148.53718,-37.58434],[148.53808,-37.58392],[148.5384,-37.58361],[148.53835,-37.58322],[148.53755,-37.58261],[148.53748,-37.58233],[148.53762,-37.58205],[148.53994,-37.58105],[148.54084,-37.58024],[148.54345,-37.5785],[148.54482,-37.57779],[148.54514,-37.57751],[148.54557,-37.57674],[148.54651,-37.57601],[148.5478,-37.57523],[148.54869,-37.57441],[148.54899,-37.57377],[148.54898,-37.57338],[148.54849,-37.57221],[148.54846,-37.57177],[148.54863,-37.57132],[148.54959,-37.57032],[148.54977,-37.56972],[148.54963,-37.56939],[148.54891,-37.56862],[148.549,-37.56797],[148.54892,-37.56766],[148.54743,-37.56639],[148.5474,-37.56611],[148.54755,-37.56583],[148.54819,-37.56564],[148.5494,-37.56615],[148.54996,-37.56621],[148.55066,-37.56593],[148.55176,-37.56512],[148.5532,-37.56489],[148.55378,-37.56462],[148.555,-37.56482],[148.55651,-37.56444],[148.55733,-37.56496],[148.55781,-37.56512],[148.55854,-37.56498],[148.559,-37.56452],[148.55901,-37.56403],[148.55844,-37.56315],[148.55668,-37.56207],[148.55579,-37.56108],[148.55504,-37.55983],[148.55491,-37.55898],[148.55523,-37.55855],[148.55591,-37.558],[148.55765,-37.55723],[148.55879,-37.55693],[148.55951,-37.55609],[148.56096,-37.55583],[148.56196,-37.55534],[148.56221,-37.55491],[148.56206,-37.55449],[148.56148,-37.55421],[148.56004,-37.55399],[148.55972,-37.55302],[148.55862,-37.55257],[148.55827,-37.55174],[148.55794,-37.55144],[148.55559,-37.55126],[148.55452,-37.55152],[148.55399,-37.55149],[148.55383,-37.55117],[148.55448,-37.55055],[148.55473,-37.54996],[148.55485,-37.54896],[148.5555,-37.54794],[148.55547,-37.54763],[148.5547,-37.54658],[148.5542,-37.54629],[148.55378,-37.54626],[148.55324,-37.54637],[148.55201,-37.54711],[148.55072,-37.54688],[148.54963,-37.54694],[148.54944,-37.54671],[148.54986,-37.54605],[148.54968,-37.54551],[148.54835,-37.54458],[148.54725,-37.54399],[148.54688,-37.54301],[148.54598,-37.54235],[148.54453,-37.54192],[148.54405,-37.54199],[148.5433,-37.54264],[148.54298,-37.54275],[148.54185,-37.54238],[148.54105,-37.54242],[148.53887,-37.54317],[148.5376,-37.5428],[148.53724,-37.54289],[148.53565,-37.544],[148.5352,-37.544],[148.53486,-37.54386],[148.53452,-37.54319],[148.53451,-37.54245],[148.53416,-37.54155],[148.53418,-37.54114],[148.53496,-37.53905],[148.53678,-37.53735],[148.53691,-37.537],[148.53689,-37.53654],[148.53641,-37.53576],[148.53602,-37.53554],[148.53346,-37.5359],[148.53304,-37.53582],[148.53279,-37.53558],[148.53277,-37.53516],[148.53306,-37.53438],[148.53397,-37.53311],[148.53395,-37.53262],[148.53314,-37.53189],[148.53158,-37.53117],[148.53097,-37.53066],[148.53052,-37.52973],[148.53027,-37.52848],[148.52935,-37.52739],[148.52934,-37.52599],[148.52953,-37.52555],[148.53036,-37.52456],[148.53063,-37.52443],[148.53166,-37.52445],[148.53206,-37.52425],[148.53222,-37.52385],[148.53226,-37.52267],[148.53276,-37.52218],[148.53436,-37.52157],[148.53674,-37.52106],[148.53731,-37.52069],[148.53789,-37.52051],[148.53846,-37.51999],[148.53902,-37.51978],[148.53956,-37.5197],[148.5432,-37.52011],[148.54561,-37.51938],[148.54573,-37.51902],[148.5456,-37.51833],[148.54416,-37.51722],[148.54388,-37.51676],[148.54389,-37.5162],[148.54537,-37.51507],[148.54617,-37.51528],[148.54726,-37.5152],[148.54785,-37.51497],[148.54834,-37.51455],[148.54846,-37.51394],[148.54821,-37.51301],[148.54813,-37.51207],[148.54795,-37.5118],[148.54767,-37.51176],[148.54694,-37.51228],[148.54629,-37.51244],[148.54545,-37.51251],[148.54445,-37.51232],[148.5441,-37.51197],[148.54394,-37.51136],[148.54399,-37.51077],[148.54418,-37.51037],[148.54412,-37.51002],[148.54273,-37.51014],[148.54058,-37.50896],[148.5385,-37.50826],[148.53686,-37.50704],[148.53665,-37.50651],[148.53501,-37.50505],[148.53493,-37.50486],[148.53501,-37.5047],[148.53603,-37.50424],[148.53694,-37.50407],[148.53765,-37.50415],[148.53973,-37.5048],[148.54097,-37.50476],[148.54165,-37.50435],[148.54236,-37.50328],[148.54325,-37.50282],[148.54346,-37.5022],[148.54365,-37.50209],[148.54435,-37.50242],[148.5454,-37.50234],[148.54652,-37.50268],[148.54725,-37.50232],[148.54788,-37.50239],[148.54826,-37.50213],[148.54965,-37.50179],[148.5507,-37.50188],[148.55084,-37.50162],[148.55058,-37.50093],[148.55055,-37.50034],[148.55077,-37.49994],[148.55181,-37.49883],[148.55178,-37.49761],[148.55243,-37.49728],[148.55298,-37.49656],[148.55435,-37.49568],[148.55498,-37.49531],[148.55573,-37.49513],[148.55611,-37.49489],[148.5561,-37.49454],[148.55562,-37.49394],[148.55546,-37.49341],[148.55555,-37.49275],[148.55548,-37.49227],[148.55589,-37.49166],[148.55586,-37.49139],[148.55527,-37.49069],[148.55447,-37.49011],[148.55402,-37.48872],[148.55301,-37.48761],[148.55294,-37.48721],[148.55312,-37.48671],[148.55392,-37.4856],[148.55379,-37.48395],[148.5546,-37.48318],[148.55481,-37.48262],[148.55537,-37.48239],[148.55598,-37.48244],[148.55696,-37.48134],[148.55695,-37.48095],[148.55645,-37.48038],[148.55619,-37.47984],[148.55622,-37.47942],[148.55666,-37.47878],[148.5563,-37.47744],[148.55631,-37.47692],[148.55682,-37.47592],[148.55782,-37.47467],[148.55769,-37.4729],[148.55856,-37.47167],[148.55885,-37.47075],[148.55936,-37.47042],[148.55936,-37.46949],[148.56063,-37.46914],[148.56096,-37.46867],[148.56111,-37.46778],[148.56149,-37.46682],[148.56173,-37.46664],[148.56239,-37.46654],[148.56278,-37.46624],[148.56436,-37.46427],[148.56476,-37.46341],[148.56719,-37.46146],[148.56769,-37.46029],[148.56992,-37.45823],[148.57083,-37.45751],[148.57304,-37.45636],[148.57379,-37.45584],[148.57464,-37.45575],[148.57514,-37.45532],[148.57563,-37.45522],[148.57585,-37.45503],[148.57597,-37.45456],[148.57656,-37.45441],[148.57675,-37.45341],[148.57779,-37.4527],[148.57814,-37.4523],[148.57849,-37.45105],[148.57849,-37.4505],[148.57941,-37.44987],[148.58011,-37.44869],[148.5817,-37.44796],[148.58207,-37.44699],[148.58267,-37.44624],[148.58305,-37.44546],[148.58402,-37.44492],[148.58474,-37.4442],[148.58575,-37.44381],[148.58698,-37.44296],[148.5886,-37.44208],[148.59024,-37.44184],[148.59072,-37.44104],[148.5905,-37.44069],[148.5899,-37.44026],[148.58991,-37.43995],[148.59194,-37.438],[148.59303,-37.43731],[148.59326,-37.4369],[148.59327,-37.43647],[148.59411,-37.43621],[148.59461,-37.4357],[148.59571,-37.43524],[148.596,-37.43463],[148.59609,-37.43393],[148.59651,-37.43364],[148.59759,-37.43342],[148.59826,-37.43291],[148.59834,-37.43229],[148.59813,-37.43183],[148.59852,-37.43116],[148.59821,-37.43051],[148.59853,-37.42983],[148.59879,-37.42971],[148.59963,-37.42991],[148.60003,-37.42979],[148.60033,-37.42913],[148.60115,-37.42887],[148.60201,-37.42815],[148.60288,-37.42764],[148.6026,-37.42599],[148.60222,-37.42551],[148.60207,-37.42501],[148.60233,-37.42461],[148.60224,-37.42374],[148.60277,-37.42247],[148.60275,-37.42109],[148.60345,-37.42003],[148.60312,-37.4189],[148.60298,-37.41658],[148.60264,-37.4161],[148.60229,-37.41598],[148.60206,-37.41568],[148.60181,-37.41421],[148.60162,-37.41391],[148.60139,-37.41378],[148.60038,-37.41364],[148.59982,-37.41326],[148.5991,-37.41303],[148.59718,-37.41163],[148.59545,-37.41105],[148.59445,-37.41031],[148.59399,-37.41018],[148.59373,-37.4099],[148.59344,-37.40886],[148.59372,-37.4083],[148.59362,-37.4079],[148.59343,-37.40761],[148.5927,-37.40729],[148.59267,-37.40711],[148.59288,-37.40645],[148.59273,-37.40557],[148.59302,-37.40479],[148.59282,-37.40333],[148.59268,-37.40296],[148.59152,-37.40138],[148.59141,-37.4008],[148.59143,-37.40038],[148.5924,-37.39871],[148.593,-37.397],[148.59349,-37.39634],[148.59454,-37.39551],[148.59516,-37.39448],[148.59538,-37.39379],[148.59708,-37.39144],[148.59723,-37.39042],[148.5977,-37.38939],[148.59832,-37.38889],[148.59862,-37.38821],[148.59973,-37.38735],[148.60154,-37.38661],[148.60217,-37.38659],[148.60327,-37.38686],[148.60489,-37.38779],[148.6064,-37.38839],[148.60705,-37.38836],[148.60772,-37.38813],[148.60791,-37.38782],[148.60798,-37.38713],[148.60863,-37.38659],[148.60902,-37.38653],[148.60925,-37.38659],[148.6097,-37.38718],[148.61029,-37.38746],[148.61315,-37.38736],[148.61555,-37.38709],[148.6163,-37.3871],[148.61729,-37.38736],[148.61756,-37.38715],[148.61725,-37.3864],[148.61738,-37.38554],[148.618,-37.38457],[148.61814,-37.38445],[148.61874,-37.38441],[148.62015,-37.38481],[148.62074,-37.38528],[148.62173,-37.3864],[148.62264,-37.38714],[148.62363,-37.38713],[148.62467,-37.38689],[148.6256,-37.38619],[148.62598,-37.38573],[148.6262,-37.38514],[148.62594,-37.38417],[148.62602,-37.38308],[148.62546,-37.38147],[148.6259,-37.37992],[148.62649,-37.37937],[148.62751,-37.37962],[148.62908,-37.37939],[148.62919,-37.37919],[148.6291,-37.37799],[148.62945,-37.37777],[148.62977,-37.3773],[148.63014,-37.37626],[148.63051,-37.37607],[148.63145,-37.37636],[148.63253,-37.3772],[148.6327,-37.37749],[148.63279,-37.37819],[148.6333,-37.37859],[148.63365,-37.37858],[148.6346,-37.3781],[148.63508,-37.37809],[148.63563,-37.37832],[148.63599,-37.37829],[148.63649,-37.37799],[148.63684,-37.37792],[148.63833,-37.37827],[148.63982,-37.37896],[148.64057,-37.37903],[148.64137,-37.37857],[148.64193,-37.37847],[148.64366,-37.37962],[148.64448,-37.38078],[148.64555,-37.38182],[148.64679,-37.38232],[148.64893,-37.38263],[148.65176,-37.38351],[148.65262,-37.38354],[148.65392,-37.38336],[148.65435,-37.38316],[148.65509,-37.38211],[148.65677,-37.38053],[148.65806,-37.37968],[148.65917,-37.37918],[148.66152,-37.37932],[148.66177,-37.37928],[148.66216,-37.37886],[148.66378,-37.37854],[148.66532,-37.3789],[148.66594,-37.37882],[148.66843,-37.37901],[148.66973,-37.37848],[148.67009,-37.37849],[148.67126,-37.37883],[148.67324,-37.38024],[148.67471,-37.38082],[148.67507,-37.38084],[148.67558,-37.38072],[148.67598,-37.38037],[148.67621,-37.3792],[148.67647,-37.37892],[148.68,-37.37794],[148.68074,-37.3773],[148.68145,-37.3762],[148.68158,-37.37553],[148.68156,-37.3743],[148.68114,-37.37279],[148.68055,-37.37189],[148.68055,-37.37122],[148.68094,-37.37048],[148.68245,-37.36894],[148.68254,-37.36813],[148.68231,-37.36706],[148.68232,-37.36629],[148.68298,-37.36561],[148.68401,-37.36512],[148.68443,-37.3646],[148.6844,-37.36409],[148.68393,-37.36282],[148.68421,-37.3616],[148.68406,-37.36136],[148.68349,-37.36097],[148.68342,-37.36057],[148.68379,-37.3595],[148.68341,-37.35846],[148.68345,-37.35827],[148.68467,-37.35758],[148.68572,-37.35618],[148.68601,-37.35559],[148.68755,-37.35436],[148.68818,-37.35353],[148.68903,-37.35329],[148.69038,-37.3535],[148.6925,-37.35242],[148.69273,-37.35199],[148.69274,-37.35155],[148.69241,-37.35086],[148.69243,-37.35055],[148.69312,-37.35002],[148.69259,-37.34895],[148.69257,-37.34831],[148.69264,-37.34776],[148.69305,-37.3469],[148.69311,-37.34623],[148.69342,-37.34525],[148.6939,-37.34467],[148.69581,-37.34378],[148.69672,-37.34315],[148.69835,-37.3433],[148.69915,-37.34301],[148.69921,-37.34248],[148.69913,-37.34224],[148.69828,-37.34107],[148.69813,-37.33948],[148.69776,-37.33855],[148.69789,-37.33795],[148.6984,-37.33712],[148.69897,-37.33662],[148.70015,-37.33593],[148.70192,-37.33539],[148.70199,-37.33523],[148.70196,-37.3348],[148.70136,-37.33386],[148.70115,-37.33325],[148.70095,-37.33162],[148.7007,-37.33074],[148.69939,-37.32741],[148.69893,-37.32659],[148.69889,-37.3257],[148.69908,-37.3242],[148.69898,-37.32338],[148.69628,-37.32076],[148.69556,-37.31976],[148.6952,-37.31878],[148.69504,-37.31632],[148.69572,-37.31555],[148.69591,-37.31466],[148.69582,-37.31438],[148.69585,-37.31335],[148.69553,-37.31231],[148.69637,-37.31184],[148.69669,-37.31087],[148.69652,-37.31054],[148.6954,-37.3099],[148.6953,-37.30959],[148.69558,-37.3089],[148.69714,-37.30725],[148.69796,-37.30668],[148.69858,-37.30653],[148.70015,-37.30701],[148.70134,-37.30669],[148.70307,-37.30474],[148.7048,-37.30336],[148.70602,-37.30188],[148.70904,-37.29722],[148.71078,-37.29518],[148.71109,-37.29423],[148.71163,-37.29363],[148.71171,-37.29279],[148.71222,-37.29176],[148.71239,-37.29101],[148.71306,-37.28992],[148.71342,-37.28893],[148.71387,-37.28855],[148.71493,-37.28841],[148.71507,-37.28802],[148.71486,-37.28744],[148.71544,-37.28634],[148.71572,-37.28609],[148.71599,-37.28599],[148.71691,-37.28599],[148.71692,-37.28559],[148.7159,-37.28497],[148.71556,-37.28447],[148.71553,-37.28413],[148.71577,-37.2837],[148.71712,-37.28294],[148.71747,-37.2826],[148.71719,-37.282],[148.71721,-37.28158],[148.7174,-37.2813],[148.7179,-37.28108],[148.7192,-37.28085],[148.71951,-37.28061],[148.71946,-37.28032],[148.71866,-37.28005],[148.71843,-37.27978],[148.71835,-37.27867],[148.71847,-37.27791],[148.71868,-37.27752],[148.72009,-37.27659],[148.71978,-37.27608],[148.71916,-37.27588],[148.7188,-37.27559],[148.71876,-37.27533],[148.71893,-37.27494],[148.7199,-37.27407],[148.72029,-37.27171],[148.72086,-37.27089],[148.72112,-37.2702],[148.72109,-37.27003],[148.72064,-37.26959],[148.72055,-37.26796],[148.72096,-37.2678],[148.72195,-37.26796],[148.72312,-37.26712],[148.72432,-37.26705],[148.72612,-37.26658],[148.72616,-37.26632],[148.7258,-37.26546],[148.72593,-37.26521],[148.72718,-37.26517],[148.72747,-37.26494],[148.72748,-37.26468],[148.72729,-37.26429],[148.72744,-37.26395],[148.72916,-37.26369],[148.72876,-37.26301],[148.7288,-37.26266],[148.72912,-37.26235],[148.72984,-37.26199],[148.73003,-37.26163],[148.72988,-37.26143],[148.72892,-37.26093],[148.7287,-37.26058],[148.73001,-37.25991],[148.7321,-37.25983],[148.73347,-37.25879],[148.73367,-37.25861],[148.73371,-37.25745],[148.73405,-37.25643],[148.73501,-37.25577],[148.73669,-37.25509],[148.73682,-37.25487],[148.7366,-37.25452],[148.73656,-37.25371],[148.7367,-37.25326],[148.73731,-37.25298],[148.73779,-37.25258],[148.7384,-37.25175],[148.73895,-37.2513],[148.73954,-37.25112],[148.74004,-37.25113],[148.74178,-37.25063],[148.7427,-37.25002],[148.74448,-37.25008],[148.74553,-37.24951],[148.74689,-37.24973],[148.74729,-37.24965],[148.74777,-37.24943],[148.74792,-37.24911],[148.74786,-37.24865],[148.74766,-37.24845],[148.74771,-37.24791],[148.7479,-37.24773],[148.74831,-37.24765],[148.74853,-37.24768],[148.74892,-37.24801],[148.75003,-37.24954],[148.75137,-37.25102],[148.75182,-37.25115],[148.75206,-37.25109],[148.75243,-37.25068],[148.75275,-37.24972],[148.75303,-37.24784],[148.75294,-37.24741],[148.75229,-37.24646],[148.75225,-37.24612],[148.75309,-37.24519],[148.75355,-37.24494],[148.75461,-37.24476],[148.75713,-37.24467],[148.75734,-37.24429],[148.75749,-37.24252],[148.75726,-37.24143],[148.75674,-37.24073],[148.75671,-37.23911],[148.7556,-37.23738],[148.75531,-37.23656],[148.75499,-37.23612],[148.75406,-37.23385],[148.75347,-37.23162],[148.75159,-37.22891],[148.75031,-37.22775],[148.74966,-37.22676],[148.74865,-37.22593],[148.74786,-37.22389],[148.74802,-37.22344],[148.74844,-37.22299],[148.7484,-37.22245],[148.74819,-37.22204],[148.74738,-37.22139],[148.74719,-37.22098],[148.74715,-37.21937],[148.74694,-37.21881],[148.74655,-37.21835],[148.74639,-37.21784],[148.74643,-37.21687],[148.74665,-37.2162],[148.74596,-37.21487],[148.74584,-37.21441],[148.74576,-37.21267],[148.74556,-37.21247],[148.74461,-37.2122],[148.74388,-37.21181],[148.74225,-37.20987],[148.74182,-37.20859],[148.74003,-37.2077],[148.73883,-37.20771],[148.7366,-37.20867],[148.73476,-37.20871],[148.73367,-37.20926],[148.73241,-37.20879],[148.73181,-37.20837],[148.73135,-37.20664],[148.73129,-37.20486],[148.73109,-37.20421],[148.7308,-37.20387],[148.72959,-37.20301],[148.72842,-37.20185],[148.72823,-37.20148],[148.72826,-37.20078],[148.7272,-37.20009],[148.72587,-37.19823],[148.72625,-37.19702],[148.72662,-37.1912],[148.72706,-37.1894],[148.72677,-37.18927],[148.72632,-37.18827],[148.72555,-37.18777],[148.72552,-37.18648],[148.7234,-37.18555],[148.72306,-37.18506],[148.7217,-37.18406],[148.7186,-37.1837],[148.71677,-37.18408],[148.71577,-37.18387],[148.71547,-37.1836],[148.71541,-37.18212],[148.71501,-37.1811],[148.71434,-37.18064],[148.71349,-37.18041],[148.71288,-37.18055],[148.71163,-37.18148],[148.7104,-37.18179],[148.70992,-37.18208],[148.70879,-37.18365],[148.7086,-37.18412],[148.70871,-37.18481],[148.70772,-37.18527],[148.70738,-37.18556],[148.70537,-37.18776],[148.70511,-37.18819],[148.70481,-37.1882],[148.7047,-37.18783],[148.70488,-37.18745],[148.70488,-37.18702],[148.70368,-37.1867],[148.70326,-37.18633],[148.70318,-37.18527],[148.70286,-37.18474],[148.70224,-37.18438],[148.69989,-37.18371],[148.69851,-37.1827],[148.69842,-37.18253],[148.69848,-37.18226],[148.69935,-37.18149],[148.69886,-37.18076],[148.69906,-37.17969],[148.6989,-37.1795],[148.69783,-37.17902],[148.69705,-37.17805],[148.69696,-37.17767],[148.69704,-37.17736],[148.69794,-37.17645],[148.69801,-37.17604],[148.69782,-37.17589],[148.69649,-37.17572],[148.69635,-37.17535],[148.69649,-37.17454],[148.69623,-37.17407],[148.69568,-37.17406],[148.69511,-37.1745],[148.69449,-37.17464],[148.6938,-37.17524],[148.69241,-37.17581],[148.6909,-37.17586],[148.69024,-37.17601],[148.68967,-37.17593],[148.68937,-37.17559],[148.6897,-37.1749],[148.68964,-37.17465],[148.68825,-37.17447],[148.68779,-37.17426],[148.68765,-37.17404],[148.68766,-37.1737],[148.68801,-37.17326],[148.68781,-37.17305],[148.68622,-37.17294],[148.68547,-37.17263],[148.68501,-37.17152],[148.68513,-37.17061],[148.68504,-37.1704],[148.68482,-37.17029],[148.68382,-37.17025],[148.68333,-37.17001],[148.68291,-37.16913],[148.68176,-37.16858],[148.68039,-37.16722],[148.67994,-37.16659],[148.67967,-37.16578],[148.6792,-37.16496],[148.67739,-37.16364],[148.6759,-37.16168],[148.67575,-37.16092],[148.67586,-37.15962],[148.67565,-37.15891],[148.67497,-37.15786],[148.67466,-37.15632],[148.67461,-37.15447],[148.67447,-37.15415],[148.67421,-37.15394],[148.67374,-37.15383],[148.67159,-37.15371],[148.67111,-37.1534],[148.67075,-37.15291],[148.67068,-37.15252],[148.67099,-37.15151],[148.67077,-37.15115],[148.6701,-37.15057],[148.66977,-37.14955],[148.66953,-37.14928],[148.66893,-37.14914],[148.66678,-37.1494],[148.66655,-37.1493],[148.66618,-37.14873],[148.66591,-37.14854],[148.66303,-37.14839],[148.66215,-37.1481],[148.66124,-37.148],[148.66077,-37.14775],[148.6607,-37.14749],[148.66081,-37.14731],[148.6624,-37.14572],[148.66258,-37.14484],[148.66389,-37.14432],[148.66443,-37.1435],[148.66495,-37.14341],[148.66702,-37.14375],[148.66765,-37.14363],[148.66779,-37.14331],[148.66763,-37.14288],[148.66685,-37.14216],[148.66338,-37.14008],[148.66227,-37.13885],[148.66128,-37.13722],[148.66115,-37.13614],[148.66132,-37.1354],[148.6623,-37.13462],[148.66419,-37.13344],[148.66652,-37.13121],[148.66631,-37.1308],[148.66522,-37.12963],[148.66428,-37.12741],[148.66332,-37.12665],[148.66342,-37.12635],[148.66406,-37.12602],[148.66417,-37.1258],[148.66311,-37.12476],[148.66296,-37.12364],[148.66174,-37.12255],[148.66142,-37.12203],[148.66129,-37.12139],[148.66084,-37.12083],[148.65979,-37.11998],[148.65945,-37.1189],[148.65898,-37.11864],[148.65687,-37.11921],[148.65492,-37.1189],[148.65333,-37.11838],[148.65196,-37.11645],[148.64997,-37.11454],[148.64836,-37.1143],[148.64774,-37.11387],[148.64661,-37.11249],[148.6462,-37.11222],[148.64536,-37.11198],[148.64429,-37.11201],[148.64214,-37.11031],[148.64088,-37.10896],[148.6408,-37.10809],[148.64137,-37.10717],[148.64069,-37.10523],[148.64022,-37.10506],[148.6397,-37.10462],[148.63783,-37.10475],[148.63754,-37.10461],[148.63648,-37.1038],[148.63621,-37.10345],[148.63598,-37.10275],[148.63615,-37.10191],[148.63595,-37.10128],[148.63559,-37.10097],[148.63408,-37.10023],[148.63366,-37.09983],[148.63349,-37.09936],[148.63353,-37.09911],[148.63387,-37.09872],[148.63455,-37.09844],[148.63457,-37.09826],[148.63441,-37.0981],[148.63275,-37.09746],[148.63245,-37.09749],[148.63233,-37.09766],[148.63233,-37.09842],[148.63214,-37.09887],[148.63079,-37.09986],[148.63008,-37.10011],[148.62942,-37.10011],[148.62767,-37.09948],[148.62619,-37.09933],[148.62496,-37.09878],[148.62439,-37.09837],[148.62401,-37.09784],[148.62425,-37.09694],[148.62391,-37.09603],[148.6232,-37.0951],[148.62305,-37.09414],[148.62351,-37.09345],[148.62349,-37.09225],[148.62341,-37.09203],[148.62293,-37.09156],[148.62252,-37.09038],[148.62235,-37.09022],[148.62218,-37.09019],[148.62193,-37.09043],[148.62055,-37.09226],[148.61986,-37.09252],[148.61862,-37.09273],[148.61782,-37.0925],[148.61751,-37.09194],[148.61619,-37.09071],[148.61551,-37.09073],[148.6144,-37.09116],[148.61389,-37.09107],[148.61261,-37.08993],[148.61247,-37.08938],[148.61251,-37.08877],[148.61232,-37.08843],[148.60983,-37.08766],[148.60857,-37.08699],[148.60806,-37.08653],[148.60697,-37.08505],[148.60545,-37.0824],[148.60503,-37.08187],[148.60448,-37.08161],[148.60359,-37.08167],[148.60206,-37.08153],[148.60108,-37.08089],[148.60062,-37.08013],[148.60064,-37.07977],[148.60121,-37.07848],[148.60091,-37.07784],[148.59992,-37.07703],[148.59748,-37.07557],[148.59695,-37.07496],[148.59663,-37.07404],[148.59601,-37.07378],[148.59482,-37.07384],[148.59462,-37.07375],[148.5937,-37.07295],[148.5914,-37.07036],[148.58821,-37.06925],[148.58742,-37.06878],[148.58672,-37.06791],[148.58528,-37.06788],[148.58468,-37.06765],[148.58398,-37.06694],[148.58358,-37.06625],[148.58289,-37.0663],[148.58242,-37.06664],[148.58208,-37.06713],[148.58177,-37.06715],[148.58145,-37.06691],[148.58076,-37.06593],[148.57984,-37.0654],[148.57892,-37.06462],[148.57767,-37.06426],[148.57505,-37.06254],[148.57489,-37.06221],[148.57504,-37.06167],[148.57379,-37.06094],[148.57348,-37.06043],[148.57333,-37.05979],[148.57312,-37.05966],[148.57255,-37.05966],[148.57199,-37.05938],[148.57125,-37.05719],[148.57133,-37.05613],[148.57124,-37.0559],[148.56728,-37.05421],[148.5667,-37.0538],[148.56642,-37.05354],[148.56613,-37.05297],[148.56624,-37.05209],[148.56609,-37.05168],[148.56563,-37.05155],[148.56463,-37.05177],[148.56408,-37.05157],[148.5637,-37.05126],[148.56332,-37.0497],[148.56295,-37.04895],[148.56204,-37.04769],[148.56081,-37.04633],[148.56058,-37.04577],[148.55988,-37.04509],[148.55994,-37.04491],[148.56032,-37.04467],[148.56033,-37.04424],[148.55958,-37.04318],[148.55942,-37.04276],[148.55939,-37.04187],[148.55883,-37.04092],[148.55827,-37.04034],[148.5575,-37.03986],[148.55708,-37.03987],[148.55612,-37.04016],[148.55515,-37.03982],[148.55475,-37.03888],[148.55541,-37.03784],[148.55528,-37.03742],[148.55466,-37.03708],[148.55255,-37.03666],[148.5511,-37.03656],[148.5475,-37.03664],[148.54545,-37.03633],[148.54396,-37.03577],[148.54215,-37.0347],[148.54184,-37.03468],[148.54138,-37.03501],[148.54117,-37.03589],[148.54054,-37.03675],[148.53991,-37.03684],[148.5382,-37.03747],[148.53794,-37.03795],[148.53862,-37.0395],[148.53862,-37.0398],[148.53783,-37.04211],[148.53871,-37.04321],[148.53919,-37.04347],[148.53967,-37.04353],[148.53955,-37.04427],[148.53996,-37.04484],[148.54037,-37.04575],[148.54004,-37.04736],[148.53938,-37.04805],[148.53899,-37.04935],[148.53853,-37.04983],[148.53826,-37.0506],[148.53744,-37.05143],[148.53748,-37.05185],[148.5386,-37.05217],[148.53884,-37.0524],[148.53877,-37.05357],[148.53753,-37.05432],[148.537,-37.05506],[148.53416,-37.05544],[148.5339,-37.05613],[148.53286,-37.05737],[148.53046,-37.05791],[148.52963,-37.0583],[148.52952,-37.05858],[148.52988,-37.05895],[148.53009,-37.0595],[148.5307,-37.05991],[148.53056,-37.06011],[148.5293,-37.06004],[148.52869,-37.06043],[148.52844,-37.06033],[148.52799,-37.05974],[148.52729,-37.05948],[148.52598,-37.06003],[148.52445,-37.06093],[148.52273,-37.06165],[148.52164,-37.06174],[148.52058,-37.06162],[148.51879,-37.06166],[148.51811,-37.06199],[148.5161,-37.06391],[148.51534,-37.06491],[148.51465,-37.06655],[148.51459,-37.06719],[148.51392,-37.06756],[148.51281,-37.06748],[148.5121,-37.06692],[148.51148,-37.06706],[148.51143,-37.06691],[148.51168,-37.0663],[148.51168,-37.06501],[148.51084,-37.06378],[148.51036,-37.06341],[148.50976,-37.0632],[148.50672,-37.06322],[148.50554,-37.06259],[148.50466,-37.06275],[148.50427,-37.0633],[148.50472,-37.06546],[148.50453,-37.06589],[148.50294,-37.0674],[148.50196,-37.06784],[148.50125,-37.06793],[148.5003,-37.06839],[148.4995,-37.06838],[148.49916,-37.06852],[148.49846,-37.06926],[148.49795,-37.0701],[148.49799,-37.07092],[148.49752,-37.07099],[148.49696,-37.07136],[148.49665,-37.07238],[148.49632,-37.07288],[148.49572,-37.07335],[148.4941,-37.07412],[148.49367,-37.07474],[148.49346,-37.07535],[148.49444,-37.07635],[148.49441,-37.07654],[148.49422,-37.07655],[148.49313,-37.07607],[148.49273,-37.07609],[148.49041,-37.07825],[148.48903,-37.07931],[148.4883,-37.0793],[148.48774,-37.07912],[148.48581,-37.07765],[148.48291,-37.07617],[148.47891,-37.07475],[148.47741,-37.07467],[148.47454,-37.07526],[148.47402,-37.07519],[148.47355,-37.07485],[148.4724,-37.07496],[148.47095,-37.07449],[148.47026,-37.07442],[148.46885,-37.07458],[148.46713,-37.07527],[148.46645,-37.07532],[148.46584,-37.07511],[148.46546,-37.07481],[148.46539,-37.07446],[148.46556,-37.07342],[148.46548,-37.07319],[148.46504,-37.07313],[148.46434,-37.07332],[148.4628,-37.0743],[148.46246,-37.07469],[148.46266,-37.0748],[148.46217,-37.07511],[148.4619,-37.07558],[148.46165,-37.07671],[148.46217,-37.07831],[148.46158,-37.07921],[148.46079,-37.07969],[148.45969,-37.07989],[148.4582,-37.07916],[148.45718,-37.07924],[148.45635,-37.07844],[148.45583,-37.07813],[148.45499,-37.07804],[148.45406,-37.0784],[148.45328,-37.07901],[148.452,-37.07954],[148.45088,-37.08074],[148.45117,-37.08137],[148.45134,-37.08229],[148.45201,-37.0836],[148.4518,-37.08417],[148.45108,-37.08485],[148.45104,-37.08539],[148.45078,-37.08544],[148.45024,-37.08523],[148.44926,-37.08533],[148.44883,-37.0855],[148.44719,-37.08648],[148.44704,-37.08708],[148.4468,-37.08727],[148.44633,-37.08728],[148.44565,-37.08691],[148.44483,-37.08685],[148.44446,-37.08688],[148.44365,-37.08724],[148.44216,-37.09081],[148.44087,-37.09181],[148.43972,-37.09237],[148.43926,-37.09301],[148.43892,-37.09315],[148.43764,-37.09249],[148.43693,-37.09178],[148.43644,-37.09153],[148.43556,-37.09009],[148.43485,-37.08955],[148.4325,-37.08955],[148.4311,-37.0899],[148.43048,-37.08987],[148.42982,-37.08965],[148.42917,-37.08906],[148.42824,-37.08858],[148.42718,-37.08731],[148.42683,-37.08721],[148.42605,-37.08743],[148.42535,-37.08737],[148.42498,-37.08712],[148.42472,-37.08648],[148.42449,-37.0863],[148.42363,-37.08604],[148.42292,-37.08556],[148.42109,-37.08573],[148.42045,-37.08598],[148.41977,-37.08579],[148.41894,-37.08596],[148.41852,-37.08582],[148.41718,-37.08508],[148.41652,-37.08433],[148.41628,-37.0831],[148.41595,-37.08236],[148.41573,-37.0822],[148.41444,-37.08227],[148.41433,-37.08246],[148.41441,-37.08299],[148.41431,-37.08328],[148.41236,-37.08519],[148.41314,-37.0865],[148.41337,-37.0874],[148.4133,-37.08801],[148.41297,-37.08885],[148.4121,-37.09],[148.41128,-37.09047],[148.41035,-37.09069],[148.40993,-37.09057],[148.40956,-37.08951],[148.40935,-37.08923],[148.40834,-37.08886],[148.40745,-37.08755],[148.40634,-37.08632],[148.40616,-37.08592],[148.40525,-37.0854],[148.40477,-37.08542],[148.40464,-37.08615],[148.40425,-37.08652],[148.40258,-37.08619],[148.40178,-37.08654],[148.40104,-37.08653],[148.40046,-37.08676],[148.40004,-37.08679],[148.39912,-37.08655],[148.39812,-37.08607],[148.39722,-37.08523],[148.39678,-37.08452],[148.39584,-37.08396],[148.3954,-37.08328],[148.39524,-37.08321],[148.39425,-37.08402],[148.39315,-37.08411],[148.39313,-37.08424],[148.39363,-37.08469],[148.39378,-37.0852],[148.39369,-37.08596],[148.39337,-37.08633],[148.39303,-37.08643],[148.39213,-37.08626],[148.39122,-37.08627],[148.39122,-37.08689],[148.39088,-37.08753],[148.38961,-37.08809],[148.38926,-37.08803],[148.38831,-37.08743],[148.38751,-37.08743],[148.38691,-37.0869],[148.38597,-37.08707],[148.38505,-37.08647],[148.38453,-37.08638],[148.38446,-37.08653],[148.38475,-37.08738],[148.38462,-37.08774],[148.3851,-37.08845],[148.38525,-37.08937],[148.3858,-37.08984],[148.38613,-37.09051],[148.3851,-37.09148],[148.38463,-37.0917],[148.38446,-37.09211],[148.38309,-37.09167],[148.38208,-37.09163],[148.38144,-37.09147],[148.38084,-37.09159],[148.38076,-37.09178],[148.38157,-37.09204],[148.38156,-37.09221],[148.38015,-37.0923],[148.37943,-37.09257],[148.37908,-37.09304],[148.37833,-37.09328],[148.3786,-37.09395],[148.37864,-37.0947],[148.37815,-37.09549],[148.37707,-37.09593],[148.37649,-37.09601],[148.37582,-37.09601],[148.37373,-37.09565],[148.37255,-37.09563],[148.37194,-37.09597],[148.37174,-37.09772],[148.37156,-37.09789],[148.3714,-37.09773],[148.3714,-37.09719],[148.37115,-37.09672],[148.37108,-37.09587],[148.37189,-37.09502],[148.37202,-37.09475],[148.37191,-37.09456],[148.36985,-37.09394],[148.36722,-37.09346],[148.36704,-37.09321],[148.36716,-37.09212],[148.36684,-37.09154],[148.36638,-37.0912],[148.36576,-37.09108],[148.36541,-37.09056],[148.36541,-37.08914],[148.36531,-37.08886],[148.36418,-37.08849],[148.36325,-37.08858],[148.36254,-37.08812],[148.36234,-37.08786],[148.36234,-37.08701],[148.36143,-37.08692],[148.36045,-37.08652],[148.35949,-37.08652],[148.35945,-37.08572],[148.35893,-37.08545],[148.35839,-37.0854],[148.35815,-37.08511],[148.35758,-37.08478],[148.35782,-37.08403],[148.35914,-37.08305],[148.35906,-37.08287],[148.35828,-37.08244],[148.35828,-37.08176],[148.35895,-37.08132],[148.35997,-37.07968],[148.36068,-37.07909],[148.36128,-37.07879],[148.3613,-37.07865],[148.36086,-37.07861],[148.35979,-37.07792],[148.3594,-37.07785],[148.35567,-37.078],[148.35186,-37.07872],[148.3502,-37.078],[148.34987,-37.0776],[148.34953,-37.07683],[148.34894,-37.07658],[148.3474,-37.07672],[148.34369,-37.07737],[148.3428,-37.0773],[148.34138,-37.07751],[148.34126,-37.0777],[148.34126,-37.07825],[148.34087,-37.07879],[148.34027,-37.07892],[148.33906,-37.07884],[148.33821,-37.08071],[148.33796,-37.08075],[148.337,-37.08046],[148.33641,-37.08055],[148.33615,-37.08085],[148.33543,-37.08126],[148.33529,-37.08157],[148.33427,-37.08276],[148.3337,-37.08322],[148.33315,-37.084],[148.33186,-37.08439],[148.33158,-37.08462],[148.33092,-37.08543],[148.33066,-37.08725],[148.33002,-37.08848],[148.32924,-37.08891],[148.32846,-37.08854],[148.32742,-37.08848],[148.32719,-37.08837],[148.32708,-37.08793],[148.32716,-37.08696],[148.32708,-37.08604],[148.32725,-37.08573],[148.32774,-37.08551],[148.32807,-37.08516],[148.32836,-37.084],[148.32873,-37.08331],[148.3295,-37.0828],[148.32957,-37.08243],[148.32938,-37.08158],[148.32971,-37.08081],[148.32889,-37.08008],[148.32873,-37.07833],[148.3293,-37.07744],[148.32863,-37.07698],[148.32788,-37.07674],[148.32777,-37.07655],[148.32827,-37.07506],[148.32806,-37.07451],[148.32779,-37.0744],[148.32669,-37.07437],[148.32527,-37.07383],[148.32528,-37.07359],[148.32567,-37.07324],[148.32625,-37.07203],[148.32625,-37.07178],[148.32518,-37.07147],[148.32458,-37.07087],[148.32364,-37.07077],[148.32338,-37.07058],[148.32299,-37.06971],[148.32291,-37.06873],[148.32279,-37.06855],[148.32198,-37.06848],[148.31977,-37.06791],[148.319,-37.06685],[148.31877,-37.06634],[148.31844,-37.06453],[148.31802,-37.06301],[148.31733,-37.06183],[148.31639,-37.06106],[148.3158,-37.06096],[148.31457,-37.06139],[148.31394,-37.06193],[148.31276,-37.062],[148.31202,-37.0615],[148.31004,-37.06132],[148.30865,-37.06083],[148.30785,-37.06038],[148.30662,-37.06005],[148.30587,-37.05928],[148.30456,-37.05842],[148.30406,-37.05827],[148.30243,-37.05855],[148.29972,-37.05968],[148.2992,-37.06004],[148.29848,-37.06089],[148.29827,-37.06137],[148.2979,-37.06407],[148.29758,-37.0648],[148.2959,-37.06616],[148.29574,-37.06679],[148.29531,-37.06718],[148.29504,-37.06789],[148.29395,-37.06845],[148.29335,-37.06894],[148.2926,-37.0692],[148.2919,-37.06927],[148.29069,-37.06868],[148.28945,-37.06866],[148.28835,-37.06781],[148.28781,-37.06764],[148.28742,-37.06768],[148.28632,-37.06809],[148.28509,-37.06832],[148.28489,-37.06868],[148.28511,-37.06974],[148.28489,-37.07005],[148.28341,-37.07013],[148.28227,-37.07068],[148.28172,-37.07123],[148.28066,-37.07143],[148.28052,-37.07167],[148.28057,-37.07212],[148.28087,-37.0729],[148.28242,-37.07427],[148.28283,-37.07508],[148.28278,-37.07555],[148.28208,-37.07608],[148.28198,-37.07632],[148.28205,-37.07704],[148.28233,-37.07787],[148.28199,-37.07866],[148.28099,-37.07943],[148.28005,-37.08061],[148.27599,-37.08199],[148.27516,-37.08242],[148.2737,-37.08514],[148.27328,-37.08563],[148.26643,-37.09173],[148.26567,-37.09367],[148.26511,-37.09418],[148.25388,-37.09912],[148.25315,-37.09956],[148.25247,-37.10047],[148.25069,-37.1024],[148.25022,-37.10401],[148.25006,-37.10649],[148.2514,-37.10843],[148.2516,-37.10899],[148.25164,-37.1098],[148.25125,-37.1108],[148.24958,-37.1123],[148.24793,-37.11298],[148.24719,-37.11345],[148.246,-37.11478],[148.24567,-37.11493],[148.24502,-37.11484],[148.24398,-37.11385],[148.24267,-37.11373],[148.24228,-37.11382],[148.24216,-37.11409],[148.24224,-37.11435],[148.24449,-37.11641],[148.24468,-37.11674],[148.24462,-37.11702],[148.24439,-37.11719],[148.24337,-37.11726],[148.24105,-37.11785],[148.24021,-37.11828],[148.24007,-37.11855],[148.24034,-37.11896],[148.24055,-37.11907],[148.24154,-37.11892],[148.24241,-37.11905],[148.24298,-37.11927],[148.24384,-37.12],[148.24525,-37.12019],[148.24629,-37.12089],[148.24741,-37.12239],[148.24769,-37.12259],[148.24871,-37.12259],[148.24925,-37.12303],[148.24926,-37.12353],[148.24819,-37.12464],[148.24776,-37.12535],[148.24579,-37.12644],[148.24503,-37.12697],[148.24491,-37.12717],[148.24488,-37.12771],[148.24513,-37.12813],[148.24517,-37.12846],[148.24479,-37.12926],[148.24494,-37.12991],[148.24489,-37.13036],[148.24439,-37.13132],[148.24516,-37.13263],[148.24499,-37.13359],[148.2443,-37.13494],[148.24252,-37.13569],[148.24233,-37.13599],[148.24233,-37.13633],[148.24282,-37.1368],[148.24425,-37.13753],[148.24486,-37.13894],[148.24552,-37.13984],[148.24564,-37.14255],[148.24624,-37.14335],[148.24713,-37.1436],[148.24752,-37.14384],[148.24764,-37.14424],[148.24756,-37.14536],[148.24773,-37.1457],[148.24854,-37.14614],[148.24937,-37.14593],[148.24998,-37.14604],[148.25017,-37.14619],[148.25045,-37.14685],[148.25113,-37.14752],[148.25188,-37.14879],[148.25473,-37.15105],[148.25553,-37.152],[148.25888,-37.1584],[148.25972,-37.16343],[148.26019,-37.16474],[148.26292,-37.16794],[148.26343,-37.16893],[148.26394,-37.17034],[148.26449,-37.17123],[148.26645,-37.17311],[148.26789,-37.17489],[148.26831,-37.17589],[148.2689,-37.17818],[148.26934,-37.18149],[148.26942,-37.18385],[148.26893,-37.18676],[148.26937,-37.19308],[148.26925,-37.19744],[148.26897,-37.19918],[148.26954,-37.20289],[148.26908,-37.20529],[148.26909,-37.20581],[148.26972,-37.21044],[148.26947,-37.21129],[148.26836,-37.21309],[148.26817,-37.21479],[148.26797,-37.21538],[148.26674,-37.21721],[148.26604,-37.22019],[148.26555,-37.22093],[148.26359,-37.2229],[148.2634,-37.22322],[148.26371,-37.22428],[148.26373,-37.22541],[148.2633,-37.22736],[148.26318,-37.22916],[148.26295,-37.22981],[148.26313,-37.22993],[148.26317,-37.23013],[148.26308,-37.23066],[148.26344,-37.23129],[148.26279,-37.23159],[148.26227,-37.23222],[148.26217,-37.23246],[148.26241,-37.23335],[148.26335,-37.2343],[148.26414,-37.23479],[148.26467,-37.2348],[148.26585,-37.23434],[148.26795,-37.23438],[148.26913,-37.23452],[148.26964,-37.23439],[148.26975,-37.23406],[148.26913,-37.23298],[148.26903,-37.23233],[148.26926,-37.23189],[148.26969,-37.23146],[148.27015,-37.23124],[148.27051,-37.23125],[148.27218,-37.232],[148.27623,-37.23203],[148.27791,-37.23253],[148.27957,-37.23329],[148.28113,-37.2333],[148.28288,-37.23357],[148.28456,-37.23399],[148.28575,-37.234],[148.28668,-37.23443],[148.28715,-37.23439],[148.28772,-37.23412],[148.28831,-37.23288],[148.28823,-37.2324],[148.28803,-37.23187],[148.28717,-37.23117],[148.28728,-37.23016],[148.28687,-37.22941],[148.28698,-37.22897],[148.28758,-37.22827],[148.28819,-37.22677],[148.28827,-37.22628],[148.28748,-37.22546],[148.28726,-37.22473],[148.28695,-37.22441],[148.28565,-37.22413],[148.28472,-37.22375],[148.28393,-37.22331],[148.28328,-37.22273],[148.28239,-37.22216],[148.28213,-37.22192],[148.28175,-37.22071]]]},"properties":{"n":"Far East Gippsland Backroad Tour - The Mighty Snowy","k":"drive","g":["4WD · 294 km return · 4+ hrs · Easy (Green Circle)"],"d":"This drive is suitable for novice drivers in all-wheel drive and high range 4WDs. Although graded as “Easy – AWD & 4WD”, conditions will deteriorate considerably in wet weather This full day tour has camping, picnicking and walking track options scattered throughout. From Orbost, head out to the Princess Highway, turning right. Cross the Snowy River and turn left to go under the bridge onto Buchan-Orbost Road with views of the historic old rail trestle bridge on your left. Continue on Buchan-Orbost Road and follow signs toward Buchan. There is an optional side trip for 4WDs off the Buchan-Orbost Road down Sandy Point Track to Sandy Point (Grade – Difficult). Otherwise continue north along…","a":"Starting from Orbost’s main street Nicholson Street, head south towards Princes Highway to start the tour. Sections on the route are unsuitable for caravans due to roads being narrow and steep.","b":[148.21418,-37.72472,148.75749,-37.03468]}},{"type":"Feature","geometry":{"type":"MultiLineString","coordinates":[[[148.49904,-37.63943],[148.49897,-37.63821],[148.49921,-37.63751],[148.4996,-37.63715],[148.50126,-37.63627],[148.50258,-37.63432],[148.50257,-37.63294],[148.50197,-37.63205],[148.50267,-37.63193],[148.50374,-37.63091],[148.50441,-37.62976],[148.50557,-37.62899],[148.50609,-37.62723],[148.50595,-37.62683],[148.50542,-37.6263],[148.50534,-37.62601],[148.50584,-37.62557],[148.50669,-37.62545],[148.50716,-37.62497],[148.50739,-37.62416],[148.50715,-37.62354],[148.50722,-37.62325],[148.50763,-37.62304],[148.51022,-37.62251],[148.51094,-37.62218],[148.51254,-37.62008],[148.51264,-37.61923],[148.5119,-37.61607],[148.51271,-37.61329],[148.51239,-37.61227],[148.51282,-37.61156],[148.51372,-37.61069],[148.51395,-37.60892],[148.51524,-37.60797],[148.51672,-37.60764],[148.52008,-37.60619],[148.52179,-37.60618],[148.52213,-37.60603],[148.52369,-37.60379],[148.52552,-37.60212],[148.52659,-37.60148],[148.52697,-37.60037],[148.52791,-37.59961],[148.52793,-37.59931],[148.52756,-37.59841],[148.52787,-37.5969],[148.52936,-37.59429],[148.52959,-37.59257],[148.52934,-37.59148],[148.52854,-37.59059],[148.52755,-37.58997],[148.52751,-37.58961],[148.52774,-37.5894],[148.52881,-37.58916],[148.53155,-37.58765],[148.53224,-37.58703],[148.53232,-37.58655],[148.53257,-37.58626],[148.53297,-37.58626],[148.53392,-37.58667],[148.53467,-37.58664],[148.53524,-37.58639],[148.53591,-37.58564],[148.5359,-37.58534],[148.53554,-37.58474],[148.53573,-37.5844],[148.53718,-37.58434],[148.53808,-37.58392],[148.5384,-37.58361],[148.53835,-37.58322],[148.53755,-37.58261],[148.53748,-37.58233],[148.53762,-37.58205],[148.53994,-37.58105],[148.54084,-37.58024],[148.54345,-37.5785],[148.54482,-37.57779],[148.54514,-37.57751],[148.54557,-37.57674],[148.54651,-37.57601],[148.5478,-37.57523],[148.54869,-37.57441],[148.54899,-37.57377],[148.54898,-37.57338],[148.54849,-37.57221],[148.54846,-37.57177],[148.54863,-37.57132],[148.54959,-37.57032],[148.54977,-37.56972],[148.54963,-37.56939],[148.54891,-37.56862],[148.549,-37.56797],[148.54892,-37.56766],[148.54743,-37.56639],[148.5474,-37.56611],[148.54755,-37.56583],[148.54819,-37.56564],[148.5494,-37.56615],[148.54996,-37.56621],[148.55066,-37.56593],[148.55176,-37.56512],[148.5532,-37.56489],[148.55378,-37.56462],[148.555,-37.56482],[148.55651,-37.56444],[148.55733,-37.56496],[148.55781,-37.56512],[148.55829,-37.56507],[148.55874,-37.56485],[148.559,-37.56452],[148.55905,-37.56421],[148.55869,-37.56342],[148.55813,-37.5629],[148.55639,-37.56183],[148.5552,-37.56016],[148.55489,-37.55935],[148.55491,-37.55898],[148.55523,-37.55855],[148.55591,-37.558],[148.55765,-37.55723],[148.55862,-37.55701],[148.55898,-37.55678],[148.55951,-37.55609],[148.56096,-37.55583],[148.56196,-37.55534],[148.56216,-37.5551],[148.56215,-37.55464],[148.56193,-37.55437],[148.56016,-37.55406],[148.55994,-37.55391],[148.55972,-37.55302],[148.55862,-37.55257],[148.55827,-37.55174],[148.55794,-37.55144],[148.55559,-37.55126],[148.55452,-37.55152],[148.55399,-37.55149],[148.55383,-37.55117],[148.55448,-37.55055],[148.55473,-37.54996],[148.55485,-37.54896],[148.5555,-37.54794],[148.55547,-37.54763],[148.5547,-37.54658],[148.5542,-37.54629],[148.55378,-37.54626],[148.55324,-37.54637],[148.55201,-37.54711],[148.55072,-37.54688],[148.54963,-37.54694],[148.54944,-37.54671],[148.54986,-37.54605],[148.54968,-37.54551],[148.54835,-37.54458],[148.54725,-37.54399],[148.54688,-37.54301],[148.54598,-37.54235],[148.5448,-37.54196],[148.54425,-37.54194],[148.54298,-37.54275],[148.54185,-37.54238],[148.54105,-37.54242],[148.53887,-37.54317],[148.53776,-37.5428],[148.53743,-37.54283],[148.53565,-37.544],[148.5351,-37.54398],[148.53468,-37.5436],[148.53452,-37.54319],[148.53447,-37.54226],[148.53416,-37.54155],[148.53418,-37.54114],[148.53496,-37.53905],[148.53678,-37.53735],[148.53691,-37.537],[148.53689,-37.53654],[148.53641,-37.53576],[148.53602,-37.53554],[148.53346,-37.5359],[148.53304,-37.53582],[148.53279,-37.53558],[148.53277,-37.53516],[148.53306,-37.53438],[148.53397,-37.53311],[148.534,-37.53277],[148.53348,-37.53212],[148.53158,-37.53117],[148.53097,-37.53066],[148.53052,-37.52973],[148.53027,-37.52848],[148.5293,-37.52725],[148.52941,-37.52575],[148.53048,-37.52449],[148.53166,-37.52445],[148.53206,-37.52425],[148.53222,-37.52385],[148.53226,-37.52267],[148.53249,-37.52235],[148.53323,-37.52199],[148.53436,-37.52157],[148.53674,-37.52106],[148.53731,-37.52069],[148.53789,-37.52051],[148.53846,-37.51999],[148.53902,-37.51978],[148.53956,-37.5197],[148.5432,-37.52011],[148.54561,-37.51938],[148.54573,-37.51902],[148.5456,-37.51833],[148.54416,-37.51722],[148.54388,-37.51676],[148.54389,-37.5162],[148.54537,-37.51507],[148.54644,-37.51528],[148.54726,-37.5152],[148.54785,-37.51497],[148.54834,-37.51455],[148.54846,-37.51394],[148.54821,-37.51301],[148.54813,-37.51207],[148.54795,-37.5118],[148.54767,-37.51176],[148.54694,-37.51228],[148.54629,-37.51244],[148.54545,-37.51251],[148.54445,-37.51232],[148.5441,-37.51197],[148.54394,-37.51136],[148.54399,-37.51077],[148.54418,-37.51037],[148.54412,-37.51002],[148.54273,-37.51014],[148.54058,-37.50896],[148.5385,-37.50826],[148.53686,-37.50704],[148.53665,-37.50651],[148.53501,-37.50505],[148.53495,-37.50477],[148.53603,-37.50424],[148.53694,-37.50407],[148.53765,-37.50415],[148.53973,-37.5048],[148.54074,-37.50483],[148.54165,-37.50435],[148.54236,-37.50328],[148.54325,-37.50282],[148.54346,-37.5022],[148.54365,-37.50209],[148.54435,-37.50242],[148.5454,-37.50234],[148.54652,-37.50268],[148.54725,-37.50232],[148.54788,-37.50239],[148.54826,-37.50213],[148.54965,-37.50179],[148.55054,-37.5019],[148.55079,-37.5018],[148.55084,-37.50162],[148.55058,-37.50093],[148.55055,-37.50034],[148.55077,-37.49994],[148.55181,-37.49883],[148.55178,-37.49761],[148.55243,-37.49728],[148.55298,-37.49656],[148.55435,-37.49568],[148.55498,-37.49531],[148.55573,-37.49513],[148.55611,-37.49489],[148.5561,-37.49454],[148.55562,-37.49394],[148.55546,-37.49341],[148.55555,-37.49275],[148.55548,-37.49227],[148.55589,-37.49166],[148.55586,-37.49139],[148.55527,-37.49069],[148.55447,-37.49011],[148.55402,-37.48872],[148.55301,-37.48761],[148.55294,-37.48721],[148.55312,-37.48671],[148.55392,-37.4856],[148.55379,-37.48395],[148.5546,-37.48318],[148.55481,-37.48262],[148.55537,-37.48239],[148.55598,-37.48244],[148.55696,-37.48134],[148.55695,-37.48095],[148.55645,-37.48038],[148.55619,-37.47984],[148.55622,-37.47942],[148.55666,-37.47878],[148.5563,-37.47744],[148.55631,-37.47692],[148.55682,-37.47592],[148.55782,-37.47467],[148.55769,-37.4729],[148.55856,-37.47167],[148.55885,-37.47075],[148.55936,-37.47042],[148.55936,-37.46949],[148.56063,-37.46914],[148.56096,-37.46867],[148.56111,-37.46778],[148.56149,-37.46682],[148.56173,-37.46664],[148.56239,-37.46654],[148.56278,-37.46624],[148.56436,-37.46427],[148.56476,-37.46341],[148.56719,-37.46146],[148.56769,-37.46029],[148.56992,-37.45823],[148.57083,-37.45751],[148.57304,-37.45636],[148.57379,-37.45584],[148.57464,-37.45575],[148.57514,-37.45532],[148.57563,-37.45522],[148.57585,-37.45503],[148.57597,-37.45456],[148.57656,-37.45441],[148.57675,-37.45341],[148.57779,-37.4527],[148.57814,-37.4523],[148.57849,-37.45105],[148.57849,-37.4505],[148.57941,-37.44987],[148.58011,-37.44869],[148.5817,-37.44796],[148.58207,-37.44699],[148.58267,-37.44624],[148.58305,-37.44546],[148.58402,-37.44492],[148.58474,-37.4442],[148.58575,-37.44381],[148.58698,-37.44296],[148.5886,-37.44208],[148.59024,-37.44184],[148.59072,-37.44104],[148.5905,-37.44069],[148.5899,-37.44026],[148.58991,-37.43995],[148.59194,-37.438],[148.59303,-37.43731],[148.59326,-37.4369],[148.59327,-37.43647],[148.59411,-37.43621],[148.59461,-37.4357],[148.59571,-37.43524],[148.596,-37.43463],[148.59609,-37.43393],[148.59651,-37.43364],[148.59759,-37.43342],[148.59826,-37.43291],[148.59834,-37.43229],[148.59813,-37.43183],[148.59852,-37.43116],[148.59821,-37.43051],[148.59853,-37.42983],[148.59879,-37.42971],[148.59963,-37.42991],[148.60003,-37.42979],[148.60033,-37.42913],[148.60115,-37.42887],[148.60201,-37.42815],[148.60288,-37.42764],[148.6026,-37.42599],[148.60222,-37.42551],[148.60207,-37.42501],[148.60233,-37.42461],[148.60224,-37.42374],[148.60277,-37.42247],[148.60275,-37.42109],[148.60345,-37.42003],[148.60312,-37.4189],[148.60298,-37.41658],[148.60264,-37.4161],[148.60229,-37.41598],[148.60206,-37.41568],[148.60181,-37.41421],[148.60162,-37.41391],[148.60139,-37.41378],[148.60038,-37.41364],[148.59982,-37.41326],[148.5991,-37.41303],[148.59718,-37.41163],[148.59545,-37.41105],[148.59445,-37.41031],[148.59399,-37.41018],[148.59373,-37.4099],[148.59344,-37.40886],[148.59372,-37.4083],[148.59362,-37.4079],[148.59343,-37.40761],[148.5927,-37.40729],[148.59267,-37.40711],[148.59288,-37.40645],[148.59273,-37.40557],[148.59302,-37.40479],[148.59282,-37.40333],[148.59268,-37.40296],[148.59152,-37.40138],[148.59141,-37.4008],[148.59143,-37.40038],[148.5924,-37.39871],[148.593,-37.397],[148.59349,-37.39634],[148.59454,-37.39551],[148.59516,-37.39448],[148.59538,-37.39379],[148.59708,-37.39144],[148.59723,-37.39042],[148.5977,-37.38939],[148.59832,-37.38889],[148.59862,-37.38821],[148.59973,-37.38735],[148.60154,-37.38661],[148.60217,-37.38659],[148.60327,-37.38686],[148.60489,-37.38779],[148.6064,-37.38839],[148.60705,-37.38836],[148.60772,-37.38813],[148.60791,-37.38782],[148.60798,-37.38713],[148.60863,-37.38659],[148.60902,-37.38653],[148.60925,-37.38659],[148.6097,-37.38718],[148.61029,-37.38746],[148.61315,-37.38736],[148.61555,-37.38709],[148.6163,-37.3871],[148.61729,-37.38736],[148.61756,-37.38715],[148.61725,-37.3864],[148.61738,-37.38554],[148.618,-37.38457],[148.61814,-37.38445],[148.61874,-37.38441],[148.62015,-37.38481],[148.62074,-37.38528],[148.62173,-37.3864],[148.62264,-37.38714],[148.62399,-37.38705],[148.62483,-37.38597],[148.62521,-37.38514],[148.62493,-37.38395],[148.62464,-37.38348],[148.6247,-37.38174],[148.62454,-37.38136],[148.62402,-37.38079],[148.62395,-37.38047],[148.62432,-37.37913],[148.62409,-37.37835],[148.62464,-37.37736],[148.62461,-37.37644],[148.62484,-37.37502],[148.62495,-37.37477],[148.62628,-37.3741],[148.62801,-37.37242],[148.6284,-37.37042],[148.62912,-37.36898],[148.63025,-37.36766],[148.63055,-37.36692],[148.63067,-37.36645],[148.63071,-37.3648],[148.63036,-37.36325],[148.62978,-37.36256],[148.62941,-37.36191],[148.62911,-37.36188],[148.6289,-37.36221],[148.62852,-37.36224],[148.62761,-37.36138],[148.62715,-37.36057],[148.62524,-37.36064],[148.62456,-37.36117],[148.62459,-37.36189],[148.62382,-37.36225],[148.62342,-37.36223],[148.62322,-37.36194],[148.62312,-37.36124],[148.62283,-37.36066],[148.62303,-37.36048],[148.62417,-37.36016],[148.62516,-37.35869],[148.62632,-37.35775],[148.62813,-37.35692],[148.62907,-37.35591],[148.62932,-37.35538],[148.6288,-37.35437],[148.62865,-37.35356],[148.6287,-37.35336],[148.62955,-37.35239],[148.63029,-37.35097],[148.63154,-37.35046],[148.63377,-37.35011],[148.63448,-37.3498],[148.63551,-37.34763],[148.63578,-37.34603],[148.63554,-37.34527],[148.63428,-37.34378],[148.63448,-37.34345],[148.635,-37.34319],[148.63586,-37.34317],[148.63648,-37.34299],[148.63782,-37.34245],[148.64014,-37.34222],[148.64141,-37.34171],[148.6426,-37.3407],[148.64319,-37.33932],[148.64506,-37.33814],[148.64565,-37.33757],[148.64614,-37.33484],[148.64608,-37.33444],[148.64655,-37.33335],[148.64723,-37.33275],[148.64839,-37.33229],[148.64992,-37.33141],[148.65148,-37.33138],[148.65227,-37.3312],[148.65284,-37.33073],[148.653,-37.33025],[148.65294,-37.32988],[148.6541,-37.32843],[148.65362,-37.32723],[148.65362,-37.32654],[148.65349,-37.32627],[148.65264,-37.32569],[148.65126,-37.32561],[148.65078,-37.3254],[148.65042,-37.32505],[148.65087,-37.32387],[148.65097,-37.32294],[148.65113,-37.32259],[148.65118,-37.32131],[148.65136,-37.32075],[148.65167,-37.32032],[148.65298,-37.31958],[148.65358,-37.319],[148.653,-37.31745],[148.65329,-37.31668],[148.65335,-37.31587],[148.65298,-37.31467],[148.65291,-37.3132],[148.65247,-37.31271],[148.65164,-37.31238],[148.65103,-37.31198],[148.6495,-37.31172],[148.64872,-37.31134],[148.64697,-37.30955],[148.64458,-37.30893],[148.64415,-37.30868],[148.64405,-37.30853],[148.64411,-37.30785],[148.64315,-37.3065],[148.64278,-37.30555],[148.64244,-37.30537],[148.64223,-37.30506],[148.64218,-37.30404],[148.64138,-37.30282],[148.64142,-37.30206],[148.6416,-37.30157],[148.64251,-37.30018],[148.64306,-37.30002],[148.64435,-37.29998],[148.64514,-37.29951],[148.6453,-37.299],[148.64533,-37.2981],[148.64611,-37.29669],[148.64517,-37.29533],[148.645,-37.29465],[148.64358,-37.29287],[148.64332,-37.29219],[148.64246,-37.29139],[148.64201,-37.29062],[148.64146,-37.29001],[148.64149,-37.28935],[148.64209,-37.28847],[148.64209,-37.2883],[148.64121,-37.28696],[148.64157,-37.28603],[148.64214,-37.28538],[148.64225,-37.28505],[148.64212,-37.28484],[148.64218,-37.28422],[148.64317,-37.28268],[148.64315,-37.28233],[148.64285,-37.28173],[148.64287,-37.28137],[148.6435,-37.28065],[148.64337,-37.28015],[148.6427,-37.27929],[148.64241,-37.27918],[148.64203,-37.27926],[148.64147,-37.27986],[148.63941,-37.28034],[148.63899,-37.28018],[148.63834,-37.2796],[148.63714,-37.27999],[148.63449,-37.28009],[148.63323,-37.27994],[148.63161,-37.27944],[148.63023,-37.27952],[148.62956,-37.27921],[148.62929,-37.2787],[148.62925,-37.27848],[148.62953,-37.27758],[148.62941,-37.27734],[148.62909,-37.27731],[148.62788,-37.27773],[148.62656,-37.27853],[148.62591,-37.27868],[148.6257,-37.27859],[148.62537,-37.27835],[148.62511,-37.27783],[148.62493,-37.27644],[148.62503,-37.27521],[148.62524,-37.27489],[148.62534,-37.27417],[148.62581,-37.2731],[148.62586,-37.27265],[148.62568,-37.27253],[148.6251,-37.27253],[148.62322,-37.27299],[148.62283,-37.27301],[148.62238,-37.27285],[148.62179,-37.27211],[148.62179,-37.27072],[148.62054,-37.26987],[148.62038,-37.26965],[148.61987,-37.26772],[148.61898,-37.26714],[148.61872,-37.26636],[148.61799,-37.26566],[148.61835,-37.26534],[148.61912,-37.26531],[148.61964,-37.26513],[148.61994,-37.26471],[148.62022,-37.26394],[148.62125,-37.26272],[148.62279,-37.26262],[148.62358,-37.26234],[148.62418,-37.26159],[148.62424,-37.26099],[148.62398,-37.26029],[148.62413,-37.2601],[148.62473,-37.25997],[148.62657,-37.25919],[148.62894,-37.25805],[148.62977,-37.25712],[148.6301,-37.2562],[148.63036,-37.25484],[148.63138,-37.25236],[148.63143,-37.25163],[148.63128,-37.25099],[148.63127,-37.24998],[148.63174,-37.24881],[148.63138,-37.24808],[148.63323,-37.24709],[148.63374,-37.24642],[148.63502,-37.2452],[148.63517,-37.24433],[148.63501,-37.24281],[148.6352,-37.24212],[148.63546,-37.24171],[148.63588,-37.24158],[148.63654,-37.24093],[148.63656,-37.24051],[148.63699,-37.24002],[148.63719,-37.23953],[148.63726,-37.23827],[148.63662,-37.23785],[148.6359,-37.23764],[148.63523,-37.23727],[148.63385,-37.23571],[148.63204,-37.23494],[148.63109,-37.2343],[148.63042,-37.23362],[148.63019,-37.23321],[148.63011,-37.23279],[148.63023,-37.23218],[148.62998,-37.23154],[148.62895,-37.23099],[148.62758,-37.23087],[148.62399,-37.23093],[148.62314,-37.23121],[148.62248,-37.23182],[148.62149,-37.23212],[148.61897,-37.23147],[148.61691,-37.23139],[148.61614,-37.23154],[148.61513,-37.23146],[148.61389,-37.23064],[148.61321,-37.23067],[148.61267,-37.23086],[148.61225,-37.2308],[148.61202,-37.23043],[148.61207,-37.22942],[148.61232,-37.2285],[148.61295,-37.22759],[148.613,-37.22733],[148.61284,-37.22663],[148.61221,-37.22608],[148.61106,-37.22597],[148.60908,-37.22679],[148.60715,-37.22711],[148.60672,-37.22707],[148.60673,-37.22667],[148.6062,-37.226],[148.60422,-37.22531],[148.60331,-37.22469],[148.60265,-37.22391],[148.60249,-37.22331],[148.6022,-37.22306],[148.6019,-37.22299],[148.60016,-37.22322],[148.59854,-37.22306],[148.59768,-37.22262],[148.59741,-37.22216],[148.59695,-37.22184],[148.59646,-37.22121],[148.59649,-37.22081],[148.59417,-37.22064],[148.59323,-37.22023],[148.59271,-37.22071],[148.59102,-37.22178],[148.5892,-37.22255],[148.58799,-37.22295],[148.58477,-37.22358],[148.58394,-37.22404],[148.58302,-37.22499],[148.5827,-37.22568],[148.5827,-37.22646],[148.58306,-37.22648],[148.58327,-37.22667],[148.58201,-37.22771],[148.58188,-37.22844],[148.58155,-37.22909],[148.58152,-37.22965],[148.58165,-37.22987],[148.58226,-37.23031],[148.582,-37.23113],[148.58127,-37.23213],[148.58133,-37.23245],[148.58239,-37.2333],[148.58704,-37.23469],[148.58716,-37.23503],[148.58697,-37.23547],[148.58679,-37.23688],[148.58632,-37.23779],[148.58532,-37.23816],[148.58477,-37.23862],[148.58395,-37.24049],[148.58356,-37.241],[148.58237,-37.24187],[148.58129,-37.24246],[148.58099,-37.2428],[148.5807,-37.24347],[148.57976,-37.24428],[148.57981,-37.24491],[148.5812,-37.24513],[148.5816,-37.2456],[148.58157,-37.24605],[148.58122,-37.24655],[148.58091,-37.24688],[148.58055,-37.24696],[148.58014,-37.24738],[148.57972,-37.24759],[148.57862,-37.24757],[148.57766,-37.24801],[148.57563,-37.24948],[148.57522,-37.24996],[148.57508,-37.25053],[148.57552,-37.25163],[148.57542,-37.25212],[148.57512,-37.25234],[148.57422,-37.25251],[148.57278,-37.25192],[148.57215,-37.25181],[148.5709,-37.25261],[148.57049,-37.2527],[148.56738,-37.25096],[148.56581,-37.25106],[148.56468,-37.25097],[148.56342,-37.25043],[148.56299,-37.25038],[148.56132,-37.25049],[148.55965,-37.25115],[148.5594,-37.25114],[148.55814,-37.25049],[148.55761,-37.25048],[148.55676,-37.25073],[148.55615,-37.25116],[148.555,-37.25133],[148.55441,-37.25182],[148.55235,-37.2525],[148.55183,-37.25244],[148.55091,-37.25189],[148.55026,-37.25195],[148.54817,-37.25422],[148.54744,-37.25534],[148.54727,-37.25582],[148.54733,-37.25643],[148.54753,-37.25673],[148.54878,-37.2578],[148.54891,-37.25811],[148.54897,-37.25986],[148.5491,-37.26049],[148.54974,-37.26117],[148.54967,-37.26151],[148.54888,-37.26198],[148.54894,-37.2623],[148.54925,-37.26277],[148.54932,-37.264],[148.54954,-37.26443],[148.55007,-37.26487],[148.55063,-37.26513],[148.55106,-37.26518],[148.55213,-37.26499],[148.55341,-37.26493],[148.55363,-37.26503],[148.55381,-37.26535],[148.55365,-37.26593],[148.553,-37.26647],[148.55137,-37.2669],[148.55021,-37.26685],[148.54982,-37.26716],[148.54952,-37.26795],[148.54949,-37.26823],[148.54997,-37.26914],[148.55013,-37.27083],[148.55004,-37.272],[148.55019,-37.27279],[148.55066,-37.2742],[148.55113,-37.2748],[148.55207,-37.27536],[148.55407,-37.27545],[148.55505,-37.27637],[148.55601,-37.27694],[148.55677,-37.27805],[148.55733,-37.27827],[148.55827,-37.27807],[148.56072,-37.2769],[148.56167,-37.27658],[148.56262,-37.27655],[148.56348,-37.27695],[148.56424,-37.27699],[148.56618,-37.27665],[148.56722,-37.27663],[148.56824,-37.27612],[148.5688,-37.27611],[148.57125,-37.27672],[148.57192,-37.27708],[148.57235,-37.27753],[148.57259,-37.27817],[148.57255,-37.27913],[148.5721,-37.28027],[148.57202,-37.28103],[148.57164,-37.28167],[148.57027,-37.28261],[148.5701,-37.28299],[148.57015,-37.28343],[148.56997,-37.28431],[148.57061,-37.28499],[148.57138,-37.28558],[148.57282,-37.28719],[148.57332,-37.28792],[148.57347,-37.28846],[148.57287,-37.28939],[148.57277,-37.29004],[148.57328,-37.29091],[148.57391,-37.29142],[148.57692,-37.2918],[148.57723,-37.29189],[148.57741,-37.29211],[148.57715,-37.29308],[148.57692,-37.29341],[148.57655,-37.29387],[148.57548,-37.29467],[148.57449,-37.29598],[148.5745,-37.29725],[148.57184,-37.2989],[148.57102,-37.29964],[148.57124,-37.29998],[148.57267,-37.30032],[148.57301,-37.30066],[148.57311,-37.30126],[148.57278,-37.30182],[148.57271,-37.30285],[148.57301,-37.30316],[148.57371,-37.30347],[148.5757,-37.30324],[148.57671,-37.30341],[148.57651,-37.30412],[148.57601,-37.30493],[148.57514,-37.30561],[148.57452,-37.30629],[148.57391,-37.30669],[148.57337,-37.30687],[148.57227,-37.30795],[148.57145,-37.3081],[148.57072,-37.3088],[148.56936,-37.30939],[148.56857,-37.30944],[148.56796,-37.30977],[148.56774,-37.30998],[148.56795,-37.31048],[148.56786,-37.31089],[148.56735,-37.31136],[148.56636,-37.31186],[148.56467,-37.31207],[148.56419,-37.31227],[148.56305,-37.31317],[148.56142,-37.31338],[148.56062,-37.3141],[148.55964,-37.31566],[148.55929,-37.31596],[148.55811,-37.31664],[148.5568,-37.31704],[148.55555,-37.31803],[148.55371,-37.31862],[148.55263,-37.32003],[148.55205,-37.32028],[148.55074,-37.32044],[148.55058,-37.32069],[148.55061,-37.32122],[148.55043,-37.32156],[148.54986,-37.32204],[148.54907,-37.32335],[148.547,-37.32369],[148.54574,-37.32478],[148.54505,-37.32499],[148.54323,-37.32471],[148.54275,-37.32481],[148.5425,-37.32498],[148.54215,-37.32572],[148.54183,-37.32606],[148.53989,-37.32636],[148.53878,-37.3269],[148.53831,-37.32695],[148.53768,-37.32681],[148.53633,-37.32627],[148.53521,-37.32628],[148.53278,-37.32571],[148.53009,-37.32527],[148.52906,-37.32467],[148.52886,-37.32467],[148.52745,-37.32535],[148.52726,-37.32617],[148.52708,-37.32628],[148.52487,-37.32617],[148.52372,-37.32636],[148.52269,-37.32626],[148.52139,-37.32707],[148.51917,-37.32687],[148.51778,-37.32792],[148.51678,-37.32896],[148.51654,-37.32939],[148.51629,-37.32951],[148.51408,-37.32844],[148.51047,-37.32842],[148.50877,-37.32811],[148.50747,-37.32747],[148.50685,-37.32677],[148.50611,-37.32679],[148.50414,-37.32713],[148.5041,-37.32728],[148.50362,-37.32751],[148.50379,-37.32776],[148.50447,-37.32799],[148.50478,-37.32826],[148.50513,-37.32911],[148.50485,-37.33019],[148.50502,-37.33069],[148.50501,-37.33126],[148.50462,-37.33165],[148.50395,-37.33184],[148.50268,-37.33185],[148.50182,-37.33091],[148.50126,-37.33073],[148.50063,-37.3308],[148.49877,-37.33195],[148.49696,-37.33223],[148.49574,-37.3327],[148.49404,-37.33285],[148.49223,-37.33393],[148.49115,-37.33401],[148.48995,-37.33376],[148.48923,-37.33384],[148.48894,-37.33401],[148.48854,-37.33515],[148.4879,-37.33552],[148.48687,-37.33555],[148.48566,-37.33603],[148.48347,-37.33613],[148.48306,-37.33612],[148.48249,-37.33571],[148.4818,-37.33356],[148.48123,-37.3333],[148.48053,-37.33319],[148.47955,-37.33266],[148.47867,-37.33244],[148.47706,-37.33154],[148.47646,-37.33095],[148.47585,-37.33009],[148.47515,-37.32947],[148.47484,-37.3284],[148.47362,-37.32732],[148.47319,-37.32725],[148.47215,-37.32806],[148.47141,-37.32833],[148.47022,-37.32855],[148.46882,-37.32847],[148.46821,-37.32872],[148.46674,-37.32889],[148.46525,-37.32953],[148.46405,-37.33086],[148.46321,-37.33241],[148.46254,-37.33395],[148.46214,-37.33557],[148.46167,-37.33561],[148.46112,-37.33491],[148.46061,-37.33475],[148.45702,-37.33477],[148.45662,-37.33501],[148.45665,-37.33542],[148.45679,-37.33563],[148.45792,-37.33659],[148.45856,-37.33768],[148.45847,-37.33828],[148.4577,-37.34013],[148.45739,-37.34123],[148.4573,-37.34181],[148.4575,-37.34295],[148.45805,-37.34411],[148.4584,-37.34449],[148.45897,-37.34476],[148.45988,-37.34496],[148.46002,-37.34531],[148.45956,-37.34658],[148.45827,-37.34823],[148.45782,-37.34918],[148.45629,-37.35138],[148.45604,-37.35287],[148.45524,-37.35357],[148.4547,-37.35431],[148.45393,-37.35821],[148.45357,-37.35887],[148.45222,-37.36056],[148.45166,-37.36185],[148.45151,-37.36295],[148.4524,-37.36396],[148.45221,-37.36435],[148.45181,-37.36467],[148.45162,-37.36676],[148.45177,-37.36686],[148.45231,-37.36671],[148.45306,-37.36675],[148.45352,-37.36704],[148.45347,-37.36773],[148.45317,-37.36874],[148.4536,-37.36944],[148.45343,-37.36981],[148.45272,-37.37013],[148.45225,-37.37131],[148.45246,-37.37179],[148.45322,-37.37276],[148.45329,-37.37324],[148.45316,-37.374],[148.45343,-37.37463],[148.45351,-37.3755],[148.45429,-37.37689],[148.45528,-37.37722],[148.45555,-37.37798],[148.45675,-37.37862],[148.4567,-37.37878],[148.45606,-37.37907],[148.45556,-37.37954],[148.45599,-37.38148],[148.45566,-37.38184],[148.45481,-37.3818],[148.4545,-37.38195],[148.45385,-37.38405],[148.45354,-37.38408],[148.45246,-37.38348],[148.45116,-37.3842],[148.45075,-37.3842],[148.4501,-37.38397],[148.44979,-37.38416],[148.44864,-37.38542],[148.44829,-37.38626],[148.44819,-37.38777],[148.44795,-37.38805],[148.44503,-37.38906],[148.44361,-37.38985],[148.4427,-37.39006],[148.44231,-37.39035],[148.44226,-37.39115],[148.44212,-37.39139],[148.44033,-37.39189],[148.4403,-37.39216],[148.44065,-37.39285],[148.4414,-37.3933],[148.44202,-37.39422],[148.44294,-37.39508],[148.44452,-37.39556],[148.44499,-37.39584],[148.4449,-37.39628],[148.44386,-37.39742],[148.44321,-37.39792],[148.44256,-37.39893],[148.4426,-37.39943],[148.44327,-37.40041],[148.44297,-37.40063],[148.44223,-37.40071],[148.44129,-37.40129],[148.44076,-37.40205],[148.43874,-37.40361],[148.43861,-37.40429],[148.43753,-37.40437],[148.43648,-37.40486],[148.43632,-37.40528],[148.43646,-37.40563],[148.43796,-37.40665],[148.43761,-37.40731],[148.43732,-37.40748],[148.43669,-37.40696],[148.43569,-37.40696],[148.4351,-37.40738],[148.43501,-37.40837],[148.4348,-37.40871],[148.43406,-37.40884],[148.43345,-37.40912],[148.43252,-37.4089],[148.43222,-37.40895],[148.43192,-37.40924],[148.43179,-37.40962],[148.43207,-37.41021],[148.43204,-37.41041],[148.43113,-37.41155],[148.43126,-37.41179],[148.43255,-37.41227],[148.43277,-37.41262],[148.43268,-37.41285],[148.43142,-37.41351],[148.43119,-37.41393],[148.43125,-37.41453],[148.43219,-37.41509],[148.43276,-37.41585],[148.43314,-37.41614],[148.43421,-37.41626],[148.43556,-37.4169],[148.43641,-37.41663],[148.43677,-37.41684],[148.43695,-37.41723],[148.43687,-37.41807],[148.43561,-37.42031],[148.4357,-37.42112],[148.43369,-37.4237],[148.43389,-37.42426],[148.43394,-37.42493],[148.43454,-37.42591],[148.43477,-37.42609],[148.43503,-37.42598],[148.43552,-37.42491],[148.43611,-37.42444],[148.43664,-37.42452],[148.43699,-37.42525],[148.43743,-37.42554],[148.43837,-37.42541],[148.43967,-37.42553],[148.44048,-37.42483],[148.44072,-37.42477],[148.44104,-37.42501],[148.44135,-37.42554],[148.44146,-37.4262],[148.44141,-37.4267],[148.44081,-37.42847],[148.44072,-37.4292],[148.44083,-37.42962],[148.44156,-37.42972],[148.44395,-37.42862],[148.44425,-37.42859],[148.44463,-37.42877],[148.44431,-37.43036],[148.4428,-37.43124],[148.4422,-37.43219],[148.44186,-37.43386],[148.44205,-37.43483],[148.44183,-37.43535],[148.44147,-37.43579],[148.44079,-37.43617],[148.43938,-37.43755],[148.43855,-37.43919],[148.43813,-37.44094],[148.43821,-37.44232],[148.43842,-37.44284],[148.43944,-37.44367],[148.43944,-37.44386],[148.43842,-37.44441],[148.43688,-37.44715],[148.43616,-37.44785],[148.43465,-37.4485],[148.43034,-37.44959],[148.42941,-37.45007],[148.42774,-37.4498],[148.42711,-37.4498],[148.42599,-37.45015],[148.42399,-37.44992],[148.4232,-37.44949],[148.42151,-37.44806],[148.42052,-37.44763],[148.41825,-37.44807],[148.41639,-37.44797],[148.41299,-37.44909],[148.4123,-37.45006],[148.411,-37.45084],[148.41022,-37.45148],[148.40933,-37.45296],[148.40913,-37.45295],[148.40862,-37.45224],[148.4067,-37.45175],[148.40631,-37.45182],[148.40547,-37.45213],[148.40426,-37.45285],[148.40352,-37.4537],[148.40306,-37.45403],[148.40232,-37.45435],[148.40135,-37.45451],[148.4002,-37.45412],[148.39977,-37.45374],[148.39886,-37.45226],[148.39829,-37.45162],[148.39731,-37.4511],[148.39408,-37.44882],[148.39314,-37.44859],[148.39199,-37.44854],[148.39106,-37.44892],[148.39055,-37.44894],[148.38894,-37.44861],[148.38786,-37.44854],[148.38681,-37.44779],[148.38497,-37.44584],[148.38426,-37.44554],[148.38376,-37.44553],[148.38309,-37.44713],[148.38232,-37.44768],[148.38207,-37.44812],[148.38201,-37.44913],[148.38222,-37.45098],[148.38168,-37.45131],[148.38079,-37.45095],[148.38019,-37.45108],[148.37872,-37.45196],[148.37796,-37.45269],[148.37761,-37.45329],[148.37756,-37.45371],[148.37802,-37.45675],[148.37802,-37.45759],[148.37763,-37.45869],[148.37647,-37.46049],[148.37625,-37.46113],[148.37631,-37.46263],[148.37656,-37.46384],[148.37821,-37.46663],[148.37888,-37.46747],[148.38052,-37.46823],[148.3822,-37.46846],[148.38245,-37.46863],[148.38176,-37.46982],[148.38162,-37.47088],[148.38171,-37.47323],[148.38224,-37.47502],[148.38237,-37.47666],[148.38216,-37.47701],[148.38129,-37.47756],[148.38023,-37.47782],[148.3784,-37.47862],[148.37804,-37.47893],[148.37793,-37.47927],[148.37803,-37.47969],[148.37891,-37.48084],[148.37914,-37.48145],[148.37907,-37.48199],[148.37867,-37.4826],[148.37846,-37.48325],[148.37812,-37.48477],[148.37951,-37.48642],[148.3808,-37.48758],[148.38068,-37.48803],[148.38029,-37.48838],[148.38029,-37.48872],[148.38073,-37.48953],[148.38012,-37.49068],[148.38006,-37.49103],[148.38017,-37.49135],[148.38102,-37.49197],[148.38238,-37.49245],[148.38282,-37.4938],[148.38352,-37.49463],[148.38397,-37.49485],[148.38638,-37.49548],[148.38699,-37.49588],[148.38848,-37.49798],[148.38696,-37.49842],[148.38505,-37.49844],[148.38208,-37.49806],[148.38101,-37.49806],[148.38044,-37.49824],[148.37962,-37.49904],[148.37895,-37.49946],[148.37764,-37.49957],[148.37605,-37.50011],[148.37482,-37.49981],[148.37394,-37.5],[148.37345,-37.49997],[148.37177,-37.49888],[148.37104,-37.49867],[148.36891,-37.49841],[148.36775,-37.49808],[148.36667,-37.498],[148.36569,-37.49766],[148.36462,-37.49664],[148.36413,-37.4957],[148.36339,-37.49515],[148.36265,-37.49422],[148.36162,-37.49359],[148.36044,-37.49331],[148.35987,-37.49294],[148.35938,-37.49282],[148.35837,-37.49316],[148.35622,-37.49474],[148.3553,-37.49496],[148.35424,-37.49579],[148.35352,-37.49679],[148.35246,-37.49706],[148.35076,-37.4972],[148.34884,-37.4971],[148.34818,-37.49694],[148.34702,-37.49626],[148.34586,-37.49613],[148.34397,-37.4963],[148.34234,-37.4959],[148.34186,-37.49603],[148.34108,-37.49663],[148.34044,-37.49685],[148.33948,-37.49751],[148.33721,-37.49747],[148.3355,-37.49758],[148.33389,-37.49703],[148.33282,-37.4974],[148.33177,-37.49737],[148.33049,-37.49704],[148.32967,-37.49662],[148.32911,-37.49607],[148.32871,-37.49502],[148.32757,-37.49341],[148.32542,-37.49187],[148.32381,-37.49052],[148.32335,-37.48996],[148.32062,-37.48808],[148.31993,-37.48697],[148.31929,-37.48624],[148.31869,-37.48604],[148.31791,-37.48633],[148.31733,-37.48617],[148.3171,-37.48582],[148.3169,-37.48452],[148.31668,-37.48429],[148.31622,-37.48412],[148.31561,-37.4843],[148.31461,-37.48489],[148.31213,-37.48506],[148.31105,-37.48502],[148.30937,-37.4858],[148.30803,-37.48611],[148.30738,-37.48674],[148.30649,-37.48701],[148.30509,-37.48817],[148.30248,-37.48956],[148.30173,-37.48972],[148.30129,-37.48941],[148.30083,-37.48934],[148.30022,-37.48904],[148.2996,-37.48899],[148.29937,-37.48912],[148.29924,-37.48973],[148.29965,-37.4908],[148.29973,-37.49143],[148.30067,-37.49195],[148.30154,-37.49224],[148.30198,-37.49312],[148.30199,-37.49406],[148.30178,-37.49467],[148.30031,-37.49571],[148.29978,-37.49654],[148.30005,-37.49737],[148.30073,-37.49812],[148.30072,-37.49886],[148.30123,-37.50017],[148.30116,-37.50089],[148.3016,-37.50184],[148.30193,-37.50322],[148.30191,-37.50364],[148.30206,-37.50383],[148.30271,-37.50417],[148.30313,-37.50521],[148.30365,-37.50554],[148.30422,-37.50612],[148.30444,-37.50667],[148.30509,-37.5076],[148.30568,-37.50926],[148.30492,-37.50989],[148.30305,-37.51072],[148.30043,-37.51096],[148.299,-37.51157],[148.2989,-37.51186],[148.29906,-37.51296],[148.29896,-37.51375],[148.29909,-37.51409],[148.30121,-37.51506],[148.30277,-37.51649],[148.30545,-37.5172],[148.30596,-37.5176],[148.30652,-37.51919],[148.30647,-37.51975],[148.30678,-37.52074],[148.30719,-37.52134],[148.30812,-37.52174],[148.30836,-37.52204],[148.30815,-37.52357],[148.30839,-37.52474],[148.30975,-37.52554],[148.31091,-37.526],[148.31124,-37.52625],[148.31161,-37.52631],[148.31233,-37.52746],[148.31227,-37.52868],[148.31254,-37.52925],[148.31284,-37.52943],[148.31334,-37.52942],[148.31411,-37.52972],[148.31506,-37.53042],[148.31586,-37.53162],[148.316,-37.53231],[148.3164,-37.53312],[148.31759,-37.53404],[148.3186,-37.53451],[148.31925,-37.53511],[148.31922,-37.53706],[148.31911,-37.53741],[148.31871,-37.53782],[148.31869,-37.53834],[148.31754,-37.53959],[148.31628,-37.54017],[148.31565,-37.54031],[148.3151,-37.5407],[148.3148,-37.54173],[148.31366,-37.54304],[148.31385,-37.54367],[148.31465,-37.54393],[148.31544,-37.54442],[148.31648,-37.5456],[148.31856,-37.54628],[148.32033,-37.54737],[148.32062,-37.54799],[148.32153,-37.54899],[148.32155,-37.54929],[148.32118,-37.55068],[148.32133,-37.55151],[148.3212,-37.55237],[148.32074,-37.55338],[148.3208,-37.55383],[148.32063,-37.5547],[148.32075,-37.55492],[148.32163,-37.55501],[148.31869,-37.55757],[148.31843,-37.558],[148.3175,-37.5604],[148.3173,-37.56261],[148.31735,-37.56332],[148.3168,-37.56712],[148.31637,-37.56793],[148.31539,-37.56836],[148.31471,-37.56905],[148.31447,-37.56999],[148.31389,-37.57101],[148.31392,-37.57281],[148.31423,-37.5735],[148.31457,-37.57383],[148.31542,-37.57426],[148.31592,-37.57554],[148.31668,-37.57608],[148.31813,-37.57635],[148.3192,-37.57625],[148.31993,-37.57632],[148.32054,-37.57658],[148.32128,-37.57725],[148.32257,-37.57755],[148.32353,-37.57883],[148.32323,-37.57983],[148.32326,-37.58028],[148.32361,-37.58078],[148.32408,-37.58107],[148.32599,-37.58102],[148.32892,-37.58154],[148.33005,-37.58155],[148.33075,-37.58133],[148.3317,-37.58133],[148.33286,-37.58166],[148.33443,-37.58235],[148.33558,-37.5825],[148.3368,-37.5825],[148.3391,-37.58218],[148.33973,-37.58224],[148.3411,-37.58308],[148.34243,-37.58353],[148.343,-37.58388],[148.34591,-37.58443],[148.34792,-37.58446],[148.3486,-37.58465],[148.34976,-37.58467],[148.35106,-37.58536],[148.35286,-37.58577],[148.35334,-37.58623],[148.35338,-37.58687],[148.3531,-37.5876],[148.35313,-37.58875],[148.35294,-37.58981],[148.35305,-37.59054],[148.35292,-37.59092],[148.35307,-37.59111],[148.3538,-37.59126],[148.35389,-37.59152],[148.35323,-37.59184],[148.3537,-37.59218],[148.35378,-37.59247],[148.35322,-37.5937],[148.35259,-37.59443],[148.35222,-37.59539],[148.35133,-37.59627],[148.34951,-37.59665],[148.34814,-37.59663],[148.34715,-37.59713],[148.34691,-37.59753],[148.34768,-37.59807],[148.34855,-37.59902],[148.34952,-37.59971],[148.35146,-37.60037],[148.35192,-37.60085],[148.35236,-37.60166],[148.35315,-37.60237],[148.35292,-37.60348],[148.35218,-37.60569],[148.35216,-37.60618],[148.35226,-37.60652],[148.35337,-37.60804],[148.35357,-37.60884],[148.35331,-37.61018],[148.35283,-37.61092],[148.35277,-37.61172],[148.35228,-37.61259],[148.35225,-37.61285],[148.35287,-37.61435],[148.35351,-37.61549],[148.35355,-37.61571],[148.35325,-37.61637],[148.35306,-37.61728],[148.35303,-37.61796],[148.35345,-37.62059],[148.35422,-37.62191],[148.35354,-37.62152],[148.35251,-37.62145],[148.35035,-37.62194],[148.34954,-37.62257],[148.34859,-37.62371],[148.34791,-37.62514],[148.34726,-37.62666],[148.34715,-37.62807],[148.34581,-37.62972],[148.34541,-37.63076],[148.3453,-37.6317],[148.34486,-37.6325],[148.34411,-37.63309],[148.34271,-37.63379],[148.34162,-37.63479],[148.34024,-37.63565],[148.33792,-37.6369],[148.33649,-37.63735],[148.33424,-37.63781],[148.33217,-37.63851],[148.33009,-37.63872],[148.32953,-37.6389],[148.32793,-37.63911],[148.32635,-37.63956],[148.32424,-37.64038],[148.32305,-37.64026],[148.32186,-37.64048],[148.32114,-37.6409],[148.32094,-37.64149],[148.32097,-37.64189],[148.32074,-37.64223]],[[148.5084,-37.64017],[148.50816,-37.63989],[148.50765,-37.63842],[148.50717,-37.63779],[148.50693,-37.63779],[148.50615,-37.63869],[148.50567,-37.63892],[148.50433,-37.63925],[148.50408,-37.63946],[148.50401,-37.64003],[148.50422,-37.64092],[148.5042,-37.64178],[148.50402,-37.642],[148.50338,-37.64223],[148.50249,-37.64187],[148.50149,-37.64166],[148.50052,-37.64077],[148.50018,-37.64004],[148.49904,-37.63943],[148.49897,-37.64092],[148.49676,-37.64349],[148.49604,-37.64451],[148.49568,-37.64589],[148.49578,-37.64653]],[[148.45493,-37.70736],[148.45371,-37.7095]],[[148.35422,-37.62191],[148.35495,-37.62241],[148.3555,-37.62307],[148.3557,-37.62376],[148.35633,-37.62462],[148.35747,-37.62538],[148.35944,-37.62633],[148.35961,-37.6266],[148.35951,-37.6273],[148.35955,-37.62791],[148.35971,-37.6282],[148.36151,-37.62944],[148.36226,-37.6295],[148.36366,-37.62938],[148.36489,-37.62998],[148.36579,-37.63061],[148.36736,-37.63223],[148.36825,-37.63363],[148.36874,-37.63391],[148.37023,-37.63442],[148.37081,-37.63585],[148.3727,-37.63814],[148.37446,-37.63958],[148.37496,-37.64028],[148.37503,-37.64079],[148.37437,-37.64226],[148.37428,-37.64295],[148.37328,-37.6442],[148.37356,-37.64511],[148.37357,-37.64557],[148.37332,-37.64646],[148.37311,-37.64672],[148.37163,-37.64733],[148.37109,-37.64872],[148.371,-37.64988],[148.37126,-37.65082],[148.37131,-37.65234],[148.3711,-37.65357],[148.37118,-37.65422],[148.37091,-37.65537],[148.37042,-37.65581],[148.36806,-37.65625],[148.36746,-37.65694],[148.36702,-37.658],[148.36693,-37.65867],[148.36789,-37.65987],[148.36793,-37.66029],[148.36717,-37.66105],[148.36608,-37.66255],[148.36477,-37.66357],[148.36476,-37.66384],[148.36554,-37.66422],[148.36671,-37.66504],[148.36644,-37.66555],[148.36645,-37.6658],[148.36722,-37.66655],[148.37589,-37.67394],[148.37824,-37.67571],[148.37985,-37.67732],[148.38233,-37.67928],[148.38303,-37.67999],[148.38368,-37.68099],[148.38423,-37.68144],[148.38734,-37.68488],[148.38831,-37.68577],[148.39089,-37.6889],[148.39153,-37.69004],[148.3922,-37.69088],[148.40386,-37.69883],[148.40446,-37.69894],[148.40521,-37.69869],[148.40566,-37.69873],[148.41668,-37.7062],[148.41757,-37.70646],[148.42106,-37.707],[148.42388,-37.70772],[148.44349,-37.71045],[148.44372,-37.7104],[148.44387,-37.71016],[148.44477,-37.70719],[148.44729,-37.70554],[148.44834,-37.705],[148.45493,-37.70736],[148.45733,-37.69757],[148.45996,-37.69787],[148.46361,-37.6975],[148.46445,-37.6973],[148.46525,-37.69665],[148.46823,-37.69338],[148.46863,-37.69278],[148.46879,-37.69213],[148.46893,-37.68879],[148.46912,-37.68766],[148.47274,-37.674],[148.47414,-37.67099],[148.47481,-37.66922],[148.4757,-37.66846],[148.47736,-37.66766],[148.47791,-37.66707],[148.47801,-37.66669],[148.47814,-37.66527],[148.47806,-37.66488],[148.47744,-37.66333],[148.47673,-37.66212],[148.4766,-37.6616],[148.47665,-37.66124],[148.47698,-37.66076],[148.47833,-37.65996],[148.47866,-37.65942],[148.47862,-37.65873],[148.478,-37.65769],[148.47781,-37.65702],[148.47759,-37.65299],[148.47783,-37.65221],[148.47856,-37.65169],[148.47875,-37.6525],[148.47888,-37.65263],[148.4797,-37.65272],[148.48056,-37.65257],[148.48095,-37.65268],[148.48204,-37.6544],[148.48261,-37.6547],[148.48413,-37.65517],[148.48733,-37.65527],[148.48863,-37.65449],[148.48962,-37.65275],[148.4911,-37.65145],[148.49147,-37.65023],[148.49261,-37.64825],[148.49578,-37.64653],[148.49652,-37.6479],[148.49863,-37.65019],[148.49909,-37.6514],[148.49937,-37.65311],[148.49987,-37.65432],[148.50064,-37.65507],[148.50208,-37.65595],[148.5033,-37.65721],[148.50619,-37.65747],[148.50755,-37.65726],[148.51005,-37.6566],[148.51221,-37.65528],[148.51345,-37.65628],[148.5145,-37.65625]]]},"properties":{"n":"Far East Gippsland Backroad Tour - Waratah Loop","k":"drive","g":["4WD · 196 km return · 4+ hrs · Medium (Blue Square)"],"d":"For 4WDs and drivers with some 4WD experience or training. Although this tour has been graded as “Medium – 4WD”, conditions will deteriorate considerably in wet weather. Note that seasonal road closures apply to some tracks along this route so it cannot be completed during the wetter months of the year. One way travel also applies near Waratah Flat. The Waratah Loop will give you a taste of the Snowy River country, some rugged countryside and tall forests. Highlights when driven clockwise, in order of appearance are passing by the eastern banks of the Snowy River and then a detour down to Woods Point on the Snowy River. After your stop at Woods Point, return back to Garnets Track and head…","a":"From Orbost Forest Park, head north along Orbost’s main street Nicholson Street to start the tour. Note seasonal road closures apply from mid-June to end of October throughout the route.","b":[148.2989,-37.71045,148.6541,-37.22023]}},{"type":"Feature","geometry":{"type":"MultiLineString","coordinates":[[[148.45305,-37.7172],[148.45305,-37.7172]],[[148.45371,-37.7095],[148.45319,-37.71038],[148.45761,-37.71104],[148.45795,-37.71137],[148.45648,-37.71252],[148.45523,-37.71381],[148.45378,-37.71584],[148.45305,-37.7172]]]},"properties":{"n":"Far East Gippsland Backroad Tour - Stringers Knob Mottle Range","k":"drive","g":["4WD · 84.4 km return · 4+ hrs · Easy (Green Circle)"],"d":"This drive is suitable for novice drivers in all-wheel drive and high range 4WDs. This half day tour (84km) loops through the Mottle Range Flora Reserve taking in many stops along the East Gippsland Rail Trail and the historic site of the Stringers Knob fire tower. All which showcase fine examples of past engineering efforts of past generations. There are two “Optional Side Trips” which are available for the more equipped tourers, taking you down to campgrounds along the Snowy River. This main drive can be done in 2WDs in dry weather only or 4WDs year-round but note conditions will deteriorate considerably in wet weather. Highlights when driven anticlockwise, in order of appearance are the…","a":"Starting from Orbost’s main street Nicholson Street, head south towards Princes Hwy to start the tour.","b":[148.45305,-37.7172,148.45795,-37.7095]}},{"type":"Feature","geometry":{"type":"MultiLineString","coordinates":[[[147.36798,-37.66673],[147.36967,-37.6678],[147.37149,-37.66762]],[[147.37286,-37.66795],[147.37286,-37.66795]],[[147.35781,-37.66966],[147.35781,-37.66966]],[[147.37286,-37.66795],[147.3736,-37.66835],[147.37435,-37.6693],[147.37471,-37.67019],[147.37458,-37.67084]],[[147.37449,-37.67098],[147.37449,-37.67098]],[[147.25101,-37.46191],[147.25037,-37.46365],[147.25035,-37.46429],[147.25164,-37.46608],[147.25365,-37.46734],[147.25434,-37.46852],[147.25426,-37.46921],[147.25392,-37.46994],[147.25322,-37.47042],[147.25203,-37.47095],[147.24945,-37.47154],[147.24775,-37.47171],[147.24164,-37.47198],[147.23736,-37.47156],[147.23393,-37.47181],[147.23295,-37.47196],[147.22887,-37.47304],[147.21581,-37.47418],[147.215,-37.4744],[147.21435,-37.47475],[147.21374,-37.47543],[147.21287,-37.47732],[147.21237,-37.4779],[147.20928,-37.48039],[147.20759,-37.48101],[147.20659,-37.48228],[147.20533,-37.48309],[147.20537,-37.48363],[147.20631,-37.4842],[147.20614,-37.48542],[147.20451,-37.48842],[147.20307,-37.48987],[147.20248,-37.49073],[147.2024,-37.49132],[147.20285,-37.49209],[147.20213,-37.49397],[147.20074,-37.49485],[147.20007,-37.49559],[147.1999,-37.49637],[147.2003,-37.49851],[147.20017,-37.49904],[147.19971,-37.49975],[147.19964,-37.50005],[147.19972,-37.50089],[147.19943,-37.50191],[147.19957,-37.50326],[147.19956,-37.50475],[147.2002,-37.50639],[147.20283,-37.50875],[147.20335,-37.50951],[147.2035,-37.51015],[147.20346,-37.51093],[147.20312,-37.51229],[147.20297,-37.51351],[147.20257,-37.51398],[147.20193,-37.51446],[147.20172,-37.51483],[147.2018,-37.5152],[147.2021,-37.51549],[147.20262,-37.5156],[147.20384,-37.51559],[147.20453,-37.51586],[147.20512,-37.51504],[147.20579,-37.51455],[147.20669,-37.51415],[147.2082,-37.51379],[147.21147,-37.51385],[147.2141,-37.5137],[147.21483,-37.51378],[147.21846,-37.5153],[147.22259,-37.51819],[147.22381,-37.51972],[147.22478,-37.52005],[147.22654,-37.51991],[147.22752,-37.5196],[147.23205,-37.51654],[147.23522,-37.51582],[147.23747,-37.51597],[147.23838,-37.51621],[147.23891,-37.51654],[147.23925,-37.51694],[147.23935,-37.51754],[147.23899,-37.51825],[147.23806,-37.51938],[147.23778,-37.52033],[147.23431,-37.52099],[147.23367,-37.52135],[147.23238,-37.52286],[147.23208,-37.5236],[147.23216,-37.52453],[147.23184,-37.52533],[147.22881,-37.52782],[147.22684,-37.52826],[147.22488,-37.52917],[147.22087,-37.53061],[147.21944,-37.53152],[147.21876,-37.53242],[147.21816,-37.53287],[147.21593,-37.53323],[147.21453,-37.53369],[147.21361,-37.53439],[147.21117,-37.53704],[147.21068,-37.53731],[147.20909,-37.53779],[147.20852,-37.53824],[147.20822,-37.53874],[147.20773,-37.54053],[147.20752,-37.54091],[147.20695,-37.54119],[147.20592,-37.54131],[147.20515,-37.54162],[147.20444,-37.54286],[147.20355,-37.54359],[147.19966,-37.54919],[147.19887,-37.55089],[147.19582,-37.55877],[147.19535,-37.55951],[147.18771,-37.56636],[147.18723,-37.56698],[147.18651,-37.56832],[147.1863,-37.56907],[147.18641,-37.56981],[147.1871,-37.5711],[147.1871,-37.57155],[147.18682,-37.57221],[147.18686,-37.5726],[147.18751,-37.57346],[147.18744,-37.57375],[147.18702,-37.57395],[147.18564,-37.57427],[147.18486,-37.57523],[147.18444,-37.57548],[147.18287,-37.57565],[147.18231,-37.57601],[147.18217,-37.5764],[147.18222,-37.57679],[147.18297,-37.57755],[147.184,-37.57934],[147.18399,-37.57988],[147.18363,-37.58041],[147.18325,-37.58061],[147.18207,-37.58073],[147.18163,-37.58123],[147.18165,-37.58155],[147.18186,-37.58187],[147.18311,-37.58245],[147.18336,-37.58266],[147.18354,-37.58305],[147.18323,-37.58405],[147.1839,-37.58691],[147.18379,-37.58721],[147.18306,-37.5881],[147.18304,-37.58855],[147.18312,-37.58869],[147.18355,-37.58886],[147.18582,-37.58882],[147.18621,-37.58905],[147.18632,-37.5894],[147.18578,-37.59031],[147.18529,-37.59085],[147.18478,-37.59117],[147.1838,-37.59143],[147.18348,-37.5917],[147.18351,-37.59202],[147.18406,-37.59257],[147.18413,-37.59317],[147.1844,-37.59333],[147.18543,-37.59321],[147.18595,-37.59328],[147.18804,-37.59453],[147.18869,-37.59474],[147.19009,-37.5947],[147.19168,-37.59483],[147.19291,-37.5947],[147.19317,-37.59492],[147.19286,-37.5957],[147.19294,-37.59598],[147.19326,-37.59621],[147.19392,-37.5964],[147.19375,-37.59687],[147.1928,-37.59773],[147.19287,-37.59822],[147.19353,-37.59867],[147.19355,-37.59882],[147.19339,-37.59916],[147.19271,-37.59951],[147.19242,-37.59984],[147.19249,-37.60036],[147.19306,-37.60085],[147.19314,-37.60122],[147.19221,-37.60215],[147.19234,-37.60259],[147.19328,-37.60335],[147.19332,-37.60366],[147.19305,-37.60379],[147.19129,-37.6038],[147.19054,-37.60401],[147.1898,-37.60458],[147.1894,-37.60538],[147.18954,-37.60609],[147.19007,-37.60668],[147.19053,-37.60694],[147.19068,-37.60724],[147.19062,-37.60739],[147.18985,-37.60774],[147.18966,-37.608],[147.18984,-37.60874],[147.18979,-37.60954],[147.18993,-37.60987],[147.19079,-37.61014],[147.19105,-37.61033],[147.19107,-37.61051],[147.1907,-37.61116],[147.19041,-37.61231],[147.18934,-37.61488],[147.18932,-37.61535],[147.18963,-37.61557],[147.19049,-37.6158],[147.19095,-37.61618],[147.19188,-37.61776],[147.19271,-37.61867],[147.19309,-37.61958],[147.19317,-37.6205],[147.19309,-37.62116],[147.19329,-37.62205],[147.19385,-37.62277],[147.19511,-37.62342],[147.1956,-37.62388],[147.19574,-37.62419],[147.19575,-37.62502],[147.19595,-37.62553],[147.19672,-37.62643],[147.19728,-37.62676],[147.20237,-37.62767],[147.2032,-37.62764],[147.20548,-37.6272],[147.20728,-37.62721],[147.20852,-37.62683],[147.21067,-37.62515],[147.21144,-37.62493],[147.21245,-37.62492],[147.2134,-37.62528],[147.21482,-37.62645],[147.21617,-37.62705],[147.21705,-37.62843],[147.22192,-37.6327],[147.22255,-37.63294],[147.22377,-37.63296],[147.22505,-37.6334],[147.22577,-37.63381],[147.22625,-37.63462],[147.22687,-37.63518],[147.23216,-37.63689],[147.23279,-37.63698],[147.23908,-37.63668],[147.24275,-37.63584],[147.24382,-37.63575],[147.2444,-37.63592],[147.24493,-37.63627],[147.24582,-37.63787],[147.2461,-37.63811],[147.24736,-37.63806],[147.24768,-37.63831],[147.24815,-37.63918],[147.2486,-37.63955],[147.25096,-37.64049],[147.25192,-37.64057],[147.25717,-37.63957],[147.25779,-37.63973],[147.25823,-37.63999],[147.25882,-37.64081],[147.25936,-37.64129],[147.26016,-37.64151],[147.26114,-37.64135],[147.26316,-37.64066],[147.26388,-37.64055],[147.26442,-37.64059],[147.26565,-37.64096],[147.26982,-37.64125],[147.27087,-37.64168],[147.27203,-37.64283],[147.27274,-37.64329],[147.27539,-37.64396],[147.27606,-37.64446],[147.2765,-37.64514],[147.27702,-37.64662],[147.27714,-37.64788],[147.2776,-37.64881],[147.27808,-37.65067],[147.27851,-37.65173],[147.27845,-37.65228],[147.27819,-37.65268],[147.27654,-37.65346],[147.27655,-37.65445],[147.27682,-37.65485],[147.27758,-37.65533],[147.27764,-37.65602],[147.27784,-37.65631],[147.27861,-37.6565],[147.28016,-37.65759],[147.28062,-37.65903],[147.28052,-37.65948],[147.28008,-37.66002],[147.28026,-37.66144],[147.27984,-37.6625],[147.27918,-37.66286],[147.2779,-37.66264],[147.27752,-37.66273],[147.27726,-37.66306],[147.27739,-37.66391],[147.27729,-37.66429],[147.27531,-37.66535],[147.27523,-37.66555],[147.2757,-37.66598],[147.27622,-37.6662],[147.27723,-37.66566],[147.27794,-37.66559],[147.27828,-37.66569],[147.27899,-37.66613],[147.27978,-37.6664],[147.28025,-37.66708],[147.28037,-37.66772],[147.28177,-37.66725],[147.28251,-37.66653],[147.28313,-37.66638],[147.2836,-37.66651],[147.28481,-37.66727],[147.28522,-37.66726],[147.2864,-37.66672],[147.28771,-37.66692],[147.28976,-37.66678],[147.29165,-37.66523],[147.2921,-37.66509],[147.29298,-37.66509],[147.29372,-37.66479],[147.29419,-37.66413],[147.29485,-37.66279],[147.29519,-37.6625],[147.2989,-37.66221],[147.2996,-37.66188],[147.30126,-37.6617],[147.30138,-37.66163],[147.30141,-37.66135],[147.30115,-37.66103],[147.30092,-37.66035],[147.30112,-37.65948],[147.30097,-37.65847],[147.30112,-37.65805],[147.30143,-37.6576],[147.30249,-37.65661],[147.30316,-37.65621],[147.30377,-37.65605],[147.30484,-37.65617],[147.30592,-37.65657],[147.30743,-37.65775],[147.30799,-37.65803],[147.30935,-37.65814],[147.31112,-37.65851],[147.31193,-37.65839],[147.31395,-37.65735],[147.31567,-37.65681],[147.31848,-37.65697],[147.32093,-37.65671],[147.32149,-37.65677],[147.32268,-37.65716],[147.32512,-37.65744],[147.32621,-37.65832],[147.32704,-37.65934],[147.3272,-37.65959],[147.32721,-37.66084],[147.32732,-37.66097],[147.32814,-37.66115],[147.32869,-37.66097],[147.32886,-37.66051],[147.32889,-37.65984],[147.32917,-37.65947],[147.32947,-37.65932],[147.33062,-37.65904],[147.3318,-37.65916],[147.33453,-37.66049],[147.33676,-37.66194],[147.33756,-37.66302],[147.34038,-37.66553],[147.34304,-37.66581],[147.34387,-37.66603],[147.34462,-37.66656],[147.3461,-37.66722],[147.35113,-37.66991],[147.35236,-37.67022],[147.35347,-37.67133],[147.35453,-37.67099],[147.35557,-37.67082],[147.35634,-37.67011],[147.35781,-37.66966]],[[147.37449,-37.67098],[147.37363,-37.672],[147.37314,-37.67217]],[[147.3726,-37.67229],[147.3726,-37.67229]],[[147.36676,-37.67314],[147.36572,-37.67293],[147.36344,-37.67169],[147.36185,-37.67124],[147.35991,-37.66965],[147.35953,-37.66954],[147.35842,-37.66961]],[[147.36762,-37.67315],[147.36762,-37.67315]],[[147.3726,-37.67229],[147.37055,-37.67331]],[[147.36939,-37.67332],[147.3685,-37.67312],[147.36762,-37.67315]],[[147.37013,-37.67343],[147.37013,-37.67343]],[[147.36982,-37.67343],[147.36982,-37.67343]],[[147.370132,-37.673427],[147.369822,-37.673433]],[[147.35347,-37.67133],[147.35291,-37.67163],[147.35218,-37.67174],[147.35116,-37.67158],[147.35083,-37.67173],[147.35094,-37.6722],[147.35171,-37.67292],[147.35196,-37.67347],[147.352,-37.67549],[147.35185,-37.67695],[147.35196,-37.67768],[147.35138,-37.67889],[147.35104,-37.68187],[147.34968,-37.6819],[147.34951,-37.68201],[147.34955,-37.68224],[147.35006,-37.68242],[147.35021,-37.68267],[147.34995,-37.68442],[147.34925,-37.68481],[147.34796,-37.68467],[147.34643,-37.68499],[147.34535,-37.68505],[147.3453,-37.68803],[147.34517,-37.68843],[147.34494,-37.68871],[147.34357,-37.68923],[147.34319,-37.6895],[147.34194,-37.69103],[147.34163,-37.69177],[147.34091,-37.69292],[147.34087,-37.69317],[147.3411,-37.69353],[147.34116,-37.69388],[147.34011,-37.69462],[147.33975,-37.69545],[147.33997,-37.69684],[147.33944,-37.69879],[147.33904,-37.6994],[147.33962,-37.69929],[147.34192,-37.69973],[147.34332,-37.69906],[147.34407,-37.69886],[147.34871,-37.69857],[147.35126,-37.70058],[147.35211,-37.70147],[147.35451,-37.70324],[147.36026,-37.70403]],[[147.33904,-37.6994],[147.33589,-37.70243],[147.33299,-37.70441],[147.3326,-37.70455],[147.32898,-37.70454],[147.32552,-37.70294],[147.32279,-37.70313],[147.31759,-37.70282],[147.31716,-37.70298],[147.31677,-37.70419],[147.31552,-37.70499],[147.31582,-37.70709],[147.31572,-37.70782],[147.315,-37.71005],[147.31416,-37.71183],[147.31343,-37.71499],[147.31348,-37.71936],[147.31361,-37.71988],[147.31446,-37.72108],[147.31473,-37.72182],[147.31473,-37.72253],[147.31449,-37.72368],[147.31461,-37.72409],[147.31499,-37.72451],[147.31611,-37.72523],[147.31674,-37.72593],[147.31705,-37.7266],[147.31704,-37.72711],[147.31686,-37.72749],[147.31609,-37.72827],[147.3147,-37.72907],[147.31426,-37.72948],[147.31333,-37.73075],[147.3132,-37.73141],[147.31368,-37.73334],[147.31364,-37.73391],[147.31338,-37.73436],[147.31227,-37.73531],[147.31186,-37.7364],[147.31202,-37.73711],[147.31315,-37.73984],[147.31331,-37.74091],[147.31327,-37.74268],[147.31375,-37.74351],[147.31743,-37.74643],[147.31817,-37.74688],[147.31889,-37.74709],[147.32056,-37.74729],[147.32141,-37.74762],[147.32316,-37.74911],[147.32365,-37.74989],[147.3237,-37.75254],[147.32361,-37.75304],[147.32319,-37.7536],[147.32115,-37.7555],[147.32085,-37.7561],[147.32082,-37.75659],[147.32177,-37.76404],[147.32177,-37.76476],[147.32149,-37.76583],[147.32148,-37.76669],[147.32205,-37.7682],[147.32421,-37.77104],[147.3245,-37.7716],[147.32461,-37.77221],[147.32365,-37.77788],[147.32395,-37.78159],[147.32418,-37.78312],[147.32424,-37.78573],[147.32442,-37.78646],[147.32856,-37.79365],[147.3293,-37.7941],[147.33669,-37.79728],[147.34031,-37.7999],[147.34492,-37.80084],[147.34573,-37.80089],[147.36273,-37.79712],[147.36348,-37.7969],[147.36528,-37.79591],[147.37503,-37.79209],[147.37605,-37.79155],[147.3776,-37.79048],[147.37884,-37.7902],[147.38476,-37.78944],[147.39013,-37.79011],[147.39468,-37.79009],[147.39753,-37.78981],[147.39854,-37.78984],[147.39963,-37.79011],[147.4039,-37.79158],[147.4057,-37.79248],[147.40775,-37.79382],[147.40911,-37.79425],[147.41582,-37.79499],[147.42933,-37.79683],[147.44075,-37.79812],[147.44913,-37.79927],[147.45182,-37.79948],[147.45523,-37.80002],[147.46382,-37.80099],[147.47576,-37.80258],[147.47631,-37.80281],[147.47667,-37.80321],[147.47678,-37.80383],[147.47672,-37.80577],[147.47707,-37.80636],[147.47742,-37.80658],[147.4811,-37.80779],[147.4844,-37.80959],[147.49397,-37.81777],[147.49514,-37.8183],[147.49958,-37.81958],[147.50089,-37.82009],[147.50413,-37.82212],[147.50707,-37.82458],[147.50814,-37.82514],[147.50984,-37.82553],[147.54263,-37.82948],[147.55185,-37.83076],[147.5534,-37.83125],[147.58158,-37.84219],[147.58284,-37.84255],[147.58641,-37.84302],[147.58872,-37.84347],[147.59164,-37.84216],[147.59225,-37.8416],[147.5934,-37.83973],[147.59393,-37.8393],[147.59496,-37.83879],[147.59642,-37.83846],[147.61307,-37.83024],[147.61361,-37.83003],[147.63418,-37.8255],[147.63916,-37.826],[147.64025,-37.82589],[147.64212,-37.82447],[147.64502,-37.82358],[147.64644,-37.82297],[147.64722,-37.82233],[147.6486,-37.82086],[147.64899,-37.82014],[147.64938,-37.81885]]]},"properties":{"n":"High Country Backroad Tour - Bairnsdale - Dargo","k":"drive","g":["4WD · 110 km one way · 1–4 hrs · Easy (Green Circle)"],"d":"This drive is suitable for novice drivers in all-wheel drive and high range 4WDs. The Bairnsdale to Dargo route explores the highlights of Mitchell River National Park, featuring great views and walks of varying difficulty to significant cultural sites and stunning lookouts. You can extend the time on this tour if you choose to take up any of the camping options along the way. The tour begins at Howitt Park in Bairnsdale. From there, turn right onto the Princes Highway, passing through town, and then take a right onto Bairnsdale-Dargo Road, following the signs to the Den of Nargun. Next, turn onto Waller Road to enter Mitchell River National Park, where you'll enjoy breathtaking views on…","a":"Starting from the centre of Bairnsdale, head west out of Bairnsdale on the Princes Hwy to start the tour.","b":[147.18163,-37.84347,147.64938,-37.46191]}},{"type":"Feature","geometry":{"type":"MultiLineString","coordinates":[[[147.5272,-36.87233],[147.52627,-36.87011],[147.5262,-36.86895],[147.52685,-36.8676],[147.52726,-36.86583],[147.52757,-36.86554],[147.52769,-36.86513],[147.52762,-36.86436],[147.52729,-36.86337],[147.5272,-36.86215],[147.52794,-36.86116],[147.52864,-36.86092],[147.5288,-36.86053],[147.52887,-36.85986],[147.5291,-36.85944],[147.5292,-36.85865],[147.52945,-36.85798],[147.52934,-36.85714],[147.5294,-36.85628],[147.5292,-36.85581],[147.52815,-36.85475],[147.52776,-36.85307],[147.52738,-36.85262],[147.52579,-36.85166],[147.5239,-36.85114],[147.52357,-36.85086],[147.52368,-36.84996],[147.52336,-36.84893],[147.52297,-36.84844],[147.52304,-36.8476],[147.52348,-36.84661],[147.52445,-36.84611],[147.52465,-36.84553],[147.52532,-36.84496],[147.52496,-36.84451],[147.52409,-36.84387],[147.52365,-36.84315],[147.52285,-36.8426],[147.52284,-36.84149],[147.52246,-36.84063],[147.52215,-36.84024],[147.5218,-36.84083],[147.52183,-36.84126],[147.52204,-36.84168],[147.52138,-36.84249],[147.52147,-36.84288],[147.5218,-36.8434],[147.52164,-36.84425],[147.52152,-36.84439],[147.5205,-36.84436],[147.51989,-36.84475],[147.51859,-36.845],[147.51809,-36.84523],[147.51751,-36.84587],[147.51753,-36.84649],[147.51732,-36.84692],[147.51677,-36.84754],[147.51557,-36.84782],[147.51425,-36.84873],[147.51367,-36.84884],[147.51253,-36.84879],[147.51143,-36.8484],[147.50705,-36.84738],[147.5062,-36.84741],[147.50594,-36.84758],[147.50444,-36.84975],[147.50255,-36.85171],[147.50026,-36.85263],[147.49921,-36.85327],[147.49775,-36.85367],[147.49664,-36.85433],[147.49615,-36.85511],[147.49511,-36.85608],[147.4946,-36.85686],[147.49379,-36.85724],[147.49172,-36.85781],[147.491,-36.85819],[147.49073,-36.85857],[147.49029,-36.86044],[147.4894,-36.86135],[147.48693,-36.86293],[147.48425,-36.86444],[147.48277,-36.86565],[147.48188,-36.86659],[147.48066,-36.86748],[147.47997,-36.8678],[147.47881,-36.86809],[147.47658,-36.86846],[147.47514,-36.86937],[147.47336,-36.8708],[147.47081,-36.87404],[147.47017,-36.87561],[147.46962,-36.87771],[147.46909,-36.87855],[147.46795,-36.87936],[147.46728,-36.88005],[147.46646,-36.88041],[147.4653,-36.88127],[147.46523,-36.88196],[147.46572,-36.88333],[147.4654,-36.88405],[147.46381,-36.88561],[147.46232,-36.88606],[147.46177,-36.88647],[147.46153,-36.88717],[147.46211,-36.88956],[147.46466,-36.89276],[147.46484,-36.89327],[147.46487,-36.89402],[147.46466,-36.89463],[147.46383,-36.8961],[147.46361,-36.89693],[147.46338,-36.89888],[147.46286,-36.9],[147.4617,-36.90161],[147.46081,-36.90324],[147.45965,-36.90421],[147.45924,-36.90478],[147.45907,-36.906],[147.45832,-36.9076],[147.45845,-36.90832],[147.459,-36.90951],[147.45833,-36.91039],[147.45799,-36.91181],[147.45825,-36.91231],[147.45933,-36.91299],[147.46045,-36.91395],[147.4607,-36.91432],[147.46078,-36.91495],[147.46054,-36.91696],[147.4608,-36.91772],[147.46119,-36.9182],[147.46211,-36.91863],[147.46353,-36.91899],[147.46446,-36.91906],[147.46527,-36.91894],[147.46582,-36.91923],[147.46585,-36.91953],[147.46536,-36.92036],[147.46465,-36.92238],[147.46467,-36.92346],[147.46508,-36.92419],[147.46693,-36.9259],[147.46708,-36.92671],[147.46681,-36.92807],[147.46707,-36.92868],[147.4681,-36.92947],[147.46887,-36.93053],[147.47027,-36.93122],[147.47053,-36.93152],[147.47011,-36.93219],[147.46933,-36.93289],[147.46943,-36.93327],[147.46988,-36.93352],[147.47035,-36.93352],[147.4706,-36.93341],[147.47107,-36.93288],[147.47144,-36.93287],[147.47177,-36.93311],[147.47232,-36.9339],[147.47225,-36.93412],[147.4719,-36.93441],[147.4706,-36.93497],[147.47013,-36.93549],[147.47,-36.93592],[147.47033,-36.93689],[147.47004,-36.93783],[147.47,-36.93859],[147.47034,-36.93903],[147.47018,-36.93971],[147.47096,-36.93996],[147.47143,-36.94071],[147.47187,-36.942],[147.4719,-36.9426],[147.47225,-36.94331],[147.47222,-36.94392],[147.47236,-36.94435],[147.47211,-36.94476],[147.47126,-36.94508],[147.47087,-36.94554],[147.47095,-36.94575],[147.47145,-36.946],[147.47158,-36.94628],[147.47113,-36.94776],[147.47116,-36.949],[147.47243,-36.95027],[147.47268,-36.95091],[147.47248,-36.9516],[147.47302,-36.95223],[147.47298,-36.95292],[147.47264,-36.95334],[147.47281,-36.95369],[147.47271,-36.95406],[147.47276,-36.9546],[147.47215,-36.95502],[147.47202,-36.95539],[147.47263,-36.95561],[147.47291,-36.95591],[147.47377,-36.95791],[147.4737,-36.95867],[147.47517,-36.96014],[147.47581,-36.9602],[147.47669,-36.96004],[147.47748,-36.95965],[147.47773,-36.95909],[147.47831,-36.95892],[147.47906,-36.95844],[147.47954,-36.95839],[147.48056,-36.95867],[147.48027,-36.95921],[147.47974,-36.9597],[147.4792,-36.96087],[147.47929,-36.96136],[147.47967,-36.96195],[147.47938,-36.96247],[147.47945,-36.9631],[147.47888,-36.9638],[147.4779,-36.96442],[147.47679,-36.9656],[147.4769,-36.96581],[147.47733,-36.96585],[147.47782,-36.96582],[147.47823,-36.96555],[147.47859,-36.96562],[147.47893,-36.96623],[147.47896,-36.96674],[147.47955,-36.96739],[147.47953,-36.96768],[147.47914,-36.96806],[147.47917,-36.9685],[147.47878,-36.96936],[147.47878,-36.97025],[147.47842,-36.97078],[147.47853,-36.97102],[147.47893,-36.97107],[147.47988,-36.97085],[147.48055,-36.97094],[147.4812,-36.97072],[147.48212,-36.97107],[147.48251,-36.97138],[147.48289,-36.97207],[147.48355,-36.97244],[147.48386,-36.97303],[147.48438,-36.97356],[147.48443,-36.97378],[147.48418,-36.97425],[147.48635,-36.97474],[147.48809,-36.97611],[147.48833,-36.97648],[147.48834,-36.97707],[147.48846,-36.97718],[147.48947,-36.97711],[147.49001,-36.97768],[147.49083,-36.97787],[147.4915,-36.97841],[147.49726,-36.98036],[147.49802,-36.98085],[147.49855,-36.98149],[147.49884,-36.98229],[147.49873,-36.98342],[147.49823,-36.98403],[147.49703,-36.9846],[147.4968,-36.98504],[147.49677,-36.98586],[147.49657,-36.98636],[147.49577,-36.9866],[147.49404,-36.98662],[147.49332,-36.98748],[147.49238,-36.98796],[147.49064,-36.98854],[147.48981,-36.98902],[147.48935,-36.98947],[147.48915,-36.9899],[147.48931,-36.9907],[147.4892,-36.9912],[147.48814,-36.99244],[147.48825,-36.99283],[147.48849,-36.9929],[147.48948,-36.99198],[147.48982,-36.9915],[147.49047,-36.98975],[147.49096,-36.98926],[147.49323,-36.98877],[147.49399,-36.98846],[147.49441,-36.9885],[147.49444,-36.98885],[147.49295,-36.9901],[147.49204,-36.99139],[147.49212,-36.99233],[147.49233,-36.99304],[147.4921,-36.99348],[147.49219,-36.99364],[147.4928,-36.99392],[147.49327,-36.99443],[147.49433,-36.99471],[147.49464,-36.99543],[147.49518,-36.99581],[147.49606,-36.99708],[147.49693,-36.99745],[147.49741,-36.99788],[147.49749,-36.99822],[147.49733,-36.99871],[147.49628,-36.99914],[147.49627,-36.99928],[147.49745,-36.99929],[147.49873,-36.99834],[147.49982,-36.99822],[147.49972,-36.9978],[147.49901,-36.99684],[147.49889,-36.99575],[147.49931,-36.99553],[147.50078,-36.9952],[147.50249,-36.99437],[147.50297,-36.994],[147.50411,-36.99415],[147.50534,-36.99415],[147.5063,-36.99456],[147.50797,-36.99451],[147.50836,-36.99439],[147.50912,-36.99381],[147.5113,-36.99323],[147.5119,-36.99378],[147.51223,-36.99487],[147.51218,-36.99506],[147.51082,-36.99636],[147.51083,-36.99698],[147.51183,-36.99759],[147.51352,-36.99821],[147.51376,-36.99856],[147.51376,-36.99942],[147.51394,-36.99959],[147.51447,-36.99925],[147.51505,-36.99916],[147.51584,-36.99856],[147.51599,-36.99836],[147.51622,-36.99734],[147.51716,-36.99635],[147.51849,-36.99578],[147.51952,-36.99561],[147.52013,-36.99528],[147.52041,-36.99533],[147.52055,-36.99567],[147.52055,-36.99619],[147.52131,-36.99665],[147.52166,-36.9974],[147.52165,-36.99762],[147.52112,-36.99836],[147.52159,-36.99874],[147.52158,-36.99909],[147.52142,-36.99934],[147.52088,-36.99961],[147.52011,-37.00028],[147.51924,-37.00073],[147.51915,-37.00089],[147.51934,-37.00104],[147.52014,-37.00109],[147.52084,-37.00175],[147.52107,-37.00174],[147.52122,-37.00158],[147.52125,-37.00089],[147.52164,-37.00043],[147.52313,-36.99992],[147.52411,-37.00011],[147.52421,-37.00044],[147.52387,-37.00102],[147.52379,-37.00189],[147.5235,-37.00266],[147.52349,-37.00324],[147.52384,-37.00357],[147.52407,-37.00353],[147.52428,-37.00301],[147.52534,-37.00198],[147.52667,-37.00114],[147.52747,-37.00048],[147.52792,-37.0003],[147.52847,-37.00043],[147.52862,-37.00063],[147.52863,-37.00131],[147.5283,-37.00192],[147.52855,-37.00233],[147.52843,-37.00291],[147.52849,-37.00331],[147.52869,-37.00386],[147.52895,-37.00385],[147.52911,-37.00312],[147.53065,-37.00126],[147.53111,-37.00031],[147.5318,-36.99977],[147.53445,-37.00034],[147.53562,-37.00002],[147.53672,-37.00067],[147.53798,-37.00074],[147.53901,-37.00149],[147.53916,-37.00268],[147.53967,-37.00365],[147.53998,-37.00374],[147.54083,-37.00313],[147.54047,-37.0026],[147.54075,-37.00162],[147.54171,-37.00089],[147.5411,-37.00032],[147.54074,-37.00024],[147.54029,-36.99986],[147.54021,-36.9982],[147.54053,-36.99708],[147.54096,-36.99682],[147.54201,-36.99683],[147.54284,-36.99633],[147.54289,-36.99594],[147.54311,-36.99574],[147.5453,-36.99489],[147.54573,-36.99495],[147.54612,-36.99537],[147.54585,-36.99614],[147.54622,-36.99646],[147.54634,-36.99678],[147.54568,-36.99761],[147.54571,-36.99839],[147.54499,-36.99978],[147.54505,-37.00009],[147.54574,-37.00047],[147.54651,-37.0004],[147.54724,-37.00095],[147.54746,-37.00138],[147.54811,-37.00136],[147.54826,-37.00189],[147.54854,-37.00184],[147.54908,-37.00141],[147.54933,-37.00064],[147.54962,-37.00065],[147.5501,-37.00093],[147.55043,-37.00125],[147.55056,-37.00165],[147.55022,-37.00225],[147.54974,-37.00268],[147.54971,-37.00295],[147.54994,-37.00322],[147.55075,-37.00364],[147.5511,-37.00438],[147.55324,-37.0044],[147.55406,-37.0047],[147.55538,-37.00436],[147.55582,-37.00438],[147.55596,-37.00467],[147.55575,-37.00509],[147.55571,-37.00548],[147.55601,-37.00585],[147.55661,-37.00616],[147.55764,-37.0058],[147.55862,-37.00514],[147.55973,-37.00506],[147.56141,-37.00463],[147.5617,-37.00478],[147.56128,-37.00596],[147.56135,-37.00611],[147.56156,-37.00615],[147.56331,-37.00548],[147.56436,-37.00436],[147.56497,-37.00414],[147.5655,-37.00428],[147.56658,-37.0049],[147.56682,-37.00519],[147.56735,-37.0065],[147.56813,-37.00755],[147.56806,-37.00865],[147.56899,-37.0107],[147.56933,-37.0112],[147.56925,-37.01166],[147.56808,-37.01314],[147.56798,-37.01349],[147.56825,-37.01528],[147.56874,-37.01583],[147.57054,-37.01646],[147.57159,-37.01659],[147.5728,-37.01653],[147.57342,-37.01667],[147.57397,-37.01696],[147.57479,-37.01796],[147.57974,-37.01901],[147.58071,-37.01902],[147.58576,-37.01831],[147.58625,-37.01838],[147.58666,-37.01865],[147.58682,-37.01894],[147.58686,-37.01975],[147.58728,-37.02038],[147.5869,-37.02117],[147.58688,-37.0215],[147.58742,-37.02204],[147.58754,-37.02234],[147.58746,-37.02255],[147.58674,-37.02302],[147.58664,-37.02341],[147.58701,-37.02378],[147.58845,-37.02411],[147.58875,-37.02492],[147.58967,-37.02542],[147.58971,-37.02575],[147.58904,-37.02685],[147.589,-37.02742],[147.58932,-37.02771],[147.58976,-37.02777],[147.59079,-37.0271],[147.59126,-37.02704],[147.59188,-37.02726],[147.59219,-37.02763],[147.59238,-37.03086],[147.59327,-37.03246],[147.59364,-37.03401],[147.5935,-37.03677],[147.59439,-37.04157],[147.59458,-37.0421],[147.59501,-37.04267],[147.59559,-37.04311],[147.59617,-37.04334],[147.59609,-37.04302],[147.59526,-37.04246],[147.5952,-37.04181],[147.59689,-37.03851],[147.59738,-37.03729],[147.59856,-37.03179],[147.5994,-37.02945],[147.59977,-37.02492],[147.59944,-37.02403],[147.596,-37.02092],[147.59288,-37.01844],[147.59243,-37.01778],[147.59223,-37.01432],[147.59217,-36.9975],[147.59242,-36.99692],[147.59487,-36.99342],[147.60308,-36.98062],[147.60583,-36.97083],[147.60578,-36.97021],[147.60508,-36.9687],[147.60494,-36.96772],[147.60597,-36.96289],[147.60612,-36.96176],[147.60617,-36.9591],[147.60764,-36.95508],[147.61003,-36.9492],[147.6101,-36.94872],[147.60994,-36.94828],[147.60934,-36.94773],[147.60652,-36.94689],[147.60577,-36.94599],[147.60571,-36.94575],[147.60588,-36.94554],[147.60895,-36.94441],[147.61123,-36.94267],[147.61261,-36.93586],[147.61277,-36.93553],[147.6144,-36.93453],[147.61449,-36.93432],[147.61306,-36.93261],[147.61195,-36.93159],[147.60985,-36.93149],[147.60882,-36.93156],[147.60865,-36.93151],[147.60837,-36.93102],[147.60753,-36.93113],[147.60681,-36.93106],[147.60621,-36.93077],[147.60593,-36.93089],[147.60619,-36.93159],[147.60596,-36.93183],[147.60481,-36.93229],[147.60434,-36.93266],[147.6035,-36.93257],[147.60306,-36.9323],[147.60252,-36.93296],[147.60192,-36.93328],[147.60083,-36.93347],[147.59982,-36.93338],[147.59929,-36.93368],[147.59797,-36.93341],[147.59743,-36.93314],[147.59688,-36.93261],[147.59491,-36.93206],[147.59431,-36.93204],[147.5908,-36.93276],[147.59051,-36.9327],[147.58943,-36.93203],[147.58885,-36.93065],[147.58772,-36.9297],[147.58685,-36.92844],[147.58685,-36.92773],[147.58735,-36.92705],[147.5874,-36.92663],[147.58665,-36.92694],[147.58566,-36.92642],[147.58397,-36.92589],[147.58252,-36.92571],[147.58074,-36.92526],[147.5802,-36.92497],[147.57986,-36.92458],[147.58039,-36.92392],[147.58036,-36.92335],[147.58022,-36.92317],[147.57725,-36.92255],[147.57603,-36.92244],[147.576,-36.92201],[147.57658,-36.92131],[147.57667,-36.92101],[147.57587,-36.91907],[147.57515,-36.91855],[147.57294,-36.91809],[147.57186,-36.91804],[147.57161,-36.91814],[147.57054,-36.91774],[147.56796,-36.91733],[147.56705,-36.91689],[147.56402,-36.91658],[147.56233,-36.91579],[147.56084,-36.91447],[147.55878,-36.91419],[147.55781,-36.91496],[147.55738,-36.91506],[147.55692,-36.9149],[147.55624,-36.91449],[147.55587,-36.91401],[147.55585,-36.9136],[147.55553,-36.91304],[147.55592,-36.91258],[147.55447,-36.91125],[147.55462,-36.91057],[147.55343,-36.90982],[147.55329,-36.90952],[147.55192,-36.90885],[147.55129,-36.9084],[147.55005,-36.90785],[147.54873,-36.90757],[147.54822,-36.90682],[147.54748,-36.9063],[147.54716,-36.90543],[147.54674,-36.90519],[147.54626,-36.90456],[147.54552,-36.90412],[147.54372,-36.90341],[147.5433,-36.90309],[147.54231,-36.90287],[147.54122,-36.90211],[147.5407,-36.9021],[147.54003,-36.9019],[147.5397,-36.90199],[147.53961,-36.90317],[147.53942,-36.90332],[147.53804,-36.90278],[147.53744,-36.90237],[147.53703,-36.90187],[147.53694,-36.90088],[147.53741,-36.90026],[147.5373,-36.89973],[147.53732,-36.8995],[147.53752,-36.89938],[147.53744,-36.89845],[147.53724,-36.89791],[147.53722,-36.89747],[147.53666,-36.89642],[147.53589,-36.89581],[147.53558,-36.89522],[147.53558,-36.89496],[147.53591,-36.89451],[147.53562,-36.8941],[147.53589,-36.89327],[147.53579,-36.8928],[147.53515,-36.89173],[147.53511,-36.89127],[147.53477,-36.89066],[147.5339,-36.88968],[147.53348,-36.88932],[147.53234,-36.8893],[147.5321,-36.88917],[147.53215,-36.88835],[147.53126,-36.88723],[147.53125,-36.88663],[147.53075,-36.88627],[147.53075,-36.88502],[147.53058,-36.88404],[147.53109,-36.88279],[147.53126,-36.88185],[147.53077,-36.88046],[147.53068,-36.87923],[147.53114,-36.87799],[147.5311,-36.87729],[147.53077,-36.87659],[147.53008,-36.87662],[147.52984,-36.87649],[147.52876,-36.87471],[147.52841,-36.87369],[147.52738,-36.8727],[147.5272,-36.87233],[147.52891,-36.87302],[147.53102,-36.87421],[147.53213,-36.87453],[147.53411,-36.87458],[147.53471,-36.87447]],[[147.59617,-37.04334],[147.59694,-37.0436],[147.59739,-37.04389],[147.59874,-37.04603],[147.5998,-37.04709],[147.60095,-37.04792],[147.60163,-37.049],[147.60163,-37.04983],[147.60128,-37.0508],[147.60127,-37.0512],[147.60158,-37.05236],[147.60204,-37.05327],[147.60217,-37.05398],[147.60179,-37.05558],[147.60189,-37.05595],[147.60293,-37.0576],[147.60302,-37.05883],[147.6033,-37.05982],[147.60317,-37.06043],[147.60263,-37.06119],[147.6025,-37.06169],[147.60261,-37.06213],[147.60352,-37.06364],[147.60362,-37.0641],[147.60301,-37.06709],[147.60358,-37.07064],[147.60334,-37.07326],[147.60213,-37.07686],[147.59953,-37.08073],[147.59928,-37.08134],[147.59923,-37.08217],[147.59942,-37.08426],[147.59879,-37.08653],[147.59889,-37.08767],[147.59914,-37.08857],[147.59911,-37.08927],[147.59894,-37.09065],[147.59836,-37.09185],[147.59761,-37.09316],[147.59575,-37.09545],[147.59432,-37.09874],[147.5934,-37.0994],[147.59277,-37.1004],[147.5912,-37.10066],[147.59097,-37.09998],[147.59021,-37.09964],[147.58991,-37.09896],[147.5896,-37.09892]]]},"properties":{"n":"High Country Backroad Tour - Glen Willis Loop","k":"drive","g":["4WD · 79 km return · 1–4 hrs · Easy (Green Circle)"],"d":"This drive is suitable for novice drivers in all-wheel drive and high range 4WDs. The Glen Willis Loop offers an intriguing mix of natural and cultural heritage, with numerous spots to stop, camp, fish, or kayak along the Mitta Mitta River. Start from Omeo, following Creek Street into town, then turn left onto Great Alpine Road. Continue onto Omeo Highway and turn right onto Omeo Valley Road, heading to Hinnomunjie Bridge. This historic 1910 bridge crosses the Mitta Mitta River providing access to nearby campgrounds. Continue on Omeo Valley Road, taking a left onto Knockers Track to reach Knockers Lookout for stunning views of the cleared valley from 1,477 meters. Return to Omeo Highway and…","a":"The tour starts at Omeo’s Livingstone Creek Park, heading north on Day Avenue and onto the Omeo Highway. Roads subject to ice and snow during winter, chains should be carried. Knocker Track is gravel with road subject to flooding and snowdrifts.","b":[147.45799,-37.10066,147.61449,-36.84024]}},{"type":"Feature","geometry":{"type":"MultiLineString","coordinates":[[[147.38604,-37.09269],[147.38263,-37.09264],[147.38165,-37.09248],[147.38094,-37.09192],[147.38069,-37.09123],[147.38071,-37.09094],[147.38086,-37.0906],[147.38144,-37.09003],[147.38339,-37.08951],[147.38406,-37.08893],[147.38438,-37.08818],[147.38448,-37.08709],[147.38503,-37.08593],[147.38523,-37.085],[147.38556,-37.08427],[147.38623,-37.08376],[147.38828,-37.08329],[147.3889,-37.08279],[147.38904,-37.08206],[147.38877,-37.08138],[147.38852,-37.08116],[147.38814,-37.08095],[147.38739,-37.08081],[147.38567,-37.08107],[147.38351,-37.08103],[147.38106,-37.08189],[147.37774,-37.08235],[147.37587,-37.08279],[147.37475,-37.08252],[147.37348,-37.08152],[147.37248,-37.08127],[147.36636,-37.08123],[147.36527,-37.08138],[147.36292,-37.08202],[147.36154,-37.08225],[147.35971,-37.08206],[147.35866,-37.0817],[147.35761,-37.08103],[147.35568,-37.0791],[147.35303,-37.07751],[147.3521,-37.07666],[147.35153,-37.07575],[147.35079,-37.07247],[147.35019,-37.07148],[147.3493,-37.07067],[147.34858,-37.07025],[147.34345,-37.06811],[147.33835,-37.06452],[147.33602,-37.0627],[147.33534,-37.06203],[147.33405,-37.0591],[147.33324,-37.05838],[147.33236,-37.05795],[147.33134,-37.05771],[147.32823,-37.05743],[147.32684,-37.05678],[147.32596,-37.05584],[147.32329,-37.05143],[147.32237,-37.05048],[147.32104,-37.04965],[147.31765,-37.04854],[147.31627,-37.04789],[147.31425,-37.0467],[147.31378,-37.04618],[147.31354,-37.0456],[147.31349,-37.04382],[147.31316,-37.04318],[147.31254,-37.04263],[147.31044,-37.04163],[147.30862,-37.04037],[147.30677,-37.03829],[147.30589,-37.03683],[147.30531,-37.03621],[147.30285,-37.03454],[147.29819,-37.03198],[147.29535,-37.03013],[147.28769,-37.02782],[147.287,-37.0277],[147.28347,-37.02761],[147.28189,-37.02741],[147.27897,-37.02678],[147.27591,-37.02569],[147.27231,-37.02602],[147.26987,-37.02579],[147.26918,-37.02534],[147.26847,-37.02417],[147.26783,-37.02361],[147.26579,-37.0228],[147.26441,-37.02191],[147.26374,-37.02132],[147.26255,-37.02072],[147.26176,-37.01999],[147.26087,-37.01968],[147.26007,-37.01971],[147.25859,-37.02011],[147.25588,-37.02166],[147.25194,-37.02321],[147.25022,-37.02351],[147.24946,-37.0235],[147.24835,-37.02321],[147.2449,-37.02098],[147.24394,-37.02056],[147.24273,-37.02049],[147.2383,-37.0211],[147.23529,-37.02078],[147.23505,-37.02107],[147.23467,-37.02269],[147.23441,-37.02307],[147.23453,-37.02351],[147.23607,-37.02465],[147.23625,-37.025],[147.23692,-37.02533],[147.23821,-37.02677],[147.23855,-37.02698],[147.23876,-37.02735],[147.23951,-37.0275],[147.23975,-37.02796],[147.23987,-37.02856],[147.24224,-37.02963],[147.24314,-37.02989],[147.24362,-37.03023],[147.2442,-37.03025],[147.2453,-37.03059],[147.24674,-37.03174],[147.24807,-37.03308],[147.24863,-37.03466],[147.24889,-37.03501],[147.24962,-37.0368],[147.25027,-37.03887],[147.25536,-37.0416],[147.25554,-37.04174],[147.25617,-37.04306],[147.25662,-37.04367],[147.25725,-37.04512],[147.25719,-37.04583],[147.25744,-37.04627],[147.25793,-37.04657],[147.25814,-37.04689],[147.25798,-37.04774],[147.2585,-37.04822],[147.25872,-37.0487],[147.25895,-37.04945],[147.2589,-37.04986],[147.25924,-37.0504],[147.25958,-37.05222],[147.25919,-37.05288],[147.25901,-37.05354],[147.25912,-37.05423],[147.25945,-37.05453],[147.25958,-37.05496],[147.25933,-37.05554],[147.25868,-37.05619],[147.25832,-37.05679],[147.2581,-37.05758],[147.25821,-37.05797],[147.25871,-37.05857],[147.2585,-37.05944],[147.25861,-37.06077],[147.25885,-37.06141],[147.25884,-37.06226],[147.25748,-37.06352],[147.25714,-37.06403],[147.25726,-37.06446],[147.25839,-37.06497],[147.25908,-37.06554],[147.25996,-37.06677],[147.26027,-37.06806],[147.26061,-37.06879],[147.26069,-37.06954],[147.26055,-37.06985],[147.25977,-37.07034],[147.25981,-37.07094],[147.26048,-37.07171],[147.26056,-37.07215],[147.26033,-37.07266],[147.26091,-37.07342],[147.26231,-37.07391],[147.2624,-37.07405],[147.2625,-37.07443],[147.2622,-37.07497],[147.26226,-37.07512],[147.26279,-37.0754],[147.26319,-37.07587],[147.26368,-37.07598],[147.26448,-37.07647],[147.26502,-37.07644],[147.2654,-37.07612],[147.26561,-37.07569],[147.26593,-37.07564],[147.26749,-37.07716],[147.26815,-37.07722],[147.26859,-37.07742],[147.26985,-37.07899],[147.27235,-37.08122],[147.27268,-37.08178],[147.27331,-37.08243],[147.27381,-37.08269],[147.27418,-37.08344],[147.27549,-37.084],[147.27622,-37.0845],[147.27762,-37.08504],[147.2779,-37.08527],[147.27791,-37.08548],[147.27756,-37.08612],[147.2776,-37.0865],[147.27815,-37.08744],[147.27851,-37.08769],[147.27855,-37.08788],[147.27815,-37.08841],[147.27704,-37.08846],[147.27665,-37.08872],[147.27659,-37.08899],[147.27693,-37.08962],[147.27823,-37.08958],[147.27936,-37.09],[147.28154,-37.0901],[147.28268,-37.08986],[147.2832,-37.08988],[147.28521,-37.09063],[147.28612,-37.09067],[147.28702,-37.09143],[147.28763,-37.09154],[147.2883,-37.09184],[147.28925,-37.09184],[147.28997,-37.09266],[147.29006,-37.09294],[147.28996,-37.09323],[147.2904,-37.09356],[147.29074,-37.09463],[147.29129,-37.09551],[147.29194,-37.09582],[147.29254,-37.09592],[147.29387,-37.09578],[147.29496,-37.096],[147.29691,-37.09766],[147.29767,-37.09929],[147.29835,-37.09962],[147.29899,-37.09968],[147.29918,-37.09957],[147.29987,-37.09855],[147.29971,-37.0976],[147.30024,-37.0974],[147.30102,-37.09754],[147.30205,-37.09856],[147.30318,-37.09893],[147.30397,-37.09938],[147.30508,-37.09949],[147.30626,-37.09889],[147.30701,-37.0988],[147.30716,-37.09891],[147.30707,-37.09998],[147.30734,-37.10036],[147.30725,-37.10082],[147.30768,-37.10114],[147.30874,-37.10106],[147.30973,-37.10079],[147.31106,-37.10084],[147.31164,-37.1004],[147.31348,-37.10014],[147.31435,-37.09961],[147.31535,-37.1003],[147.31596,-37.10041],[147.31711,-37.10028],[147.31855,-37.09927],[147.31951,-37.09911],[147.32017,-37.09939],[147.32119,-37.10014],[147.32282,-37.10057],[147.32357,-37.10129],[147.32389,-37.10142],[147.32525,-37.10159],[147.32706,-37.10225],[147.32955,-37.10247],[147.33067,-37.10301],[147.33392,-37.10305],[147.33443,-37.10325],[147.33578,-37.10333],[147.33871,-37.10451],[147.34079,-37.10493],[147.34224,-37.10543],[147.34576,-37.10694],[147.3468,-37.10722],[147.35254,-37.10578],[147.35492,-37.10446],[147.35557,-37.10442],[147.35604,-37.10456],[147.35631,-37.10479],[147.3569,-37.10486],[147.35826,-37.10345],[147.35957,-37.1035],[147.36009,-37.10333],[147.36086,-37.10271],[147.36177,-37.1023],[147.36286,-37.10214],[147.36369,-37.10253],[147.36365,-37.10181],[147.36335,-37.10137],[147.36403,-37.10106],[147.36427,-37.10079],[147.36464,-37.09942],[147.36492,-37.09895],[147.36872,-37.09793],[147.37008,-37.09782],[147.37168,-37.0979],[147.37644,-37.09672],[147.37992,-37.09603],[147.38427,-37.09416],[147.38533,-37.09313],[147.38604,-37.09269],[147.3872,-37.09278],[147.39693,-37.09508],[147.40327,-37.09588],[147.4079,-37.0951],[147.4111,-37.09555],[147.41403,-37.09522],[147.41642,-37.09536],[147.4199,-37.09525],[147.42093,-37.09536],[147.42179,-37.09583],[147.4224,-37.09505],[147.42331,-37.09486],[147.42393,-37.09514],[147.42443,-37.09496],[147.42445,-37.09444],[147.42466,-37.09387],[147.42464,-37.09335],[147.42489,-37.09307],[147.4255,-37.09287],[147.42609,-37.09319],[147.4264,-37.09365],[147.42681,-37.09351],[147.42709,-37.09362],[147.42709,-37.09395],[147.42637,-37.0949],[147.4265,-37.09509],[147.42699,-37.09515],[147.42765,-37.0955],[147.42981,-37.09533],[147.43024,-37.09515],[147.43103,-37.09475],[147.43151,-37.09424],[147.43296,-37.09363],[147.43319,-37.09336],[147.43459,-37.09259],[147.4349,-37.0923],[147.43541,-37.09243],[147.43622,-37.09222],[147.43801,-37.09203],[147.43858,-37.09219],[147.43853,-37.09262],[147.43933,-37.09302],[147.44014,-37.09283],[147.44043,-37.09289],[147.44078,-37.09329],[147.44157,-37.09315],[147.4418,-37.09296],[147.44191,-37.09256],[147.44243,-37.09243],[147.44365,-37.0916],[147.44452,-37.09132],[147.44471,-37.09114],[147.44537,-37.09123],[147.44654,-37.0908],[147.44908,-37.08931],[147.44963,-37.08906],[147.45009,-37.08902],[147.45031,-37.08819],[147.45093,-37.08765],[147.45189,-37.08718],[147.45267,-37.08714],[147.4535,-37.0874],[147.4539,-37.08811],[147.4545,-37.08825],[147.45544,-37.08793],[147.4562,-37.08797],[147.45692,-37.08745],[147.45757,-37.08746],[147.45818,-37.08727],[147.45905,-37.08727],[147.45981,-37.08708]],[[147.42179,-37.09583],[147.42246,-37.09656],[147.42395,-37.09686],[147.42455,-37.09748],[147.42441,-37.10028],[147.42463,-37.10106],[147.42507,-37.10161],[147.4259,-37.10227],[147.42814,-37.10325],[147.42889,-37.104],[147.42924,-37.10472],[147.42943,-37.10621],[147.43067,-37.11011],[147.43184,-37.11199],[147.43473,-37.11364],[147.43764,-37.11597],[147.43836,-37.11676],[147.43942,-37.11893],[147.44059,-37.11996],[147.44285,-37.12157],[147.4454,-37.12225],[147.45161,-37.12432],[147.45749,-37.12722],[147.46092,-37.12847],[147.46722,-37.1316],[147.47096,-37.13316],[147.47587,-37.13318],[147.4772,-37.1329],[147.47841,-37.13245],[147.47936,-37.13238],[147.48087,-37.13282],[147.482,-37.13333],[147.48345,-37.13366],[147.48458,-37.13442],[147.48582,-37.13489],[147.48688,-37.13502],[147.4923,-37.13508],[147.49328,-37.13501],[147.49401,-37.13478],[147.49475,-37.13422],[147.4954,-37.13345],[147.49629,-37.13293],[147.49823,-37.13255],[147.49949,-37.13206],[147.50004,-37.13197],[147.50069,-37.1322],[147.50115,-37.13341],[147.50353,-37.13579],[147.5042,-37.13605],[147.50563,-37.13611],[147.50688,-37.13679],[147.50751,-37.13688],[147.50817,-37.13672],[147.50868,-37.13636],[147.50901,-37.13529],[147.50951,-37.13469],[147.51066,-37.13414],[147.51167,-37.13326],[147.51344,-37.13293],[147.51499,-37.1319],[147.5159,-37.1317],[147.52412,-37.13132],[147.52518,-37.13112],[147.52749,-37.12984],[147.52967,-37.12829],[147.53105,-37.12796],[147.53156,-37.12717],[147.53204,-37.12691],[147.53268,-37.12691],[147.53487,-37.12766],[147.53638,-37.12873],[147.53736,-37.1288],[147.53882,-37.12848],[147.5393,-37.12809],[147.53946,-37.12774],[147.53943,-37.12734],[147.53905,-37.12669],[147.5379,-37.12543],[147.53779,-37.12509],[147.53792,-37.1247],[147.54314,-37.12133],[147.54502,-37.11831],[147.54568,-37.11792],[147.54666,-37.11787],[147.54879,-37.11875],[147.55032,-37.11897],[147.55087,-37.11887],[147.55142,-37.11847],[147.55184,-37.11834],[147.55378,-37.11838],[147.55449,-37.11827],[147.5548,-37.11806],[147.5556,-37.11706],[147.5574,-37.11704],[147.55776,-37.11688],[147.55789,-37.11675],[147.55793,-37.11637],[147.55768,-37.11561],[147.55798,-37.11524],[147.55923,-37.11517],[147.56026,-37.11479],[147.56125,-37.1149],[147.56293,-37.114],[147.56323,-37.11368],[147.56342,-37.112],[147.56386,-37.11173],[147.56448,-37.11172],[147.5653,-37.11201],[147.56628,-37.11274],[147.56678,-37.11348],[147.56716,-37.11371],[147.56774,-37.11381],[147.56917,-37.11364],[147.57054,-37.11408],[147.57154,-37.11398],[147.57302,-37.11318],[147.57406,-37.11309],[147.57567,-37.11317],[147.57721,-37.11267],[147.57771,-37.11228],[147.578,-37.11158],[147.57741,-37.10987],[147.57752,-37.10937],[147.5779,-37.10902],[147.5794,-37.10835],[147.58063,-37.10705],[147.58127,-37.10622],[147.58171,-37.10531],[147.58196,-37.10438],[147.58232,-37.10385],[147.58449,-37.10294],[147.5866,-37.10279],[147.58776,-37.10249],[147.58843,-37.10215],[147.58999,-37.10087],[147.5912,-37.10066],[147.59097,-37.09998],[147.59021,-37.09964],[147.58991,-37.09896],[147.5896,-37.09892]]]},"properties":{"n":"High Country Backroad Tour - Dinner Plain","k":"drive","g":["4WD · 99 km return · 4+ hrs · Medium (Blue Square)"],"d":"For 4WDs and drivers with some 4WD experience or training. Dinner Plain Loop explores the back roads and walking tracks of Dinner Plain (subject to winter seasonal closures). There are walks and waterfalls to see with some spectacular views and you will cross Victoria River, a river which was subject to Victoria's first hydroelectric plant, built in 1908. The loop begins at Omeo’s Livingstone Creek Park, which offers mountain bike trails, picnic tables, and overnight camping facilities. From there, head onto Creek Street and then turn right onto Great Alpine Road toward Dinner Plain Village. This distinctive village, established in 1986, is Australia’s only freehold land above the snowline.…","a":"The tour starts at Omeo’s Livingstone Creek Park, heading southwest out of Omeo on the Great Alpine Road.","b":[147.23441,-37.13688,147.5912,-37.01968]}},{"type":"Feature","geometry":{"type":"MultiLineString","coordinates":[[[146.24824,-37.60971],[146.2487,-37.61077],[146.24889,-37.61185],[146.24921,-37.61251],[146.25044,-37.61341],[146.25096,-37.61348],[146.25176,-37.61324],[146.2527,-37.6142],[146.25396,-37.61468],[146.25464,-37.61527],[146.25541,-37.61569],[146.25611,-37.61687],[146.25663,-37.61721],[146.25662,-37.61758],[146.25743,-37.61843],[146.25752,-37.61888],[146.25819,-37.61923],[146.25848,-37.62027],[146.25869,-37.62038],[146.25971,-37.62021],[146.26073,-37.62094],[146.26164,-37.62083],[146.26218,-37.62096],[146.26292,-37.62152],[146.2636,-37.6228],[146.26496,-37.62347],[146.26595,-37.62505],[146.26629,-37.62529],[146.2667,-37.62531],[146.26694,-37.62513],[146.26702,-37.62406],[146.26719,-37.62377],[146.26806,-37.62292],[146.26827,-37.62287],[146.26839,-37.62299],[146.26808,-37.62404],[146.26854,-37.62459],[146.26854,-37.62521],[146.26896,-37.62554],[146.27022,-37.6261],[146.27037,-37.62639],[146.26965,-37.62728],[146.27013,-37.62832],[146.27122,-37.62947],[146.27121,-37.62965],[146.27081,-37.62991],[146.27222,-37.63024],[146.27246,-37.63056],[146.27252,-37.63114],[146.27219,-37.63141],[146.27189,-37.63146],[146.271,-37.63103],[146.2711,-37.63172],[146.27073,-37.63209],[146.27064,-37.63239],[146.27112,-37.63284],[146.27018,-37.63277],[146.26999,-37.63251],[146.26991,-37.63166],[146.26971,-37.63163],[146.26863,-37.63226],[146.2681,-37.63209],[146.26833,-37.6325],[146.26897,-37.63266],[146.26903,-37.63312],[146.26954,-37.63355],[146.26973,-37.63416],[146.27035,-37.63466],[146.27043,-37.63511],[146.2702,-37.63544],[146.27012,-37.63607],[146.27057,-37.6371],[146.27173,-37.63748],[146.27335,-37.63757],[146.27363,-37.63783],[146.27419,-37.63892],[146.27508,-37.63953],[146.2755,-37.63964],[146.27678,-37.63931],[146.2785,-37.64051],[146.27961,-37.64046],[146.27945,-37.64147],[146.28111,-37.64225],[146.2818,-37.64233],[146.28217,-37.6427],[146.28254,-37.64342],[146.28277,-37.64426],[146.28266,-37.64476],[146.28324,-37.64514],[146.28421,-37.64554],[146.28487,-37.64552],[146.28524,-37.6457],[146.28548,-37.646],[146.28551,-37.64691],[146.28627,-37.64792],[146.28734,-37.64769],[146.28856,-37.6479],[146.28887,-37.64803],[146.28959,-37.64892],[146.29061,-37.64921],[146.2911,-37.64953],[146.29158,-37.65035],[146.29176,-37.65034],[146.2922,-37.64994],[146.29264,-37.65016],[146.29314,-37.65099],[146.29267,-37.65188],[146.29265,-37.65234],[146.29286,-37.65281],[146.29375,-37.65319],[146.29382,-37.65348],[146.29368,-37.65374],[146.29392,-37.65434],[146.2948,-37.6549],[146.29558,-37.65517]],[[146.34304,-37.61853],[146.34402,-37.6197],[146.34487,-37.6205],[146.34529,-37.62128],[146.34567,-37.62166],[146.34625,-37.62305],[146.34597,-37.62381],[146.34493,-37.62454],[146.3428,-37.62531],[146.34172,-37.62612],[146.34053,-37.62636],[146.33935,-37.6262],[146.33815,-37.6268],[146.33795,-37.62728],[146.33669,-37.62653],[146.3363,-37.6266],[146.33619,-37.62696],[146.33656,-37.62782],[146.33656,-37.62812],[146.33542,-37.63021],[146.33221,-37.63314],[146.33131,-37.63337],[146.33047,-37.63342],[146.32954,-37.63315],[146.32875,-37.63398],[146.32679,-37.63457],[146.32538,-37.63579],[146.32222,-37.63609],[146.32154,-37.63579],[146.32012,-37.63458],[146.31846,-37.63385],[146.31767,-37.63265],[146.31727,-37.63257],[146.31594,-37.63419],[146.31579,-37.63452],[146.31571,-37.63535],[146.31538,-37.6359],[146.31479,-37.63622],[146.31502,-37.63665],[146.31464,-37.63668],[146.31347,-37.63614],[146.31232,-37.63618],[146.31182,-37.63601],[146.31188,-37.63544],[146.31222,-37.63516],[146.3121,-37.6351],[146.31137,-37.63542],[146.31039,-37.63651],[146.31063,-37.63673],[146.31117,-37.63692],[146.31198,-37.63696],[146.31282,-37.63719],[146.31308,-37.63795],[146.31393,-37.63803],[146.3141,-37.63884],[146.31547,-37.63917],[146.31542,-37.63946],[146.31478,-37.64001],[146.3139,-37.6403],[146.31189,-37.64028],[146.31151,-37.64052],[146.31084,-37.64004],[146.31032,-37.63992],[146.30993,-37.63999],[146.30969,-37.64075],[146.30894,-37.64056],[146.30856,-37.64059],[146.30796,-37.64119],[146.30754,-37.64138],[146.30675,-37.64147],[146.30583,-37.642],[146.30555,-37.64259],[146.30498,-37.64329],[146.30607,-37.64383],[146.3056,-37.64461],[146.30568,-37.64509],[146.30444,-37.6455],[146.30431,-37.64606],[146.30391,-37.64608],[146.30306,-37.64554],[146.30247,-37.64539],[146.30071,-37.64563],[146.29966,-37.64613],[146.29941,-37.64649],[146.29937,-37.64691],[146.29947,-37.64709],[146.30077,-37.64764],[146.29951,-37.64886],[146.29933,-37.64927],[146.29944,-37.64962],[146.30031,-37.65003],[146.30036,-37.65016],[146.29936,-37.65067],[146.29921,-37.65085],[146.29916,-37.65124],[146.2986,-37.65149],[146.29817,-37.65192],[146.29766,-37.65275],[146.29732,-37.65381],[146.29737,-37.65431],[146.29702,-37.65482],[146.29642,-37.65486],[146.29647,-37.65532],[146.29634,-37.65548],[146.29596,-37.65542],[146.29558,-37.65517],[146.29557,-37.65549],[146.2967,-37.65596],[146.29682,-37.65633],[146.29715,-37.65644],[146.29799,-37.65717],[146.29852,-37.65735],[146.29829,-37.65753],[146.29827,-37.65775],[146.29902,-37.65778],[146.30039,-37.65852],[146.30121,-37.65863],[146.30191,-37.65848],[146.3028,-37.65868],[146.30363,-37.65903],[146.30414,-37.65947],[146.30451,-37.66023],[146.30531,-37.66047],[146.30583,-37.66088],[146.30606,-37.66132],[146.30719,-37.66192],[146.30694,-37.66242],[146.307,-37.66266],[146.30739,-37.6624],[146.3076,-37.66243],[146.30849,-37.66312],[146.30847,-37.6643],[146.30882,-37.6648],[146.30942,-37.6653],[146.30938,-37.66556],[146.30948,-37.66571],[146.31076,-37.66593],[146.31205,-37.66632],[146.31213,-37.66678],[146.31163,-37.66727],[146.31248,-37.66812],[146.31289,-37.66828],[146.31376,-37.66943],[146.31365,-37.6713],[146.31434,-37.67191],[146.3143,-37.67234],[146.31466,-37.67295],[146.3142,-37.67345],[146.31411,-37.67373],[146.31421,-37.67415],[146.31448,-37.67452],[146.31428,-37.67469],[146.31497,-37.67487],[146.3149,-37.6756],[146.31519,-37.6757],[146.31542,-37.67596]]]},"properties":{"n":"Aberfeldy Backroad Tour - Jordan Valley - Victor Spur Alt Route","k":"drive","g":["4WD · 22 km one way · 4+ hrs · Medium (Blue Square)"],"d":"For 4WDs and drivers with some 4WD experience or training. This side trip turns left off Walhalla Road onto Victor Spur Track, entering the Thomson Water Supply Catchment and towards the historic townships of Red Jacket and Jericho. Continue southwest to cross the bridge over the Jordan River. Turn left after the bridge onto Red Jacket Track, passing the old school site on the way to Blue Jacket. After Blue Jacket, continue onto Violet Town, also known as Jollys as it was founded by George and Mary Jolly in 1862, who grew fruit trees and vegetables. Retrace your steps to Red Jacket, its Red Jacket church, hotel, post office and sports ground and visit the historic Red Jacket Cemetery with…","a":"Turn left off Walhalla Road onto Victor Spur Track to commence this side trip.","b":[146.24824,-37.67596,146.34625,-37.60971]}},{"type":"Feature","geometry":{"type":"MultiLineString","coordinates":[[[147.44648,-37.30827],[147.44698,-37.30885],[147.4476,-37.31001],[147.44812,-37.31047],[147.44874,-37.3107],[147.44917,-37.31101],[147.45092,-37.3129],[147.45147,-37.31389],[147.45186,-37.31405],[147.45297,-37.31525],[147.45388,-37.31661],[147.45409,-37.31715],[147.45415,-37.31882],[147.45502,-37.31946],[147.45629,-37.32011],[147.45665,-37.32052],[147.45694,-37.32269],[147.45757,-37.3234],[147.45764,-37.32458],[147.45795,-37.3252],[147.45823,-37.32646],[147.45904,-37.32784],[147.45955,-37.32823],[147.46045,-37.32835],[147.46127,-37.32828],[147.46271,-37.3288],[147.46345,-37.32922],[147.46454,-37.32954],[147.46606,-37.33079],[147.46704,-37.33142],[147.46748,-37.33217],[147.46823,-37.33248],[147.46872,-37.33318],[147.46929,-37.33351],[147.47037,-37.33465],[147.47209,-37.33536],[147.47277,-37.33625],[147.47356,-37.33681],[147.47352,-37.33769],[147.47274,-37.33838],[147.47297,-37.3389],[147.47293,-37.33938],[147.47312,-37.3398],[147.4733,-37.33993],[147.47407,-37.33996],[147.47495,-37.33962],[147.47536,-37.33964],[147.47606,-37.34009],[147.47629,-37.34037],[147.47654,-37.34128],[147.4773,-37.34152],[147.47931,-37.34326],[147.47977,-37.34393],[147.47985,-37.34553],[147.48122,-37.34719],[147.48178,-37.34757],[147.48279,-37.34754],[147.48347,-37.34728],[147.48381,-37.34681],[147.48439,-37.34535],[147.48474,-37.3452],[147.48554,-37.34546],[147.48617,-37.34613],[147.48811,-37.34742],[147.48977,-37.34748],[147.49111,-37.34723],[147.49195,-37.34735],[147.4924,-37.34724],[147.49253,-37.34711],[147.49263,-37.34553],[147.49235,-37.34455],[147.49184,-37.34403],[147.49168,-37.34332],[147.49148,-37.34297],[147.49063,-37.34228],[147.48902,-37.34132],[147.48887,-37.34113],[147.48886,-37.34067],[147.48917,-37.34042],[147.4906,-37.34059],[147.49111,-37.34121],[147.4917,-37.34169],[147.49321,-37.34215],[147.4937,-37.34202],[147.49443,-37.34205],[147.4954,-37.3425],[147.49637,-37.34269],[147.49695,-37.34215],[147.49817,-37.3415],[147.49887,-37.34035],[147.49953,-37.33997],[147.50018,-37.33934],[147.50038,-37.33867],[147.49901,-37.33758],[147.49912,-37.33681],[147.49836,-37.33622],[147.49797,-37.33548],[147.49744,-37.33484],[147.4974,-37.33428],[147.497,-37.33398],[147.49691,-37.33354],[147.49699,-37.33317],[147.49723,-37.3329],[147.49769,-37.33283],[147.49804,-37.33304],[147.50008,-37.33341],[147.50256,-37.33323],[147.50352,-37.33332],[147.50425,-37.33301],[147.50451,-37.33302],[147.50525,-37.33349],[147.50673,-37.33402],[147.50771,-37.33423],[147.50821,-37.33429],[147.51045,-37.33401],[147.51122,-37.33407],[147.51208,-37.33442],[147.51296,-37.33501],[147.51374,-37.33509],[147.5156,-37.33575],[147.51732,-37.33582],[147.51803,-37.33601],[147.51878,-37.33599],[147.51937,-37.33617],[147.52018,-37.33623],[147.52152,-37.33608],[147.52275,-37.33547],[147.52457,-37.33501],[147.52562,-37.33421],[147.52688,-37.33274],[147.5272,-37.33262],[147.52816,-37.33259],[147.52892,-37.33219],[147.53032,-37.33093],[147.53133,-37.32976],[147.53186,-37.32961],[147.53322,-37.32979],[147.53395,-37.32955],[147.53506,-37.32848],[147.53531,-37.32731],[147.53585,-37.32633],[147.53676,-37.32561],[147.53884,-37.32635],[147.53974,-37.3265],[147.54179,-37.32639],[147.5432,-37.32592],[147.5488,-37.32694],[147.55235,-37.32706],[147.55455,-37.32772],[147.55795,-37.32928],[147.56105,-37.32927],[147.56185,-37.32962],[147.56455,-37.33135],[147.56899,-37.33299],[147.57178,-37.33521],[147.572,-37.33559],[147.5721,-37.33616],[147.57201,-37.33819],[147.5715,-37.33921],[147.57117,-37.34033],[147.57096,-37.3407],[147.57004,-37.34141],[147.56951,-37.34201],[147.56781,-37.34445],[147.56754,-37.34548],[147.56712,-37.34588],[147.56649,-37.34629],[147.5656,-37.34661],[147.56484,-37.34664],[147.56324,-37.34634],[147.5616,-37.34663],[147.55982,-37.34673],[147.55647,-37.3479]],[[147.49321,-37.34215],[147.49437,-37.34267],[147.49531,-37.34343],[147.4955,-37.34394],[147.49602,-37.34469],[147.49666,-37.34514],[147.49719,-37.34589],[147.49751,-37.34662],[147.49765,-37.3475],[147.49819,-37.34839],[147.49899,-37.34909],[147.49976,-37.34947],[147.50007,-37.34995],[147.50024,-37.35076],[147.50154,-37.35155],[147.50196,-37.35164],[147.50275,-37.35125],[147.50381,-37.35162],[147.50436,-37.35107],[147.50496,-37.35086],[147.50587,-37.35104],[147.50782,-37.35113],[147.50862,-37.35173],[147.50887,-37.35176],[147.50978,-37.35117],[147.51123,-37.35051],[147.5126,-37.35044],[147.51284,-37.35047],[147.51371,-37.35115],[147.51415,-37.35133],[147.51459,-37.35129],[147.51576,-37.35073],[147.51764,-37.35098],[147.51795,-37.35122],[147.51817,-37.35169],[147.5182,-37.35263],[147.51861,-37.35285],[147.52006,-37.35284],[147.52085,-37.35338],[147.52063,-37.35418],[147.52006,-37.35506],[147.52005,-37.35598],[147.52056,-37.35692],[147.52072,-37.35832],[147.52215,-37.35891],[147.52279,-37.35959],[147.5229,-37.36069],[147.52223,-37.36241],[147.52237,-37.36296],[147.52268,-37.36318],[147.52347,-37.36334],[147.52378,-37.36332],[147.52472,-37.36281],[147.52522,-37.36285],[147.52584,-37.36347],[147.52611,-37.36434],[147.52561,-37.36552],[147.52558,-37.36581],[147.52571,-37.36593],[147.52621,-37.36606],[147.52746,-37.36686],[147.52899,-37.36732],[147.52945,-37.36736],[147.53058,-37.36714],[147.53131,-37.36726],[147.5321,-37.36769],[147.53267,-37.36858],[147.53303,-37.36863],[147.5338,-37.36916],[147.53504,-37.36946],[147.53608,-37.37019],[147.53664,-37.3704],[147.53797,-37.37166],[147.53806,-37.37255],[147.53791,-37.37295],[147.53798,-37.37329],[147.53865,-37.37372],[147.53948,-37.37455],[147.53983,-37.37547]]]},"properties":{"n":"High Country Backroad Tour - Dargo to Swifts Creek - Wentworth Falls","k":"drive","g":["4WD · 28 km one way · 1–4 hrs · Difficult (Black Diamond)"],"d":"For 4WDs and drivers with reasonable 4WD experience or 4WD training. This side trip off the main High Country Backroad Tour - Dargo to Swifts Creek detours to the headwaters of the Wentworth River and a challenging 3km return walk down to the spectacular Wentworth Falls. After the falls walk, return along McDonalds Road for 8.5km to King Street, turn left and travel 1.4km to Wentworth River and its understory of Omeo Gum (Eucalyptus neglecta). Continue along King St for a further 200 metres to the Jirnkee Water Race. This water race is renowned for its impressive length of 56 miles (90 kilometres) and was built during the gold mining boom in 1889/90 to bring water from the Wentworth River…","a":"From McDonald/Baldhead Rd, turn left onto McDonald Rd towards McDonald Hut. Continue for another 7.2 km to reach Wentworth Falls.","b":[147.44648,-37.37547,147.5721,-37.30827]}},{"type":"Feature","geometry":{"type":"MultiLineString","coordinates":[[[145.7454,-37.86037],[145.74455,-37.86055],[145.74449,-37.86073],[145.74471,-37.86075]],[[145.7454,-37.86037],[145.74509,-37.86078],[145.74517,-37.86112],[145.748,-37.86216],[145.75087,-37.86277],[145.75288,-37.86305],[145.75328,-37.86342],[145.75319,-37.86379],[145.75298,-37.86404],[145.75389,-37.86418],[145.75695,-37.8655],[145.75885,-37.86575],[145.75921,-37.8656],[145.75933,-37.86541],[145.76066,-37.8653],[145.76151,-37.86503],[145.7623,-37.86414],[145.76286,-37.86402],[145.76299,-37.86379],[145.76323,-37.86277],[145.76308,-37.8622],[145.7628,-37.86174],[145.76302,-37.86124],[145.76307,-37.86039],[145.76298,-37.86012],[145.76273,-37.86005],[145.7626,-37.85984],[145.76245,-37.85954],[145.76251,-37.85924],[145.76236,-37.85925],[145.76236,-37.85898],[145.76182,-37.85818],[145.76154,-37.85703],[145.76172,-37.85669],[145.76154,-37.85602],[145.76125,-37.85562],[145.76113,-37.8552],[145.76093,-37.8551],[145.76098,-37.85459],[145.76043,-37.85368],[145.7604,-37.85267],[145.75998,-37.85168],[145.76006,-37.85132]],[[145.7454,-37.86037],[145.74572,-37.8601],[145.74666,-37.85984],[145.7474,-37.85913],[145.74921,-37.85925],[145.74976,-37.85954],[145.75063,-37.8597],[145.75275,-37.85914],[145.75646,-37.85893],[145.75665,-37.85881],[145.75704,-37.85801],[145.75826,-37.85727],[145.75817,-37.85663],[145.75755,-37.85595],[145.75733,-37.85544],[145.75725,-37.85467],[145.75743,-37.85379],[145.75843,-37.85307],[145.75862,-37.85278],[145.75867,-37.85237],[145.75856,-37.85198],[145.75821,-37.85156],[145.75927,-37.85127],[145.76006,-37.85132]],[[145.76006,-37.85132],[145.7601,-37.85108],[145.75993,-37.85089]]]},"properties":{"n":"Reids Tramline Walk","k":"walk","g":["Walk · 6 km return · 1–4 hrs · Grade 4"],"x":"Bushwalking experience recommended","t":"Formed track some obstacles · Short steep hills · Many steps · Limited signage","d":"This walk follows a historic tramline where horses and later, steam locomotives once hauled logs out of the forest. Begin at the Powelltown picnic area across from the DELWP office. Follow the signs to cross the Little Yarra River and head up the stairs to access the old Reids Tramline route. Along the walk you will come across parts of the old tramway and relics of an old timber mill, before exiting the bush and walking west back into town. Within the township you will pass many historic buildings including The Uniting Church and the area's last operating timber mill.","a":"From Melbourne head out along the Maroondah Highway to Lilydale. Past Lilydale, head right onto Warburton Highway. At the township of Yarra Junction, turn right at the traffic lights onto the Yarra Junction-Noojee Road and travel 15km to Powelltown. The walk commences at the Powelltown Picnic ground across the road from the DELWP office.","b":[145.74449,-37.86575,145.76323,-37.85089]}},{"type":"Feature","geometry":{"type":"MultiLineString","coordinates":[[[145.74546,-37.51607],[145.74548,-37.51635],[145.74521,-37.51667],[145.74539,-37.51684],[145.74527,-37.51723],[145.74542,-37.51743],[145.7451,-37.51772],[145.7454,-37.51807],[145.74459,-37.51808],[145.74446,-37.51828],[145.7445,-37.51869],[145.74389,-37.51881],[145.74374,-37.51923],[145.74343,-37.51919],[145.74331,-37.51894],[145.74363,-37.51857],[145.74367,-37.5181],[145.74398,-37.51756],[145.74423,-37.5174],[145.74489,-37.51734],[145.7448,-37.51696],[145.74497,-37.51657],[145.74495,-37.51626],[145.74519,-37.51581],[145.74561,-37.51564]],[[145.74546,-37.51607],[145.74531,-37.51612],[145.74527,-37.51599],[145.74561,-37.51564]],[[145.74561,-37.51564],[145.74598,-37.5152],[145.74634,-37.51532]],[[145.74634,-37.51532],[145.74603,-37.51542],[145.74546,-37.51607]],[[145.74745,-37.51464],[145.74708,-37.51504],[145.74634,-37.51532]]]},"properties":{"n":"Beauty Spot Nature Trail Long Loop","k":"walk","g":["Walk · 1.4 km return · 40 min · Grade 2.1"],"x":"No experience required","t":"Well formed track · Flat · No steps · Clearly sign posted","d":"This easy nature trail has long been one of Marysville’s most loved short walks. The trail follows winding Leary Creek, deep among the tree fern groves that are a feature of this walk. Beauty Spot is noted for its abundant bird life, which is at its noisy best at dusk and dawn. A number of interpretive signs along the trail highlight the flora and fauna that inhabit the forest.","a":"Beauty Spot Trail can be found on Kings road in Marysville. From the Information Centre in Marysville take Pack road to the end and turn right into Kings road. The Beauty Spot carpark can be found on your right.","b":[145.74331,-37.51923,145.74745,-37.51464]}},{"type":"Feature","geometry":{"type":"MultiLineString","coordinates":[[[145.73635,-37.51108],[145.73635,-37.51108]],[[145.7393,-37.51038],[145.7389,-37.51058],[145.73635,-37.51108]]]},"properties":{"n":"Gilberts Gully Trail","k":"walk","g":["Walk · 2.2 km return · 27 min · Grade 2.2"],"x":"No experience required","t":"Formed track · Gentle hills · No steps · Clearly sign posted","d":"Tucked away in the Wilks Creek Valley below Mt Gordon, this gentle circuit walk is easily accessible from the centre of Marysville. The walk passes through a dry mixed species forest before crossing a wetland on boardwalks and steel bridges.","a":"The start of the walk is located near the junction of Aubrey Cuzens Drive and Barton Ave, 250m from the centre of Marysville. Follow Gilberts Gully Trail for 300m to a junction. The circuit can be followed in either direction from this point.","b":[145.73635,-37.51108,145.7393,-37.51038]}},{"type":"Feature","geometry":{"type":"MultiLineString","coordinates":[[[145.7607,-37.52181],[145.76087,-37.52122],[145.76172,-37.52094],[145.76262,-37.52032],[145.76319,-37.52045],[145.76434,-37.52118],[145.76543,-37.52141],[145.76638,-37.5219],[145.76691,-37.52201],[145.76804,-37.52197],[145.76871,-37.52219],[145.77013,-37.52236],[145.77209,-37.52236],[145.77349,-37.52262],[145.77396,-37.52283],[145.77405,-37.52345],[145.77379,-37.52392],[145.77325,-37.52417],[145.77262,-37.52475],[145.77275,-37.5252],[145.77346,-37.52615],[145.7725,-37.52821],[145.77242,-37.52873],[145.77245,-37.52917],[145.77294,-37.53037],[145.7726,-37.53127],[145.77259,-37.53196],[145.77303,-37.53232],[145.77286,-37.53225],[145.7729,-37.53243],[145.77222,-37.53232],[145.77204,-37.5324],[145.77243,-37.53257],[145.77266,-37.5329],[145.77229,-37.53271],[145.77183,-37.5327],[145.77213,-37.53279],[145.77261,-37.53327],[145.77193,-37.53302],[145.77259,-37.53364],[145.77356,-37.53358],[145.77421,-37.53372],[145.77474,-37.53366],[145.7748,-37.53378],[145.77337,-37.53408],[145.77271,-37.53458],[145.77126,-37.53404],[145.76957,-37.53379],[145.76944,-37.53352],[145.76952,-37.53196],[145.7684,-37.53046],[145.7681,-37.52939],[145.76704,-37.52835],[145.76626,-37.52804],[145.76572,-37.52822],[145.76469,-37.52831],[145.76425,-37.52849],[145.76389,-37.52913],[145.76297,-37.52979],[145.76242,-37.5297],[145.76196,-37.52895],[145.76131,-37.52884],[145.76101,-37.52906],[145.76063,-37.52984],[145.75999,-37.53024],[145.76056,-37.53147],[145.76033,-37.53215],[145.76066,-37.53228],[145.76088,-37.53344],[145.76086,-37.53436],[145.76126,-37.53522],[145.76144,-37.53668],[145.76123,-37.53841],[145.76144,-37.53924],[145.76053,-37.53921],[145.75996,-37.53955],[145.75926,-37.53934],[145.75902,-37.53778],[145.75845,-37.53679],[145.75792,-37.53634],[145.75762,-37.5364],[145.75756,-37.53662],[145.75726,-37.53682],[145.757,-37.53747],[145.75667,-37.53766],[145.7555,-37.53749],[145.75487,-37.53714],[145.75375,-37.53562],[145.7534,-37.53563],[145.75314,-37.53542],[145.75215,-37.53504],[145.7514,-37.5345],[145.75051,-37.53424],[145.75124,-37.53397],[145.75203,-37.53389],[145.75208,-37.53377],[145.75174,-37.53346],[145.75112,-37.53319],[145.75009,-37.53307],[145.74951,-37.53286],[145.74935,-37.53266],[145.74945,-37.53251],[145.75021,-37.53233],[145.75047,-37.53189],[145.75142,-37.53153],[145.75186,-37.53158],[145.75263,-37.53044],[145.75315,-37.53041],[145.75344,-37.5307],[145.75429,-37.53074],[145.75433,-37.53053],[145.75411,-37.52952],[145.75394,-37.5293],[145.75368,-37.52782],[145.75408,-37.52692],[145.75376,-37.52622],[145.75377,-37.52556],[145.7541,-37.52548],[145.75428,-37.52521],[145.75459,-37.52512],[145.75541,-37.52542],[145.75572,-37.52537],[145.75587,-37.52521],[145.75593,-37.52459],[145.75637,-37.52401],[145.75638,-37.52361],[145.75678,-37.52328],[145.75729,-37.52294],[145.75798,-37.52289],[145.75868,-37.52248],[145.75977,-37.52226],[145.75997,-37.52189],[145.76068,-37.52183]],[[145.77475,-37.53366],[145.77514,-37.53362],[145.77506,-37.53351]]]},"properties":{"n":"Keppel Lookout Trail","k":"walk","g":["Walk · 11 km return · 3.5 hrs · Grade 4"],"x":"Bushwalking experience recommended","t":"Formed track some obstacles · Very steep · Many steps · Sign posted","d":"The most challenging walk in the area, Keppel Lookout Trail climbs through Mountain Ash and Stringybark forest to visit four of Marysville's best lookouts. There are spectacular views across Marysville, Cathedral Range State Park and Steavenson Falls. The trail is fairly uneven and steep in places and walkers need to be self sufficient with food and water and wear sturdy footwear. The walk is best done in an anticlockwise direction, first crossing Robertson Gully before climbing steadily up to Keppel Lookout. The trail then traverses around the ridge passing Oxlee and De La Rue Lookouts before reaching the top of Steavenson Falls, before descending down to the base of Steavenson Falls.","a":"Start at the trailhead located on Falls Road (alternatively the walk can be started from Marysville by taking the Tree Fern Gully Walk towards Steavenson Falls, to join with the Keppel Lookout Trail). Once you complete the loop walk down to the base of Steavenson Falls, follow the Tree Fern Gully Walk back towards Marysville, before turning left on the loop track about 200m after you cross Yellow Dog Road, to return to the carpark.","b":[145.74935,-37.53955,145.77514,-37.52032]}},{"type":"Feature","geometry":{"type":"MultiLineString","coordinates":[[[145.7598,-37.50149],[145.7607,-37.50113],[145.76163,-37.50125],[145.76236,-37.50109],[145.76363,-37.49941],[145.76357,-37.49918],[145.76411,-37.49802],[145.7643,-37.49778],[145.76462,-37.49779],[145.76471,-37.49757],[145.76495,-37.49759],[145.7649,-37.4974],[145.7644,-37.49695],[145.76401,-37.49684],[145.76394,-37.49701],[145.76245,-37.49737],[145.76212,-37.49802],[145.76073,-37.49934],[145.76041,-37.50016],[145.75998,-37.50064],[145.75988,-37.50119]],[[145.75988,-37.50119],[145.75963,-37.50217],[145.75982,-37.50292],[145.75973,-37.50305],[145.7592,-37.50315],[145.75882,-37.5034],[145.7583,-37.50422],[145.75788,-37.50535],[145.75779,-37.50605],[145.75724,-37.50721],[145.75661,-37.50805],[145.75661,-37.50874],[145.7572,-37.509],[145.75758,-37.50888]],[[145.75988,-37.50119],[145.75949,-37.50119],[145.75936,-37.5015],[145.75822,-37.50241],[145.75791,-37.50304],[145.75711,-37.50387],[145.75695,-37.50485],[145.75664,-37.50531],[145.75651,-37.50631],[145.7561,-37.50746],[145.75611,-37.50807],[145.75579,-37.50839],[145.75578,-37.50874],[145.75561,-37.50896],[145.75573,-37.50917],[145.75555,-37.5094],[145.75558,-37.50984],[145.75574,-37.50988],[145.75601,-37.50972],[145.75609,-37.50948],[145.7567,-37.50891],[145.75661,-37.50874],[145.75617,-37.50911]],[[145.75574,-37.50988],[145.75497,-37.51029],[145.75471,-37.51072],[145.75397,-37.51091],[145.75375,-37.51109],[145.7537,-37.51141]]]},"properties":{"n":"Michaeldene","k":"ride","g":["Mountain bike · 4.3 km return · 1–4 hrs · Easy","Walk · 4.3 km return · 1.5 hrs · Grade 2.2"],"x":"No experience required","t":"Formed track · Gentle hills · No steps · Clearly sign posted","d":"The attractive bushland linking the Steavenson and Taggerty Rivers allows walkers and cyclists to step back in time to Marysville's historic logging past. Sections of this mostly flat circuit follow old tramline alignments, which in places reveal the original timber sleepers on which the big logs were transported to the nearby sawmill. The Trestle Bridge was built to span a small gully and provide access to the timber on Red Hill. The Taggerty River Lookout offers views of the Taggerty River. Access to the trail is via the junction of the Lady Talbot Drive and Woods Point road junction. From the trailhead, follow the trail for a few hundred metres to the start of the loop. Head right and…","a":"From Marysville head north to the roundabout and turn right down Marysville Woods Point Road. The Michaeldene Trail starts at the junction of Lady Talbot Drive and Marysville Woods Point Road.","b":[145.7537,-37.51141,145.76495,-37.49684]}},{"type":"Feature","geometry":{"type":"MultiLineString","coordinates":[[[145.52237,-37.52746],[145.52249,-37.52733],[145.52244,-37.5272],[145.52205,-37.52708],[145.5214,-37.52711]],[[145.5214,-37.52711],[145.52075,-37.52719],[145.5205,-37.5275],[145.51994,-37.52768],[145.51962,-37.52801]],[[145.5214,-37.52711],[145.52172,-37.52732],[145.52208,-37.52721],[145.52237,-37.52746],[145.52202,-37.52759],[145.52155,-37.52755]]]},"properties":{"n":"Wirrawilla","k":"walk","g":["Walk · 0.7 km return · 30 min · Grade 2.1"],"x":"No experience required","t":"Well formed trk · Gentle hills · No steps · Clearly sign posted","d":"Wirrawilla Walk consists of timber boardwalk winding through cool temperate rainforest. The ancient Myrtle Beech trees and Southern Sassafras provide a dense canopy that shades the understorey all year round. Ferns, mosses and fungi love these dark, damp conditions and thrive in the moist soils below the boardwalk. Picnic facilities, shelter and a toilet can be found adjacent to the Wirrawilla carpark.","a":"From Healesville, head up the Myers Creek road for 13km. Take Sylvia Creek road to the right then continue on this well maintained forest road for 4.5km. On the hairpin bend you will find the start of the Wirrawilla carpark access road on your right.","b":[145.51962,-37.52801,145.52249,-37.52708]}},{"type":"Feature","geometry":{"type":"MultiLineString","coordinates":[[[145.57283,-37.40077],[145.57292,-37.401]],[[145.57293,-37.40104],[145.57293,-37.40104]],[[145.57402,-37.40068],[145.57395,-37.40104],[145.57346,-37.40091],[145.57337,-37.4013],[145.57317,-37.40105],[145.57293,-37.40104],[145.57261,-37.40235],[145.57201,-37.40288],[145.57136,-37.40309],[145.57148,-37.40325],[145.57093,-37.40346],[145.57021,-37.40412],[145.56998,-37.40422],[145.56941,-37.4041],[145.56841,-37.40429],[145.56704,-37.4042],[145.56572,-37.40307],[145.56524,-37.40287],[145.56505,-37.40251],[145.56429,-37.40252],[145.56401,-37.40233],[145.56382,-37.40143],[145.56338,-37.40094],[145.56295,-37.40184],[145.5627,-37.4021],[145.56262,-37.40301],[145.56276,-37.40327],[145.56425,-37.40451],[145.56457,-37.40553],[145.56372,-37.40596],[145.56327,-37.40649],[145.56327,-37.40674],[145.5638,-37.40743],[145.56402,-37.40936],[145.56474,-37.41112],[145.5644,-37.41161],[145.56437,-37.41197],[145.56453,-37.41235],[145.56433,-37.41309],[145.56438,-37.4134],[145.56459,-37.41369]]]},"properties":{"n":"Wilhelmina Falls","k":"walk","g":["Walk · 6 km return · 2 hrs · Grade 4"],"x":"Experienced bushwalkers","t":"Formed track some obstacles · Very steep · Many steps · Sign posted","d":"One of the most challenging but beautiful walks in the area, the Wilhelmina track begins at Water Gauge Camp and heads over the suspension bridge along the Murrindindi River Walk, before turning right at the junction. Here the track climbs gradually over rocky steps to the base of the Wilhelmina Falls. These spectacular falls flow all year and drop 75 metres down a steep granite rock face. After relaxing and taking some amazing photos at the base head up the metal stairs over and between the granite boulders to the lookout at the top of the falls. Here there are spectacular views of the surrounding mountain range and Mt Despair.","a":"From Melbourne - travel along the Melba Highway to the intersection of Murrindindi Road just before Devlins Bridge. Turn right and drive 10km to the Reserve. Drive south along Murrindindi Road for approximately 3 km until you reach the Water Gauge camping area.","b":[145.56262,-37.41369,145.57402,-37.40068]}},{"type":"Feature","geometry":{"type":"MultiLineString","coordinates":[[[145.77231,-37.52964],[145.77246,-37.53025]],[[145.77267,-37.53051],[145.77267,-37.53051]],[[145.77276,-37.53069],[145.77276,-37.53069]],[[145.77276,-37.53069],[145.77272,-37.531]],[[145.77303,-37.53232],[145.77303,-37.53232]],[[145.77365,-37.53251],[145.77347,-37.53234],[145.77303,-37.53232],[145.77352,-37.53266]]]},"properties":{"n":"Steavenson Falls Walk","k":"walk","g":["Walk · 0.7 km return · 30 min · Grade 1"],"x":"No experience required","t":"Well formed track · Flat · Occasional steps · Clearly sign posted","d":"This short walk takes you to a viewing platform at the base of Steavenson Falls for great views of the waterfall dropping into a rockpool below. The gravelled path and falls are floodlit between dusk and midnight. For the more adventurous, just back from the bottom viewing platform, there are stone steps heading up the hill which take you up to another viewing platform at the top of Steavenson Falls. This is a steeper 1.6km return track with steps. Here you can look down on one of the highest waterfalls in Victoria and enjoy an impressive view of the tree covered Steavenson River Valley.","a":"From Marysville follow the signs to the Steavenson Falls along Falls Creek road. Park in the Steavenson Falls Carpark. Please note there is a small coin fee for parking at this site. From the carpark head to the base of the falls before taking the stone staircase to the right leading up to the top of the falls.","b":[145.77231,-37.53266,145.77365,-37.52964]}},{"type":"Feature","geometry":{"type":"MultiLineString","coordinates":[[[145.84116,-37.8198],[145.84149,-37.82002],[145.84193,-37.81983],[145.8422,-37.82005],[145.84287,-37.82026],[145.84267,-37.82061],[145.84222,-37.82089],[145.84115,-37.8228],[145.84115,-37.82301],[145.84152,-37.8235],[145.84176,-37.82436],[145.84226,-37.82501],[145.84236,-37.82594],[145.84166,-37.82758],[145.8416,-37.82837],[145.84091,-37.82912],[145.84082,-37.8295],[145.8409,-37.82966],[145.84082,-37.83147],[145.84071,-37.83184],[145.84028,-37.83192],[145.83988,-37.83225],[145.83914,-37.83239],[145.83847,-37.83194],[145.83822,-37.83147],[145.83825,-37.83115],[145.83892,-37.83062],[145.8389,-37.83042],[145.83803,-37.83048],[145.83744,-37.83103],[145.83689,-37.83108],[145.83441,-37.83049],[145.83375,-37.8299],[145.83392,-37.82945],[145.83519,-37.82824],[145.83532,-37.82773],[145.8356,-37.82745],[145.83546,-37.82715],[145.83498,-37.8272],[145.83376,-37.8285],[145.83321,-37.82885],[145.83297,-37.82892],[145.83257,-37.8288],[145.83208,-37.82824],[145.83208,-37.82732],[145.83144,-37.82725],[145.8304,-37.82753],[145.82948,-37.82693],[145.82936,-37.82658],[145.82955,-37.82596],[145.82943,-37.82525],[145.8296,-37.82511],[145.82966,-37.8248],[145.82892,-37.82473],[145.82538,-37.82306],[145.82518,-37.82314],[145.82541,-37.82385],[145.82542,-37.8244],[145.82509,-37.82497],[145.82469,-37.82499],[145.82408,-37.82459],[145.82261,-37.82396],[145.82336,-37.82322],[145.82327,-37.82284],[145.82229,-37.82298],[145.82149,-37.82281],[145.82111,-37.8225],[145.82006,-37.82294],[145.81981,-37.82282],[145.81958,-37.82243],[145.81919,-37.8223],[145.81863,-37.82234],[145.81831,-37.82178],[145.81781,-37.82174],[145.81738,-37.82138],[145.81758,-37.821],[145.81807,-37.82056],[145.81758,-37.82008],[145.81748,-37.82005],[145.81749,-37.82028],[145.81714,-37.82044],[145.81677,-37.82032],[145.81667,-37.82011],[145.81651,-37.82006],[145.81627,-37.82043],[145.81579,-37.82048],[145.8131,-37.81946],[145.81258,-37.81879],[145.8128,-37.81822],[145.81189,-37.81836],[145.81143,-37.81824],[145.81181,-37.81756],[145.81164,-37.81748],[145.81135,-37.81755],[145.81119,-37.81787],[145.8109,-37.8178],[145.81004,-37.81807],[145.80972,-37.81798],[145.80936,-37.8176],[145.80887,-37.81741],[145.80853,-37.81748],[145.80821,-37.81722],[145.80806,-37.81687],[145.8082,-37.81672],[145.80958,-37.81646],[145.81051,-37.81502],[145.81109,-37.8144],[145.81188,-37.81406],[145.81192,-37.81385],[145.81115,-37.81395],[145.81036,-37.81465],[145.80985,-37.81488],[145.80958,-37.81458],[145.80937,-37.81455],[145.80946,-37.81529],[145.80939,-37.81555],[145.80921,-37.81568],[145.80877,-37.81549],[145.80868,-37.81504],[145.80839,-37.81491],[145.80789,-37.81486],[145.80573,-37.81535],[145.80529,-37.81524],[145.80518,-37.81506],[145.80524,-37.81452],[145.80365,-37.81494],[145.80314,-37.8149],[145.80291,-37.81466],[145.80305,-37.81376],[145.80286,-37.8136],[145.80211,-37.81408],[145.80142,-37.81398],[145.80115,-37.81406],[145.8009,-37.81381],[145.79943,-37.81401],[145.79985,-37.81354],[145.7976,-37.81135],[145.79731,-37.81148],[145.79705,-37.81182],[145.79373,-37.81007],[145.79314,-37.80922],[145.79306,-37.80862],[145.79265,-37.80761],[145.79224,-37.80745],[145.79209,-37.80693],[145.79176,-37.80685],[145.79091,-37.8071],[145.79037,-37.80695],[145.78989,-37.80651],[145.78948,-37.80683],[145.78908,-37.80689],[145.78767,-37.80646],[145.7864,-37.80569],[145.78563,-37.80478],[145.78541,-37.8042],[145.78475,-37.80415],[145.78427,-37.80383],[145.7831,-37.80218],[145.78316,-37.80199],[145.78298,-37.8012],[145.78256,-37.80061],[145.78262,-37.80027],[145.78299,-37.80004],[145.78299,-37.7999],[145.78268,-37.79964],[145.78246,-37.79909],[145.78228,-37.79897],[145.7822,-37.79861],[145.78229,-37.79757],[145.78211,-37.79745],[145.78194,-37.79696],[145.78134,-37.79704],[145.78003,-37.79796],[145.77943,-37.79855],[145.77843,-37.80004],[145.77817,-37.80019],[145.77787,-37.80016],[145.7768,-37.79939],[145.77685,-37.79896],[145.77746,-37.7984],[145.77797,-37.79736],[145.7778,-37.79732],[145.77676,-37.79788],[145.7752,-37.79763],[145.77403,-37.7976],[145.77362,-37.79588],[145.77334,-37.79541],[145.77311,-37.79527],[145.77184,-37.79589],[145.77095,-37.79593],[145.77043,-37.79531],[145.76925,-37.7946],[145.76872,-37.79401],[145.76866,-37.7935],[145.7688,-37.79301],[145.76806,-37.7921],[145.76522,-37.7912],[145.76506,-37.79089],[145.76508,-37.79014],[145.76483,-37.7898],[145.76412,-37.78941],[145.76413,-37.78871],[145.76351,-37.78781],[145.76335,-37.78643],[145.76269,-37.78549],[145.76213,-37.78498],[145.76208,-37.78388],[145.76081,-37.7831],[145.75988,-37.7822],[145.75892,-37.78093],[145.75783,-37.78045],[145.7575,-37.77984],[145.75749,-37.77929],[145.75728,-37.77865],[145.75737,-37.77822],[145.75685,-37.77784],[145.7549,-37.77734],[145.75475,-37.77717],[145.75463,-37.77687],[145.75471,-37.77651],[145.7557,-37.77389],[145.75522,-37.77176],[145.75534,-37.77086],[145.7548,-37.76955],[145.75505,-37.76877],[145.75423,-37.76638],[145.75395,-37.7642],[145.75343,-37.76351],[145.75281,-37.7639],[145.7514,-37.76387],[145.75084,-37.76456],[145.74978,-37.76408],[145.74691,-37.76413],[145.74622,-37.7639],[145.7435,-37.7609],[145.74341,-37.75977],[145.74281,-37.75805],[145.74195,-37.75716],[145.73863,-37.75494],[145.73611,-37.75416],[145.73396,-37.75373],[145.73228,-37.75438],[145.729,-37.75334],[145.73037,-37.7507],[145.73033,-37.74988],[145.73094,-37.74887],[145.73109,-37.74823],[145.7308,-37.74813],[145.73073,-37.74891],[145.73021,-37.74955],[145.72943,-37.75015],[145.72901,-37.75026],[145.72706,-37.7518],[145.72554,-37.75201],[145.72399,-37.75171],[145.71989,-37.74932],[145.71866,-37.74936],[145.71813,-37.74898],[145.7177,-37.74887],[145.71712,-37.74829],[145.71641,-37.74785],[145.71549,-37.74753],[145.71513,-37.74752],[145.71336,-37.74867],[145.7113,-37.74947],[145.7095,-37.75159],[145.70905,-37.75195],[145.70869,-37.75274],[145.70855,-37.75344],[145.70832,-37.75358]],[[145.75885,-37.86575],[145.76067,-37.86635],[145.76279,-37.8665],[145.76455,-37.86647],[145.76521,-37.86602],[145.76583,-37.86602],[145.76702,-37.86685],[145.7683,-37.86698],[145.76963,-37.86756],[145.77034,-37.86772],[145.77057,-37.8676],[145.76966,-37.86714],[145.7689,-37.86652],[145.76891,-37.86601],[145.76922,-37.86584],[145.76996,-37.86578],[145.77059,-37.86641],[145.77216,-37.8667],[145.77303,-37.86699],[145.77357,-37.86695],[145.77502,-37.86641],[145.77622,-37.86637],[145.78032,-37.8668],[145.78137,-37.86716],[145.78154,-37.86731],[145.78296,-37.86739],[145.78594,-37.86851],[145.78714,-37.86856],[145.78853,-37.86832],[145.78988,-37.8688],[145.79112,-37.86896],[145.79199,-37.8693],[145.79368,-37.86939],[145.7955,-37.86931],[145.79581,-37.8697],[145.79581,-37.87032],[145.79615,-37.87052],[145.79684,-37.87045],[145.79764,-37.86996],[145.79801,-37.86989],[145.80025,-37.87043],[145.80074,-37.87039],[145.80111,-37.87019],[145.80285,-37.87004],[145.80498,-37.87045],[145.80641,-37.87101],[145.80865,-37.87107],[145.81036,-37.87085],[145.81155,-37.87094],[145.81191,-37.87079],[145.81366,-37.87112],[145.81436,-37.87104],[145.81665,-37.87178],[145.81997,-37.87241],[145.82119,-37.87205],[145.82223,-37.87205],[145.82475,-37.87276],[145.82559,-37.87364],[145.82653,-37.87412],[145.82735,-37.87409],[145.82765,-37.87425],[145.82971,-37.87451],[145.83006,-37.87472],[145.8305,-37.8748],[145.83225,-37.87469],[145.83298,-37.87479],[145.83483,-37.87522],[145.83677,-37.87445],[145.83751,-37.87445],[145.83852,-37.87504],[145.84024,-37.87572],[145.84261,-37.87635],[145.84409,-37.87631],[145.84481,-37.87651],[145.84587,-37.87693],[145.84684,-37.87761],[145.84832,-37.87825],[145.84896,-37.87828],[145.84976,-37.87864],[145.85065,-37.87853],[145.85093,-37.87821],[145.85085,-37.87771],[145.85126,-37.87746],[145.85139,-37.87715],[145.8512,-37.87557],[145.85137,-37.87507],[145.85175,-37.87447],[145.85312,-37.87333],[145.85328,-37.87296],[145.85332,-37.87253],[145.85302,-37.87198],[145.85078,-37.86979],[145.85014,-37.86864],[145.84767,-37.86709],[145.84686,-37.86639],[145.84394,-37.86447],[145.84174,-37.8632],[145.84154,-37.86325],[145.84141,-37.86313],[145.84147,-37.86294],[145.84016,-37.86214],[145.83954,-37.8616],[145.8393,-37.8612],[145.83931,-37.86064],[145.84116,-37.85029],[145.84168,-37.84643],[145.84117,-37.84022],[145.84077,-37.83742],[145.84084,-37.83715],[145.84059,-37.83459],[145.84071,-37.83184],[145.84312,-37.83058],[145.84381,-37.82999],[145.84408,-37.83009],[145.84405,-37.83028],[145.84346,-37.83129],[145.84465,-37.83199],[145.84527,-37.83194],[145.84543,-37.83169],[145.84542,-37.83141],[145.84535,-37.83099],[145.84501,-37.83056],[145.84513,-37.83035],[145.84624,-37.83016],[145.84758,-37.83029],[145.84795,-37.83015],[145.84826,-37.82968],[145.84913,-37.829],[145.84957,-37.82765],[145.85003,-37.82731],[145.85133,-37.82692],[145.85148,-37.82627],[145.85281,-37.82615],[145.8542,-37.82581],[145.85527,-37.82582],[145.85483,-37.82522],[145.85449,-37.82513],[145.85429,-37.82476],[145.85439,-37.82444],[145.85406,-37.82374],[145.85434,-37.82319],[145.85526,-37.82253],[145.85558,-37.82247],[145.85555,-37.82228],[145.85585,-37.82221],[145.85603,-37.82196],[145.8561,-37.82161],[145.85581,-37.82083],[145.85631,-37.82086],[145.85635,-37.82072],[145.85619,-37.82047],[145.85592,-37.82039],[145.85586,-37.81983],[145.85644,-37.81933],[145.85617,-37.81891],[145.85625,-37.81846],[145.8561,-37.81807],[145.85568,-37.8176],[145.85574,-37.81744],[145.85596,-37.8173],[145.85668,-37.81618],[145.85702,-37.81612],[145.85784,-37.81737],[145.85821,-37.81759]]]},"properties":{"n":"Walk Into History","k":"walk","g":["Walk · 33 km one way · 11 hrs · Grade 3"],"x":"Bushwalking experience recommended","t":"Formed track some obstacles · Short steep hills · Occasional steps · Sign posted","d":"The walk follows old timber tramways (1908 to 1916) that serviced sawmills deep in the forest. Hundreds of kilometres of timber tramways once dissected this landscape. As you walk through these tall wet forests and sections of cool temperate rainforest, you will see sections of elevated timber tramway being reclaimed by nature. Past Dowey Spur Road, the track descends 415 metres in 1600 metres down the High Lead Incline (named after the high lead cable logging systems that carried logs through the air over this steep terrain). Past Highlead carpark the track crosses a couple of log bridges and then the main road at the site known as The Bump, the divide between the Latrobe and Yarra… This…","a":"From Melbourne, take the Maroondah Highway to Lilydale. Just beyond Lilydale, turn right onto the Warburton Highway and follow this to the township of Warburton, where you can visit the Water Wheel Tourist Information Centre (weekdays 10am-5pm and weekends 10am-3pm) for more information. You may choose to commence the walk from Warburton, however most walkers prefer to start from the Big Pats Creek Recreation Area, a further 6km from Warburton. To get there, continue through Warburton another 4km and turn right into Riverside Drive after crossing the Yarra River. After 600m turn left into Big…","b":[145.70832,-37.87864,145.85821,-37.74752]}},{"type":"Feature","geometry":{"type":"MultiLineString","coordinates":[[[146.25384,-37.56815],[146.25312,-37.56767],[146.25262,-37.56691],[146.25286,-37.56629],[146.25243,-37.56621],[146.25192,-37.56573],[146.25118,-37.56533],[146.2511,-37.5651],[146.25124,-37.56459]],[[146.25124,-37.5646],[146.25179,-37.56459],[146.25247,-37.56426],[146.25267,-37.56406],[146.25263,-37.56356],[146.25324,-37.56288],[146.25267,-37.56286],[146.25261,-37.56266],[146.25273,-37.56228],[146.25251,-37.56209],[146.25241,-37.56175]]]},"properties":{"n":"Water Race Walk","k":"walk","g":["Walk · 1.2 km return · 30 min · Grade 2.2"],"x":"No experience required","t":"Well formed track · Short steep hills · No steps · Clearly sign posted","d":"This walk takes you along the old water race previously used in the mining days, discover the old town water supply where water was delivered to the town using the old water race from the water race dam.","a":"Access from the mini golf course in the centre of Woodspoint.","b":[146.2511,-37.56815,146.25384,-37.56175]}},{"type":"Feature","geometry":{"type":"MultiLineString","coordinates":[[[146.36866,-37.10356],[146.36822,-37.10296]],[[146.36822,-37.10296],[146.36787,-37.10277],[146.36735,-37.10305]],[[146.36822,-37.10296],[146.36846,-37.10293],[146.36855,-37.10272],[146.36812,-37.10243],[146.36819,-37.10221],[146.36845,-37.10182],[146.3687,-37.10169]],[[146.3687,-37.10169],[146.3687,-37.10169]]]},"properties":{"n":"Plain Creek Loop Walk","k":"walk","g":["Walk · 1.8 km return · 27 min · Grade 3"],"x":"No experience required","t":"Formed track · Gentle hills · Occasional steps · Sign posted","d":"The trail begins at the far end of Carters Mill Picnic area, this walk takes you along the slow flowing and picturesque Plain Creek and returns along the old 1930’s relic Tramway Bridge. You also have the option of extending your walk and taking the Tramway Bridge Walking Track, this walk takes you to the remains of the old timber trestle bridge once part of the tramway used to transport fallen timber.","a":"From Mansfield follow the Mt. Buller Rd to Sawmill Settlement, turn left onto Carters Rd.","b":[146.36735,-37.10356,146.3687,-37.10169]}},{"type":"Feature","geometry":{"type":"MultiLineString","coordinates":[[[146.08123,-37.16111],[146.08095,-37.16119],[146.08067,-37.16152]],[[146.08123,-37.16111],[146.08123,-37.16111]]]},"properties":{"n":"Forest Camp","k":"walk","g":["Walk · 0.8 km return · 30 min · Grade 3"],"x":"No experience required","t":"Formed track · Gentle hills · Occasional steps · Sign posted","d":"A short pleasant walk along the Delatite River.","a":"Located at Forest Camp picnic area, off the Piries-Goughs Bay Road 15 minutes from Mansfield.","b":[146.08067,-37.16152,146.08123,-37.16111]}},{"type":"Feature","geometry":{"type":"MultiLineString","coordinates":[[[146.30399,-37.15374],[146.30467,-37.15367],[146.30501,-37.15343],[146.3052,-37.15346],[146.30533,-37.15325],[146.30569,-37.15352],[146.30574,-37.15339],[146.30647,-37.15301],[146.30662,-37.15366],[146.30705,-37.15316],[146.30735,-37.15319],[146.30749,-37.15339],[146.3077,-37.15324],[146.30768,-37.1536],[146.30802,-37.15349],[146.30812,-37.15376],[146.30846,-37.15398],[146.30855,-37.15387],[146.30875,-37.15399],[146.30892,-37.15357],[146.30923,-37.15334],[146.30931,-37.15381],[146.30948,-37.15398],[146.30973,-37.15394],[146.30984,-37.15378],[146.31012,-37.15385],[146.31029,-37.15367],[146.31052,-37.15386],[146.3106,-37.15374],[146.31071,-37.15382],[146.3109,-37.15354],[146.3111,-37.15362],[146.31139,-37.15327],[146.3116,-37.15253],[146.31192,-37.15233],[146.31205,-37.15239],[146.31191,-37.15265],[146.3121,-37.15293],[146.31228,-37.15298],[146.31276,-37.15302],[146.31352,-37.1528],[146.3146,-37.15313],[146.31513,-37.153],[146.31519,-37.15386],[146.31554,-37.15395],[146.3155,-37.15376],[146.31569,-37.15366],[146.31609,-37.15413],[146.31629,-37.15418],[146.3161,-37.15335],[146.31692,-37.15294]],[[146.31692,-37.15294],[146.31675,-37.15343],[146.31694,-37.15365],[146.31701,-37.15345],[146.31715,-37.15356],[146.31871,-37.15316],[146.32014,-37.15296],[146.32163,-37.15263],[146.32179,-37.1525],[146.32196,-37.15263],[146.32189,-37.15297],[146.32221,-37.15262]],[[146.32221,-37.15262],[146.32213,-37.15227],[146.32117,-37.15218],[146.31969,-37.1526],[146.31826,-37.15258],[146.31692,-37.15294]],[[146.32221,-37.15262],[146.32582,-37.15205],[146.3266,-37.15171],[146.32823,-37.15167],[146.33213,-37.15054],[146.33608,-37.14898],[146.33831,-37.14736],[146.33956,-37.14716],[146.34013,-37.14692],[146.34085,-37.14613],[146.34142,-37.14388],[146.34185,-37.1431],[146.34185,-37.14161],[146.34218,-37.14129]]]},"properties":{"n":"Mt Timbertop Walking Track","k":"walk","g":["Walk · 5.52 km return · 2 hrs · Grade 4"],"x":"Bushwalking experience recommended","t":"Formed track some obstacles · Short steep hills · Occasional steps · Limited signage","d":"One of the ultimate short walks in the Victorian High Country. At the beginning of the walk you are surrounded by tall Eucalypt forest then climb to Snow Gum woodland. The Summit Loop provides expansive and spectacular views over the Mansfield area, the Delatite Valley and beyond to the peaks of the Victorian Alps, this walk will have you in awe of your surroundings. The track also offers a link through to Doughtys Rd (Doughtys Road to Summit Loop return is 6.1km return)","a":"The walking track is best accessed from Timbertop Saddle picnic area and car park. From Mansfield follow the Mt. Buller Rd to Merrijig. Turn right onto the Howqua Tk, follow for 6.5kms","b":[146.30399,-37.15418,146.34218,-37.14129]}},{"type":"Feature","geometry":{"type":"MultiLineString","coordinates":[[[146.85743,-37.85264],[146.85707,-37.85302],[146.85656,-37.85303]],[[146.85743,-37.85264],[146.85775,-37.853],[146.85817,-37.85299],[146.85954,-37.85241],[146.86046,-37.85128],[146.86141,-37.85158],[146.86181,-37.85142]],[[146.8581,-37.85032],[146.85733,-37.85021],[146.85604,-37.85041],[146.85539,-37.85084],[146.85521,-37.85121],[146.85518,-37.852],[146.8558,-37.85244],[146.85639,-37.85278],[146.8567,-37.85274],[146.85694,-37.85253],[146.85743,-37.85264]]]},"properties":{"n":"Nicholson Rocks Walking Track","k":"walk","g":["Walk · 1.5 km return · 1 hr · Grade 3"],"x":"Bushwalking experience recommended","t":"Formed track some obstacles · Gentle hills · Occasional steps · Limited signage","d":"This walk is a 1.5km circuit with the option of ducking down to the rocks themselves around 500m metres along the trail from the carpark end of the walk. Spectacular views of the rocks can be found midwalk on the main trail although caution should be taken around the cliffs near this section. The final section of the walk is back South along Kentucky Rd to the carpark. A grade 3 walking track taking you to the spectacular Nicholson Rocks.","a":"Nicholson Rocks is a short day walk located off Kentucky Rd approximately 15 minutes drive from the townships of Heyfield and Briagolong. The popular 4WD accessible camping area of Huggett’s Crossing is a short drive north from the Nicholson Rocks carpark.","b":[146.85518,-37.85303,146.86181,-37.85021]}},{"type":"Feature","geometry":{"type":"MultiLineString","coordinates":[[[146.85404,-37.81095],[146.85391,-37.81138],[146.85396,-37.81176],[146.85436,-37.81266],[146.8562,-37.81388],[146.85648,-37.81392],[146.85635,-37.81419],[146.85655,-37.81454],[146.85865,-37.81613],[146.85869,-37.81625],[146.85817,-37.81631],[146.85792,-37.81639],[146.85796,-37.81647],[146.85901,-37.81654],[146.86039,-37.8159],[146.86056,-37.81545],[146.86107,-37.81484],[146.86193,-37.81531],[146.86277,-37.81617],[146.86291,-37.81676],[146.8632,-37.81697],[146.86302,-37.8172],[146.86327,-37.81748],[146.86464,-37.81766],[146.86593,-37.8181],[146.86634,-37.81802],[146.86669,-37.81773],[146.86737,-37.81781],[146.86831,-37.81721],[146.8688,-37.81705],[146.86887,-37.8167],[146.86939,-37.8162],[146.86977,-37.81552],[146.8703,-37.81493],[146.87069,-37.8149],[146.87062,-37.81462],[146.87126,-37.81394],[146.87168,-37.81386],[146.87167,-37.81365],[146.87224,-37.81274],[146.87254,-37.81257],[146.87273,-37.81212],[146.87309,-37.81192],[146.8731,-37.81146],[146.87461,-37.80892],[146.87484,-37.80794],[146.87521,-37.80716],[146.8763,-37.80628],[146.87678,-37.80607],[146.87787,-37.80503],[146.87877,-37.80446],[146.8796,-37.8046],[146.88003,-37.80422],[146.88088,-37.8045],[146.88147,-37.80409],[146.8824,-37.80419],[146.8835,-37.80344],[146.88431,-37.80306],[146.88497,-37.8029],[146.88606,-37.80333],[146.88653,-37.80335],[146.88778,-37.80308],[146.8886,-37.80338],[146.88899,-37.80276],[146.8892,-37.80195],[146.89002,-37.80161],[146.89165,-37.80205],[146.89222,-37.80264],[146.89255,-37.8028],[146.89291,-37.80242],[146.89331,-37.80249],[146.89379,-37.80232],[146.89445,-37.80184],[146.8949,-37.80191],[146.89589,-37.80176],[146.89715,-37.80217],[146.89716,-37.80261],[146.89749,-37.80309],[146.89747,-37.80361],[146.89786,-37.80349],[146.89842,-37.80359],[146.89912,-37.80342],[146.8997,-37.80364],[146.90126,-37.80339],[146.9021,-37.80271],[146.90257,-37.80251],[146.90306,-37.80255],[146.90404,-37.80233],[146.90648,-37.80287],[146.90678,-37.80263],[146.90747,-37.80259],[146.90842,-37.80204],[146.91001,-37.80177],[146.91028,-37.80151],[146.91041,-37.80181],[146.91059,-37.80154],[146.91142,-37.80165],[146.91178,-37.80205],[146.91262,-37.80209],[146.91387,-37.80279],[146.9152,-37.8031],[146.91567,-37.8035]],[[146.91567,-37.8035],[146.91539,-37.80418]],[[146.91567,-37.8035],[146.91579,-37.80361],[146.91648,-37.80369],[146.91711,-37.80439],[146.91752,-37.8045],[146.91776,-37.80473],[146.91782,-37.80517],[146.91832,-37.80521],[146.91866,-37.80571],[146.91892,-37.80588],[146.91877,-37.80618],[146.91904,-37.8065],[146.91892,-37.80659],[146.91899,-37.80704],[146.91882,-37.80766],[146.919,-37.80782],[146.91907,-37.80828],[146.91943,-37.80894],[146.92038,-37.80965],[146.92158,-37.80976],[146.92216,-37.80969],[146.92379,-37.80877],[146.92453,-37.8087],[146.92456,-37.80816],[146.92529,-37.80754],[146.92578,-37.80636],[146.92606,-37.80611],[146.92651,-37.80525]]]},"properties":{"n":"Avon River Walking Track","k":"walk","g":["Walk · 10.5 km one way · 4 hrs · Grade 3"],"x":"Bushwalking experience recommended","t":"Formed track some obstacles · Short steep hills · Occasional steps · Limited signage","d":"This walk meanders along the scenic Avon River and provides rewarding views and access to the river in several sections including The Channels. Vegetation varies from riparian species and wildflowers to dry sclerophyll forest on the rocky outcrops above. This is the main walk in the Avon - Mt Hedrick Natural Features and Scenic Reserve and well worth a visit if you have the time. The campgrounds of Huggett’s Crossing and Dermody’s provide overnight camping options. A grade 3 walking track that meanders alongside the Avon river.","a":"The Avon walking track takes off at Huggett's Crossing picnic area prior to the campsites. Huggett’s Crossing is located around 15km or 25 minutes North of the township of Newry and can be accessed via Three Chain Rd and then Kentucky Rd. At the end of Kentucky Rd turn left onto Huggett’s Track and travel for 4km on this 4WD route to the Camping area. The end of the walking track is located at Wombat Crossing. To access Wombat Crossing from the township of Boisdale travel North on the Boisdale-Valencia Creek Road, turn left onto Luckman's Road then Right onto Back Wombat Road. The walking…","b":[146.85391,-37.8181,146.92651,-37.80151]}},{"type":"Feature","geometry":{"type":"MultiLineString","coordinates":[[[147.18818,-37.61243],[147.18818,-37.61243]],[[147.19041,-37.61231],[147.18902,-37.61228],[147.18818,-37.61243]]]},"properties":{"n":"Granite Creek","k":"walk","g":["Walk · 3.5 km return · 2 hrs · Grade 3"],"x":"Bushwalking experience recommended","t":"Formed track some obstacles · Short steep hills · Occasional steps · Sign posted","d":"An information board at the picnic area provides information about the walk. The walk mainly follows old water races that lead to Granite Creek. Along the way you will encounter old house sites, old dams, a battery site and diggings which include the Evening Star Mine.","a":"Granite Creek is accessible directly off the Bairnsdale-Dargo Road. From Stratford, head north on Briagolong Road, turning right onto Stockdale Road. From Stockdale, head east on Beverleys Road, before turning left onto Bairnsdale-Dargo Road.","b":[147.18818,-37.61243,147.19041,-37.61228]}},{"type":"Feature","geometry":{"type":"MultiLineString","coordinates":[[[147.11136,-37.77735],[147.1112,-37.77754],[147.11122,-37.77894],[147.11212,-37.7786],[147.11268,-37.77924]],[[147.11136,-37.77735],[147.11136,-37.77735]]]},"properties":{"n":"Fern Gully Walk","k":"walk","g":["Walk · 2 km one way · 45 min · Grade 3"],"x":"Bushwalking experience recommended","t":"Formed track · Short steep hills · Occasional steps · Limited signage","d":"A small gully provides just enough moisture to provide a much different range of plant species to that of the surrounding dry ridge. Fern Gully Loop is the shortest loop option in the Freestone network of tracks. Approximately 2km in length it provides a good idea of the different vegetation types around Blue Pool and the Freestone Creek. The track is named for a small section of vegetation which has established itself in a moist gully receiving slightly more moisture than the dry ridge above. Access to the loop begins West of the Blue pool swimming area. An old mine shaft is present along the track and although covered now it provides a reminder of the past use of this area and that…","a":"From Briagolong follow the Freestone Creek Road approximately 10km or 10 minutes to the Blue Pool carpark area. The loop is accessed from the West side of Blue Pool.","b":[147.1112,-37.77924,147.11268,-37.77735]}},{"type":"Feature","geometry":{"type":"MultiLineString","coordinates":[[[147.17668,-37.4379],[147.17738,-37.43805],[147.17741,-37.43816]],[[147.17668,-37.4379],[147.17458,-37.43722],[147.17378,-37.4368],[147.1732,-37.43633],[147.17231,-37.4352],[147.17219,-37.43465],[147.17223,-37.43397],[147.17182,-37.43444],[147.17166,-37.43519],[147.17213,-37.43603],[147.17204,-37.43659],[147.17222,-37.437]],[[147.17222,-37.437],[147.1743,-37.43777],[147.17668,-37.4379]],[[147.16174,-37.43492],[147.16222,-37.43482],[147.16252,-37.4346],[147.16279,-37.43476],[147.16351,-37.43457],[147.16466,-37.43541],[147.16505,-37.4355],[147.16525,-37.4357],[147.16522,-37.43584],[147.16547,-37.4359],[147.16583,-37.4358],[147.16588,-37.43557],[147.16603,-37.4355],[147.16715,-37.43574],[147.16845,-37.43511],[147.17017,-37.4354],[147.17144,-37.43603],[147.1717,-37.43666],[147.17222,-37.437]]]},"properties":{"n":"Black Snake Creek Walk","k":"walk","g":["Walk · 4.4 km return · 2 hrs · Grade 4"],"x":"Experienced bushwalkers","t":"Formed track some obstacles · Short steep hills · Occasional steps · Limited signage","d":"This is a short day walk which explores the historic Black Snake Creek mining area Southwest of Dargo. The track meanders up the gully past old house sites and bridle trails to an abandoned battery and steam engine. The Kong Meng loop near the end of the track provides rewarding views of the Alpine National Park to the West including the Pinnacles and Billy Goat Bluff. It is named for the company which held the mining claim here for around three years from 1867. Walkers are advised to stick to the track as there are a number of old unmarked mineshafts in the area. A grade 4 walking track that explores the Black Snake Creek historic mining area.","a":"To get to the start of Black Snake Creek East Walk, continue northeast past Black Snake Creek Campground for approximately 1.9km, along the Black Snake Creek 4WD Track.","b":[147.16174,-37.43816,147.17741,-37.43397]}},{"type":"Feature","geometry":{"type":"MultiLineString","coordinates":[[[146.97126,-36.7262],[146.97113,-36.72641],[146.97121,-36.72699]],[[146.97126,-36.7262],[146.97038,-36.72558]],[[146.97038,-36.72558],[146.97096,-36.72525]],[[146.969892,-36.725508],[146.970379,-36.725584]],[[146.97096,-36.72525],[146.97126,-36.72513]],[[146.97096,-36.72525],[146.97108,-36.72487],[146.97121,-36.72491],[146.97126,-36.72513]],[[146.97126,-36.72513],[146.9712,-36.7256],[146.97149,-36.72609],[146.97126,-36.7262]],[[146.97126,-36.72513],[146.9721,-36.72469]]]},"properties":{"n":"Memorial Arboretum Walk","k":"walk","g":["Walk · 0.5 km return · 15 min · Grade 1"],"x":"No experience required","t":"Well formed track · Flat · No steps · Clearly sign posted","d":"Gravelled paths wind around the arboretum, with views to the surrounding hills.","b":[146.96989,-36.72699,146.9721,-36.72469]}},{"type":"Feature","geometry":{"type":"MultiLineString","coordinates":[[[145.87734,-36.81302],[145.87695,-36.81395],[145.87666,-36.81432],[145.87654,-36.81503],[145.87624,-36.81527],[145.87614,-36.81578],[145.87593,-36.81584]],[[145.87734,-36.81302],[145.87731,-36.81288],[145.87712,-36.81282]],[[145.87797,-36.81236],[145.87828,-36.81232],[145.87841,-36.81271],[145.87819,-36.81298],[145.87774,-36.81309],[145.87734,-36.81302]]]},"properties":{"n":"Lima Falls","k":"walk","g":["Walk · 1.2 km return · Grade 3"],"x":"No experience required","t":"Formed track some obstacles · Short steep hills · Occasional steps · Sign posted","b":[145.87593,-36.81584,145.87841,-36.81232]}},{"type":"Feature","geometry":{"type":"MultiLineString","coordinates":[[[146.73428,-36.56901],[146.73434,-36.56866],[146.73496,-36.56858]],[[146.73428,-36.56901],[146.73424,-36.5694],[146.73378,-36.56963],[146.73292,-36.56971],[146.73233,-36.56956],[146.73171,-36.56895],[146.7317,-36.56839],[146.73129,-36.56782],[146.73133,-36.56736]],[[146.73127,-36.5674],[146.73131,-36.56738]],[[146.731312,-36.567384],[146.731266,-36.567398]],[[146.731312,-36.567384],[146.731328,-36.567356]],[[146.73133,-36.56736],[146.73108,-36.56694],[146.73106,-36.56634],[146.73153,-36.56608],[146.73182,-36.56553],[146.73248,-36.56529],[146.73233,-36.56495],[146.7324,-36.56442],[146.73291,-36.56475],[146.73302,-36.56496],[146.73323,-36.56466],[146.73377,-36.56433],[146.73359,-36.56382],[146.73384,-36.56347],[146.73367,-36.56322],[146.73334,-36.56329],[146.73321,-36.5631],[146.73285,-36.56183],[146.73364,-36.56253],[146.73414,-36.56264],[146.73481,-36.56239],[146.73491,-36.56267],[146.73566,-36.56287],[146.73622,-36.56332],[146.73617,-36.5636],[146.73574,-36.56383],[146.73552,-36.5642],[146.73585,-36.56518],[146.73567,-36.56558],[146.73574,-36.56581]],[[146.73038,-36.56715],[146.73085,-36.56731],[146.73102,-36.56759],[146.73127,-36.5674]],[[146.73574,-36.56581],[146.7354,-36.56635],[146.73484,-36.56685],[146.73434,-36.56697],[146.73374,-36.56733],[146.73336,-36.56809],[146.73321,-36.56869],[146.73308,-36.5688],[146.73294,-36.56876],[146.73311,-36.56896],[146.73344,-36.56899],[146.7342,-36.56837],[146.7344,-36.56845],[146.73418,-36.5685],[146.73428,-36.56901]],[[146.73574,-36.56581],[146.73655,-36.56556]],[[146.73655,-36.56556],[146.73651,-36.56549]],[[146.73655,-36.56556],[146.73736,-36.56523]]]},"properties":{"n":"Reform Hill Lookout Loop","k":"walk","g":["Walk · 3.7 km return · 1.5 hrs · Grade 3"],"x":"Bushwalking experience recommended","t":"Formed track · Short steep hills · Occasional steps · Sign posted","d":"After leaving the Memorial, this walk takes you to the north above the Reform Mine entrance. Along this walk you will see the towns old water storage basin (1934) which has long since been replaced. This small reservoir held water that was gravity-fed into town. The climb follows the drier northerly aspect of Reform Hill to the lookout.","a":"The site can be accessed via the Reform Hill walking track network. The best starting point is Jones Reserve located on the Great Alpine Road in Myrtleford between the Hardware store and Rays Ski Shop.","b":[146.73038,-36.56971,146.73736,-36.56183]}},{"type":"Feature","geometry":{"type":"MultiLineString","coordinates":[[[146.9566,-36.74126],[146.9566,-36.74126]],[[146.95692,-36.74076],[146.95683,-36.74109],[146.9566,-36.74126]],[[146.95692,-36.74076],[146.95769,-36.7405],[146.95803,-36.74022],[146.9582,-36.7403],[146.95851,-36.73986],[146.9588,-36.73974]],[[146.95662,-36.74019],[146.95692,-36.74076]]]},"properties":{"n":"Bakers Gully Reservoirs Lower Loop","k":"walk","g":["Walk · 1.2 km return · 20 min · Grade 3"],"x":"No experience required","t":"Formed track some obstacles · Gentle hills · Occasional steps · Clearly sign posted","d":"The track makes a loop around a dam built in 1892 to provide a permanent supply of water to the town and railway station. It no longer provides water to Bright but makes for a pleasant short walk close to Bright.","b":[146.9566,-36.74126,146.9588,-36.73974]}},{"type":"Feature","geometry":{"type":"MultiLineString","coordinates":[[[146.73053,-36.56728],[146.73053,-36.56728]],[[146.73062,-36.56728],[146.73085,-36.56731],[146.73102,-36.56759],[146.73133,-36.56736],[146.73129,-36.56782],[146.7317,-36.56839],[146.73171,-36.56895],[146.73233,-36.56956],[146.73341,-36.56969],[146.73427,-36.56936],[146.73418,-36.5685],[146.7344,-36.56845],[146.73416,-36.56837],[146.73385,-36.56876],[146.73344,-36.56899],[146.73311,-36.56896],[146.73294,-36.56876],[146.73288,-36.56829],[146.73259,-36.56779],[146.7328,-36.56711],[146.73265,-36.56677],[146.73282,-36.56643],[146.73324,-36.56625],[146.73354,-36.56563],[146.73291,-36.56475],[146.7324,-36.56442],[146.73233,-36.56495],[146.73248,-36.56529],[146.73182,-36.56553],[146.73153,-36.56608],[146.73106,-36.56634],[146.73108,-36.56694],[146.73133,-36.56736]]]},"properties":{"n":"Reform Hill Mining Loop","k":"walk","g":["Walk · 2 km return · 1 hr · Grade 3"],"x":"Bushwalking experience recommended","t":"Formed track · Short steep hills · Occasional steps · Sign posted","d":"After leaving the Memorial, a steep track will take you past the entrance to the Reform Mine and an old ventilation shaft, which once serviced the Reform Mine. The track continues in a southerly direction where more sheltered conditions enable tree species such as Red Box and Long-leaf Box to flourish. The track then turns north onto a straight and moderate climb to the summit. Rest stops are provided along the way.","a":"The site can be accessed via the Reform Hill walking track network. The best starting point is Jones Reserve located on the Great Alpine Road in Myrtleford between the Hardware store and Rays Ski Shop.","b":[146.73053,-36.56969,146.7344,-36.56442]}},{"type":"Feature","geometry":{"type":"MultiLineString","coordinates":[[[146.964,-36.71256],[146.96401,-36.71256]],[[146.96401,-36.71256],[146.96508,-36.71292],[146.96624,-36.71296],[146.9673,-36.71277],[146.96776,-36.71291],[146.96838,-36.71375],[146.96925,-36.71456],[146.96938,-36.71526],[146.96987,-36.71598],[146.96995,-36.71668],[146.9702,-36.71692],[146.97088,-36.71693],[146.97171,-36.71666],[146.9724,-36.71688],[146.97301,-36.71761],[146.97321,-36.71765],[146.97334,-36.71756],[146.97315,-36.71746],[146.97302,-36.71707],[146.97333,-36.71713],[146.97364,-36.71666],[146.97329,-36.71668],[146.97282,-36.71617],[146.97332,-36.71622],[146.97344,-36.7161],[146.97336,-36.71601]],[[146.96401,-36.71256],[146.96401,-36.71256]],[[146.964008,-36.712564],[146.964008,-36.712564]],[[146.96401,-36.71256],[146.964,-36.71256]],[[146.964007,-36.712563],[146.964008,-36.712564]],[[146.96401,-36.71256],[146.96401,-36.71256]],[[146.964003,-36.712562],[146.964002,-36.712563]],[[146.964003,-36.712562],[146.96401,-36.71256]],[[146.96401,-36.71256],[146.96401,-36.71256]],[[146.96401,-36.71256],[146.96401,-36.71256]],[[146.96401,-36.71256],[146.96401,-36.71256]],[[146.96401,-36.71256],[146.96401,-36.71256]]]},"properties":{"n":"Apex Lookout Walk","k":"walk","g":["Walk · 3.2 km return · 1.5 hrs · Grade 3"],"x":"Bushwalking experience recommended","t":"Formed track · Short steep hills · Occasional steps · Sign posted","d":"The steady climb to the top rewards you with views over Bright as well as Mt.Feathertop, Mt.Fainter, and Mt.Bogong, the highest peak in Victoria. Return the same way. Walk through native forest to the top of the hill for great views of Bright and the Victorian Alps.","a":"Walk or drive from Bright 1.6km up Mt Porepunkah Rd to Quins Gap (park off the side of the road) where the walking track starts on east side of the road.","b":[146.964,-36.71765,146.97364,-36.71256]}},{"type":"Feature","geometry":{"type":"MultiLineString","coordinates":[[[147.19102,-36.73414],[147.19046,-36.73355],[147.18998,-36.73242],[147.18949,-36.73211],[147.18922,-36.7321],[147.18919,-36.7324],[147.1898,-36.73291],[147.19002,-36.73353],[147.18988,-36.73401],[147.19027,-36.73465],[147.1909,-36.73418],[147.19102,-36.73414],[147.19115,-36.73439],[147.19135,-36.73559],[147.19119,-36.73613],[147.19099,-36.73591],[147.19077,-36.73529],[147.19027,-36.73465],[147.18958,-36.73475],[147.189,-36.73455],[147.1891,-36.7348],[147.18898,-36.73521],[147.18778,-36.73524],[147.18703,-36.73553],[147.18659,-36.73592],[147.18654,-36.73638],[147.18636,-36.73652]],[[147.19119,-36.73613],[147.1912,-36.73684]],[[147.17632,-36.74121],[147.1771,-36.74123],[147.17812,-36.74085],[147.17932,-36.74003],[147.17973,-36.73995],[147.18037,-36.73933],[147.18114,-36.73886],[147.18215,-36.7386],[147.18405,-36.73765],[147.18515,-36.73674],[147.18564,-36.73657],[147.18629,-36.73655]]]},"properties":{"n":"Rockpools","k":"walk","g":["Walk · 2.8 km return · under 1 hr · Grade 3"],"x":"No experience required","t":"Formed track · Gentle hills · Occassional steps · Clearly sign posted","d":"A gentle walk along the banks of the East Kiewa River. Stroll through riparian forest, with plenty of spots to watch the crystal-clear waters of the East Kiewa River. Along the track you will come across Mermaid Beach (250m) or Rockpool (800m), ideal spots for a picnic or a cool dip in the water. There is an option for a longer walk back to Mt Beauty via Survey Track","a":"The walk starts on the eastern edge of Mount Beauty, on the eastern end of Tawonga Crescent.","b":[147.17632,-36.74123,147.19135,-36.7321]}},{"type":"Feature","geometry":{"type":"MultiLineString","coordinates":[[[147.83538,-37.69042],[147.83614,-37.69185],[147.83606,-37.6926],[147.83618,-37.69291]],[[147.83538,-37.69042],[147.83538,-37.69042]]]},"properties":{"n":"Berry Farm Loop","k":"walk","g":["Walk · 3.2 km return · 1 hr · Grade 3"],"x":"Bushwalking experience recommended","t":"Formed track some obstacles · Short steep hills · No steps · Clearly sign posted","d":"A 3km loop walk through local forest showcasing the forest types present on the drier ridges.","a":"Access is via the Great Alpine Rd approx 2km from Bruthen township.","b":[147.83538,-37.69291,147.83618,-37.69042]}},{"type":"Feature","geometry":{"type":"MultiLineString","coordinates":[[[147.83572,-37.69096],[147.83614,-37.69185],[147.83606,-37.6926],[147.83618,-37.69291]],[[147.83572,-37.69096],[147.83572,-37.69096]]]},"properties":{"n":"Mcleans Loop","k":"walk","g":["Walk · 1.6 km return · 30 min · Grade 3"],"x":"No experience required","t":"Formed track some obstacles · Short steep hills · No steps · Clearly sign posted","d":"This walk loops off Easy Magic Walk and follows the service track behind residential properties then turns left before Engineers Road through the forest to return to the Easy Magic Walk.","a":"Access is via the Great Alpine Rd approx 2km from Bruthen township.","b":[147.83572,-37.69291,147.83618,-37.69096]}},{"type":"Feature","geometry":{"type":"MultiLineString","coordinates":[[[147.70198,-37.59534],[147.70228,-37.59547],[147.70269,-37.59537],[147.70312,-37.59511],[147.70327,-37.59476],[147.7035,-37.5947]],[[147.70256,-37.59495],[147.70226,-37.59526],[147.70198,-37.59534]],[[147.7035,-37.5947],[147.70426,-37.59546],[147.70482,-37.5966],[147.70538,-37.59698],[147.70573,-37.59742],[147.70568,-37.59768],[147.705,-37.59839],[147.70395,-37.60009],[147.7036,-37.60038],[147.70308,-37.60019],[147.70298,-37.60035],[147.70387,-37.60183],[147.70371,-37.60239],[147.70325,-37.60293],[147.70324,-37.60349],[147.70354,-37.60401],[147.70357,-37.60459],[147.70388,-37.60533],[147.70426,-37.60585],[147.70413,-37.60618],[147.70394,-37.60631],[147.70436,-37.60636],[147.70439,-37.60657],[147.70352,-37.60742],[147.70298,-37.60816],[147.70274,-37.6082],[147.70198,-37.60794],[147.70057,-37.60909],[147.70008,-37.61103],[147.70041,-37.61207],[147.70105,-37.61266],[147.70103,-37.61279],[147.70091,-37.61293],[147.70001,-37.61304],[147.69923,-37.61359],[147.69849,-37.61377],[147.69805,-37.61401],[147.69792,-37.61442],[147.69813,-37.61457],[147.69808,-37.61474],[147.69821,-37.61472],[147.69816,-37.61484],[147.6983,-37.61504],[147.69819,-37.61556],[147.69778,-37.61576],[147.69766,-37.61603],[147.69801,-37.61633]],[[147.70357,-37.5938],[147.70369,-37.59411],[147.7035,-37.5947]],[[147.69681,-37.59307],[147.69646,-37.59337],[147.69649,-37.59353],[147.69679,-37.59375],[147.69728,-37.59395],[147.69938,-37.59412],[147.70043,-37.59479],[147.70198,-37.59534]]]},"properties":{"n":"Slaughter Walking Track","k":"walk","g":["Walk · 4.5 km one way · 2 hrs · Grade 3"],"x":"Bushwalking experience recommended","t":"Formed track some obstacles · Gentle hills · Occassional steps · Sign posted","d":"This walk commences at Deptford Picnic Area and traverses the slopes above the Nicholson River. The track passes through the forest over usually dry creek beds and provides views down to the Nicholson River. This walk traverses the slopes above the Nicholson River. The track passes through the forest over, usually dry, creek beds and provides views down to the Nicholson River. The track crosses Store Creek shortly before reaching Stanton’s Place picnic area. The same route is followed to return back to Deptford.","a":"Access to the walking track is from the western side of the Nicholson River at Deptford.","b":[147.69646,-37.61633,147.70573,-37.59307]}},{"type":"Feature","geometry":{"type":"MultiLineString","coordinates":[[[145.74634,-37.51532],[145.74634,-37.51532]],[[145.74745,-37.51464],[145.74708,-37.51504],[145.74634,-37.51532]]]},"properties":{"n":"Beauty Spot Nature Trail Short Loop","k":"walk","g":["Walk · 0.4 km return · 9 min · Grade 2.1"],"x":"No experience required","t":"Well formed track · Flat · No steps · Clearly sign posted","d":"The trail begins in the shade, walking through towering manna gums. The 0.5km trail includes a fantastic boardwalk pathway through fern tree groves. There are a couple of benches along the trail and several interpretative signs if you'd like to know more about the flora and fauna native to this area.","b":[145.74634,-37.51532,145.74745,-37.51464]}},{"type":"Feature","geometry":{"type":"MultiLineString","coordinates":[[[146.7328,-36.56178],[146.73285,-36.56183]],[[146.73234,-36.562],[146.73234,-36.562]]]},"properties":{"n":"Reform Hill Poverty Reef Loop","k":"walk","g":["Walk · 1.5 km one way · 45 min · Grade 3"],"x":"No experience required","t":"Formed track some obstacles · Short steep hills · Occassional steps · Clearly sign posted","d":"This loop starts and finishes at Poverty Reef, which can be accessed via the Lookout loop. This walk takes in the northern section of Reform Hill, formally the site of the school pine plantation and has been replanted with native vegetation since 2011. The walk leads to an excellent lookout, overlooking the Myrtleford township and the Ovens Valley.","a":"The site can be accessed via the Reform Hill walking track network. From Jones Reserve, follow the Lookout Loop track north. You will pass the Hume and Hovell monument and the old water storage basin. Poverty Reef Loop starts and finishes from the same location on the Lookout Loop","b":[146.73234,-36.562,146.73285,-36.56178]}},{"type":"Feature","geometry":{"type":"MultiLineString","coordinates":[[[146.50635,-37.75981],[146.50692,-37.76013],[146.50692,-37.76075],[146.50675,-37.76097]],[[146.50635,-37.75981],[146.50613,-37.75987],[146.50618,-37.76026],[146.5055,-37.76013],[146.50517,-37.7596],[146.50486,-37.75953],[146.50473,-37.75923],[146.50476,-37.75861],[146.50488,-37.75845]],[[146.50488,-37.75845],[146.50483,-37.75902],[146.50511,-37.75901],[146.50582,-37.75931],[146.50635,-37.75981]],[[146.50221,-37.75561],[146.5026,-37.75632],[146.50253,-37.75682],[146.50279,-37.75695],[146.50321,-37.75679],[146.50343,-37.75685],[146.50389,-37.75746],[146.5048,-37.75819],[146.50488,-37.75845]]]},"properties":{"n":"Store Point Historic Loop","k":"walk","g":["Walk · 2.4 km return · under 1 hr · Grade 3"],"x":"Bushwalking experience recommended","t":"Formed track some obstacles · Short steep hills · Occassional steps · Sign posted","d":"Store Point was once a township established for the Donnellys Creek gold mining boom in the 1860s. The Store Point Historic Loop Walk starts from the Store Point Hut, and follows McKean Creek upsteam. The loop taks you to the Store Point Burial Ground, schoolhouse site and past various old house sites.","b":[146.50221,-37.76097,146.50692,-37.75561]}},{"type":"Feature","geometry":{"type":"MultiLineString","coordinates":[[[145.8697,-37.3682],[145.8697,-37.3682]],[[145.86983,-37.36824],[145.86983,-37.36824]],[[145.870333,-37.368311],[145.870336,-37.368311]],[[145.87014,-37.36834],[145.87014,-37.36834]],[[145.87014,-37.36834],[145.87014,-37.36834]],[[145.87065,-37.36838],[145.87065,-37.36838]],[[145.85962,-37.3894],[145.85962,-37.3894]],[[145.85925,-37.38935],[145.85866,-37.3894]],[[145.85834,-37.38944],[145.85834,-37.38944]],[[145.85821,-37.38947],[145.85821,-37.38947]],[[145.85803,-37.38953],[145.85803,-37.38953]],[[145.8598,-37.38953],[145.8598,-37.38953]],[[145.85326,-37.3896],[145.85311,-37.38963]],[[145.8537,-37.38973],[145.8537,-37.38973]],[[145.85688,-37.39001],[145.85803,-37.38953],[145.85701,-37.38999],[145.85636,-37.39001]],[[145.8537,-37.38973],[145.85408,-37.39002]],[[145.852,-37.39007],[145.852,-37.39007]],[[145.85411,-37.39013],[145.85411,-37.39013]],[[145.851996,-37.390074],[145.851903,-37.390135]],[[145.85414,-37.39019],[145.85414,-37.39019]],[[145.85419,-37.39021],[145.85419,-37.39021]],[[145.85423,-37.39023],[145.85423,-37.39023]],[[145.861019,-37.390272],[145.861018,-37.390274]],[[145.85593,-37.39028],[145.85593,-37.39028]],[[145.855928,-37.390282],[145.855869,-37.390304]],[[145.85453,-37.39031],[145.85453,-37.39031]],[[145.861,-37.39032],[145.861,-37.39032]],[[145.86039,-37.39033],[145.86039,-37.39033]],[[145.854535,-37.390314],[145.854704,-37.390367]],[[145.860997,-37.390321],[145.860977,-37.390393]],[[145.8552,-37.39042],[145.8552,-37.39042]],[[145.86099,-37.3905],[145.86099,-37.3905]],[[145.86055,-37.39054],[145.86055,-37.39054]],[[145.86099,-37.39055],[145.86099,-37.39055]],[[145.85142,-37.39055],[145.85142,-37.39055]],[[145.86117,-37.3906],[145.86117,-37.3906]],[[145.86099,-37.39055],[145.86099,-37.39061]],[[145.861,-37.39073],[145.861,-37.39073]],[[145.86069,-37.39076],[145.86069,-37.39076]],[[145.86101,-37.39077],[145.86101,-37.39077]],[[145.861005,-37.390768],[145.860995,-37.390825]],[[145.8512,-37.39083],[145.8512,-37.39083]],[[145.86069,-37.390763],[145.86075,-37.390835]],[[145.86084,-37.39088],[145.86084,-37.39088]],[[145.8609,-37.39088],[145.8609,-37.39088]],[[145.8609,-37.39088],[145.8609,-37.39088]],[[145.85102,-37.39108],[145.85102,-37.39108]],[[145.85104,-37.39115],[145.85104,-37.39115]],[[145.85098,-37.39127],[145.85098,-37.39127]],[[145.85098,-37.39127],[145.85094,-37.39135]],[[145.85084,-37.39147],[145.85084,-37.39147]],[[145.850845,-37.391468],[145.850804,-37.391501]],[[145.85076,-37.39159],[145.85076,-37.39159]]]},"properties":{"n":"Rubicon Dam Walk","k":"walk","g":["Walk · 11.6 km return · 4 hrs · Grade 3"],"x":"Bushwalking experience recommended","t":"Formed track · Short steep hills · Occassional steps · Sign posted","d":"This walk takes in most of the Rubicon Heritage Walk, passing through beautiful Mountain Ash forests and sections of cool temperate rainforest, crossing an impressive timber trestle bridge and walking along the aqueduct that feeds the Royston Power Station. It also then loops out to Rubicon Dam and its impressive spillway into Rubicon River. Note: The walk passes alongside an aqueduct, so care should be taken, particularly with children, not to fall into this concrete aqueduct. There are no toilets at the trailhead. Nearest toilets are back at Rubicon Camping Area.","a":"From Melbourne, follow the Maroondah Highway. Turn right onto the Taggerty-Thornton Road and right again onto Rubicon Road. Once you drive past the bridge over the Rubicon River, the road name changes to Royston Road. Continue along Royston road for a further 5.7km to the carpark at the start of the walk. Note - this carpark is the starting point for of the Rubicon Heritage Walk also.","b":[145.85076,-37.39159,145.87065,-37.3682]}},{"type":"Feature","geometry":{"type":"MultiLineString","coordinates":[[[147.95224,-36.48773],[147.95212,-36.4879]],[[147.95244,-36.48917],[147.95244,-36.48917]],[[147.95244,-36.48917],[147.95209,-36.48942]]]},"properties":{"n":"Thowgla Falls Walking Track","k":"walk","g":["Walk · 0.8 km return · 30 min · Grade 3"],"x":"No experience required","t":"Formed track · Short steep hills · Occassional steps · Sign posted","d":"A hidden waterfall nestled in the heart of the Upper Murray, Thowgla Falls is located off Marginal Road in the Thowgla Valley, about 50km south of Corryong. The walk crosses three footbridges through native bushland and ferns on a well-formed track up to a viewing platform with views to the falls.","a":"Access Thowgla falls walking track via Thowgla falls day visitor carpark","b":[147.95209,-36.48942,147.95244,-36.48773]}},{"type":"Feature","geometry":{"type":"MultiLineString","coordinates":[[[146.04813,-37.8433],[146.04835,-37.84405]],[[146.04975,-37.84815],[146.04975,-37.84815]],[[146.04555,-37.84963],[146.04576,-37.84973],[146.04605,-37.84953],[146.04573,-37.84909],[146.04601,-37.84898]]]},"properties":{"n":"Toorongo Falls Walk","k":"walk","g":["Walk · 2.5 km return · 1.33 hrs · Grade 3"],"x":"No experience required","t":"Formed track · Short steep hills · Occasional steps · Clearly sign posted","d":"A beautiful loop walk through tall wet forest and taking in the picturesque riverine environment along the Toorongo and Little Toorongo Rivers. The pathway meanders upwards with formed track interspersed with artisan crafted rock stairs. On the way distant glimpses of the Toorongo Falls give you an appreciation of how steep and tall the 25m falls are. An observation deck takes you up close to the falls where you can hear the water rumbling and see the cascades of water tumbling over the boulders. Continue on the loop trail to take in the Amphitheatre Falls or return back the way you came in if you are short on time. The Amphitheatre loop walk takes you through tall forest to a unique…","a":"Head east from Noojee on the Mount Baw Baw Tourist Road for approximately 2km and take a left turn into Toorongo Valley Road. Access to the carpark for the walk is at the end of this 10km well formed gravel road. The walk is sign-posted from the carpark.","b":[146.04555,-37.84973,146.04975,-37.8433]}},{"type":"Feature","geometry":{"type":"MultiLineString","coordinates":[[[145.695955,-37.419265],[145.695881,-37.4192]],[[145.69595,-37.41927],[145.69595,-37.41927]]]},"properties":{"n":"Platypus","k":"ride","g":["Mountain bike · 0.6 km return · Easy"],"d":"This circuit trail starting and finishing at the day visitor area is an easy trail suitable for young children and those new to mountain biking. It contains small rollers and berms.","b":[145.69588,-37.41927,145.69595,-37.4192]}},{"type":"Feature","geometry":{"type":"MultiLineString","coordinates":[[[145.68848,-37.41062],[145.68842,-37.41083]],[[145.68848,-37.41062],[145.68809,-37.41031],[145.68797,-37.40998],[145.68847,-37.40904],[145.68847,-37.40884],[145.68831,-37.40886],[145.68834,-37.4091],[145.68786,-37.40895],[145.68688,-37.40917],[145.68658,-37.40911],[145.68674,-37.40932],[145.68745,-37.40929],[145.68766,-37.40942],[145.68759,-37.40996],[145.68717,-37.40953],[145.68637,-37.40948],[145.68641,-37.40964],[145.68627,-37.40969],[145.68641,-37.40987],[145.68664,-37.40982],[145.6868,-37.40995],[145.68709,-37.40986],[145.6873,-37.41024],[145.68743,-37.41006],[145.68748,-37.41047],[145.68761,-37.41053],[145.68773,-37.41038],[145.68782,-37.41076],[145.68781,-37.41102],[145.68771,-37.41101],[145.6876,-37.41078],[145.68738,-37.41068],[145.68737,-37.41044],[145.68715,-37.41031],[145.68723,-37.4105],[145.68682,-37.41068],[145.68689,-37.41088],[145.68661,-37.41142]],[[145.688496,-37.410575],[145.688485,-37.41062]]]},"properties":{"n":"Off Camber","k":"ride","g":["Mountain bike · 1.4 km one way · Intermediate"],"d":"This fun filled predominately downhill trail is littered with potential for air time and grin inspiring berms.","b":[145.68627,-37.41142,145.6885,-37.40884]}},{"type":"Feature","geometry":{"type":"MultiLineString","coordinates":[[[147.58299,-37.70195],[147.58476,-37.70223],[147.58487,-37.70259]],[[147.58304,-37.70193],[147.58497,-37.70199],[147.58512,-37.7016],[147.58571,-37.7013],[147.58598,-37.70074],[147.58638,-37.7008],[147.58661,-37.70069],[147.58662,-37.70053],[147.58623,-37.7],[147.58578,-37.70019],[147.58529,-37.70017],[147.58471,-37.70035],[147.5839,-37.70096],[147.58105,-37.70095],[147.58066,-37.70103],[147.58045,-37.70123],[147.58048,-37.70141],[147.58025,-37.70156],[147.57926,-37.70153],[147.57885,-37.70164],[147.57867,-37.70184],[147.57817,-37.7019],[147.57791,-37.70158],[147.57751,-37.70141],[147.57725,-37.70103],[147.57692,-37.70093],[147.5768,-37.7007],[147.57611,-37.7004],[147.57587,-37.69982],[147.57537,-37.69954],[147.57528,-37.69929],[147.57497,-37.69943],[147.57475,-37.69935],[147.57386,-37.69949],[147.57297,-37.69907],[147.5727,-37.69796],[147.57262,-37.69785],[147.57246,-37.69797],[147.57232,-37.69761],[147.57203,-37.69732],[147.57055,-37.69708],[147.57019,-37.69666],[147.56974,-37.69643],[147.56915,-37.69638],[147.56795,-37.69786],[147.56736,-37.69762],[147.56605,-37.69754],[147.56479,-37.69767],[147.56413,-37.69788],[147.56295,-37.69776],[147.56278,-37.69765],[147.56271,-37.69714],[147.563,-37.69697],[147.56336,-37.69656],[147.56332,-37.69646],[147.56267,-37.69686],[147.56237,-37.69687],[147.56234,-37.69704],[147.56207,-37.69714],[147.56181,-37.69767],[147.56194,-37.69812],[147.56217,-37.69838],[147.56295,-37.69897],[147.56302,-37.69979],[147.56284,-37.69999],[147.56254,-37.69966],[147.56247,-37.70023],[147.56231,-37.69974],[147.56203,-37.70038],[147.56183,-37.69993],[147.56151,-37.69985],[147.56118,-37.70044],[147.5611,-37.70123],[147.56149,-37.70192],[147.56247,-37.70248],[147.56275,-37.7028],[147.56376,-37.70315],[147.56457,-37.70295]]]},"properties":{"n":"Big Emu Ascending","k":"ride","g":["Mountain bike · 6 km one way · under 1 hr · Intermediate"],"d":"A 6km long single track which starts at the lower trailhead and ends at the upper trailhead. This climbing track has some easy benched in sections and some climbs to raise a sweat. It leads through dense forest and rocky hillsides to ultimately arrive at the top.","a":"Located 15 minutes from Bairnsdale. Travel north through Wy Yung and follow the Bullumwaal Rd. The intersection to Mount Taylor is where the bitumen road turns to gravel","b":[147.5611,-37.70315,147.58662,-37.69638]}},{"type":"Feature","geometry":{"type":"MultiLineString","coordinates":[[[146.7825,-36.36133],[146.78333,-36.36194],[146.78393,-36.362],[146.78417,-36.36154],[146.78447,-36.36135],[146.78522,-36.36132],[146.7854,-36.36097],[146.78616,-36.36062],[146.78639,-36.36063]],[[146.79458,-36.35543],[146.79443,-36.35515],[146.79422,-36.35515],[146.79364,-36.35613],[146.79329,-36.35634],[146.79304,-36.3563],[146.79289,-36.35681],[146.79275,-36.35691],[146.79263,-36.35682],[146.79267,-36.35697],[146.79234,-36.3572],[146.79255,-36.35735],[146.79257,-36.35764],[146.79227,-36.3577],[146.79236,-36.35793],[146.79213,-36.35814],[146.7921,-36.35846],[146.79173,-36.35863],[146.7917,-36.35892],[146.79139,-36.35883],[146.79022,-36.35936],[146.7899,-36.35936],[146.78912,-36.35888],[146.78862,-36.35892],[146.78821,-36.35918],[146.78817,-36.35938],[146.78836,-36.35976],[146.78817,-36.36005],[146.78749,-36.36028],[146.78689,-36.36095],[146.78639,-36.36063]],[[146.79458,-36.35543],[146.79457,-36.3548],[146.79471,-36.35445],[146.79493,-36.35419],[146.79519,-36.35421],[146.79538,-36.35388],[146.79552,-36.35393],[146.7956,-36.35381],[146.79544,-36.35366],[146.7944,-36.35344],[146.79386,-36.35363],[146.79371,-36.35381]],[[146.79371,-36.35381],[146.79344,-36.35408],[146.79272,-36.35441],[146.79135,-36.35549],[146.79082,-36.35557],[146.79036,-36.3551],[146.79009,-36.35507],[146.78938,-36.35581],[146.78949,-36.35618],[146.78927,-36.35657],[146.78892,-36.3568],[146.78865,-36.35679],[146.78874,-36.35703],[146.78783,-36.3573],[146.78663,-36.3574],[146.78655,-36.35751],[146.78675,-36.35772],[146.78684,-36.35825],[146.78681,-36.35927],[146.78652,-36.35945],[146.78573,-36.35939],[146.78553,-36.3596],[146.78632,-36.35999],[146.78641,-36.36016],[146.78607,-36.36027],[146.78626,-36.36035],[146.78602,-36.36055],[146.78627,-36.36052],[146.78639,-36.36063]],[[146.79371,-36.35381],[146.79337,-36.35363],[146.79296,-36.35376],[146.79312,-36.35383],[146.7924,-36.35442],[146.79122,-36.35461],[146.79202,-36.35459],[146.79183,-36.35482],[146.79131,-36.35496],[146.79067,-36.35498],[146.7899,-36.35469],[146.79051,-36.35408],[146.79106,-36.35382],[146.79165,-36.35326],[146.79247,-36.35288],[146.79274,-36.35228],[146.79329,-36.35185],[146.79406,-36.35148],[146.79482,-36.35129],[146.79501,-36.35098],[146.7959,-36.35096],[146.79618,-36.35083],[146.79632,-36.35066],[146.79622,-36.35046],[146.79632,-36.35018],[146.79667,-36.34986],[146.79718,-36.34967],[146.79722,-36.34929],[146.79747,-36.34889],[146.7974,-36.34864],[146.79848,-36.34704],[146.7994,-36.3465],[146.80026,-36.34627],[146.80061,-36.34556],[146.80076,-36.34605],[146.80045,-36.34661],[146.80075,-36.34656],[146.80143,-36.34584],[146.80146,-36.34557],[146.8015,-36.3459],[146.80121,-36.34627],[146.80132,-36.34641],[146.80152,-36.34633],[146.80166,-36.34663],[146.80191,-36.34663],[146.80197,-36.34682],[146.80185,-36.34714]],[[146.80185,-36.34714],[146.80126,-36.34712],[146.80062,-36.34758],[146.79952,-36.34802],[146.79828,-36.349],[146.7975,-36.3498],[146.79728,-36.35022],[146.79712,-36.35136],[146.79716,-36.35172],[146.79767,-36.35279],[146.79816,-36.35441],[146.79902,-36.35587],[146.79988,-36.35875],[146.80077,-36.35922],[146.80105,-36.35957],[146.80108,-36.3602],[146.80089,-36.36063],[146.80041,-36.36105],[146.79973,-36.36107],[146.79913,-36.36136],[146.79891,-36.36129],[146.79849,-36.36145],[146.79811,-36.36143],[146.79775,-36.36182],[146.79854,-36.36161],[146.79847,-36.36191],[146.79772,-36.362],[146.7972,-36.3624],[146.79687,-36.36286],[146.79686,-36.36226],[146.79651,-36.3618],[146.79657,-36.36158],[146.7964,-36.36149],[146.79653,-36.36114],[146.79643,-36.36105],[146.79655,-36.36103],[146.79658,-36.36087],[146.79627,-36.36023],[146.79641,-36.36027],[146.79725,-36.3592],[146.79785,-36.35938],[146.79793,-36.35912],[146.79734,-36.35886],[146.79799,-36.3588],[146.79831,-36.35844],[146.79803,-36.35827],[146.79763,-36.35851],[146.79741,-36.35847],[146.79701,-36.35797],[146.79644,-36.3578],[146.79641,-36.35719],[146.79616,-36.35693],[146.79603,-36.35694],[146.79593,-36.35722],[146.7957,-36.35701],[146.79489,-36.35679],[146.79406,-36.3569],[146.79484,-36.35622],[146.79484,-36.35583],[146.79458,-36.35543]],[[146.8086,-36.33746],[146.80836,-36.33818],[146.80797,-36.33833],[146.80869,-36.33846],[146.80858,-36.33869],[146.80885,-36.33904],[146.80877,-36.33926],[146.8085,-36.33929],[146.80846,-36.33954],[146.80824,-36.33951],[146.80832,-36.33998],[146.80861,-36.34034],[146.80842,-36.34035],[146.80855,-36.3406],[146.80851,-36.34112],[146.80832,-36.34081],[146.80807,-36.34078],[146.80826,-36.34107],[146.80832,-36.34164],[146.8082,-36.34133],[146.80807,-36.34133],[146.80791,-36.34229],[146.80803,-36.34265],[146.80783,-36.34334],[146.80775,-36.34337],[146.80761,-36.34302],[146.80728,-36.34426],[146.80715,-36.34383],[146.80699,-36.34399],[146.80698,-36.34439],[146.80718,-36.3446],[146.80732,-36.34534],[146.8076,-36.34552],[146.80769,-36.34577],[146.80755,-36.34593],[146.8077,-36.34631],[146.80748,-36.34628],[146.80724,-36.34663],[146.80704,-36.34636],[146.80675,-36.34654],[146.80604,-36.3464],[146.80565,-36.34659],[146.80487,-36.34648],[146.8041,-36.34655],[146.80369,-36.3468],[146.80355,-36.34671],[146.80362,-36.34633],[146.8038,-36.34624],[146.80409,-36.34635],[146.80372,-36.34601],[146.80323,-36.34627],[146.80299,-36.34582],[146.80285,-36.34603],[146.80315,-36.34674],[146.80305,-36.34708],[146.80243,-36.34725],[146.80185,-36.34714]]]},"properties":{"n":"Kokoda Loop","k":"ride","g":["Mountain bike · 15.5 km return · 1–4 hrs · Intermediate"],"d":"RIDING DIRECTION: Clockwise. Start from the Trail Head with a climb up the first section of the ‘Shack Loop’, cross the fire road and ride down a fun section of trail to No.1 Link Rd. Ride along Willow Tree Rd (dirt road) for two kilometres and then enter back onto single track on the right just past Northern Fire Trail. Ride along an undulating trail to an intersection where you decide whether to test the legs up the steep climb on the left, or take the short cut straight ahead. Have a break then get stuck into the awesome descent back down to the start of Willow Tree Road. Follow your outbound route again and decide which of three trails in the Shack complex to head back down to the…","a":"From Yackandandah, drive or ride approximately 4km along Bells Flat Rd and Service Basin Rd (both 2WD gravel roads) and follow the signs to the trailhead next to Yackandandah Creek.","b":[146.7825,-36.36286,146.80885,-36.33746]}},{"type":"Feature","geometry":{"type":"MultiLineString","coordinates":[[[146.78566,-36.33972],[146.78628,-36.34023],[146.78667,-36.34035],[146.78767,-36.33987],[146.7882,-36.33993],[146.7887,-36.33977],[146.78911,-36.33933],[146.78961,-36.3395],[146.78956,-36.34007],[146.78969,-36.3402],[146.78974,-36.33991],[146.79002,-36.34003],[146.79001,-36.33979],[146.79019,-36.33989],[146.79017,-36.33973],[146.79075,-36.33992],[146.79113,-36.34025],[146.79209,-36.34031],[146.7925,-36.34025],[146.79369,-36.33952]],[[146.78566,-36.33972],[146.78527,-36.33993],[146.7842,-36.33994],[146.7834,-36.34009],[146.78359,-36.34025],[146.78455,-36.34024],[146.78535,-36.3406],[146.78533,-36.34087],[146.78545,-36.34101],[146.78516,-36.34085],[146.78515,-36.34094],[146.7862,-36.34149],[146.78679,-36.34144],[146.78776,-36.34159],[146.78766,-36.34145],[146.78776,-36.34139],[146.78888,-36.34204],[146.79111,-36.34168],[146.79198,-36.34228],[146.79251,-36.34224],[146.79313,-36.34247],[146.79385,-36.34239],[146.7944,-36.34253],[146.79489,-36.34318],[146.79598,-36.34306],[146.79634,-36.34289],[146.79673,-36.34297],[146.7975,-36.34227],[146.79814,-36.34213],[146.79813,-36.34187],[146.79855,-36.34197],[146.79931,-36.34181],[146.79993,-36.34208],[146.80054,-36.34213],[146.80091,-36.3418],[146.80129,-36.34217],[146.80165,-36.34209],[146.802,-36.34224],[146.80321,-36.34229],[146.80355,-36.34203],[146.80357,-36.34171],[146.80381,-36.34154],[146.80398,-36.34103],[146.80439,-36.34067],[146.80428,-36.33995],[146.80475,-36.33971],[146.80508,-36.33935],[146.80523,-36.33886],[146.80492,-36.33838],[146.80568,-36.33828],[146.80624,-36.33789],[146.80776,-36.33648],[146.80783,-36.33597]],[[146.78566,-36.33972],[146.7856,-36.33943],[146.78593,-36.33924],[146.78624,-36.33982],[146.78669,-36.34005],[146.78681,-36.33993],[146.7864,-36.33955],[146.78663,-36.33951],[146.78654,-36.33926],[146.78683,-36.33937],[146.78694,-36.33931],[146.7868,-36.33913],[146.78714,-36.33912],[146.78714,-36.3387],[146.78739,-36.33862],[146.78718,-36.33842],[146.7876,-36.33851],[146.7878,-36.33841],[146.78755,-36.33842],[146.78726,-36.33821],[146.78792,-36.33813],[146.7878,-36.33805],[146.78792,-36.33769],[146.78768,-36.33725],[146.78779,-36.33712],[146.78745,-36.3367],[146.78778,-36.33659],[146.7882,-36.33609],[146.78884,-36.33579],[146.788,-36.33524]],[[146.79369,-36.33952],[146.79419,-36.3394],[146.79412,-36.3397],[146.79353,-36.33977],[146.79398,-36.33993],[146.79429,-36.33986],[146.79431,-36.33998],[146.794,-36.34022],[146.79437,-36.34018],[146.79441,-36.34027],[146.79403,-36.34072],[146.79441,-36.34061],[146.79423,-36.34083],[146.79432,-36.34084],[146.79465,-36.3406],[146.79454,-36.34109],[146.79413,-36.34113],[146.79482,-36.34123],[146.79502,-36.34096],[146.79486,-36.34154],[146.79464,-36.34169],[146.79493,-36.34172],[146.79552,-36.34145],[146.79556,-36.34118],[146.79575,-36.34152],[146.7957,-36.34165],[146.79592,-36.34164],[146.79567,-36.34201],[146.79607,-36.34193],[146.79629,-36.34173],[146.79609,-36.34212],[146.79542,-36.34221],[146.7954,-36.3423],[146.79591,-36.34231],[146.79647,-36.34213],[146.79685,-36.34158],[146.79683,-36.34221],[146.79732,-36.34193],[146.79744,-36.34138],[146.79766,-36.34128],[146.79849,-36.34143],[146.79889,-36.34136],[146.79979,-36.34165],[146.80019,-36.34162],[146.80041,-36.34148],[146.80124,-36.34035],[146.80149,-36.3404],[146.80198,-36.34016],[146.80196,-36.34099],[146.80208,-36.34135],[146.80242,-36.34148],[146.80304,-36.34099],[146.8029,-36.34062],[146.80295,-36.34041],[146.80237,-36.34],[146.80269,-36.33931],[146.80307,-36.33897],[146.8022,-36.33844],[146.80249,-36.33803],[146.80396,-36.33699],[146.80568,-36.33732],[146.80568,-36.33715],[146.80616,-36.33685],[146.8064,-36.33696],[146.80664,-36.3369],[146.80673,-36.33678],[146.80659,-36.33659],[146.80731,-36.33608],[146.80777,-36.33611],[146.80783,-36.33597]],[[146.79369,-36.33952],[146.79401,-36.3392],[146.79345,-36.33929],[146.79361,-36.33906],[146.79381,-36.33902],[146.79386,-36.33871],[146.79349,-36.33887],[146.79301,-36.33949],[146.79254,-36.33974],[146.79205,-36.33975],[146.79175,-36.33948],[146.79162,-36.33908],[146.79208,-36.33862],[146.79194,-36.33891],[146.79205,-36.33911],[146.79228,-36.33921],[146.79247,-36.33908],[146.7924,-36.33881],[146.79275,-36.33857],[146.79268,-36.33832],[146.79318,-36.33784],[146.79317,-36.33763],[146.79372,-36.33665],[146.79352,-36.33644],[146.79348,-36.33608],[146.79406,-36.33585],[146.79442,-36.33512],[146.79417,-36.33515],[146.79383,-36.33474],[146.79364,-36.33473],[146.79311,-36.33429],[146.79305,-36.33441],[146.79333,-36.33518],[146.79269,-36.33514],[146.79247,-36.33582],[146.7923,-36.3357],[146.79242,-36.33547],[146.79208,-36.33536],[146.79223,-36.33511],[146.79183,-36.33496],[146.79178,-36.33466],[146.79145,-36.33433],[146.7916,-36.3341],[146.79189,-36.3341],[146.79215,-36.33362],[146.79259,-36.33327],[146.79327,-36.3333],[146.7942,-36.33262],[146.79384,-36.33243],[146.79345,-36.33283],[146.79283,-36.33308],[146.79229,-36.33313],[146.79194,-36.33282],[146.79198,-36.33271],[146.79302,-36.33246],[146.7932,-36.33225],[146.7931,-36.33192],[146.79386,-36.33155],[146.79403,-36.33106],[146.79392,-36.33096],[146.7936,-36.33102],[146.79339,-36.3306],[146.79368,-36.32999],[146.79307,-36.33007],[146.79297,-36.33064],[146.792,-36.33228],[146.79165,-36.3321],[146.79137,-36.33115],[146.79139,-36.33067],[146.79107,-36.33025],[146.79054,-36.32997],[146.79017,-36.32992],[146.79018,-36.33002],[146.79069,-36.33017],[146.79095,-36.33049],[146.79021,-36.33034],[146.78992,-36.33048]],[[146.80783,-36.33597],[146.80734,-36.33586],[146.8081,-36.33503],[146.80854,-36.3349],[146.80859,-36.3346],[146.81,-36.33385],[146.81037,-36.33378]],[[146.81037,-36.33378],[146.80923,-36.33451],[146.80886,-36.33515],[146.80833,-36.33545],[146.80865,-36.33549],[146.80844,-36.33559],[146.80869,-36.33577],[146.8085,-36.3361],[146.80881,-36.3361],[146.80882,-36.33641],[146.80778,-36.33721],[146.80798,-36.3374],[146.80856,-36.33694]],[[146.81037,-36.33378],[146.81053,-36.33375],[146.81059,-36.33396],[146.81071,-36.33398],[146.81105,-36.33379],[146.81107,-36.33364],[146.81141,-36.33351],[146.81192,-36.33364],[146.81236,-36.33356],[146.81269,-36.33332],[146.81318,-36.33326],[146.81374,-36.33325],[146.81428,-36.33342],[146.81442,-36.3329],[146.81421,-36.33321],[146.81398,-36.33321],[146.81424,-36.33287],[146.81379,-36.33289],[146.814,-36.33234],[146.81368,-36.33232],[146.81383,-36.33214],[146.8144,-36.33194],[146.81501,-36.33198],[146.81485,-36.33189],[146.81513,-36.33172],[146.81514,-36.33156]]]},"properties":{"n":"Ground Effect Loop","k":"ride","g":["Mountain bike · 17 km return · 1–4 hrs · Intermediate"],"d":"RIDING DIRECTION: Clockwise. Start from the Trail Head with a short climb and then out along the nearly flat raceline, watching out for the steep slopes below the trail in some sections. Climb up the next section to a trail intersection, and either keep climbing up to Service Basin Rd to access the fun loop in Bullocky Gully (the longer route), or descend from the intersection down the switchbacks to head more directly back to the Trail head (the shorter route). Intermediate, 1.5 to 2 hours, 17 km","a":"From Yackandandah, drive or ride approximately 4km along Bells Flat Rd and Service Basin Rd (both 2WD gravel roads) and follow the signs to the trailhead next to Yackandandah Creek.","b":[146.7834,-36.34318,146.81514,-36.32992]}},{"type":"Feature","geometry":{"type":"MultiLineString","coordinates":[[[146.81079,-36.37087],[146.81104,-36.37106],[146.81104,-36.37135],[146.81077,-36.37111],[146.81014,-36.37133],[146.81054,-36.37147],[146.81047,-36.3722],[146.81113,-36.37223],[146.81009,-36.3725],[146.80993,-36.37212],[146.80976,-36.37203],[146.80972,-36.3722],[146.80839,-36.37213],[146.80745,-36.3716],[146.80674,-36.37076]],[[146.81079,-36.37087],[146.81079,-36.37087]]]},"properties":{"n":"Diggers Loop","k":"ride","g":["Mountain bike · 18.5 km return · 1–4 hrs · Intermediate"],"d":"RIDING DIRECTION: Anti-clockwise. Start from the Trail Head with a climb up the first section of the ‘Shack Loop’, cross the road, and begin the long steady climb, which uses sections of old gold mining racelines. Once you reach the top, have a breather, then get set for the flowing seven kilometre descent, before returning to the Trail Head with a winding traverse along mostly old mining racelines. Intermediate, 1.5 to 2 hours, 18.5 km","a":"From Yackandandah, drive or ride approximately 4km along Bells Flat Rd and Service Basin Rd (both 2WD gravel roads) and follow the signs to the trailhead next to Yackandandah Creek.","b":[146.80674,-36.3725,146.81113,-36.37076]}},{"type":"Feature","geometry":{"type":"MultiLineString","coordinates":[[[146.80772,-36.34616],[146.80755,-36.34593],[146.80769,-36.34577],[146.8076,-36.34552],[146.80732,-36.34534],[146.80718,-36.3446],[146.80698,-36.34439],[146.80699,-36.34399],[146.80715,-36.34383],[146.80728,-36.34426],[146.80761,-36.34302],[146.80775,-36.34337],[146.80783,-36.34334],[146.80803,-36.34265],[146.80791,-36.34229],[146.80807,-36.34133],[146.8082,-36.34133],[146.80832,-36.34164],[146.80826,-36.34107],[146.80807,-36.34078],[146.80832,-36.34081],[146.80846,-36.34114],[146.80856,-36.34076],[146.80842,-36.34035],[146.80861,-36.34034],[146.80832,-36.33998],[146.80824,-36.33951],[146.80846,-36.33954],[146.8085,-36.33929],[146.80877,-36.33926],[146.80885,-36.33904],[146.80858,-36.33869],[146.80869,-36.33846],[146.80797,-36.33833],[146.80836,-36.33818],[146.8087,-36.33744],[146.80867,-36.33773],[146.8091,-36.33791],[146.80919,-36.33829],[146.80936,-36.33844]],[[146.80772,-36.34616],[146.80772,-36.34636],[146.80797,-36.34648],[146.80839,-36.34619],[146.80908,-36.34604],[146.80946,-36.34573],[146.80965,-36.34532]],[[146.80965,-36.34532],[146.80911,-36.34477],[146.80954,-36.34452],[146.8093,-36.34419],[146.80942,-36.34355],[146.80912,-36.3432],[146.80932,-36.343],[146.8094,-36.34257],[146.80921,-36.34231],[146.80913,-36.34298],[146.80897,-36.34302],[146.80877,-36.34285],[146.80898,-36.34241],[146.80895,-36.34195],[146.8093,-36.3415],[146.80908,-36.34066],[146.8092,-36.34031],[146.80905,-36.3398]],[[146.80965,-36.34532],[146.80971,-36.34459],[146.80993,-36.34442],[146.80977,-36.34369],[146.80995,-36.34335],[146.80977,-36.34308],[146.81005,-36.34216],[146.80961,-36.34174],[146.80952,-36.34123],[146.80973,-36.34148],[146.81006,-36.34137],[146.80988,-36.34087],[146.80947,-36.34056],[146.80945,-36.34004],[146.80992,-36.3404],[146.80995,-36.34072],[146.81009,-36.34068],[146.81012,-36.34043],[146.81061,-36.34089],[146.81087,-36.34049],[146.81143,-36.34007],[146.81139,-36.33966],[146.81094,-36.33899],[146.81122,-36.3389],[146.81174,-36.33901],[146.81174,-36.33868],[146.81202,-36.33823],[146.81261,-36.33787],[146.81302,-36.33782],[146.81321,-36.33749],[146.81359,-36.33723],[146.81322,-36.33709],[146.81319,-36.33723],[146.8128,-36.33745],[146.81291,-36.33747],[146.81284,-36.33765],[146.81262,-36.33773],[146.81238,-36.33763],[146.81227,-36.33772],[146.81243,-36.33775],[146.81191,-36.33792],[146.81172,-36.33825],[146.81152,-36.33765],[146.81161,-36.33731],[146.81137,-36.33736],[146.81141,-36.33753],[146.81109,-36.33766],[146.81113,-36.33786],[146.81068,-36.33767],[146.81084,-36.33793],[146.81009,-36.33755],[146.81006,-36.33796],[146.81053,-36.33831],[146.81071,-36.33867],[146.8106,-36.33875],[146.81012,-36.33854],[146.80993,-36.3382],[146.80981,-36.33826],[146.80997,-36.33772],[146.80971,-36.33751],[146.80941,-36.33808],[146.80948,-36.33838],[146.80936,-36.33844]],[[146.80905,-36.3398],[146.8091,-36.34028],[146.80878,-36.34044],[146.8089,-36.34107],[146.80866,-36.3412],[146.8085,-36.34164],[146.80857,-36.34219],[146.80845,-36.34331],[146.8081,-36.34399],[146.80811,-36.34432],[146.808,-36.34428],[146.80795,-36.34444],[146.80842,-36.34494],[146.80849,-36.34483],[146.80876,-36.34505],[146.80892,-36.34532],[146.80935,-36.34535],[146.80937,-36.34559],[146.80905,-36.34589],[146.80905,-36.34571],[146.80845,-36.3456],[146.80835,-36.34585],[146.80796,-36.34585],[146.80772,-36.34616]],[[146.80905,-36.3398],[146.80906,-36.33942],[146.80938,-36.33918],[146.80973,-36.33915],[146.80988,-36.33886],[146.80936,-36.33844]]]},"properties":{"n":"Shack Complex","k":"ride","g":["Mountain bike · 5 km return · under 1 hr · Intermediate"],"d":"RIDING DIRECTION: Anti-clockwise. This is a compact area with a number of trail options for riders looking to get a feel for Yack Tracks, or for a quick warm-up before hitting the longer loops. Start with the Shack Loop, and when feeling confident to move up to a slightly more technical trail, try the Intermediate rated ‘Boguns Run’ as an alternative return. Note that the ‘Carcass Canyon’ is an even more technical Intermediate rated trail, so have a good look before committing. Intermediate, Under 1 hour, 5 km","a":"From Yackandandah, drive or ride approximately 4km along Bells Flat Rd and Service Basin Rd (both 2WD gravel roads) and follow the signs to the trailhead next to Yackandandah Creek.","b":[146.80698,-36.34648,146.81359,-36.33709]}},{"type":"Feature","geometry":{"type":"MultiLineString","coordinates":[[[147.926762,-37.833789],[147.926813,-37.833631]],[[147.92681,-37.83363],[147.9268,-37.83347],[147.92604,-37.83308],[147.92541,-37.83305],[147.92475,-37.83337],[147.92455,-37.83334],[147.92446,-37.83315],[147.92386,-37.83304],[147.92378,-37.83294],[147.92402,-37.83288],[147.92378,-37.83254],[147.92286,-37.83278],[147.92218,-37.8327],[147.92201,-37.83289],[147.92185,-37.83289],[147.9218,-37.83313],[147.92153,-37.83316],[147.92141,-37.83331],[147.92125,-37.83326],[147.92078,-37.83374],[147.92023,-37.8339],[147.91983,-37.83439],[147.91958,-37.83443],[147.91939,-37.83489],[147.9195,-37.83499],[147.91941,-37.83502],[147.91951,-37.83544],[147.91986,-37.83527],[147.91992,-37.83511],[147.91978,-37.83506],[147.91978,-37.83488],[147.92007,-37.83499],[147.92013,-37.83458],[147.92069,-37.83428],[147.92084,-37.83454],[147.92147,-37.83456],[147.92185,-37.8347],[147.92213,-37.83491],[147.9221,-37.83513],[147.92156,-37.83575],[147.92121,-37.83586],[147.92084,-37.83579],[147.92051,-37.83591],[147.91973,-37.83552],[147.91924,-37.83569],[147.91762,-37.83511],[147.91707,-37.83478],[147.91779,-37.83413],[147.91805,-37.83355],[147.91889,-37.83296],[147.91939,-37.83239],[147.91971,-37.83226],[147.9195,-37.83163],[147.91964,-37.83138],[147.92026,-37.831],[147.9204,-37.83062],[147.92031,-37.83018],[147.91984,-37.82946],[147.91956,-37.82912],[147.91896,-37.82877],[147.91863,-37.82843],[147.91859,-37.82823],[147.91734,-37.828],[147.91716,-37.8281],[147.91651,-37.82768],[147.91657,-37.82736],[147.91717,-37.82692],[147.91691,-37.82674],[147.9174,-37.82621],[147.91747,-37.82564],[147.91801,-37.82532],[147.91941,-37.82599],[147.91951,-37.82589],[147.91944,-37.82564],[147.91958,-37.82551],[147.91943,-37.82516],[147.92008,-37.82502],[147.92081,-37.82507],[147.92171,-37.82539],[147.92281,-37.82546],[147.92335,-37.82571],[147.92425,-37.82583],[147.92434,-37.82599],[147.9254,-37.82619],[147.92556,-37.82643]],[[147.92556,-37.82643],[147.92545,-37.82703],[147.9252,-37.82709],[147.92514,-37.82682],[147.92464,-37.82644],[147.92416,-37.82632],[147.92345,-37.82635],[147.92298,-37.82661],[147.92262,-37.82726],[147.92208,-37.82771],[147.92132,-37.82802],[147.9199,-37.82752],[147.91978,-37.82764],[147.91988,-37.82789],[147.92061,-37.82834],[147.92115,-37.82825],[147.9216,-37.82851],[147.9216,-37.82861],[147.92095,-37.82871],[147.92116,-37.82907],[147.92092,-37.82931],[147.92189,-37.82936],[147.92256,-37.82989],[147.92305,-37.83004],[147.92434,-37.8301],[147.9244,-37.83057],[147.92479,-37.83077],[147.92649,-37.83076],[147.92777,-37.83036],[147.92853,-37.82997],[147.93131,-37.82966],[147.93215,-37.82911],[147.93284,-37.82845],[147.93296,-37.82817],[147.93267,-37.82807],[147.93333,-37.82776],[147.93376,-37.82789],[147.93342,-37.82854],[147.93363,-37.82954],[147.93359,-37.82968],[147.93342,-37.82967],[147.93357,-37.82987],[147.93343,-37.82993],[147.93316,-37.83047],[147.93305,-37.83038],[147.9329,-37.83071],[147.93255,-37.83081],[147.93264,-37.83095],[147.93235,-37.8313],[147.93203,-37.83135],[147.93123,-37.8319],[147.93094,-37.83191],[147.93093,-37.83202],[147.9307,-37.83196],[147.93056,-37.83214],[147.93012,-37.83201],[147.92989,-37.83217],[147.92993,-37.83197],[147.92983,-37.83195],[147.92954,-37.83228],[147.92898,-37.83216],[147.92871,-37.83246],[147.92847,-37.83238],[147.92834,-37.83269],[147.9278,-37.83279],[147.9278,-37.83293],[147.92745,-37.83308],[147.92749,-37.83358],[147.92726,-37.83369],[147.92716,-37.8341],[147.92675,-37.83437],[147.92687,-37.83455],[147.92638,-37.83503],[147.92622,-37.8356],[147.92552,-37.83583],[147.92518,-37.83611],[147.92518,-37.83632],[147.92492,-37.83632],[147.92497,-37.83642],[147.92477,-37.83644],[147.92487,-37.83652],[147.9248,-37.8366],[147.92426,-37.83688],[147.9242,-37.83721],[147.92369,-37.83703],[147.92339,-37.83675],[147.92299,-37.83675],[147.9228,-37.8365],[147.92261,-37.83657],[147.92258,-37.83618],[147.92313,-37.83598],[147.92316,-37.83586],[147.92297,-37.83557],[147.92228,-37.83531],[147.92249,-37.83512],[147.92233,-37.83482],[147.9224,-37.83472],[147.92286,-37.83475],[147.92298,-37.83521],[147.924,-37.83538],[147.92421,-37.83505],[147.92433,-37.83418],[147.92295,-37.83392],[147.92271,-37.83336],[147.92298,-37.8333],[147.92329,-37.83352],[147.92387,-37.83368],[147.92404,-37.8336],[147.92443,-37.83388],[147.9249,-37.83396],[147.92518,-37.83391],[147.92518,-37.83355],[147.92544,-37.8334],[147.92584,-37.83359],[147.92681,-37.83363]],[[147.92556,-37.82643],[147.92556,-37.82643]]]},"properties":{"n":"Scalectric Mountain Bike Loop","k":"ride","g":["Mountain bike · 18 km one way · Difficult"],"d":"Scaletric Loops is an 18 km MTB track through the Colquhuon Regional Park, it provides a smooth flowing trail with bermed corners, dips, double dips and optional jumps. The Lollipop segment is a fun, fast, descending rollercoaster ride that you won’t forget. It follows the Gippsland Lakes Discovery trail for 1.5 km before climbing back to the trailhead carpark. The trail is well signposted and there are shorter options that can be taken if desired. An 18km cross country mountain bike loop through local forest. This track starts and finishes at the Bruce Rd trailhead.","a":"The trail head is on Bruce Rd, 100m from the intersection with the Princes Hwy, approx. 7km from Lakes Entrance.","b":[147.91651,-37.83721,147.93376,-37.82502]}},{"type":"Feature","geometry":{"type":"MultiLineString","coordinates":[[[145.65636,-37.77898],[145.6562,-37.77849],[145.65606,-37.77864],[145.65605,-37.77898],[145.65576,-37.7787],[145.65574,-37.77853]],[[145.65636,-37.77898],[145.65654,-37.77852],[145.65632,-37.77863],[145.65622,-37.77838],[145.65637,-37.77802],[145.65594,-37.77823],[145.65574,-37.77853]],[[145.65574,-37.77853],[145.65579,-37.77804],[145.65598,-37.77766],[145.65551,-37.77801],[145.6553,-37.77699]],[[145.65715,-37.77777],[145.657,-37.77818],[145.65738,-37.77792],[145.65747,-37.77833],[145.65767,-37.77807],[145.65764,-37.77835],[145.65806,-37.77895],[145.65808,-37.77813],[145.65858,-37.77754],[145.65861,-37.77734],[145.65873,-37.77751],[145.65882,-37.77842],[145.65908,-37.77876],[145.65946,-37.77799],[145.65993,-37.77803],[145.65983,-37.77826],[145.65995,-37.77843],[145.65959,-37.77833],[145.6596,-37.77874],[145.65951,-37.77878],[145.65926,-37.77863],[145.65932,-37.77904],[145.65951,-37.77925],[145.65914,-37.78017],[145.65889,-37.78001],[145.65893,-37.77977],[145.65867,-37.77999],[145.65871,-37.78027],[145.65854,-37.78017],[145.65844,-37.77925],[145.65825,-37.77924],[145.65826,-37.77938],[145.65784,-37.77913],[145.65756,-37.77889],[145.65745,-37.77855],[145.65719,-37.77873],[145.65723,-37.77905],[145.65702,-37.77886],[145.65712,-37.77865],[145.65705,-37.7784],[145.65655,-37.77896],[145.65654,-37.77914],[145.65686,-37.77942],[145.65656,-37.77928],[145.65636,-37.77898]],[[145.65715,-37.77777],[145.65756,-37.77746],[145.65719,-37.77709],[145.65724,-37.77689],[145.65732,-37.7771],[145.65774,-37.77734],[145.6579,-37.7776],[145.65796,-37.77745],[145.65751,-37.77712],[145.65721,-37.77661],[145.65709,-37.77716],[145.65701,-37.77713],[145.65692,-37.77696],[145.6571,-37.77647],[145.65687,-37.77663],[145.65682,-37.77637],[145.65659,-37.77652],[145.65654,-37.7763],[145.65644,-37.77646],[145.6566,-37.77673],[145.65669,-37.77656],[145.65679,-37.7766],[145.65681,-37.77708],[145.65729,-37.77757],[145.65712,-37.77772]],[[145.65712,-37.77772],[145.65715,-37.77777]],[[145.6553,-37.77699],[145.65528,-37.77681]],[[145.6553,-37.77699],[145.65483,-37.77639],[145.65451,-37.77556],[145.65474,-37.77514],[145.6553,-37.77459],[145.6554,-37.77477],[145.6551,-37.77494],[145.65489,-37.77577],[145.65494,-37.77586],[145.65512,-37.77566],[145.65522,-37.77575],[145.65508,-37.77614],[145.65528,-37.77681]],[[145.65528,-37.77681],[145.65536,-37.77654],[145.65566,-37.77689],[145.65565,-37.7766],[145.65581,-37.77674],[145.65573,-37.77697],[145.6558,-37.77733],[145.65588,-37.77741],[145.65594,-37.77716],[145.65589,-37.77684],[145.65617,-37.77739],[145.65623,-37.77704],[145.65607,-37.77675],[145.65619,-37.77641],[145.6566,-37.77711],[145.65656,-37.77726],[145.65701,-37.77756],[145.65677,-37.77796],[145.65712,-37.77772]]]},"properties":{"n":"Hey Hey My My","k":"ride","g":["Mountain bike · 4.2 km return · 45 min · Intermediate with Difficult Sections"],"d":"Hey Hey My My mountain bike trail starts near the intersection of Crusher Track and Old Warburton Road. The trail is rated as Blue with Black Diamond “B” lines and begins with a steep 2.5km climb that involves 35 switch back corners and an average gradient of 8%. Once at the top, the fast and flowy single track winds its way down through dry, open heathy forest. The 1.8km descent includes gap jumps, drops, berms and steep sections and finishes at the trailhead on Crusher Track.","a":"Access via Crusher Track just off old Warburton Road","b":[145.65451,-37.78027,145.65995,-37.77459]}},{"type":"Feature","geometry":{"type":"MultiLineString","coordinates":[[[146.8077,-36.34631],[146.80797,-36.34648],[146.80839,-36.34619],[146.80908,-36.34604],[146.81007,-36.3454],[146.8103,-36.34506],[146.81056,-36.34497],[146.81164,-36.3439],[146.81182,-36.34344],[146.81193,-36.34261],[146.81156,-36.34205],[146.81165,-36.34151],[146.81132,-36.34125],[146.81121,-36.34092],[146.81128,-36.3408],[146.81184,-36.34065],[146.81195,-36.34043],[146.81164,-36.33973],[146.81171,-36.3394],[146.81214,-36.33903],[146.81222,-36.33835],[146.81241,-36.33819],[146.81291,-36.33815],[146.8129,-36.33795],[146.81311,-36.33769],[146.81365,-36.33748],[146.81374,-36.33732],[146.81367,-36.33708],[146.81388,-36.3371],[146.8141,-36.33734],[146.81393,-36.33769],[146.8143,-36.33742],[146.81432,-36.33698],[146.81418,-36.3366],[146.8135,-36.33636],[146.81421,-36.33625],[146.81475,-36.33637],[146.81488,-36.33661],[146.81498,-36.33648],[146.81491,-36.33617],[146.81472,-36.33608],[146.81313,-36.3362],[146.81255,-36.33641],[146.81151,-36.33636],[146.81127,-36.33657],[146.81088,-36.33648],[146.81102,-36.33661],[146.81031,-36.33659],[146.80949,-36.33622],[146.80873,-36.33681]],[[146.80831,-36.33994],[146.80769,-36.34029],[146.80787,-36.34152],[146.80748,-36.34226],[146.80736,-36.34316],[146.80683,-36.344],[146.80705,-36.34474],[146.807,-36.34524],[146.80737,-36.34591],[146.8073,-36.34634],[146.8077,-36.34631]],[[146.80831,-36.33994],[146.80861,-36.34034],[146.80842,-36.34035],[146.80856,-36.34076],[146.80846,-36.34114],[146.80832,-36.34081],[146.80807,-36.34078],[146.80826,-36.34107],[146.80832,-36.34164],[146.8082,-36.34133],[146.80807,-36.34133],[146.80791,-36.34229],[146.80803,-36.34265],[146.80783,-36.34334],[146.80775,-36.34337],[146.80761,-36.34302],[146.80728,-36.34426],[146.80715,-36.34383],[146.80699,-36.34399],[146.80698,-36.34439],[146.80718,-36.3446],[146.80732,-36.34534],[146.8076,-36.34552],[146.80769,-36.34577],[146.80755,-36.34593],[146.8077,-36.34631]],[[146.8086,-36.33746],[146.80836,-36.33818],[146.80797,-36.33833],[146.80869,-36.33846],[146.80858,-36.33869],[146.80885,-36.33904],[146.80877,-36.33926],[146.8085,-36.33929],[146.80846,-36.33954],[146.80825,-36.33949],[146.80831,-36.33994]]]},"properties":{"n":"Yackandandah Green Loop","k":"ride","g":["Mountain bike · 4.3 km one way · 30 min · Easy"],"d":"RIDING DIRECTION: Anti-clockwise. This easy rated green and all abilities trail is a 4.3 km loop that starts and finishes at the Yack Tracks MTB trail head. Start the climb following the green arrows along the epic trail. At the gravel pit carpark after approximately 600 m the trail splits. Adaptive mountain bikes follow the aMTB sign onto Gravel Pit Road for the rest of the ascent. Other mountain bikes can continue along the single track following the green arrows. After the short ascent the tracks re-join. Enjoy flowing decent back to the trailhead through open eucalypt forest Easy - 4.2km - 25 mins - 51m total climb.","a":"From the main street of Yackandandah follow Bells Flat Rd for approx. 3km until you meet Service Basin Rd. Continue along Service Basin Rd, which then becomes Yack Gate Rd, for approx. 1.5km to the Yack Tracks MTB Trail Head.","b":[146.80683,-36.34648,146.81498,-36.33608]}},{"type":"Feature","geometry":{"type":"MultiLineString","coordinates":[[[147.61994,-37.63523],[147.6196,-37.63576],[147.61949,-37.63668],[147.61954,-37.63719],[147.62009,-37.63865],[147.62024,-37.64006],[147.62017,-37.64032],[147.61922,-37.64132],[147.61924,-37.64188],[147.61971,-37.64364],[147.61889,-37.64471],[147.61902,-37.64505],[147.61969,-37.64553],[147.61975,-37.64647],[147.62016,-37.64747],[147.61932,-37.64819],[147.61721,-37.65199],[147.61626,-37.65326],[147.61455,-37.65451],[147.61204,-37.65562],[147.61083,-37.65635],[147.60986,-37.65812],[147.60993,-37.6593],[147.60974,-37.65986],[147.60915,-37.66067],[147.60838,-37.66127],[147.60837,-37.66161],[147.60821,-37.66187],[147.60822,-37.66203],[147.60986,-37.6636],[147.61004,-37.66394],[147.6102,-37.66522],[147.6106,-37.66669],[147.61143,-37.66794],[147.61218,-37.66861],[147.61304,-37.66995],[147.61282,-37.67062],[147.61288,-37.67214],[147.61268,-37.67354],[147.61313,-37.67531],[147.61264,-37.67632],[147.61285,-37.67741],[147.61331,-37.67856],[147.61544,-37.68056],[147.61548,-37.68136],[147.61514,-37.68214],[147.61498,-37.68334],[147.61628,-37.684],[147.61698,-37.68452],[147.61744,-37.68515],[147.61751,-37.68642],[147.6177,-37.68678],[147.61775,-37.68811],[147.61848,-37.68912],[147.61802,-37.68937],[147.61767,-37.68985],[147.61771,-37.69056],[147.61817,-37.69142],[147.61775,-37.69356],[147.61664,-37.69425],[147.61612,-37.69552],[147.61517,-37.69655],[147.61424,-37.69724],[147.61326,-37.69847],[147.61295,-37.69987],[147.61338,-37.70192],[147.61287,-37.70301],[147.61239,-37.70332],[147.61211,-37.70372],[147.61189,-37.70446],[147.61217,-37.705],[147.61301,-37.70601],[147.61378,-37.70649],[147.61426,-37.70811],[147.61489,-37.70862],[147.61515,-37.70928],[147.61562,-37.7098],[147.61557,-37.71021],[147.61479,-37.71091],[147.61479,-37.71159],[147.61451,-37.71225],[147.61452,-37.71281],[147.61429,-37.71369],[147.61429,-37.71394],[147.6148,-37.71486],[147.61558,-37.71559],[147.61577,-37.71595],[147.61544,-37.71704],[147.61476,-37.71809],[147.6152,-37.72017],[147.61529,-37.72038],[147.61569,-37.72067],[147.61681,-37.72126],[147.61865,-37.72331],[147.61924,-37.72512],[147.61953,-37.72691]],[[147.61994,-37.63523],[147.61994,-37.63523]]]},"properties":{"n":"Nicholson River Track - Route 1","k":"ride","g":["Trail bike · 77 km return · Medium (Blue Square)"],"d":"This loop is mostly a medium grade of difficulty with a few more difficult sections. It comprises of open forest roads and narrow steep and hilly tracks. Some steep sections may become slippery following rain. There are a few creek and river crossings which are usually shallow.","a":"To access the Mount Taylor Trail Bike Visitor Area from Bairnsdale, follow the signs to Wy Yung, and then travel north along the Bullumwaal Road for approximately 7km. Turn right onto Boyds Road, follow Boyds Rd. across Mt Taylor Creek and up past a quarry on the left. The trail Bike visitor area is 400m past the quarry. It is immediately past the intersection of Howitt Spur Rd and Jones Rd.","b":[147.60821,-37.72691,147.62024,-37.63523]}},{"type":"Feature","geometry":{"type":"MultiLineString","coordinates":[[[145.82126,-37.77299],[145.8213,-37.77402],[145.8212,-37.77414],[145.82039,-37.77336],[145.81952,-37.77297],[145.81881,-37.77287],[145.81668,-37.77291],[145.81603,-37.7732],[145.81556,-37.7742],[145.8153,-37.77449],[145.81486,-37.77469],[145.81379,-37.77471],[145.81285,-37.77497],[145.81255,-37.77544],[145.81243,-37.77602],[145.81267,-37.77654],[145.81399,-37.77755],[145.81407,-37.77789],[145.81432,-37.7781],[145.81497,-37.77832],[145.81583,-37.77841],[145.81585,-37.77858],[145.81317,-37.78002],[145.81273,-37.7807],[145.81216,-37.78097],[145.81132,-37.78173],[145.81121,-37.78229],[145.81046,-37.78299],[145.81034,-37.78337],[145.81038,-37.78383],[145.81013,-37.7844],[145.8097,-37.78466],[145.8094,-37.78391],[145.80877,-37.78305],[145.80809,-37.78128],[145.80619,-37.78062],[145.80677,-37.77963],[145.80676,-37.77945],[145.80595,-37.77905],[145.80513,-37.77815],[145.80414,-37.77772],[145.80321,-37.77764],[145.80164,-37.77883],[145.80052,-37.77891],[145.80035,-37.7794],[145.79957,-37.78027],[145.79936,-37.78032],[145.79865,-37.7801],[145.79834,-37.77967],[145.79784,-37.77933],[145.797,-37.77928],[145.79638,-37.77887],[145.79601,-37.7788],[145.79564,-37.77838],[145.79556,-37.7776],[145.79527,-37.77742],[145.7944,-37.77732],[145.79381,-37.77753],[145.79278,-37.77751],[145.79164,-37.77772],[145.79084,-37.77749],[145.79005,-37.77708],[145.78945,-37.77706],[145.78836,-37.7777],[145.78763,-37.7779],[145.78714,-37.7783],[145.78688,-37.77895],[145.78691,-37.77934],[145.78769,-37.78009],[145.78683,-37.78064],[145.78662,-37.78066],[145.78579,-37.78027],[145.78552,-37.77974],[145.78516,-37.77946],[145.78476,-37.77852],[145.7844,-37.77706],[145.78404,-37.77643],[145.78314,-37.77599],[145.78279,-37.77521],[145.78217,-37.77454],[145.7798,-37.77369],[145.77911,-37.77284],[145.77862,-37.77279],[145.77808,-37.77329],[145.77716,-37.77361],[145.77639,-37.77479],[145.77622,-37.77484],[145.77475,-37.77379],[145.77424,-37.77274],[145.77394,-37.7724],[145.77315,-37.77212],[145.7723,-37.77229],[145.77193,-37.7722],[145.77157,-37.77133],[145.77113,-37.77089],[145.77006,-37.77078],[145.76916,-37.77045],[145.76803,-37.77047],[145.7679,-37.77083],[145.76807,-37.77185],[145.76786,-37.77216],[145.7674,-37.77235],[145.76614,-37.7722],[145.76317,-37.77014],[145.76297,-37.77006],[145.76263,-37.77013]]]},"properties":{"n":"Richards Tramline","k":"walk","g":["Walk · 12 km one way · 1–4 hrs · Grade 3"],"x":"Bushwalking experience recommended","t":"Formed track some obstacles · Gentle hills · Some steps · Limited signage","d":"This walk follows an old timber tramline established by William Richard to gain access to the timber in the Starvation Creek valley. The walk starts at the stairs at Big Pats Recreation and Camping Area and first follows Richards Curves Walk to Mississippi Fireline where it continues 9km along the entire tramline length through tall Eucalyptus forests until you reach Brahams Road. Alternatively you can shorten this walk by taking the Richards Tramline Link, this will take you to Mississippi Road. This walking track is one way and can be completed in either direction.","a":"From Melbourne head out along the Maroondah Highway to Lilydale. Past Lilydale, head right onto Warburton Highway. Continue the extent of Warburton Highway, through the township of Warburton onto Woods Point Road. Just after you cross the Yarra River about 3km up Wood Point Road take a right turn up Riverside Drive and take your next left up Big Pats Creek Road. Continue along this road through the small settlement of Big Pats Creek until you cross the creek itself, then take your first right just after the bridge up Burns Road. Not far up this road you will reach the Big Pats Recreation Area…","b":[145.76263,-37.78466,145.8213,-37.77006]}},{"type":"Feature","geometry":{"type":"MultiLineString","coordinates":[[[147.58278,-37.70321],[147.58278,-37.70321]]]},"properties":{"n":"Intermediate skills loop","k":"ride","g":["Mountain bike · 0.38 km return · under 1 hr · Intermediate"],"b":[147.58278,-37.70321,147.58278,-37.70321]}},{"type":"Feature","geometry":{"type":"MultiLineString","coordinates":[[[147.58495,-37.70274],[147.58552,-37.70266],[147.58564,-37.70277],[147.58547,-37.70294],[147.58552,-37.70306],[147.58655,-37.70325],[147.58656,-37.70357],[147.5867,-37.7036],[147.5866,-37.70369],[147.58685,-37.70368],[147.58646,-37.70412],[147.58742,-37.70383],[147.58789,-37.70386],[147.58788,-37.70441],[147.58838,-37.70446],[147.58874,-37.70475],[147.58846,-37.70501],[147.58871,-37.70517],[147.58863,-37.70533],[147.58879,-37.70552],[147.58858,-37.70573],[147.58834,-37.70635],[147.58852,-37.7064],[147.58896,-37.70623],[147.58906,-37.70629],[147.58892,-37.70653],[147.58943,-37.70672],[147.58903,-37.70703],[147.58897,-37.70723],[147.5899,-37.70683],[147.58925,-37.70728],[147.58994,-37.70709],[147.59057,-37.70726],[147.59034,-37.70739],[147.59048,-37.70798],[147.59085,-37.70808],[147.59082,-37.70826],[147.59106,-37.70828],[147.59119,-37.70849],[147.59137,-37.70853],[147.59122,-37.70862],[147.59159,-37.70878],[147.59135,-37.70885],[147.59172,-37.70899],[147.59171,-37.70926],[147.59211,-37.70958],[147.59207,-37.70986],[147.59156,-37.7097],[147.59136,-37.70951],[147.591,-37.70955],[147.59071,-37.70981],[147.5907,-37.71005],[147.59095,-37.71035],[147.5909,-37.71047],[147.59124,-37.71087],[147.59123,-37.71099],[147.59067,-37.71083],[147.59091,-37.71109],[147.59089,-37.71124],[147.59069,-37.711],[147.59032,-37.71093],[147.59029,-37.71125],[147.59014,-37.71124],[147.59011,-37.71136],[147.58965,-37.71129],[147.58969,-37.71139],[147.58952,-37.71141],[147.58955,-37.7115],[147.58923,-37.71155],[147.58912,-37.71148],[147.58927,-37.71138],[147.58919,-37.71129],[147.58931,-37.71116],[147.5889,-37.71086],[147.58852,-37.71089],[147.58855,-37.71102],[147.58844,-37.71105],[147.58896,-37.71108],[147.58869,-37.71115],[147.58885,-37.71132],[147.58853,-37.71134],[147.58819,-37.71111],[147.58753,-37.7113],[147.58743,-37.71098],[147.58774,-37.71062],[147.58938,-37.7105],[147.58921,-37.7103],[147.58831,-37.7103],[147.5877,-37.71008],[147.58752,-37.71015],[147.58765,-37.71025],[147.58733,-37.7103],[147.58758,-37.71041],[147.58749,-37.71052],[147.58687,-37.71078],[147.58635,-37.71082],[147.58592,-37.71098],[147.58586,-37.71111],[147.58566,-37.71089],[147.58503,-37.71081],[147.58504,-37.71024],[147.5858,-37.70975],[147.58641,-37.7097],[147.58677,-37.70984],[147.5872,-37.70954],[147.58742,-37.70971],[147.58862,-37.70984],[147.58929,-37.7096],[147.58896,-37.70963],[147.58801,-37.70934],[147.5871,-37.7094],[147.58803,-37.70909],[147.5883,-37.70916],[147.58817,-37.70897],[147.58784,-37.70887],[147.58826,-37.70888],[147.58818,-37.70882],[147.58836,-37.70865],[147.58738,-37.70847],[147.58759,-37.70824],[147.58648,-37.70765],[147.58608,-37.70725],[147.58609,-37.70703],[147.58583,-37.70673],[147.58538,-37.70645],[147.5852,-37.706],[147.58539,-37.7058],[147.58521,-37.70542],[147.58534,-37.70515],[147.58532,-37.70484],[147.58488,-37.70459],[147.58474,-37.70459],[147.58468,-37.70475],[147.58436,-37.7045],[147.58413,-37.70451],[147.58444,-37.70504],[147.58441,-37.70586],[147.58424,-37.70593],[147.58399,-37.70568],[147.5833,-37.7058],[147.58325,-37.7056],[147.58294,-37.70556],[147.58259,-37.70599],[147.58269,-37.7061],[147.58251,-37.7063],[147.5827,-37.7063],[147.58263,-37.70661],[147.58351,-37.70612],[147.58363,-37.70646],[147.58355,-37.7079],[147.58271,-37.70797],[147.58194,-37.70772],[147.58149,-37.70783],[147.58067,-37.70832],[147.57944,-37.70811],[147.57939,-37.70799],[147.57995,-37.70797],[147.5793,-37.70788],[147.57941,-37.70769],[147.57929,-37.70737],[147.57945,-37.70703],[147.57917,-37.7068],[147.57935,-37.70661],[147.57917,-37.70648],[147.57853,-37.70673],[147.57823,-37.70701],[147.57795,-37.70686],[147.57721,-37.70712],[147.57691,-37.70741],[147.57719,-37.70681],[147.57686,-37.7068],[147.57697,-37.70634],[147.57654,-37.70621],[147.57649,-37.70589],[147.57658,-37.70583],[147.57709,-37.70605],[147.57746,-37.7059],[147.57769,-37.70632],[147.57841,-37.70619],[147.57984,-37.7053],[147.58056,-37.70509],[147.58114,-37.70459],[147.58168,-37.70465],[147.5824,-37.70399],[147.58354,-37.70336]]]},"properties":{"n":"Southern Cross Circuit","k":"ride","g":["Mountain bike · 9 km one way · under 1 hr · Intermediate"],"d":"Southern Cross Track is a moderate blue square cross country MTB circuit starting at the south east corner of the picnic area, under the tall pine trees. It has one short steep climb before dropping into some fast flowing single track through open forest, crossing some rocky areas and gullies before a fun down hill section parallel to the road before looping back to the picnic area.","a":"From Bairnsdale, travel north through Wy Yung and follow the Bullumwaal Rd. The intersection to Mount Taylor is where the bitumen road turns to gravel. It is sign posted \"Mt Taylor MTB park\".","b":[147.57649,-37.71155,147.59211,-37.70266]}},{"type":"Feature","geometry":{"type":"MultiLineString","coordinates":[[[145.9319,-37.34465],[145.93134,-37.34509],[145.93127,-37.34534],[145.93137,-37.34583],[145.9322,-37.3469],[145.93203,-37.34736],[145.93238,-37.34773],[145.93202,-37.34805],[145.93205,-37.34872],[145.93252,-37.34887],[145.93283,-37.34862],[145.93329,-37.34862],[145.93389,-37.34914],[145.93509,-37.34957],[145.9358,-37.34922],[145.93655,-37.34913],[145.93706,-37.34922],[145.93749,-37.34948],[145.93779,-37.35048],[145.93834,-37.35091],[145.93858,-37.35133],[145.93879,-37.35142],[145.93968,-37.35139],[145.93968,-37.35149]]]},"properties":{"n":"Avro Anson Memorial Track","k":"walk","g":["Walk · 3.2 km return · 1 hr · Grade 4"],"x":"Bushwalking experience recommended","t":"Formed track some obstacles · Short steep hills · No steps · Limited signage","b":[145.93127,-37.35149,145.93968,-37.34465]}},{"type":"Feature","geometry":{"type":"MultiLineString","coordinates":[[[147.58278,-37.70321],[147.58278,-37.70321]]]},"properties":{"n":"Advanced skills loop","k":"ride","g":["Mountain bike · 0.4 km return · under 1 hr · Difficult"],"b":[147.58278,-37.70321,147.58278,-37.70321]}},{"type":"Feature","geometry":{"type":"MultiLineString","coordinates":[[[148.08319,-36.8776],[148.08426,-36.87782],[148.08491,-36.87825],[148.08537,-36.87841],[148.08622,-36.87838],[148.0879,-36.87807],[148.0892,-36.87766],[148.09073,-36.8775],[148.09256,-36.87635],[148.09337,-36.87567],[148.09452,-36.87575],[148.09514,-36.87615],[148.09606,-36.876],[148.0968,-36.87634],[148.09723,-36.87624],[148.09849,-36.87553],[148.09853,-36.87528],[148.0976,-36.87451],[148.09763,-36.87366],[148.0975,-36.87297],[148.09773,-36.87246],[148.09904,-36.87176],[148.09923,-36.87146],[148.09925,-36.86978],[148.09904,-36.86944],[148.09709,-36.86765],[148.09696,-36.86734],[148.09705,-36.86657],[148.09736,-36.86573],[148.09728,-36.86542],[148.09691,-36.86496],[148.0969,-36.86474],[148.09734,-36.86335],[148.09749,-36.8622],[148.09783,-36.86137],[148.09844,-36.86057],[148.09981,-36.85916],[148.10262,-36.85788],[148.10326,-36.8578]]]},"properties":{"n":"High Country Backroad Tour - Omeo to Buchan - Cowombat Flat Track","k":"drive","g":["4WD · 8 km return · 1–4 hrs · Medium (Blue Square)"],"d":"For 4WDs and drivers with some 4WD experience or training. This seasonal side trip takes you to the entrance of the Cobberas Wilderness Zone. This track is part of the Alpine Walking Track, a 650km track following the ridges and high plains through some of the highest country in Australia.","a":"This side track starts over 40km east of Benambra on the Limestone Road, at the intersection of Limestone Road and Cowombat Flat Track.","b":[148.08319,-36.87841,148.10326,-36.8578]}},{"type":"Feature","geometry":{"type":"MultiLineString","coordinates":[[[147.92012,-37.22608],[147.92012,-37.22571],[147.91913,-37.22501],[147.9189,-37.22492],[147.91841,-37.22511],[147.91804,-37.22507]]]},"properties":{"n":"Douglas Reserve Walk","k":"walk","g":["Walk · 0.4 km return · 15 min · Grade 3"],"x":"Bushwalking experience recommended","t":"Formed track some obstacles · Short steep hills · Many steps · Sign posted","d":"This walk crosses a branch of Bentley Creek and passes through tall Mountain Gum Forest A short 500m return walk through the Bentley Plain natural Features and Scenic Reserve. The walk is mostly on boardwalk through tall Mountain Gum forest.","a":"The walk starts behind Moscow Villa. Access from Ensay is via Bentleys Plain Road and from Swifts Creek is via Nunniong Road and Bentleys Plain Road.","b":[147.91804,-37.22608,147.92012,-37.22492]}},{"type":"Feature","geometry":{"type":"MultiLineString","coordinates":[[[145.55378,-37.38918],[145.55409,-37.3884],[145.55462,-37.38839],[145.55477,-37.38854],[145.5549,-37.38898],[145.55522,-37.38928],[145.55519,-37.38997],[145.55562,-37.39108],[145.5559,-37.3913],[145.5561,-37.3919],[145.55647,-37.39196],[145.55675,-37.39216],[145.55677,-37.39253],[145.55697,-37.39268],[145.55695,-37.39312],[145.5573,-37.39399],[145.55859,-37.395],[145.55886,-37.39559],[145.55903,-37.39654],[145.55887,-37.39688],[145.55903,-37.39736],[145.55918,-37.39764],[145.55994,-37.39818],[145.56024,-37.39888],[145.56061,-37.3993],[145.56051,-37.39999],[145.56095,-37.40033],[145.56199,-37.40066],[145.56302,-37.40065],[145.56332,-37.40076],[145.56358,-37.40126],[145.56382,-37.40143],[145.56401,-37.40233],[145.56429,-37.40252],[145.56505,-37.40251],[145.56524,-37.40287],[145.56572,-37.40307],[145.56704,-37.4042],[145.56841,-37.40429],[145.56941,-37.4041],[145.56998,-37.40422],[145.57021,-37.40412],[145.57093,-37.40346],[145.57148,-37.40325],[145.57136,-37.40309],[145.57201,-37.40288],[145.57261,-37.40235],[145.57293,-37.40105],[145.57317,-37.40105],[145.57335,-37.4013],[145.57346,-37.40091],[145.57395,-37.40104],[145.57411,-37.39987],[145.57479,-37.39959],[145.57532,-37.39903],[145.57676,-37.39877],[145.57726,-37.39911],[145.57799,-37.3992],[145.5784,-37.39968],[145.57892,-37.39908],[145.57929,-37.39795],[145.57987,-37.39736],[145.58125,-37.3947],[145.58184,-37.39405],[145.58297,-37.39354],[145.58321,-37.39328],[145.58318,-37.39292],[145.5828,-37.39276],[145.58153,-37.39292],[145.57853,-37.39197],[145.57558,-37.3898],[145.57499,-37.38917],[145.57438,-37.38911],[145.57352,-37.39004],[145.57315,-37.39008],[145.57263,-37.38987],[145.57219,-37.38991],[145.57164,-37.38976],[145.57091,-37.38939],[145.57021,-37.3886],[145.57012,-37.38802],[145.56966,-37.38682],[145.56941,-37.38671],[145.56937,-37.38644],[145.56854,-37.3855],[145.56848,-37.38449],[145.56861,-37.38369],[145.56814,-37.38226],[145.56743,-37.38122],[145.56726,-37.38045],[145.56693,-37.38013],[145.56559,-37.3796],[145.56515,-37.37906],[145.56441,-37.37875],[145.56383,-37.37829],[145.56336,-37.37824],[145.56262,-37.37848],[145.56215,-37.37847],[145.56131,-37.37818],[145.56033,-37.37861],[145.55985,-37.37834],[145.55945,-37.37839],[145.55853,-37.37905],[145.55819,-37.37949],[145.5573,-37.37969],[145.55626,-37.38024],[145.55543,-37.38028],[145.55496,-37.38062],[145.55372,-37.38092],[145.55289,-37.38248],[145.55206,-37.38306],[145.55198,-37.38348],[145.55223,-37.38386],[145.55325,-37.38395],[145.5536,-37.3841],[145.5537,-37.38427],[145.5536,-37.38487],[145.55302,-37.38522],[145.55254,-37.3852],[145.55191,-37.38555],[145.55146,-37.38601],[145.55177,-37.38692],[145.55192,-37.38695],[145.55212,-37.38731],[145.55266,-37.38744],[145.55292,-37.38766],[145.55342,-37.38754],[145.55439,-37.38781],[145.55462,-37.38839]]]},"properties":{"n":"Mill Track","k":"walk","g":["Walk · 10 km return · 3 hrs · Grade 4"],"x":"Experienced bushwalkers","t":"Formed track some obstacles · Very steep · Many steps · Sign posted","d":"Mill track shows a different aspect from the northern side of the Murrindindi Scenic Reserve up to Jacksons road over the bridge to the carpark where it joins up with the Wilhelmina Falls Walk. Descend down the Wilhelmina track and take in the stunning valley views before carefully stepping between and over the granite boulders to the base of the 70 m waterfall. Keep following the track down to the SEC footbridge then back to the Suspension Bridge.","a":"From Melbourne - travel along the Melba Highway to the intersection of Murrindindi Road just before Devlins Bridge. Turn right and drive 10km to the Reserve. The Suspension Bridge picnic area is located behind the Rangers Station and the Murrindindi River Walk trailhead can be found over the suspension bridge and to the right.","b":[145.55146,-37.40429,145.58321,-37.37818]}},{"type":"Feature","geometry":{"type":"MultiLineString","coordinates":[[[146.50627,-37.1541],[146.50627,-37.1541]]]},"properties":{"n":"Circuit Road Forest Drive","k":"drive","g":["Scenic drive · 48 km return · 4+ hrs · Medium"],"d":"Starting and finishing at Telephone Box Junction, the Circuit Road offers a scenic touring loop around Mt. Stirling. Presenting expansive views of nearby iconic peaks, It also provides access to many attractions including Craig's Hut, Razorback Hut, Howqua Gap Hut and Bindaree Falls. It is also an entry point for 4x4 and camping trips in the high country","a":"From Mansfield follow the Mt. Buller Rd to Mirimbah. Turn left onto Mt. Stirling Rd and follow to Telephone Box Junction (T.B.J). From here, The Circuit Road can be driven in either direction. There is information/map boards at T.B.J and Circuit Rd Picnic Area. The drive is normally accessible to all vehicles, but can have rough sections. The Circuit Road is seasonally closed at T.B.J from the Friday before the Queen's Birthday weekend until the Thursday before the Melbourne Cup Weekend.","b":[146.50627,-37.1541,146.50627,-37.1541]}},{"type":"Feature","geometry":{"type":"MultiLineString","coordinates":[[[145.68646,-37.41141],[145.68661,-37.41142],[145.687,-37.41182],[145.68728,-37.41181],[145.6873,-37.4116],[145.6871,-37.41129],[145.68723,-37.41086],[145.68778,-37.41144],[145.68761,-37.41208],[145.68778,-37.41268],[145.68776,-37.41311],[145.68795,-37.41263],[145.68796,-37.41204],[145.68811,-37.41212],[145.6885,-37.41175],[145.68839,-37.41142],[145.6884,-37.41087],[145.68848,-37.41086],[145.68875,-37.41179],[145.68854,-37.41227],[145.68857,-37.41335],[145.68885,-37.41374],[145.68919,-37.41387],[145.68944,-37.41377],[145.68988,-37.41328],[145.68979,-37.41244],[145.68946,-37.41319],[145.68929,-37.4132],[145.68924,-37.41305],[145.68951,-37.41234],[145.68983,-37.41215],[145.68975,-37.41149],[145.68992,-37.41125]]]},"properties":{"n":"Snakes and Ladders","k":"ride","g":["Mountain bike · 1.7 km one way · Intermediate"],"d":"This climbing trail contains a number of tight climbing switch backs and offers great views.","b":[145.68646,-37.41387,145.68992,-37.41086]}},{"type":"Feature","geometry":{"type":"MultiLineString","coordinates":[[[147.92003,-37.2264],[147.92003,-37.2264]]]},"properties":{"n":"Bentley Plain Walk","k":"walk","g":["Walk · 2.5 km return · 1 hr · Grade 3"],"x":"Bushwalking experience recommended","t":"Formed track some obstacles · Short steep hills · Many steps · Sign posted","d":"This walk meanders through Alpine Ash Forest and Riparian Thicket. A 2.2 km loop walk through the Bentley Plain Natural Features and Scenic Reserve highlighting the beautiful Alpine Ash forest.","a":"The track starts behind Moscow Villa. Access is via Ensay and Bentleys Plain Road from the south or Swifts Creek and Nunniong Road from the north.","b":[147.92003,-37.2264,147.92003,-37.2264]}},{"type":"Feature","geometry":{"type":"MultiLineString","coordinates":[[[146.48768,-37.71623],[146.48683,-37.71624],[146.48676,-37.71638],[146.48722,-37.7172],[146.4875,-37.71752],[146.4878,-37.71765],[146.49009,-37.71735],[146.49065,-37.71709],[146.49197,-37.71689],[146.49271,-37.71653],[146.49401,-37.7162],[146.49557,-37.71623],[146.49608,-37.71609],[146.49627,-37.71591],[146.49664,-37.71505],[146.49795,-37.71396],[146.4983,-37.71417],[146.49961,-37.71554],[146.50127,-37.71652],[146.50208,-37.71668],[146.50234,-37.71633],[146.50235,-37.7159],[146.50139,-37.7145],[146.50151,-37.71398],[146.50191,-37.71344],[146.50219,-37.7133],[146.50283,-37.71335],[146.50381,-37.71294],[146.50499,-37.71294],[146.50624,-37.71224],[146.50654,-37.71117],[146.50713,-37.71064],[146.50737,-37.7102],[146.50731,-37.70912],[146.50742,-37.70881],[146.50861,-37.70896],[146.50906,-37.70878],[146.50871,-37.70743],[146.50979,-37.7076],[146.51019,-37.70754],[146.51077,-37.7068],[146.51191,-37.70669],[146.5122,-37.70587],[146.51327,-37.70609],[146.51373,-37.70675],[146.51381,-37.70728],[146.51363,-37.7078],[146.51377,-37.70832],[146.51443,-37.70891],[146.51521,-37.70933],[146.51556,-37.71032],[146.51659,-37.71128],[146.51725,-37.7128],[146.51803,-37.71417],[146.51767,-37.71583],[146.51769,-37.71733],[146.51735,-37.71871],[146.51737,-37.71916],[146.51909,-37.72046],[146.52065,-37.72109],[146.52115,-37.72113],[146.52237,-37.72076],[146.52437,-37.72086],[146.52476,-37.72104],[146.52524,-37.72154],[146.52592,-37.72288],[146.52636,-37.72336],[146.52708,-37.72364],[146.52899,-37.72384],[146.5294,-37.72412],[146.53004,-37.7257],[146.52994,-37.72705],[146.52976,-37.72742],[146.52855,-37.7274],[146.52842,-37.72754],[146.52842,-37.7279],[146.52855,-37.72841],[146.52936,-37.72967],[146.5293,-37.73161],[146.52952,-37.73215],[146.53021,-37.73302],[146.53078,-37.7332],[146.53141,-37.73289],[146.53221,-37.73183],[146.53257,-37.73114],[146.53317,-37.73049],[146.53352,-37.72983],[146.53547,-37.72936],[146.53621,-37.72959],[146.53721,-37.73029],[146.53871,-37.73098],[146.54014,-37.73119],[146.54161,-37.73083],[146.54392,-37.73115],[146.54466,-37.73141],[146.54538,-37.73216],[146.54634,-37.73284],[146.54644,-37.73304],[146.5463,-37.73366],[146.54656,-37.73436],[146.54689,-37.73463],[146.54814,-37.73523],[146.54842,-37.73558],[146.5485,-37.73604],[146.54816,-37.73672],[146.54676,-37.73839],[146.54514,-37.74074],[146.54464,-37.74174],[146.54421,-37.74316],[146.54377,-37.74392]]]},"properties":{"n":"Aberfeldy Backroad Tour - Donnellys Creek Loop -White Star Township","k":"drive","g":["4WD · 21.4 km return · 30 min · Easy (Green Circle)"],"d":"This drive is suitable for novice drivers in all-wheel drive and high range 4WDs. This side trip takes you to the township site of White Star, which sprang up after the discovery of quartz by good natured Welshman, Jack Middleton, known for his generosity within the area. En route to White Star is The Germans, Mt Pleasant Hotel Site as well as Smith’s Hotel site with a short walk into the lone grave of William Watts.The Mt Pleasant Hotel site (1864 – 1869) was run by the Crooks family. Mr Crooks was not favourable within the community, having a reputation for his kleptomaniac tendencies – Mr Crooks was a crook!","a":"At the intersection of Donnellys Creek Road and Springs Road, continue north along Springs Road until you get to White Star Track. Turn left onto White Star Track and follow until you get to White Star Mine Track. Follow White Star Mine Track to the historical White Star township site.","b":[146.48676,-37.74392,146.5485,-37.70587]}},{"type":"Feature","geometry":{"type":"MultiLineString","coordinates":[[[147.57496,-37.70573],[147.57475,-37.70569],[147.57461,-37.70531],[147.57473,-37.70503],[147.57466,-37.70493],[147.57513,-37.70459],[147.57524,-37.70424],[147.57487,-37.70351],[147.57488,-37.70301],[147.57459,-37.70273],[147.57427,-37.70201],[147.57317,-37.70101],[147.5728,-37.70034],[147.57436,-37.7007],[147.57504,-37.70024],[147.57542,-37.70011],[147.57581,-37.70022],[147.57577,-37.70002],[147.5759,-37.70003],[147.57614,-37.70043],[147.5768,-37.7007],[147.57692,-37.70093],[147.57725,-37.70103],[147.57751,-37.70141],[147.57791,-37.70158],[147.57821,-37.7019],[147.57873,-37.70182],[147.57885,-37.70164],[147.57926,-37.70153],[147.58025,-37.70156],[147.58077,-37.701],[147.58354,-37.70096],[147.58416,-37.70134],[147.58373,-37.70138],[147.58383,-37.70161],[147.5845,-37.70178],[147.58365,-37.70177],[147.58367,-37.7019],[147.58299,-37.70195],[147.58476,-37.70223],[147.58487,-37.70259]]]},"properties":{"n":"Milky Way","k":"ride","g":["Mountain bike · 3.5 km return · under 1 hr · Intermediate"],"d":"A 3.5km single track which begins in the north east corner of the Mt Taylor picnic area. It crosses a gully and up the forest road for 100m before turning right steeply up the past two old mine shafts and onto a spur. A few TTF's are crossed then several hundred metres through bush and back down the forest road again. it follows Leadoux Track heading quickly into a gully then swings back along the base of a rock slab, through tight and tricky rock sections. Milky Way Track crosses Flow Track and joins the lower 500m of the All Mountain and Downhill Track returning to the lower trailhead.","a":"From Bairnsdale, travel north through Wy Yung and follow the Bullumwaal Rd. The intersection to Mount Taylor is where the bitumen road turns to gravel. It is sign posted \"Mt Taylor MTB park\".","b":[147.5728,-37.70573,147.58487,-37.70002]}},{"type":"Feature","geometry":{"type":"MultiLineString","coordinates":[[[147.1592,-37.67578],[147.15942,-37.67536],[147.15942,-37.67509],[147.1598,-37.67477],[147.15924,-37.67461],[147.15903,-37.67395],[147.15824,-37.67354],[147.15808,-37.67327],[147.15744,-37.67293],[147.15708,-37.67252],[147.15691,-37.67187],[147.15656,-37.67126],[147.15676,-37.67077],[147.15637,-37.67],[147.15632,-37.66897],[147.15575,-37.66841],[147.15508,-37.6674],[147.15507,-37.6659],[147.1549,-37.6656],[147.15434,-37.66538],[147.15432,-37.66495],[147.15371,-37.6638],[147.15351,-37.6631],[147.15324,-37.66273],[147.15148,-37.66177],[147.15106,-37.66194],[147.15054,-37.66184],[147.15022,-37.66137],[147.14994,-37.66128],[147.1495,-37.66133],[147.14899,-37.66173],[147.1484,-37.66198],[147.14746,-37.66222],[147.1471,-37.66243],[147.14645,-37.66252],[147.14599,-37.66239],[147.14345,-37.66231],[147.14284,-37.66207],[147.14239,-37.66147],[147.14169,-37.6614]]]},"properties":{"n":"High Country Backroad Tour - Briagolong to Dargo - Lees Creek","k":"drive","g":["4WD · 5.8 km return · 1–4 hrs · Medium (Blue Square)"],"d":"For 4WDs and drivers with some 4WD experience or training. This side trip is a short drive to Lees Creek Picnic Area, where you can enjoy a picnic at the junction of Freestone and Lees Creek or stretch your legs on the 4km Alistair Fielding Loop Walk. The multi-day Track Ninety Six Walk also passes through this picnic area.","a":"About 4km past Lloyds Knob campground, turn off Freestone Creek Road, down Lees Creek Track.","b":[147.14169,-37.67578,147.1598,-37.66128]}},{"type":"Feature","geometry":{"type":"MultiLineString","coordinates":[[[145.94391,-36.84138],[145.94384,-36.84022],[145.94378,-36.84039],[145.94332,-36.84062],[145.94338,-36.83994],[145.94291,-36.84018],[145.94259,-36.84058],[145.94252,-36.84042],[145.9424,-36.84053],[145.94241,-36.84037],[145.94271,-36.8401],[145.94281,-36.84031]]]},"properties":{"n":"Lima East Boulders Walk","k":"walk","g":["Walk · 1.1 km return · 1 hr · Grade 3"],"x":"Bushwalking experience recommended","t":"Well formed trk · Short steep hills · Occassional steps · Sign posted","d":"A short, steep pleasant walk rewards walkers with spectacular granite boulder formations and views over the Strathbogies. Access onto the top of a large granite boulder is possible at the top end of this walk but if venturing onto its top, please exercise caution, particularly with children, as there are no safety railings and steep drop-offs. A short, steep pleasant walk rewards walkers with spectacular granite boulder formations a renowned feature of the Strathbogies.","a":"The walk can be accessed from Lima East Day Visitor carpark or from James Reserve campground.","b":[145.9424,-36.84138,145.94391,-36.83994]}},{"type":"Feature","geometry":{"type":"MultiLineString","coordinates":[[[146.40087,-37.76168],[146.40268,-37.76347],[146.40268,-37.7636],[146.40231,-37.76396],[146.40194,-37.76412],[146.40177,-37.76461]]]},"properties":{"n":"Meringtons Walk","k":"walk","g":["Walk · 0.4 km return · 30 min · Grade 4"],"x":"Experienced bushwalkers","t":"Formed track some obstacles · Gentle hills · No steps · Sign posted","d":"Meringtons Walk follows the route to the gravesite of Charles Brown near the Meringtons Campground. The majority of the track is well maintained and clearly defined, but access to the grave requires wading through the Aberfeldy River. River depths vary per season so proceed with caution when crossing the river.","b":[146.40087,-37.76461,146.40268,-37.76168]}},{"type":"Feature","geometry":{"type":"MultiLineString","coordinates":[[[146.29483,-37.65545],[146.29525,-37.65534],[146.29535,-37.65506]]]},"properties":{"n":"Red Jacket Cemetery Access Track","k":"walk","g":["Walk · 0.14 km return · under 1 hr · Grade 3"],"x":"No experience required","t":"Formed track · Short steep hills · Many steps · Sign posted","d":"While exploring the old Red Jacket township site, make sure you visit the old cemetery site. The short walk climbs from the town centre into the cemetery. Explore the gravestones of the people that once lived in this mining ghost town.","b":[146.29483,-37.65545,146.29535,-37.65506]}},{"type":"Feature","geometry":{"type":"MultiLineString","coordinates":[[[145.99619,-37.8915],[145.99644,-37.89104],[145.99699,-37.891],[145.99735,-37.89117],[145.99757,-37.89105],[145.99703,-37.89024],[145.99672,-37.88885],[145.99648,-37.8842],[145.99686,-37.88285],[145.99739,-37.88227],[145.99788,-37.88196],[145.99875,-37.88166],[145.99907,-37.88138],[145.9993,-37.88094],[145.99942,-37.88024],[145.99991,-37.87966],[146.00009,-37.87895],[146.00133,-37.87781],[146.00188,-37.8767],[146.00244,-37.8761],[146.00435,-37.87553],[146.00529,-37.87467]]]},"properties":{"n":"Ralph Cornwall Walk","k":"walk","g":["Walk · 5 km return · 1 hr · Grade 2.2"],"x":"No experience required","t":"Formed track · Gentle hills · Occasional steps · Clearly sign posted","d":"A peaceful walk along a well maintained track that follows a 2.5km section of an historic timber tramway once used to haul logs out of the forest. Starting opposite the Noojee DELWP depot in the Day Visitor Area carpark, the walk immediately takes you up close to some old timber tramway relics and interpretative signs. Continue up a gentle incline through beautiful tall forests, where you may see lyrebirds, parrots or even a deer. You will pass through an occasional small gully where a tramway bridge would once have stood, but is now covered in a thick under story of tall ferns enveloping the track. The trail ends at a beautiful spot on the Loch River where there are picnic tables…","a":"Head north on Bennett Street from the Noojee township across the bridge over the Latrobe River. Take the left turn immediately after the bridge into McCarthy Spur Road. Follow this road across a second bridge over the Loch River where you will find parking at the picnic ground on your left.","b":[145.99619,-37.8915,146.00529,-37.87467]}},{"type":"Feature","geometry":{"type":"MultiLineString","coordinates":[[[146.52835,-37.82434],[146.52904,-37.82471],[146.53212,-37.82511],[146.5332,-37.82552],[146.53501,-37.82655],[146.53557,-37.82674],[146.53728,-37.82675],[146.53757,-37.82734],[146.53785,-37.82763],[146.5397,-37.8288],[146.54255,-37.83028],[146.54278,-37.83064],[146.54271,-37.83162],[146.54281,-37.83204],[146.54317,-37.83263],[146.54398,-37.83319],[146.54516,-37.8335],[146.54671,-37.83484],[146.54645,-37.8354],[146.5457,-37.83608],[146.54571,-37.83629],[146.54723,-37.83661],[146.54796,-37.8372],[146.54831,-37.83767],[146.54884,-37.83965],[146.54921,-37.84033],[146.54975,-37.84082],[146.55293,-37.84298],[146.55352,-37.8439],[146.55474,-37.8449],[146.55556,-37.84622],[146.55566,-37.84728],[146.55559,-37.85027],[146.55466,-37.85197],[146.55441,-37.85278],[146.55414,-37.85321],[146.55415,-37.85348],[146.55449,-37.85398],[146.55394,-37.85453],[146.55389,-37.85501],[146.55396,-37.85545],[146.55435,-37.85603],[146.55368,-37.85731],[146.55416,-37.85771],[146.55428,-37.85796],[146.55421,-37.85813],[146.55359,-37.85854],[146.55344,-37.85886],[146.5535,-37.85931],[146.55381,-37.86004],[146.55391,-37.86077],[146.5544,-37.86155],[146.55459,-37.86234],[146.55391,-37.86446],[146.55412,-37.86536],[146.55361,-37.86651],[146.5535,-37.8672],[146.55359,-37.86743],[146.55403,-37.86762],[146.55538,-37.86776],[146.55572,-37.8679],[146.55606,-37.8687],[146.5567,-37.86895],[146.55697,-37.86931],[146.557,-37.8695],[146.55676,-37.87],[146.55707,-37.8705],[146.55727,-37.87051],[146.55769,-37.87018],[146.55801,-37.87015],[146.56007,-37.87134],[146.56016,-37.87238],[146.56047,-37.8732],[146.56046,-37.874],[146.56118,-37.87553],[146.56127,-37.87645],[146.56111,-37.87691],[146.55951,-37.8783],[146.55909,-37.87921],[146.5584,-37.87972],[146.55775,-37.88063],[146.55748,-37.88139],[146.5579,-37.88271],[146.55907,-37.88378],[146.55957,-37.88458],[146.55986,-37.88536],[146.5601,-37.887],[146.56119,-37.88774],[146.56107,-37.88804],[146.56061,-37.88838],[146.56047,-37.88898],[146.56078,-37.88984],[146.56153,-37.89108],[146.56206,-37.8923],[146.56191,-37.89331],[146.56145,-37.89434],[146.56134,-37.8952],[146.55902,-37.89565],[146.55797,-37.89664],[146.55764,-37.89724],[146.55768,-37.89771],[146.55795,-37.89834],[146.55774,-37.89928],[146.55782,-37.89975],[146.55859,-37.90045],[146.5604,-37.90103],[146.56046,-37.90126],[146.56026,-37.90221],[146.56086,-37.90312],[146.56225,-37.90371],[146.56549,-37.90385],[146.5665,-37.90457],[146.56837,-37.90528],[146.56887,-37.90529],[146.5698,-37.90505],[146.57056,-37.90514],[146.57079,-37.9053],[146.57108,-37.90601],[146.57203,-37.90673],[146.57297,-37.90725],[146.57492,-37.90805],[146.57566,-37.9087],[146.57638,-37.90896],[146.5787,-37.90916],[146.58009,-37.90882],[146.58065,-37.90851],[146.58196,-37.90858],[146.58292,-37.90819],[146.58448,-37.90851],[146.58603,-37.90848],[146.58689,-37.90832],[146.58752,-37.90844],[146.58899,-37.90897],[146.59,-37.90977],[146.5913,-37.91123],[146.59278,-37.91193],[146.59281,-37.91216],[146.59232,-37.91265],[146.59249,-37.9132],[146.59402,-37.91431],[146.59548,-37.91508],[146.59624,-37.91657],[146.59716,-37.9171],[146.59797,-37.9172],[146.60037,-37.91697],[146.60263,-37.9161],[146.60434,-37.91567],[146.60637,-37.91574],[146.60843,-37.91542],[146.60962,-37.91564],[146.61227,-37.91691],[146.61409,-37.91728],[146.6149,-37.91757],[146.61586,-37.91752],[146.61635,-37.91765],[146.61847,-37.9192],[146.61954,-37.91939],[146.61958,-37.91952],[146.61916,-37.92033],[146.61919,-37.92059],[146.61952,-37.92091],[146.62068,-37.92142],[146.62189,-37.92161],[146.62334,-37.92208],[146.62526,-37.92341],[146.62689,-37.92358],[146.62814,-37.92319],[146.62893,-37.92325],[146.62933,-37.92346],[146.62997,-37.92421],[146.63083,-37.92491],[146.632,-37.92558],[146.63271,-37.92582],[146.63469,-37.9261],[146.63696,-37.9269],[146.64139,-37.92681],[146.6421,-37.92696],[146.64288,-37.92799],[146.64394,-37.92862],[146.6455,-37.92913],[146.64631,-37.92967],[146.64679,-37.92976],[146.64784,-37.92954],[146.64831,-37.92966],[146.64924,-37.93061],[146.65008,-37.93127],[146.65079,-37.93243],[146.65215,-37.93369],[146.65298,-37.93407],[146.65378,-37.93425],[146.65644,-37.93418],[146.65917,-37.93445]]]},"properties":{"n":"Aberfeldy Backroad Tour - Donnellys Creek Loop - Alternative start via Seaton","k":"drive","g":["4WD · 21.5 km one way · 50 min · Easy (Green Circle)"],"d":"This drive is suitable for novice drivers in all-wheel drive and high range 4WDs. This route is an alternative state for the Donnellys Creek Tour, starting at Seaton instead of Walhalla. It goes over Murderers Hill and passes through a number of historic sites along McEvoys Track. McEvoys Track has a long and rich history, dating back to before 1862. Around this time, a public meeting was held in Sale and a reward of 50 pounds was offered for the discovery of the best track to the Jordan River diggings. Tom McEvoy and Portugee Joe’s Track was deemed to be the best route, commencing at Seaton, climbing the ridge with the Thomson Watershed on the left and the Glenmaggie Creek on the right,…","a":"This route is an alternative starting point for the Donnellys Creek Tour. Commencing at the Seaton-Glenmaggie Road intersection with McEvoys Track, head north-west on McEvoys Track. Continue along McEvoys Track and onto Springs Road (same road) to join the Donnellys Creek Tour further on.","b":[146.52835,-37.93445,146.65917,-37.82434]}},{"type":"Feature","geometry":{"type":"MultiLineString","coordinates":[[[146.40112,-37.11117],[146.40192,-37.11091],[146.4029,-37.11035],[146.40388,-37.11062],[146.40548,-37.11058],[146.40669,-37.11108],[146.40701,-37.11152],[146.40761,-37.11186],[146.40813,-37.11256],[146.40932,-37.11304],[146.40958,-37.11326],[146.40981,-37.1135],[146.41014,-37.11429],[146.41052,-37.11472],[146.41107,-37.11497],[146.41173,-37.11579],[146.41198,-37.11666],[146.4132,-37.11769],[146.41429,-37.11763],[146.41504,-37.11811],[146.41565,-37.11832],[146.41659,-37.1179],[146.41702,-37.11786],[146.4177,-37.11801],[146.41817,-37.11868],[146.41855,-37.11966],[146.41967,-37.11982],[146.42003,-37.12007],[146.42024,-37.12042],[146.42009,-37.12152],[146.42035,-37.12177],[146.42113,-37.1221],[146.42155,-37.1229],[146.42244,-37.12339],[146.42271,-37.12375],[146.42344,-37.12382],[146.42412,-37.12356],[146.42497,-37.12375],[146.42559,-37.1238],[146.42574,-37.12371],[146.42619,-37.12389],[146.4266,-37.12508],[146.42812,-37.12612],[146.42829,-37.12615],[146.42854,-37.12592],[146.42882,-37.12587],[146.42925,-37.12548],[146.43111,-37.12514],[146.43202,-37.12438],[146.43301,-37.12386],[146.4337,-37.12357],[146.43431,-37.12355],[146.43437,-37.12394],[146.43419,-37.12443],[146.43429,-37.12527],[146.43399,-37.126],[146.43357,-37.12646],[146.43351,-37.12754],[146.43328,-37.12841],[146.43282,-37.12881],[146.43283,-37.12928],[146.43267,-37.12961],[146.43209,-37.12999],[146.43202,-37.13015],[146.43211,-37.13041],[146.43171,-37.1307],[146.4319,-37.13108],[146.43184,-37.13153],[146.43202,-37.13172],[146.43195,-37.13213],[146.43177,-37.13219],[146.43173,-37.13242],[146.43167,-37.13363],[146.43216,-37.13553],[146.43215,-37.13582],[146.43197,-37.13601],[146.43223,-37.13684],[146.43212,-37.13713],[146.43275,-37.1376],[146.43317,-37.13764],[146.43427,-37.13825],[146.43472,-37.13902],[146.4343,-37.13965],[146.43499,-37.13992],[146.43536,-37.14035],[146.43582,-37.1403],[146.43678,-37.13975],[146.43702,-37.13895],[146.43824,-37.13758],[146.43857,-37.13741],[146.43999,-37.13715],[146.44062,-37.13714],[146.44194,-37.13784],[146.4421,-37.13844],[146.44194,-37.14014],[146.44261,-37.1425],[146.44272,-37.14344],[146.44318,-37.14402],[146.44328,-37.1444],[146.44317,-37.14528],[146.44286,-37.14615]]]},"properties":{"n":"Klingsporn Bridle Track","k":"walk","g":["Walk · 8.5 km one way · 1–4 hrs"],"d":"3.7km one-way walking track that runs from Mt Buller to Mirimbah or vice versa. The altitude of the track rises 1000m from bottom to top with steep and remote sections, it's suitable for experienced bushwalkers.","a":"From Mt Buller, the track starts from a timber shelter opposite the Arlberg Hotel. Follow the nature walk to Spurs Restaurant then down the road along Burnt Hut Ski Run, then veer left onto the walking track at the Bonza Ski Lift. From Mirimbah the track starts from the carpark opposite Mirimbah park.","b":[146.40112,-37.14615,146.44328,-37.11035]}},{"type":"Feature","geometry":{"type":"MultiLineString","coordinates":[[[146.06679,-37.18862],[146.06679,-37.18862]]]},"properties":{"n":"Goughs Bay Lookout","k":"walk","g":["Walk · 0.84 km one way · 1 hr · Grade 3"],"x":"No experience required","t":"Well formed track · Very steep · No steps · No directional signage","d":"Get glimpses over Goughs Bay and the Delatite Arm through the newly regenerated surrounding forest. This site was once a pine plantation and has since been revegetated with forest species to the area. A steep track takes you up to the peak at the top, a walk often used by local residents of Goughs Bay.","a":"Located on the far side of Goughs Bay. Take Mansfield-Woods Point Rd, turn onto Piries-Goughs Bay Rd. Drive through Goughs Bay on Bayside Boulevard wich turns in to Frys Bay Road (2WD Dirt Road). The start of the walking track is located at the start of Frys Bay road, however if you continue to drive there are other access point to the walk","b":[146.06679,-37.18862,146.06679,-37.18862]}},{"type":"Feature","geometry":{"type":"MultiLineString","coordinates":[[[146.04128,-37.85548],[146.0422,-37.85521],[146.04258,-37.85482],[146.04256,-37.85402],[146.04235,-37.85319],[146.04292,-37.85307],[146.04307,-37.85237],[146.04302,-37.85194],[146.0437,-37.85122],[146.04491,-37.85071],[146.04527,-37.85035],[146.04513,-37.85024]]]},"properties":{"n":"Toorongo River Walk","k":"walk","g":["Walk · 1.6 km return · 30 min · Grade 3"],"x":"No experience required","t":"Formed track · Short steep hills · No steps · Sign posted","d":"This walking track runs along the river corridor from the Toorongo Falls campgrounds up to the Toorongo Falls Picnic Area. From there you can link up for a longer walk to the Toorongo Falls Walk, to view the falls","b":[146.04128,-37.85548,146.04527,-37.85024]}},{"type":"Feature","geometry":{"type":"MultiLineString","coordinates":[[[145.57214,-37.45972],[145.57247,-37.45974],[145.57265,-37.45894],[145.57292,-37.4584],[145.57286,-37.45815],[145.57246,-37.45773],[145.5726,-37.45748]]]},"properties":{"n":"Cascades Walk","k":"walk","g":["Walk · 0.6 km return · 30 min · Grade 3"],"x":"No experience required","t":"Formed track · Short steep hills · Many steps · Clearly sign posted","d":"This walk starts across the road from the Cascades Picnic Area. The walk drops down through the forested valley to the Murrindindi River, via a track and a series of steps and stairs. Two bridges span the river, giving you views of the river as it cascades down a rocky face. Enjoy the view and then retrace your steps back up to the Cascades Picnic Area.","a":"From Melbourne - Travel along the Melba Highway to the intersection of Murrindindi Road just before Devlins Bridge. Turn right and drive 10km to the Reserve then follow the Murrindindi Road south for approximately 9km past the Rangers Hut to the Cascades Picnic Area on the right hand side. The Cascades walk starts across the road from the picnic area.","b":[145.57214,-37.45974,145.57292,-37.45748]}},{"type":"Feature","geometry":{"type":"MultiLineString","coordinates":[[[146.3714,-37.09659],[146.37142,-37.09627],[146.37109,-37.09568],[146.37116,-37.09528],[146.37096,-37.09488],[146.37103,-37.09472],[146.3707,-37.09404],[146.37076,-37.09387],[146.37099,-37.09377],[146.37095,-37.09337],[146.37107,-37.09317],[146.37088,-37.09254],[146.37039,-37.09216],[146.37085,-37.09166],[146.37066,-37.0913],[146.37087,-37.09044],[146.37108,-37.09028],[146.3709,-37.08984],[146.37123,-37.08903],[146.37094,-37.08819],[146.37197,-37.0871],[146.37261,-37.08704],[146.37321,-37.08655],[146.3732,-37.0863],[146.37347,-37.0862]]]},"properties":{"n":"Plain Creek Tramway Bridge Walk","k":"walk","g":["Walk · 1.6 km one way · 1–4 hrs · Grade 3"],"x":"No experience required","t":"Formed track · Short steep hills · No steps · Sign posted","d":"This trail is an extension of the Plain Creek Loop walk, taking you to the remains of the old timber trestle bridge once part of the tramway used to transport fallen timber. Carter & Co. built a sawmill in this area in 1937 to mill timber from the surrounding forest. In the early years timber was transported through the forest by a single line five horse team along timber tramways as seen in this walk.","a":"From Mansfield follow the Mt. Buller Rd to Sawmill Settlement, turn left onto Carters Rd","b":[146.37039,-37.09659,146.37347,-37.0862]}},{"type":"Feature","geometry":{"type":"MultiLineString","coordinates":[[[147.0726,-37.84392],[147.07417,-37.83626],[147.07473,-37.83549],[147.08039,-37.8311],[147.08136,-37.83008],[147.08166,-37.82933],[147.08212,-37.82689],[147.08259,-37.82604],[147.08312,-37.82388],[147.08316,-37.82148],[147.08395,-37.81761],[147.08704,-37.81425],[147.08751,-37.81398],[147.08817,-37.81386],[147.09106,-37.81357],[147.09651,-37.81415],[147.09867,-37.81491],[147.10228,-37.81451],[147.1056,-37.81204],[147.10655,-37.81058],[147.107,-37.80959],[147.10971,-37.80748],[147.10932,-37.80647],[147.1083,-37.80562],[147.10694,-37.80543],[147.10645,-37.80496],[147.10611,-37.80399],[147.10626,-37.80331],[147.10692,-37.80268],[147.10786,-37.80232],[147.10838,-37.80099],[147.11056,-37.79857],[147.11069,-37.79768],[147.11063,-37.79493],[147.11078,-37.79197],[147.11104,-37.79143],[147.11266,-37.78927],[147.11298,-37.78817],[147.11185,-37.7837],[147.11242,-37.78176],[147.11338,-37.78024],[147.11333,-37.77881],[147.11347,-37.77862],[147.11422,-37.7784],[147.11333,-37.77772],[147.11377,-37.77721],[147.11426,-37.77611],[147.11511,-37.77502],[147.11488,-37.7748],[147.11366,-37.77461],[147.11333,-37.7744],[147.11245,-37.7728],[147.1122,-37.77161],[147.11219,-37.77088],[147.11231,-37.76984],[147.11283,-37.76882],[147.11259,-37.76837],[147.11075,-37.76728],[147.10873,-37.76679],[147.10805,-37.76684],[147.10785,-37.76661],[147.10782,-37.76601],[147.1082,-37.7655],[147.10833,-37.76425],[147.10949,-37.76464],[147.11101,-37.76486],[147.11195,-37.76446],[147.11255,-37.76375],[147.11252,-37.76317],[147.11271,-37.76261],[147.1121,-37.76222],[147.11139,-37.76095],[147.11106,-37.76062],[147.11081,-37.75978],[147.1111,-37.75957],[147.11319,-37.75926],[147.11342,-37.75908],[147.11339,-37.75877],[147.11286,-37.75813],[147.11161,-37.75765],[147.11127,-37.7568],[147.11148,-37.75569],[147.11272,-37.75254],[147.1128,-37.75194],[147.11398,-37.75095],[147.11417,-37.75041],[147.11401,-37.74959],[147.11369,-37.74937],[147.11179,-37.7499],[147.10848,-37.74959],[147.10696,-37.74925],[147.10679,-37.74887],[147.10729,-37.74797],[147.10735,-37.74749],[147.1076,-37.74722],[147.1085,-37.74708],[147.10835,-37.74643],[147.10904,-37.74541],[147.1087,-37.74434],[147.10791,-37.74344],[147.10746,-37.74312],[147.10729,-37.74289],[147.1073,-37.74254],[147.1068,-37.74215],[147.10688,-37.74061],[147.10653,-37.73894],[147.10665,-37.73808],[147.10761,-37.73679],[147.10843,-37.73635],[147.1098,-37.73613],[147.11067,-37.73619],[147.11128,-37.73659],[147.11241,-37.73859],[147.11264,-37.73879],[147.11356,-37.73908],[147.11432,-37.7388],[147.1148,-37.73659],[147.11481,-37.73611],[147.1145,-37.73457],[147.11307,-37.73304],[147.11247,-37.73198],[147.11172,-37.73105],[147.11135,-37.73017],[147.11138,-37.72977],[147.11328,-37.72799],[147.11353,-37.72749],[147.11526,-37.72542],[147.11534,-37.7252],[147.11479,-37.72393],[147.11479,-37.72359],[147.11647,-37.72193],[147.11676,-37.72151],[147.11885,-37.72158],[147.11903,-37.72121],[147.11996,-37.72074],[147.12055,-37.71999],[147.12093,-37.7188],[147.12153,-37.7181],[147.12202,-37.71722],[147.12243,-37.717],[147.12366,-37.71702],[147.12567,-37.71771],[147.12601,-37.71785],[147.12683,-37.71866],[147.12715,-37.71883],[147.12764,-37.71886],[147.12814,-37.71853],[147.1283,-37.71695],[147.12873,-37.71642],[147.13031,-37.71588],[147.13218,-37.71612],[147.13282,-37.71588],[147.13294,-37.71545],[147.13241,-37.71437],[147.13239,-37.71379],[147.13262,-37.71338],[147.13386,-37.71227],[147.1341,-37.71001],[147.13431,-37.70975],[147.13532,-37.70946],[147.13751,-37.70984],[147.1381,-37.71007],[147.13876,-37.7106],[147.13924,-37.71071],[147.14122,-37.71067],[147.14258,-37.71021],[147.14279,-37.70982],[147.14284,-37.70922],[147.14218,-37.70825],[147.14219,-37.70786],[147.1423,-37.70766],[147.143,-37.70736],[147.14393,-37.70736],[147.14397,-37.70703],[147.14368,-37.7065],[147.14368,-37.70618],[147.14443,-37.70412],[147.14473,-37.70382],[147.1453,-37.70379],[147.14604,-37.70338],[147.14641,-37.70271],[147.14698,-37.70109],[147.1473,-37.69957],[147.14722,-37.69856],[147.14685,-37.69791],[147.14689,-37.69776],[147.14906,-37.696],[147.14967,-37.69529],[147.14975,-37.69499],[147.14938,-37.69442],[147.14948,-37.69414],[147.15076,-37.69349],[147.15132,-37.69282],[147.1515,-37.69231],[147.15154,-37.69156],[147.15136,-37.69067],[147.15228,-37.69053],[147.15243,-37.6906],[147.15268,-37.69108],[147.15307,-37.69115],[147.15336,-37.69103],[147.15356,-37.69083],[147.15359,-37.68972],[147.15392,-37.68925],[147.15517,-37.68889],[147.15547,-37.68857],[147.15542,-37.68807],[147.15565,-37.68746],[147.15576,-37.68662],[147.15571,-37.68608],[147.15532,-37.6855],[147.15547,-37.68468],[147.15534,-37.68432],[147.15582,-37.68397],[147.1558,-37.68349],[147.15637,-37.68333],[147.15672,-37.68305],[147.15735,-37.68139],[147.15749,-37.68029],[147.15816,-37.68017],[147.15853,-37.67986],[147.15889,-37.67844],[147.15942,-37.67836],[147.15969,-37.67814],[147.15971,-37.67777],[147.1595,-37.6774],[147.15868,-37.67673],[147.1592,-37.67578],[147.15993,-37.67566],[147.16105,-37.67649],[147.16165,-37.67671],[147.16201,-37.67665],[147.16319,-37.67569],[147.16377,-37.6757],[147.16439,-37.67537],[147.16455,-37.67492],[147.16431,-37.67454],[147.16442,-37.67434],[147.16533,-37.67419],[147.16583,-37.67369],[147.16626,-37.67377],[147.16681,-37.6736],[147.16741,-37.67318],[147.16825,-37.6731],[147.16885,-37.67279],[147.1696,-37.67279],[147.17031,-37.6723],[147.17137,-37.67224],[147.17238,-37.671],[147.17303,-37.67086],[147.17389,-37.67046],[147.17493,-37.66958],[147.17493,-37.66878],[147.17547,-37.66881],[147.1759,-37.66868],[147.17602,-37.66841],[147.17574,-37.66756],[147.17765,-37.66748],[147.1779,-37.66722],[147.17883,-37.66698],[147.17934,-37.6672],[147.1798,-37.66766],[147.18054,-37.66799],[147.1805,-37.66775],[147.18025,-37.66749],[147.18034,-37.66721],[147.18088,-37.66683],[147.18203,-37.66653],[147.1826,-37.66705],[147.18365,-37.66757],[147.18385,-37.66798],[147.18399,-37.66797],[147.18408,-37.66756],[147.18473,-37.66716],[147.18389,-37.6669],[147.18351,-37.66657],[147.18345,-37.66616],[147.18362,-37.66566],[147.18567,-37.66502],[147.18642,-37.66531],[147.18716,-37.66544],[147.18749,-37.66536],[147.18761,-37.66404],[147.18825,-37.66368],[147.18851,-37.66278],[147.18898,-37.66264],[147.19023,-37.66311],[147.19116,-37.66284],[147.1911,-37.66242],[147.19134,-37.66201],[147.19135,-37.66132],[147.19183,-37.66023],[147.19178,-37.65979],[147.19205,-37.65974],[147.19293,-37.66089],[147.19311,-37.66139],[147.19364,-37.66212],[147.19395,-37.66208],[147.19428,-37.66167],[147.19471,-37.66142],[147.19504,-37.66153],[147.19511,-37.66282],[147.19541,-37.66309],[147.19629,-37.66315],[147.19641,-37.66364],[147.19662,-37.66393],[147.19721,-37.66397],[147.19821,-37.66428],[147.19848,-37.66424],[147.19883,-37.66371],[147.19913,-37.66371],[147.19946,-37.66392],[147.19995,-37.66473],[147.20014,-37.66486],[147.20036,-37.66496],[147.20099,-37.66485],[147.20214,-37.6652],[147.20294,-37.66577],[147.20315,-37.66575],[147.20353,-37.66546],[147.20463,-37.66545],[147.20541,-37.6645],[147.20532,-37.66436],[147.20386,-37.66389],[147.20358,-37.66365],[147.20354,-37.66346],[147.20368,-37.66325],[147.20416,-37.66305],[147.20428,-37.66288],[147.20426,-37.66254],[147.20485,-37.66242],[147.20555,-37.66192],[147.20552,-37.66152],[147.20571,-37.66113],[147.20513,-37.66048],[147.20538,-37.65999],[147.20543,-37.65952],[147.2049,-37.65902],[147.20471,-37.65834],[147.20452,-37.65812],[147.20345,-37.65792],[147.20211,-37.65825],[147.20185,-37.65811],[147.20182,-37.65657],[147.20142,-37.65529],[147.2009,-37.65457],[147.20098,-37.65407],[147.20011,-37.65256],[147.19949,-37.65187],[147.19933,-37.65113],[147.19734,-37.64979],[147.19722,-37.64954],[147.19735,-37.64852],[147.19752,-37.64814],[147.19774,-37.64798],[147.19844,-37.64791],[147.19862,-37.64774],[147.19875,-37.64701],[147.19936,-37.64658],[147.19951,-37.6463],[147.19946,-37.64578],[147.19902,-37.64495],[147.19938,-37.64419],[147.19914,-37.64367],[147.1993,-37.6433],[147.20064,-37.64247],[147.20246,-37.6417],[147.2027,-37.64148],[147.20283,-37.64096],[147.20448,-37.64052],[147.20456,-37.64027],[147.20411,-37.63972],[147.20431,-37.63918],[147.20463,-37.63909],[147.20519,-37.63934],[147.20554,-37.63929],[147.20602,-37.63823],[147.20699,-37.63739],[147.20796,-37.63725],[147.20834,-37.63708],[147.20845,-37.63596],[147.20823,-37.6355],[147.20837,-37.63519],[147.20872,-37.6349],[147.20847,-37.63346],[147.2086,-37.63307],[147.20848,-37.63251],[147.20861,-37.63232],[147.20923,-37.63206],[147.20914,-37.63179],[147.20837,-37.6311],[147.20828,-37.63064],[147.20841,-37.63004],[147.20891,-37.62974],[147.20894,-37.6296],[147.20832,-37.62924],[147.2081,-37.62868],[147.20804,-37.62747],[147.20823,-37.62698],[147.20728,-37.62721],[147.20548,-37.6272],[147.2032,-37.62764],[147.20237,-37.62767],[147.19795,-37.62693],[147.19688,-37.62656],[147.19586,-37.62537],[147.1956,-37.62388],[147.19511,-37.62342],[147.19385,-37.62277],[147.19329,-37.62205],[147.19309,-37.62116],[147.19317,-37.6205],[147.19309,-37.61958],[147.19271,-37.61867],[147.19188,-37.61776],[147.19095,-37.61618],[147.19049,-37.6158],[147.18963,-37.61557],[147.18932,-37.61535],[147.18934,-37.61488],[147.19041,-37.61231],[147.1907,-37.61116],[147.19107,-37.61051],[147.19105,-37.61033],[147.19079,-37.61014],[147.18993,-37.60987],[147.18979,-37.60954],[147.18984,-37.60874],[147.18966,-37.608],[147.18985,-37.60774],[147.19062,-37.60739],[147.19068,-37.60724],[147.19053,-37.60694],[147.19007,-37.60668],[147.18954,-37.60609],[147.1894,-37.60538],[147.1898,-37.60458],[147.19054,-37.60401],[147.19129,-37.6038],[147.19305,-37.60379],[147.19332,-37.60366],[147.19328,-37.60335],[147.19234,-37.60259],[147.19221,-37.60215],[147.19314,-37.60122],[147.19306,-37.60085],[147.19249,-37.60036],[147.19242,-37.59984],[147.19271,-37.59951],[147.19339,-37.59916],[147.19355,-37.59882],[147.19353,-37.59867],[147.19287,-37.59822],[147.1928,-37.59773],[147.19375,-37.59687],[147.19392,-37.5964],[147.19326,-37.59621],[147.19294,-37.59598],[147.19286,-37.5957],[147.19317,-37.59492],[147.19291,-37.5947],[147.19168,-37.59483],[147.19009,-37.5947],[147.18869,-37.59474],[147.18804,-37.59453],[147.18595,-37.59328],[147.18543,-37.59321],[147.1844,-37.59333],[147.18413,-37.59317],[147.18406,-37.59257],[147.18351,-37.59202],[147.18348,-37.5917],[147.1838,-37.59143],[147.18478,-37.59117],[147.18529,-37.59085],[147.18628,-37.58958],[147.1863,-37.58921],[147.18582,-37.58882],[147.18355,-37.58886],[147.18312,-37.58869],[147.18304,-37.58855],[147.18306,-37.5881],[147.18379,-37.58721],[147.1839,-37.58691],[147.18323,-37.58405],[147.18354,-37.58305],[147.18336,-37.58266],[147.18311,-37.58245],[147.18186,-37.58187],[147.18165,-37.58155],[147.18163,-37.58123],[147.18207,-37.58073],[147.18325,-37.58061],[147.18363,-37.58041],[147.18399,-37.57988],[147.184,-37.57934],[147.18297,-37.57755],[147.18232,-37.57698],[147.18217,-37.5764],[147.18231,-37.57601],[147.18269,-37.57572],[147.18444,-37.57548],[147.18486,-37.57523],[147.18564,-37.57427],[147.18702,-37.57395],[147.18744,-37.57375],[147.18751,-37.57346],[147.18686,-37.5726],[147.18682,-37.57221],[147.1871,-37.57155],[147.1871,-37.5711],[147.18641,-37.56981],[147.1863,-37.56907],[147.18651,-37.56832],[147.18723,-37.56698],[147.18771,-37.56636],[147.19535,-37.55951],[147.19582,-37.55877],[147.19887,-37.55089],[147.19966,-37.54919],[147.20355,-37.54359],[147.20444,-37.54286],[147.20515,-37.54162],[147.20592,-37.54131],[147.20695,-37.54119],[147.20752,-37.54091],[147.20773,-37.54053],[147.20822,-37.53874],[147.20852,-37.53824],[147.20909,-37.53779],[147.21068,-37.53731],[147.21117,-37.53704],[147.21361,-37.53439],[147.21453,-37.53369],[147.21593,-37.53323],[147.21816,-37.53287],[147.21876,-37.53242],[147.21944,-37.53152],[147.22087,-37.53061],[147.22488,-37.52917],[147.22684,-37.52826],[147.22881,-37.52782],[147.23184,-37.52533],[147.23216,-37.52453],[147.23208,-37.5236],[147.23238,-37.52286],[147.23367,-37.52135],[147.23431,-37.52099],[147.23778,-37.52033],[147.23806,-37.51938],[147.23917,-37.51798],[147.23936,-37.51737],[147.23925,-37.51694],[147.23891,-37.51654],[147.23795,-37.51605],[147.23601,-37.51582],[147.23467,-37.51591],[147.23205,-37.51654],[147.22752,-37.5196],[147.22654,-37.51991],[147.22478,-37.52005],[147.22381,-37.51972],[147.22259,-37.51819],[147.21846,-37.5153],[147.21483,-37.51378],[147.2141,-37.5137],[147.21147,-37.51385],[147.2082,-37.51379],[147.20669,-37.51415],[147.20579,-37.51455],[147.20512,-37.51504],[147.20453,-37.51586],[147.20384,-37.51559],[147.20262,-37.5156],[147.2021,-37.51549],[147.2018,-37.5152],[147.20172,-37.51483],[147.20193,-37.51446],[147.20257,-37.51398],[147.20297,-37.51351],[147.20312,-37.51229],[147.20346,-37.51093],[147.2035,-37.51015],[147.20335,-37.50951],[147.20283,-37.50875],[147.2002,-37.50639],[147.19963,-37.50504],[147.19943,-37.50191],[147.19972,-37.50089],[147.19967,-37.49989],[147.20017,-37.49904],[147.2003,-37.49851],[147.19993,-37.49665],[147.19992,-37.49602],[147.20035,-37.4952],[147.20213,-37.49397],[147.20285,-37.49209],[147.2024,-37.49132],[147.20248,-37.49073],[147.20307,-37.48987],[147.20451,-37.48842],[147.20614,-37.48542],[147.20631,-37.4842],[147.20537,-37.48363],[147.20533,-37.48309],[147.20659,-37.48228],[147.20759,-37.48101],[147.20928,-37.48039],[147.21237,-37.4779],[147.21287,-37.47732],[147.21374,-37.47543],[147.21435,-37.47475],[147.215,-37.4744],[147.21581,-37.47418],[147.22887,-37.47304],[147.23295,-37.47196],[147.23393,-37.47181],[147.23736,-37.47156],[147.24164,-37.47198],[147.24775,-37.47171],[147.24945,-37.47154],[147.25203,-37.47095],[147.25322,-37.47042],[147.25392,-37.46994],[147.25426,-37.46921],[147.25434,-37.46852],[147.25365,-37.46734],[147.25164,-37.46608],[147.25035,-37.46429],[147.25037,-37.46365],[147.25101,-37.46191]]]},"properties":{"n":"High Country Backroad Tour - Briagolong to Dargo","k":"drive","g":["4WD · 73 km one way · 4+ hrs · Easy (Green Circle)"],"d":"This drive is suitable for novice drivers in all-wheel drive and high range 4WDs. The Briagolong-Dargo scenic drive is a beautiful half-day journey along Freestone Creek, with opportunities for bushwalks and picnicking. You may also choose to make this an overnight trip with some overnight stays at one of several camping sites along this route, which would enable you to explore some of the bushwalks in this area. One of the highlights of this trip is Blue Pool, where visitors can cool off in the swimming hole or take one of several walks which depart from the day visitor area. Starting in Briagolong, travel north along Forbes Street which becomes Freestone Creek Road, and stay on it until…","a":"Start in Briagolong, travelling north along Forbes Street which becomes Freestone Creek Road, and continue on to reach Blue Pool.","b":[147.0726,-37.84392,147.25434,-37.46191]}},{"type":"Feature","geometry":{"type":"MultiLineString","coordinates":[[[146.49565,-37.75264],[146.49564,-37.75253],[146.49631,-37.75202],[146.4968,-37.75113],[146.49707,-37.75012],[146.49766,-37.74929],[146.49798,-37.74906],[146.49873,-37.74897],[146.49897,-37.74856],[146.49968,-37.7482],[146.49991,-37.74794],[146.5001,-37.74672],[146.50139,-37.74653],[146.50181,-37.74621],[146.50178,-37.74606],[146.50225,-37.74581],[146.50283,-37.74486],[146.50369,-37.74482],[146.50415,-37.74512],[146.50466,-37.74514],[146.50531,-37.74467],[146.50582,-37.74399],[146.50635,-37.74384],[146.50631,-37.74365]]]},"properties":{"n":"Morning Star Walk","k":"walk","g":["Walk · 4.2 km return · 2 hrs · Grade 3"],"x":"Bushwalking experience recommended","t":"Formed track some obstacles · Short steep hills · Occassional steps · Sign posted","d":"This walk takes you to the historic Morning Star waterwheel and mining relics of the Crinoline township. The walking track start off Middle Star Track. Across a narrow bridge you will find an undulating walk with some steeper rocky sections. Past the Morning Star Mine the walk can be extended onward to the Crinoline battery built in the gold mining days to service the Morning Star Gold Mine.","a":"Access to the Morning Star Walk is via Donnellys Creek Rd (Aberfeldy backroads tour.) From here turn onto Middle Start Track and you will find the trailhead on the right just before crossing Donellys Creek.","b":[146.49564,-37.75264,146.50635,-37.74365]}},{"type":"Feature","geometry":{"type":"MultiLineString","coordinates":[[[147.5879,-37.6746],[147.58674,-37.67523],[147.58482,-37.67564],[147.57629,-37.67426],[147.57552,-37.67426],[147.5727,-37.67812],[147.57234,-37.67838],[147.57176,-37.68089],[147.57127,-37.68176],[147.57038,-37.68217],[147.5672,-37.68321],[147.5669,-37.68343],[147.56665,-37.68383],[147.56616,-37.68327],[147.56579,-37.68214],[147.56583,-37.68159],[147.56607,-37.6812],[147.56741,-37.68004],[147.5676,-37.67925],[147.56732,-37.67879],[147.5668,-37.67836],[147.56634,-37.67813],[147.56574,-37.67809],[147.56507,-37.67774],[147.56415,-37.67674],[147.5634,-37.67546],[147.56298,-37.67384],[147.56332,-37.67335],[147.56294,-37.67248],[147.56277,-37.67119],[147.56309,-37.67086],[147.56329,-37.67016],[147.56417,-37.66962],[147.56426,-37.66924],[147.56419,-37.66877],[147.56391,-37.66844],[147.56237,-37.66742],[147.56158,-37.66633],[147.56132,-37.66568],[147.55987,-37.66445],[147.55959,-37.66391],[147.56049,-37.66234],[147.56065,-37.66129],[147.56156,-37.6589],[147.5621,-37.6584],[147.56236,-37.65789],[147.5625,-37.65738],[147.56245,-37.6571],[147.5618,-37.65637],[147.56166,-37.65559],[147.56139,-37.65564],[147.56046,-37.65625],[147.55947,-37.65651],[147.55875,-37.65654],[147.55721,-37.65521],[147.55595,-37.65376],[147.55563,-37.65308],[147.55371,-37.65143],[147.55356,-37.65062],[147.55324,-37.65039],[147.553,-37.64977],[147.55321,-37.64899],[147.55251,-37.64802],[147.54934,-37.64548],[147.5487,-37.64442],[147.5486,-37.64347],[147.54883,-37.64246],[147.54963,-37.64159],[147.55027,-37.64063],[147.55311,-37.6397],[147.55422,-37.63899],[147.55481,-37.6388],[147.55633,-37.6386],[147.55757,-37.63861],[147.55828,-37.63838],[147.55887,-37.63773],[147.56028,-37.63725],[147.56042,-37.63704],[147.56001,-37.636],[147.55945,-37.633],[147.55912,-37.63272],[147.55909,-37.6319],[147.55928,-37.63123],[147.55913,-37.63092],[147.55653,-37.62872],[147.55592,-37.62776],[147.55588,-37.62683],[147.55562,-37.62666],[147.55514,-37.62693],[147.55435,-37.62698],[147.5531,-37.62651],[147.55272,-37.62618],[147.55224,-37.62513],[147.55117,-37.62474],[147.55045,-37.62394],[147.54939,-37.62419],[147.54885,-37.62447],[147.54831,-37.62538],[147.5485,-37.62635],[147.54827,-37.62647],[147.54765,-37.62638],[147.54679,-37.62586],[147.54617,-37.62583],[147.54581,-37.62597],[147.54504,-37.62669],[147.54462,-37.62689],[147.5414,-37.62704],[147.54006,-37.62745],[147.5389,-37.62823],[147.53868,-37.62826],[147.53844,-37.62819],[147.53791,-37.62701],[147.53717,-37.6265],[147.53637,-37.62644],[147.53457,-37.62673],[147.53398,-37.62669],[147.53285,-37.62717],[147.53103,-37.62759],[147.52898,-37.62844],[147.52713,-37.62962],[147.52561,-37.63109],[147.52524,-37.63164],[147.52512,-37.63343],[147.52519,-37.6346],[147.52555,-37.63727],[147.52449,-37.63831],[147.52443,-37.63899],[147.524,-37.63995],[147.52318,-37.64041],[147.52239,-37.64062],[147.51945,-37.64179],[147.518,-37.6425],[147.51718,-37.64316],[147.5156,-37.64393],[147.51482,-37.64469],[147.51095,-37.64641],[147.5096,-37.6468],[147.50883,-37.64675],[147.50846,-37.64701],[147.50774,-37.64691],[147.50754,-37.64683],[147.50738,-37.64654],[147.50709,-37.64564],[147.50633,-37.6452],[147.50497,-37.64535],[147.50434,-37.6458],[147.50404,-37.64586],[147.50359,-37.64542],[147.50261,-37.64496],[147.5023,-37.64462],[147.5015,-37.64226],[147.5014,-37.64143],[147.50127,-37.64129],[147.4999,-37.64068],[147.49859,-37.64068],[147.49799,-37.6408],[147.4976,-37.64126],[147.49717,-37.64233],[147.4949,-37.64399],[147.49422,-37.6451],[147.49353,-37.64556],[147.49214,-37.64689],[147.49166,-37.64712],[147.4912,-37.64718],[147.48963,-37.64651],[147.48867,-37.6465],[147.48744,-37.64727],[147.48688,-37.64845],[147.48668,-37.64859],[147.48545,-37.64909],[147.48448,-37.64913],[147.48431,-37.64982],[147.48359,-37.65026],[147.48345,-37.65048],[147.48365,-37.6513],[147.4846,-37.65175],[147.48473,-37.652],[147.48469,-37.65225],[147.48429,-37.6529],[147.48352,-37.65327],[147.48295,-37.65382],[147.48274,-37.65442],[147.48294,-37.6549],[147.48308,-37.65613],[147.4828,-37.6565],[147.48216,-37.65681],[147.48062,-37.65689],[147.48025,-37.65674],[147.48012,-37.65663],[147.4801,-37.65629],[147.4802,-37.65566],[147.47967,-37.65479],[147.47758,-37.65295],[147.47594,-37.65207],[147.47549,-37.65131],[147.47442,-37.65033],[147.47394,-37.64956],[147.47336,-37.64912],[147.47196,-37.64841],[147.47145,-37.64773],[147.47082,-37.6473],[147.46895,-37.64662],[147.46843,-37.6459],[147.4686,-37.6457],[147.46868,-37.64522],[147.46867,-37.64388],[147.46854,-37.64332],[147.46831,-37.64306],[147.46755,-37.64287],[147.46685,-37.64233],[147.46637,-37.64215],[147.46568,-37.64205],[147.46469,-37.64216],[147.4642,-37.64205],[147.46418,-37.64185],[147.46476,-37.64064],[147.46488,-37.63951],[147.46513,-37.63925],[147.46613,-37.63883],[147.46627,-37.63777],[147.46674,-37.63686],[147.46697,-37.63598],[147.46754,-37.63532],[147.46781,-37.63453],[147.46865,-37.63378],[147.46903,-37.6332],[147.46931,-37.63123],[147.46922,-37.63041],[147.46977,-37.63018],[147.46972,-37.62957],[147.46953,-37.62906],[147.46891,-37.62816],[147.46847,-37.62683],[147.46761,-37.62589],[147.46726,-37.62517],[147.46726,-37.62487],[147.46764,-37.62464],[147.46854,-37.62516],[147.46889,-37.62506],[147.47021,-37.6242],[147.47242,-37.62419],[147.47274,-37.62396],[147.47336,-37.62378],[147.47447,-37.62385],[147.47503,-37.62416],[147.47545,-37.62409],[147.476,-37.6238],[147.47639,-37.62318],[147.47716,-37.62235],[147.47719,-37.62115],[147.477,-37.62006],[147.47703,-37.61939],[147.47598,-37.61741],[147.47356,-37.6176],[147.4706,-37.61512],[147.47033,-37.61514],[147.46924,-37.61598],[147.46868,-37.61742],[147.46781,-37.61819],[147.46718,-37.61906],[147.46491,-37.62056],[147.46455,-37.62065],[147.46427,-37.62041],[147.46353,-37.61919],[147.4631,-37.61956],[147.46243,-37.61987],[147.46082,-37.61953],[147.4612,-37.61923],[147.46131,-37.61883],[147.46102,-37.61827],[147.46083,-37.6175],[147.46072,-37.61619],[147.4606,-37.61594],[147.46022,-37.61566],[147.45912,-37.61553],[147.45869,-37.61529],[147.4586,-37.61457],[147.45813,-37.61399],[147.45799,-37.61268],[147.45776,-37.61229],[147.45775,-37.612],[147.45785,-37.61064],[147.45818,-37.60912],[147.45855,-37.6085],[147.45936,-37.60777],[147.45969,-37.6066],[147.46009,-37.60608],[147.46002,-37.60542],[147.45976,-37.60473],[147.45976,-37.6041],[147.45915,-37.60331],[147.45898,-37.60287],[147.45896,-37.60217],[147.45916,-37.60106],[147.46004,-37.60005],[147.46074,-37.59886],[147.46128,-37.59834],[147.46227,-37.59623],[147.4642,-37.59567],[147.46493,-37.59501],[147.4659,-37.59439],[147.46634,-37.5943],[147.46715,-37.59454],[147.46751,-37.59453],[147.46828,-37.59393],[147.46881,-37.59377],[147.46924,-37.59379],[147.46973,-37.59403],[147.47091,-37.59566],[147.47087,-37.59586],[147.47033,-37.59644],[147.47047,-37.5968],[147.4708,-37.5971],[147.47111,-37.59727],[147.47152,-37.59727],[147.47217,-37.59667],[147.47257,-37.59663],[147.47392,-37.5971],[147.47434,-37.59775],[147.47513,-37.59818],[147.47526,-37.59802],[147.47529,-37.59764],[147.47453,-37.59593],[147.47303,-37.59467],[147.47245,-37.59397],[147.47244,-37.59378],[147.47414,-37.5938],[147.47472,-37.59351],[147.47512,-37.59392],[147.47571,-37.59418],[147.47614,-37.59425],[147.47659,-37.59414],[147.47673,-37.59493],[147.47738,-37.59528],[147.4772,-37.59564],[147.47728,-37.59587],[147.47799,-37.5962],[147.47856,-37.5962],[147.4788,-37.59654],[147.47913,-37.59674],[147.4798,-37.59682],[147.48048,-37.59651],[147.48166,-37.59527],[147.48177,-37.59464],[147.48293,-37.59419],[147.48292,-37.59366],[147.48321,-37.59303],[147.4835,-37.59281],[147.48372,-37.59312],[147.48369,-37.59332],[147.48414,-37.59451],[147.48387,-37.59491],[147.48404,-37.5954],[147.48381,-37.59604],[147.48389,-37.59627],[147.48611,-37.59649],[147.48709,-37.59644],[147.48752,-37.59614],[147.48811,-37.59615],[147.48905,-37.59584],[147.4898,-37.59573],[147.49015,-37.59576],[147.49068,-37.59602],[147.49143,-37.59595],[147.49194,-37.59643],[147.49331,-37.5973],[147.494,-37.59742],[147.4947,-37.59726],[147.49483,-37.59812],[147.49616,-37.59907],[147.49683,-37.59925],[147.49711,-37.59985],[147.4975,-37.59994],[147.49845,-37.59986],[147.49837,-37.60055],[147.49871,-37.60088],[147.49966,-37.60098],[147.50007,-37.60113],[147.50082,-37.60109],[147.50107,-37.60118],[147.50119,-37.60166],[147.50177,-37.60217],[147.50117,-37.60251],[147.50118,-37.60274],[147.50142,-37.6031],[147.50242,-37.60388],[147.50245,-37.60411],[147.50174,-37.60433],[147.50055,-37.60404],[147.50008,-37.60406],[147.49996,-37.60431],[147.50019,-37.60497],[147.4996,-37.60543],[147.49938,-37.60595],[147.49832,-37.60583],[147.49763,-37.60599],[147.49799,-37.60679],[147.4978,-37.60766],[147.49878,-37.60695],[147.50003,-37.6067],[147.50136,-37.60545],[147.5034,-37.60515],[147.50455,-37.60478],[147.50497,-37.60449],[147.50609,-37.60276],[147.5068,-37.60265],[147.51043,-37.59997],[147.51219,-37.59947],[147.51355,-37.59826],[147.51388,-37.59785],[147.51411,-37.59712],[147.51474,-37.59662],[147.51565,-37.59631],[147.51704,-37.59633],[147.51821,-37.59559],[147.51934,-37.59551],[147.52017,-37.59485],[147.52059,-37.59395],[147.52076,-37.59269],[147.52132,-37.59179],[147.5235,-37.59114],[147.52543,-37.59025],[147.526,-37.59023],[147.52712,-37.59065],[147.52756,-37.59067],[147.52879,-37.59015],[147.5308,-37.58955],[147.53222,-37.58841],[147.53323,-37.58808],[147.53428,-37.5883],[147.53521,-37.5888],[147.53595,-37.58973],[147.53594,-37.59038],[147.5375,-37.5908],[147.53832,-37.59082],[147.53882,-37.59057],[147.53969,-37.58944],[147.54013,-37.58824],[147.54074,-37.58735],[147.54088,-37.58629],[147.54116,-37.58585],[147.54151,-37.58576],[147.54198,-37.58576],[147.54254,-37.58598],[147.54401,-37.58722],[147.54519,-37.58694],[147.54582,-37.58704],[147.54786,-37.58809],[147.54911,-37.58854],[147.55006,-37.58857],[147.55374,-37.58828],[147.55582,-37.5871],[147.55721,-37.58674],[147.55788,-37.58571],[147.55892,-37.58551],[147.55909,-37.5853],[147.55909,-37.58441],[147.5594,-37.58335],[147.55875,-37.58264],[147.55859,-37.58232],[147.55865,-37.58191],[147.5599,-37.58202],[147.56119,-37.58161],[147.56141,-37.58136],[147.56156,-37.58049],[147.56174,-37.58028],[147.56312,-37.5798],[147.5635,-37.57883],[147.56376,-37.57853],[147.56472,-37.57824],[147.56525,-37.57774],[147.56538,-37.57741],[147.56532,-37.57674],[147.56498,-37.5761],[147.56435,-37.57545],[147.56426,-37.57411],[147.56645,-37.57653],[147.567,-37.57823],[147.5702,-37.57852],[147.57193,-37.57979],[147.57384,-37.58064],[147.57519,-37.58214],[147.57533,-37.58256],[147.5753,-37.58338],[147.57545,-37.58359],[147.57622,-37.58356],[147.57723,-37.58391],[147.57934,-37.58425],[147.58027,-37.58458],[147.58076,-37.58506],[147.58123,-37.58621],[147.58192,-37.58704],[147.58301,-37.58762],[147.58482,-37.58834],[147.58546,-37.58878],[147.58669,-37.59086],[147.58758,-37.59183],[147.58838,-37.59213],[147.59035,-37.59251],[147.59181,-37.59351],[147.59473,-37.59408],[147.59375,-37.595],[147.59283,-37.59625],[147.59268,-37.59682],[147.59263,-37.60044],[147.59292,-37.60099],[147.59378,-37.60206],[147.59412,-37.60324],[147.59583,-37.60467],[147.59538,-37.60484],[147.59437,-37.60579],[147.59411,-37.60588],[147.59318,-37.60578],[147.59253,-37.60547],[147.59205,-37.6055],[147.59148,-37.60575],[147.59065,-37.60636],[147.59,-37.60755],[147.58874,-37.61082],[147.58762,-37.61316],[147.58703,-37.6138],[147.58658,-37.61521],[147.58583,-37.61666],[147.585,-37.61728],[147.58379,-37.61879],[147.58293,-37.61922],[147.58193,-37.62007],[147.58117,-37.6211],[147.57972,-37.62176],[147.57932,-37.62212],[147.57869,-37.62318],[147.57673,-37.62415],[147.57634,-37.6245],[147.57584,-37.62523],[147.57551,-37.62541],[147.57466,-37.62555],[147.57301,-37.62608],[147.57182,-37.62619],[147.57091,-37.62592],[147.56906,-37.62501],[147.56686,-37.62494],[147.56629,-37.62505],[147.56696,-37.62554],[147.56724,-37.62703],[147.56696,-37.628],[147.56606,-37.62912],[147.56601,-37.62982],[147.56618,-37.63064],[147.56644,-37.63114],[147.56752,-37.63226],[147.56865,-37.63399],[147.56898,-37.63491],[147.56933,-37.63545],[147.57004,-37.63612],[147.56997,-37.63669],[147.57008,-37.63728],[147.5709,-37.63858],[147.57128,-37.63888],[147.57245,-37.63933],[147.57323,-37.64018],[147.57367,-37.64126],[147.57348,-37.6421],[147.5735,-37.64298],[147.57431,-37.64397],[147.57517,-37.64472],[147.57774,-37.64438],[147.5781,-37.64424],[147.57865,-37.64389],[147.5789,-37.64268],[147.58029,-37.64056],[147.58253,-37.63972],[147.58395,-37.63799],[147.58442,-37.63777],[147.58591,-37.63782],[147.58628,-37.63797],[147.58704,-37.63873],[147.58766,-37.63912],[147.58824,-37.6394],[147.58898,-37.63951],[147.59089,-37.63905],[147.59283,-37.63888],[147.5945,-37.63831],[147.59611,-37.63718],[147.59678,-37.6364],[147.59689,-37.63522],[147.59659,-37.63389],[147.59773,-37.63247],[147.59801,-37.63172],[147.59973,-37.63185],[147.60083,-37.63146],[147.60292,-37.62977],[147.60403,-37.62842],[147.6076,-37.62892],[147.60821,-37.62889],[147.60931,-37.62853],[147.61031,-37.62781],[147.61158,-37.62576],[147.61185,-37.62506],[147.61216,-37.62538],[147.61307,-37.62593],[147.61541,-37.62621],[147.61621,-37.62665],[147.61676,-37.62747],[147.61698,-37.62875],[147.61726,-37.62914],[147.61758,-37.62934],[147.61777,-37.62973],[147.6179,-37.6307],[147.61819,-37.63147],[147.61797,-37.63254],[147.61829,-37.63284],[147.61929,-37.63314],[147.61972,-37.63411],[147.61994,-37.63523],[147.6196,-37.63576],[147.61949,-37.63668],[147.61954,-37.63719],[147.62009,-37.63865],[147.62024,-37.64006],[147.6202,-37.64022],[147.61959,-37.64063],[147.61806,-37.64111],[147.6167,-37.64099],[147.61599,-37.64128],[147.61496,-37.64204],[147.61368,-37.64361],[147.61289,-37.64427],[147.61143,-37.64502],[147.60997,-37.6463],[147.6095,-37.64653],[147.60676,-37.64739],[147.60411,-37.6479],[147.60331,-37.64792],[147.6023,-37.6477],[147.6015,-37.64776],[147.59985,-37.64925],[147.59822,-37.64975],[147.59777,-37.65001],[147.59715,-37.65083],[147.59663,-37.65117],[147.59373,-37.65207],[147.59215,-37.65196],[147.59086,-37.65289],[147.58932,-37.65354],[147.58735,-37.65393],[147.5865,-37.65488],[147.58521,-37.65572],[147.58392,-37.65745],[147.58361,-37.65827],[147.58415,-37.6591],[147.58563,-37.65991],[147.58614,-37.66059],[147.58617,-37.66125],[147.58571,-37.66209],[147.58551,-37.66278],[147.58563,-37.66352],[147.58595,-37.66437],[147.58733,-37.66469],[147.58787,-37.66496],[147.58862,-37.66555],[147.59053,-37.66796],[147.59118,-37.66935],[147.59214,-37.67014],[147.5917,-37.67073],[147.59153,-37.67178],[147.59107,-37.67285],[147.59034,-37.67336],[147.5879,-37.6746],[147.58794,-37.67479],[147.58762,-37.67515],[147.5877,-37.67571],[147.5875,-37.67599],[147.58764,-37.67687],[147.58836,-37.67806],[147.59049,-37.68006],[147.5912,-37.68025],[147.59152,-37.68056],[147.59154,-37.68109],[147.5911,-37.68146],[147.59092,-37.68187],[147.59107,-37.68255],[147.59083,-37.68335],[147.59099,-37.68412],[147.59059,-37.68436],[147.5901,-37.68431],[147.59005,-37.6845],[147.59037,-37.68474],[147.59149,-37.68483],[147.59202,-37.68521],[147.59228,-37.68525],[147.59248,-37.68555],[147.59293,-37.68557],[147.59392,-37.68419],[147.59497,-37.68339],[147.59542,-37.68352],[147.596,-37.68404],[147.59644,-37.68408],[147.59657,-37.68328],[147.59694,-37.68309],[147.59867,-37.68421],[147.59876,-37.68344],[147.59908,-37.68327],[147.59937,-37.6833],[147.60202,-37.68497],[147.60203,-37.68548],[147.60176,-37.68573],[147.6013,-37.6868],[147.6014,-37.68736],[147.60181,-37.68807],[147.60288,-37.68908],[147.60354,-37.68945],[147.60496,-37.68968],[147.60531,-37.68993],[147.60556,-37.69032],[147.60562,-37.69083],[147.6055,-37.69095],[147.605,-37.69098],[147.60417,-37.69078],[147.60391,-37.69088],[147.60365,-37.69141],[147.60316,-37.69184],[147.6031,-37.69224],[147.60283,-37.69243],[147.60172,-37.6925],[147.60029,-37.69291],[147.60007,-37.69351],[147.59926,-37.69397],[147.59994,-37.69496],[147.60035,-37.69505],[147.60038,-37.69517],[147.59627,-37.69889],[147.59614,-37.69913],[147.59661,-37.70027],[147.59772,-37.70174],[147.5979,-37.70241],[147.59827,-37.70249],[147.59817,-37.70319],[147.5992,-37.70376],[147.5992,-37.70465],[147.59938,-37.7054],[147.59906,-37.70612],[147.60059,-37.70628],[147.60094,-37.70585],[147.60145,-37.70577],[147.60225,-37.70652],[147.60221,-37.70734],[147.60278,-37.70811],[147.60309,-37.70822],[147.60389,-37.70805],[147.60454,-37.70809],[147.60502,-37.70823],[147.60523,-37.70851],[147.60471,-37.70969],[147.60457,-37.71039],[147.60519,-37.71127],[147.60532,-37.71192],[147.60582,-37.71232],[147.60462,-37.7137],[147.6044,-37.71468],[147.60394,-37.71543],[147.60394,-37.71567],[147.60423,-37.71595],[147.60443,-37.71647],[147.60537,-37.71677],[147.60595,-37.71677],[147.60799,-37.71755],[147.60848,-37.71908],[147.60905,-37.71972],[147.60918,-37.72032],[147.61132,-37.72215],[147.61107,-37.72375],[147.61145,-37.72426],[147.61206,-37.7246],[147.61294,-37.7246],[147.61362,-37.72446],[147.61447,-37.72406],[147.6153,-37.72412],[147.61604,-37.72442],[147.61658,-37.72485],[147.61671,-37.72518],[147.61661,-37.7257],[147.61677,-37.72595],[147.61711,-37.72609],[147.61948,-37.72638]]]},"properties":{"n":"Merrijig Track - Route 2","k":"ride","g":["Trail bike · 84 km return · Medium (Blue Square)"],"d":"A medium grade of difficulty, with a few more difficult sections, this loop comprises open forest roads and narrow steep and hilly tracks. Some sections are not maintained and have overgrown vegetation and intersections may not be obvious. Some steep sections may become slippery following rain. There are a few creek and river crossings which are usually shallow.","a":"To access the Mount Taylor Trail Bike Visitor Area from Bairnsdale, follow the signs to Wy Yung, and then travel north along the Bullumwaal Road for approximately 7km. Turn right onto Boyds Road, follow Boyds Rd. across Mt Taylor Creek and up past a quarry on the left. The trail Bike visitor area is 400m past the quarry. It is immediately past the intersection of Howitt Spur Rd and Jones Rd.","b":[147.45775,-37.72638,147.62024,-37.57411]}},{"type":"Feature","geometry":{"type":"MultiLineString","coordinates":[[[146.96317,-36.73965],[146.96221,-36.73956],[146.96236,-36.73938],[146.96348,-36.73867],[146.96403,-36.73868],[146.96455,-36.73897],[146.96464,-36.73865],[146.96439,-36.73787],[146.96307,-36.73726],[146.96316,-36.73669],[146.96305,-36.73642]]]},"properties":{"n":"Huggins Lookout Walk","k":"walk","g":["Walk · 1.6 km return · 1 hr · Grade 3"],"x":"No experience required","t":"Formed track some obstacles · Short steep hills · Occasional steps · Sign posted","d":"Steepish but short walk up to the lookout over Bright. A short climb through native forest for a great view of Bright from the lookout.","a":"Walk or drive approx. 1km from the centre of Bright up Deacon Ave, and park in Zivan Crt. Walk up the short access track to the start of the walking track. Alternatively, walk 250m up the 4WD track from McFadyens Lane.","b":[146.96221,-36.73965,146.96464,-36.73642]}},{"type":"Feature","geometry":{"type":"MultiLineString","coordinates":[[[145.69374,-37.41748],[145.69363,-37.41755],[145.6935,-37.41745],[145.69338,-37.41769],[145.693,-37.41766],[145.69291,-37.41794],[145.69262,-37.41806],[145.69228,-37.41796],[145.69278,-37.41861],[145.69381,-37.41902],[145.69498,-37.41886],[145.69535,-37.41899]]]},"properties":{"n":"Skinny","k":"ride","g":["Mountain bike · 0.6 km one way · Difficult"],"d":"This old school hand-built trail drops steeply off Acheron Ridge straight to the car park, avoiding Spider Gully. It is skinny, steep, rocky and off camber with many exposed roots.","b":[145.69228,-37.41902,145.69535,-37.41745]}},{"type":"Feature","geometry":{"type":"MultiLineString","coordinates":[[[145.86423,-37.82433],[145.86423,-37.82433]]]},"properties":{"n":"Ada Tree Walk","k":"walk","g":["Walk · 3.6 km return · 1.5 hrs · Grade 3"],"x":"Bushwalking experience recommended","t":"Formed track some obstacles · Gentle hills · Occasional steps · Sign posted","d":"The Ada Tree Walk meanders its way through cool temperate rainforest with groves of Sassafras, ancient Myrtle Beech and tree ferns towards a viewing platform at the Ada Tree, a giant Mountain Ash considered to be one of Victoria's largest trees. The Ada Tree can be reached from the Ada Tree car park via the walking track that meanders through the Island Creek rainforest. Inexperienced walkers may find this walk slightly challenging due to some uneven sections and natural steps. The walk is 3.2km and a 1.5 hour walk return trip from the car park and picnic area. Whilst walking notice the variety of tree species and the changes of structure along the walk. The feature of this walk is the Ada…","a":"From Powelltown, head east along the Yarra Junction - Noojee Road (C425) for 6km then turn left up Big Creek Road. Travel along Big Creek Road for 22km and turn right down Federal Road. Travel along Federal Road for 3km until you reach the Ada Tree Picnic Area. From Warburton Travel along the Warburton - Woodspoint Road (C511) for 10km and Turn Right onto Brahams Road. Continue for 13km and veer left onto Big Creek Road. After 4km, turn right down Federal Road. Travel along Federal Road for 3km until you reach the Ada Tree Picnic Area. For Disabled Access: A key is available at the Powelltown…","b":[145.86423,-37.82433,145.86423,-37.82433]}},{"type":"Feature","geometry":{"type":"MultiLineString","coordinates":[[[146.15809,-37.37197],[146.15882,-37.37227],[146.15944,-37.37143],[146.16012,-37.37116],[146.1606,-37.37071],[146.16165,-37.37036],[146.16224,-37.36957],[146.16275,-37.3694],[146.1634,-37.36877],[146.16386,-37.36781],[146.16504,-37.36705],[146.16523,-37.36682],[146.1652,-37.3667]]]},"properties":{"n":"Star Of West Goldmine Walk","k":"walk","g":["Walk · 1.6 km return · 1 hr · Grade 4"],"x":"Bushwalking experience recommended","t":"Rough many obstacles · Short steep hills · Occasional steps · Clearly sign posted","d":"A steep four-wheel drive track leads to the start of this walk. Numerous relics including chimneys, hut sites and diggings from an early mining settlement reward the walker.","b":[146.15809,-37.37227,146.16523,-37.3667]}},{"type":"Feature","geometry":{"type":"MultiLineString","coordinates":[[[147.2765,-37.64514],[147.27628,-37.64388],[147.27669,-37.64386],[147.27728,-37.64432],[147.27776,-37.64433],[147.28017,-37.64198],[147.28064,-37.64171],[147.28123,-37.64159],[147.28227,-37.64172],[147.28327,-37.64128],[147.28368,-37.64076],[147.28383,-37.63992],[147.28421,-37.63903],[147.28498,-37.63838],[147.28734,-37.63773],[147.28853,-37.63789],[147.29041,-37.63762],[147.29151,-37.63761],[147.29196,-37.6375],[147.29318,-37.63643],[147.29482,-37.63617],[147.29518,-37.63587],[147.29525,-37.63527],[147.29384,-37.63377],[147.29356,-37.63311],[147.29376,-37.63283],[147.29518,-37.63239],[147.29533,-37.63173],[147.29521,-37.63078],[147.29484,-37.63023],[147.29261,-37.62895],[147.29243,-37.62864],[147.29239,-37.62795],[147.2931,-37.62667],[147.29307,-37.62572],[147.29324,-37.62504],[147.29398,-37.62414],[147.29434,-37.62385],[147.29502,-37.62364],[147.29729,-37.62397],[147.29786,-37.62393],[147.29823,-37.62349],[147.29826,-37.62317],[147.29914,-37.62225],[147.29923,-37.62175],[147.29893,-37.62137],[147.29732,-37.62065],[147.29508,-37.62055],[147.29483,-37.62043],[147.29484,-37.6202],[147.29624,-37.61969],[147.29884,-37.61843],[147.3007,-37.61716],[147.30289,-37.61448],[147.30446,-37.61401],[147.3049,-37.61357],[147.30519,-37.61297],[147.30498,-37.61217],[147.30509,-37.61167],[147.30538,-37.61163],[147.30597,-37.6118],[147.30696,-37.61162],[147.30901,-37.61079],[147.30913,-37.61051],[147.30898,-37.61026],[147.30659,-37.60998],[147.30416,-37.60913],[147.3034,-37.60919],[147.30239,-37.6096],[147.30183,-37.60957],[147.30141,-37.60939],[147.30038,-37.60833],[147.29944,-37.60768],[147.29928,-37.60717],[147.29947,-37.60656],[147.29939,-37.60553],[147.29953,-37.60527],[147.30002,-37.60499],[147.3001,-37.60363],[147.30067,-37.6022],[147.29976,-37.60101],[147.2996,-37.59946],[147.29931,-37.59853],[147.29899,-37.59657],[147.29896,-37.59504],[147.29906,-37.59455],[147.29934,-37.59419],[147.29979,-37.59393],[147.30164,-37.59297],[147.30335,-37.59226],[147.30455,-37.59151],[147.30685,-37.58976],[147.30799,-37.58809],[147.30922,-37.58731],[147.30991,-37.58615],[147.31043,-37.58572],[147.31288,-37.58467],[147.31338,-37.58432],[147.31415,-37.58338],[147.315,-37.58268],[147.31558,-37.58247],[147.3161,-37.58245],[147.31764,-37.58271],[147.3187,-37.58246],[147.32002,-37.58234],[147.32182,-37.5815],[147.32238,-37.5814],[147.32485,-37.58199],[147.32712,-37.58221],[147.32817,-37.58265],[147.32919,-37.58277],[147.33084,-37.5822],[147.33225,-37.5823],[147.33571,-37.58176],[147.33748,-37.58218],[147.33881,-37.58205],[147.3393,-37.58221],[147.3398,-37.58267],[147.33992,-37.58322],[147.33983,-37.58379],[147.3399,-37.585],[147.33964,-37.58553],[147.33933,-37.58572],[147.33876,-37.58563],[147.33853,-37.58454],[147.33886,-37.5835],[147.33881,-37.58317],[147.33865,-37.5831],[147.33844,-37.5832],[147.33825,-37.58364],[147.33773,-37.58556],[147.33782,-37.58637],[147.3396,-37.58876],[147.33985,-37.58893],[147.34375,-37.5904],[147.34565,-37.59038],[147.34598,-37.59058],[147.34687,-37.59165],[147.34715,-37.59181],[147.34928,-37.59223],[147.35108,-37.59206],[147.35178,-37.59168],[147.35194,-37.59123],[147.35215,-37.59098],[147.35244,-37.59089],[147.35295,-37.58996],[147.35295,-37.58965],[147.35247,-37.58913],[147.35248,-37.58894],[147.35265,-37.58902],[147.35262,-37.58933]]]},"properties":{"n":"High Country Backroad Tour - Bairnsdale to Dargo - Angusvale","k":"drive","g":["4WD · 33 km return · 1–4 hrs · Easy (Green Circle)"],"d":"This drive is suitable for novice drivers in all-wheel drive and high range 4WDs. This side trip off the main High Country Backroad Tour - Bairnsdale to Dargo Tour heads down to Angusvale, a very popular campground along the banks of the Mitchell River. Pause at Angusvale Lookout for views of Tabberabbera Nature Conservation Reserve and Angusvale, before continuing on another 2.6kms to Angusvale Camping Area. Mitchell River is the largest free flowing river in Victoria. To help protect the fragile Heritage River environment, camping is not permitted within 50 metres of the water.","a":"Turn off the Bairnsdale-Dargo Road, down the Mitchell River Road to Angusvale.","b":[147.27628,-37.64514,147.35295,-37.5814]}},{"type":"Feature","geometry":{"type":"MultiLineString","coordinates":[[[146.22183,-37.29093],[146.22257,-37.29201],[146.22324,-37.29246],[146.22477,-37.29261],[146.22596,-37.29219],[146.22618,-37.2923],[146.22661,-37.29303],[146.22676,-37.2931],[146.22706,-37.29251],[146.22824,-37.29251],[146.22887,-37.29212],[146.22971,-37.2927],[146.22961,-37.29294],[146.22999,-37.29312],[146.23022,-37.29378],[146.23066,-37.29357],[146.23089,-37.29319],[146.23121,-37.29312],[146.23149,-37.29322],[146.23262,-37.29396],[146.23269,-37.29438],[146.23339,-37.29567],[146.23416,-37.29628],[146.23546,-37.29662],[146.23611,-37.29743],[146.23654,-37.29703],[146.23676,-37.29709],[146.23783,-37.29852],[146.23781,-37.29867],[146.23955,-37.29881],[146.23999,-37.29841],[146.24095,-37.2984],[146.24121,-37.29867],[146.24131,-37.29906],[146.24204,-37.2998],[146.24251,-37.29995],[146.24278,-37.3002],[146.24274,-37.3006],[146.2433,-37.29987],[146.24485,-37.29955],[146.24792,-37.29811],[146.24848,-37.29798],[146.24863,-37.29805],[146.2486,-37.29879],[146.24877,-37.29989],[146.24939,-37.30073],[146.24947,-37.30143],[146.24933,-37.3023],[146.24951,-37.30321],[146.25136,-37.30473],[146.25145,-37.3051],[146.25128,-37.30589],[146.25214,-37.30535],[146.25243,-37.30595],[146.25256,-37.30668],[146.2523,-37.30776],[146.25227,-37.30905],[146.2538,-37.31001],[146.25407,-37.31078],[146.25451,-37.31035],[146.25557,-37.31005],[146.25597,-37.31008],[146.2562,-37.31043],[146.25671,-37.31034]]]},"properties":{"n":"Mitchells Bridle Trail","k":"ride","g":["Horse riding · 24 km return · overnight · Advanced","Walk · 24 km return · 8 hrs · Grade 4"],"x":"Bushwalking experience recommended","t":"Formed track some obstacles · Short steep hills · Occassional steps · Clearly sign posted","d":"This trail follows the forests and meandering course of the Jamieson River, linking the Grannys Flat Camping Reserve to Mitchells Flat, and is considered an advanced ride. The trail follows the forests and meandering course of the Jamieson River, linking the Grannys Flat Camping Reserve to Mitchells Flat. Tree species commonly seen along the riverbanks are characteristic of Australian dry foothill forests and valleys, including Manna Gum, Broad-leaved Peppermint, Blue Gum and Stringybark species. Along the Bridle track there are two sites of historical significance, the remnants of the Quicksilver mercury mine and the dwellings of the Mitchell and Hoskins families at Mitchells Flat.","a":"Follow the Mount Buller Road from Mansfield towards Merrijig for 4 km. Turn right at the sign for Jamieson and travel for 35 km. Turn left at the Heyfield (Licola) - Jamieson Road in Jamieson. After 7.5 km on this gravel road you will reach the Granny’s Flat Camping Reserve sign on your left. The campsite is down 1 km of windy road. This road is steep, but is accessible to all traffic, except after heavy rain, when it may become temporarily inaccessible to 2WD’s.","b":[146.22183,-37.31078,146.25671,-37.29093]}},{"type":"Feature","geometry":{"type":"MultiLineString","coordinates":[[[148.17262,-37.49865],[148.17163,-37.50002],[148.17099,-37.5007],[148.1707,-37.50132],[148.1706,-37.50286],[148.17037,-37.50381],[148.17041,-37.5041],[148.1708,-37.50475],[148.17079,-37.50505],[148.16955,-37.50587],[148.16924,-37.50626],[148.16941,-37.50661],[148.17077,-37.50702],[148.17111,-37.50731],[148.17054,-37.50895],[148.17065,-37.50937],[148.17122,-37.5099],[148.17119,-37.51034],[148.17095,-37.51051],[148.16975,-37.51074],[148.16914,-37.511],[148.16853,-37.51104],[148.1678,-37.51166],[148.16776,-37.51232],[148.16749,-37.51289],[148.16746,-37.51331],[148.16754,-37.5136],[148.16798,-37.51415],[148.16797,-37.51467],[148.16781,-37.51488],[148.16722,-37.51519],[148.166,-37.51521],[148.16526,-37.51575],[148.16344,-37.5163],[148.16247,-37.51734],[148.16207,-37.51807],[148.16189,-37.51873],[148.1625,-37.52042],[148.16248,-37.52131],[148.16124,-37.52363],[148.16054,-37.52533],[148.15792,-37.52687],[148.15516,-37.52895],[148.15414,-37.52999],[148.15288,-37.5323],[148.15215,-37.53315],[148.14936,-37.53482],[148.1486,-37.53563],[148.148,-37.53676],[148.14746,-37.53697],[148.14641,-37.53801],[148.1443,-37.53947],[148.14323,-37.53958],[148.14081,-37.53878],[148.13977,-37.53886],[148.13895,-37.53934],[148.13788,-37.54111],[148.12894,-37.54409],[148.12658,-37.54504],[148.12501,-37.54534],[148.12312,-37.54605],[148.12187,-37.54707],[148.12121,-37.54804],[148.12045,-37.54971],[148.12026,-37.55081],[148.11882,-37.55045],[148.11592,-37.55075],[148.1149,-37.55036],[148.1144,-37.54971],[148.11376,-37.54932],[148.11065,-37.54919],[148.10828,-37.54865],[148.105,-37.54825],[148.10352,-37.54736],[148.10299,-37.54722],[148.10199,-37.54723],[148.10107,-37.54751],[148.09997,-37.54749],[148.09823,-37.54812],[148.09813,-37.54798],[148.09833,-37.54743],[148.09776,-37.54688],[148.09732,-37.5468],[148.09623,-37.547],[148.09571,-37.54697],[148.09509,-37.54669],[148.09416,-37.54595],[148.09053,-37.54432],[148.08892,-37.54382],[148.08779,-37.54364],[148.08574,-37.54283],[148.08442,-37.5429],[148.08389,-37.54273],[148.08278,-37.5415],[148.08262,-37.54053],[148.08429,-37.53604],[148.08417,-37.53449],[148.08424,-37.53363],[148.0857,-37.53206],[148.08635,-37.53101],[148.08629,-37.53058],[148.08565,-37.5299],[148.08506,-37.52899],[148.0849,-37.52839],[148.08498,-37.52789],[148.08522,-37.52741],[148.08659,-37.52622],[148.0868,-37.52569],[148.08721,-37.52289],[148.08676,-37.52153],[148.08685,-37.52023],[148.0864,-37.51957],[148.08513,-37.51885],[148.08128,-37.51968],[148.07993,-37.51971],[148.07853,-37.51885],[148.07687,-37.51854],[148.07438,-37.51741],[148.07338,-37.51712],[148.071,-37.51747],[148.06935,-37.51796],[148.06856,-37.5185],[148.06825,-37.51849],[148.06784,-37.51833],[148.06753,-37.51801],[148.06715,-37.51731],[148.06701,-37.51641],[148.06659,-37.5159],[148.06546,-37.51493],[148.06442,-37.51462],[148.06198,-37.51515],[148.06136,-37.5154],[148.05956,-37.51672],[148.05851,-37.51807],[148.0581,-37.5184],[148.05723,-37.51862],[148.05581,-37.51856],[148.05497,-37.51813],[148.05456,-37.51757],[148.05345,-37.51546],[148.05295,-37.51489],[148.04981,-37.51429],[148.04948,-37.51383],[148.04913,-37.51247],[148.04859,-37.51176],[148.04793,-37.5115],[148.04532,-37.51129],[148.04473,-37.51101],[148.04434,-37.51065],[148.04331,-37.50942],[148.04324,-37.50869],[148.04344,-37.5081],[148.04431,-37.50683],[148.04434,-37.5065],[148.04413,-37.50608],[148.04363,-37.50573],[148.0423,-37.50514],[148.04159,-37.50465],[148.04172,-37.50336],[148.04134,-37.50221],[148.04131,-37.50161],[148.0419,-37.50119],[148.04306,-37.50086],[148.04339,-37.49964],[148.04525,-37.49901],[148.04586,-37.49853],[148.04688,-37.49739],[148.0472,-37.49668],[148.0475,-37.49516],[148.04815,-37.4939],[148.04877,-37.49166],[148.04909,-37.49111],[148.05125,-37.48977],[148.05317,-37.48925],[148.05374,-37.48876],[148.05411,-37.48818],[148.05411,-37.48774],[148.05373,-37.48695],[148.0523,-37.48573],[148.05046,-37.48317],[148.04945,-37.48294],[148.04705,-37.48319],[148.04502,-37.4824],[148.04453,-37.48202],[148.04335,-37.48008],[148.04281,-37.47937],[148.04253,-37.47919],[148.04208,-37.4792],[148.04074,-37.47979],[148.0394,-37.47979],[148.0395,-37.48004],[148.04055,-37.48056],[148.04053,-37.48108],[148.04075,-37.48207],[148.04066,-37.48235],[148.03945,-37.48193],[148.03838,-37.48122],[148.03683,-37.48063],[148.03535,-37.4803],[148.03501,-37.4798],[148.03462,-37.47958],[148.03191,-37.47878],[148.03153,-37.47848],[148.0312,-37.47772],[148.03121,-37.47749],[148.03133,-37.47682],[148.03205,-37.47653],[148.0321,-37.47635],[148.03161,-37.4759],[148.03124,-37.47526],[148.031,-37.47446],[148.03012,-37.47535],[148.02953,-37.47555],[148.02874,-37.47555],[148.02751,-37.47521],[148.0228,-37.4751],[148.02184,-37.47496],[148.02124,-37.47461],[148.02086,-37.47398],[148.0208,-37.47316],[148.01978,-37.47358],[148.0191,-37.47368],[148.01755,-37.47306],[148.01605,-37.47281],[148.01504,-37.47215],[148.01385,-37.47163],[148.01341,-37.47119],[148.01277,-37.47006],[148.01284,-37.46928],[148.01267,-37.46869],[148.01145,-37.46766],[148.01044,-37.46716],[148.00794,-37.46722],[148.00676,-37.46778],[148.00601,-37.46839],[148.00548,-37.46853],[148.00366,-37.46805],[148.00123,-37.46818],[148.00012,-37.46809],[147.999,-37.46772],[147.99796,-37.46759],[147.99749,-37.46733],[147.99712,-37.46692],[147.99671,-37.46583],[147.99658,-37.46578],[147.9954,-37.46596],[147.99415,-37.46583],[147.99383,-37.46558],[147.99302,-37.46442],[147.99256,-37.46407],[147.99195,-37.46396],[147.99006,-37.46401],[147.98842,-37.46378],[147.98792,-37.46368],[147.98635,-37.46297],[147.985,-37.46283],[147.98497,-37.46197],[147.98372,-37.46072],[147.98355,-37.46017],[147.98351,-37.45926],[147.98293,-37.45867],[147.98292,-37.45797],[147.9828,-37.45768],[147.9822,-37.45725],[147.9824,-37.45643],[147.982,-37.45592],[147.98,-37.45488],[147.97931,-37.45405],[147.97897,-37.45391],[147.97527,-37.45346],[147.97466,-37.45329],[147.97403,-37.45292],[147.97331,-37.45226],[147.97301,-37.45104],[147.97177,-37.44995],[147.97139,-37.44945],[147.97135,-37.44857],[147.97084,-37.44783],[147.96881,-37.44667],[147.96716,-37.44538],[147.96656,-37.44478],[147.96518,-37.44275],[147.96456,-37.44215],[147.96348,-37.4415],[147.96174,-37.44084],[147.96115,-37.44044],[147.9599,-37.43923],[147.95881,-37.43882],[147.95809,-37.43813],[147.95745,-37.43717],[147.95723,-37.43661],[147.957,-37.43456],[147.95704,-37.43327],[147.95613,-37.43167],[147.95541,-37.43074],[147.95546,-37.42991],[147.956,-37.42874],[147.95594,-37.42759],[147.95533,-37.42658],[147.95367,-37.42465],[147.95181,-37.42402],[147.94719,-37.42366],[147.9452,-37.42327],[147.94431,-37.4235],[147.94264,-37.42453],[147.94049,-37.42358],[147.93694,-37.42253],[147.93645,-37.42269],[147.93607,-37.42329],[147.93553,-37.42377],[147.93345,-37.42455],[147.9327,-37.42466],[147.92994,-37.42399],[147.92664,-37.423],[147.92593,-37.42301],[147.92385,-37.42342],[147.92273,-37.42337],[147.92089,-37.42302],[147.91967,-37.42248],[147.91762,-37.42187],[147.91663,-37.42173],[147.91563,-37.42193],[147.91501,-37.42179],[147.9139,-37.42113],[147.91344,-37.41942],[147.91308,-37.4187],[147.91199,-37.41736],[147.91027,-37.41598],[147.9097,-37.41513],[147.90914,-37.41395],[147.90917,-37.41302],[147.90951,-37.41232],[147.90942,-37.41164],[147.90855,-37.41026],[147.90767,-37.40939],[147.90621,-37.40887],[147.90538,-37.40838],[147.90487,-37.4085],[147.90388,-37.40931],[147.9043,-37.40991],[147.90467,-37.40997],[147.90528,-37.41035],[147.90533,-37.41055],[147.90523,-37.41064],[147.90367,-37.4107],[147.90273,-37.41043],[147.90197,-37.41046],[147.90164,-37.41068],[147.90148,-37.41159],[147.90126,-37.41188],[147.90078,-37.41209],[147.89991,-37.41205],[147.89918,-37.41234],[147.8983,-37.41235],[147.89681,-37.41318],[147.89657,-37.41312],[147.896,-37.41215],[147.89495,-37.41148],[147.89297,-37.41199],[147.89249,-37.41232],[147.89223,-37.4129],[147.89084,-37.41309],[147.89045,-37.41298],[147.88948,-37.41238],[147.88898,-37.41192],[147.8885,-37.4117],[147.88833,-37.41141],[147.88729,-37.41104],[147.88664,-37.41107],[147.88576,-37.41144],[147.88536,-37.41233],[147.8848,-37.41298],[147.88362,-37.41307],[147.88222,-37.41379],[147.88257,-37.41473],[147.88168,-37.41546],[147.88106,-37.41531],[147.87881,-37.41662],[147.87761,-37.41804],[147.87706,-37.41783],[147.87616,-37.4166],[147.87571,-37.41571],[147.87578,-37.41433],[147.87613,-37.41339],[147.87587,-37.41295],[147.87622,-37.41187],[147.87616,-37.41168],[147.87568,-37.41152],[147.87439,-37.4115],[147.87384,-37.41097],[147.87323,-37.41061],[147.8725,-37.40962],[147.87147,-37.40865],[147.87007,-37.40789],[147.86931,-37.4078],[147.8678,-37.40819],[147.8671,-37.40792],[147.86676,-37.40752],[147.8665,-37.40741],[147.86627,-37.40751],[147.86612,-37.40799],[147.8656,-37.40633],[147.86574,-37.40603],[147.86624,-37.40576],[147.86634,-37.40557],[147.86639,-37.40456],[147.86607,-37.40254],[147.86616,-37.40217],[147.86667,-37.40147],[147.86869,-37.40095],[147.8707,-37.40147],[147.87132,-37.40134],[147.87134,-37.40104],[147.87083,-37.39996],[147.87151,-37.39951],[147.87144,-37.39892],[147.87158,-37.39847],[147.8718,-37.3983],[147.87239,-37.39824],[147.87252,-37.39804],[147.87218,-37.39735],[147.87213,-37.39685],[147.87234,-37.39447],[147.87418,-37.39105],[147.87483,-37.39036],[147.87678,-37.38878],[147.87828,-37.38621],[147.87871,-37.38484],[147.87976,-37.38271],[147.87992,-37.38178],[147.87976,-37.38117],[147.87898,-37.38028],[147.8787,-37.37916],[147.87823,-37.37856],[147.87699,-37.37787],[147.87548,-37.37669],[147.87422,-37.37636],[147.87323,-37.37649],[147.87222,-37.37605],[147.87133,-37.37596],[147.86931,-37.37481],[147.86757,-37.37487],[147.86645,-37.3745],[147.86631,-37.37411],[147.86636,-37.37346],[147.86578,-37.37268],[147.86554,-37.37197],[147.86369,-37.37096],[147.86342,-37.37069],[147.86349,-37.37039],[147.86427,-37.36999],[147.86447,-37.36946],[147.86442,-37.36882],[147.8642,-37.36852],[147.86368,-37.3684],[147.86274,-37.36844],[147.86161,-37.36767],[147.86047,-37.36745],[147.85981,-37.36782],[147.85967,-37.36803],[147.85959,-37.36872],[147.85914,-37.36899],[147.85867,-37.36848],[147.85814,-37.36723],[147.85726,-37.36703],[147.85693,-37.36722],[147.85646,-37.36805],[147.85609,-37.36818],[147.85586,-37.36809],[147.85581,-37.36727],[147.8561,-37.36611],[147.85584,-37.36548],[147.85426,-37.36399],[147.85035,-37.35922],[147.84994,-37.35885],[147.8484,-37.35811],[147.84494,-37.35765],[147.84229,-37.35764],[147.84145,-37.35799],[147.8395,-37.3594],[147.83943,-37.3615],[147.83798,-37.36256],[147.83748,-37.36271],[147.83451,-37.36259],[147.83396,-37.36236],[147.83342,-37.36235],[147.83225,-37.36267],[147.82943,-37.36406],[147.82057,-37.36057],[147.81192,-37.35784],[147.81089,-37.35738],[147.8101,-37.35681],[147.8079,-37.3545],[147.80499,-37.3522],[147.80391,-37.3515],[147.80163,-37.34952],[147.79916,-37.3478],[147.79869,-37.34726],[147.798,-37.34593],[147.79727,-37.34516],[147.79214,-37.34059],[147.78618,-37.3358],[147.78313,-37.33307],[147.77933,-37.3288],[147.7742,-37.32367],[147.77027,-37.32049],[147.76973,-37.31959],[147.76901,-37.31747],[147.76814,-37.31641],[147.76731,-37.31596],[147.7666,-37.31575],[147.76521,-37.31567],[147.76313,-37.31576],[147.76045,-37.31493],[147.75764,-37.31481],[147.7564,-37.31433],[147.75572,-37.31382],[147.75524,-37.3131],[147.75501,-37.31203],[147.75513,-37.31133],[147.75629,-37.30823],[147.75625,-37.30755],[147.75607,-37.30704],[147.75565,-37.3065],[147.75358,-37.30489],[147.75039,-37.30208],[147.74969,-37.30096],[147.74918,-37.29927],[147.74704,-37.29683],[147.74597,-37.2959],[147.74541,-37.29522],[147.74495,-37.2944],[147.74504,-37.29172],[147.74485,-37.29122],[147.7443,-37.29065],[147.74219,-37.28939],[147.73815,-37.28906],[147.73744,-37.28858],[147.73684,-37.28769],[147.73668,-37.28686],[147.73703,-37.28554],[147.73891,-37.28306],[147.74095,-37.27995],[147.74094,-37.2792],[147.7405,-37.27831],[147.73847,-37.27613],[147.73786,-37.27573],[147.73737,-37.27558],[147.73521,-37.27543],[147.73454,-37.27565],[147.73349,-37.2763],[147.73224,-37.27659],[147.73042,-37.27637],[147.72972,-37.27598],[147.72626,-37.2715],[147.72164,-37.26314]]]},"properties":{"n":"High Country Backroad Tour - Swifts Creek to Buchan","k":"drive","g":["4WD · 75 km one way · 1–4 hrs · Easy (Green Circle)"],"d":"This drive is suitable for novice drivers in all-wheel drive and high range 4WDs. An easy half day trip between the Tambo and Snowy catchments. In the dry this is a great shortcut and alternative to following the highway between these two communities. With views into the Mt Elizabeth Nature Conservation Reserve this drive has you crossing over the Timbarra River before heading into Buchan. Consider a visit to the Buchan Caves Reserve to explore Victoria’s largest cave system or even do one of the other 4WD tours which connect to this town. The tour begins in Swifts Creek heading south on the Great Alpine Road for 16.6km then turning left at Ensay onto Horsefall Street/Little River Road and…","a":"Starting from the main street of Swifts Creek, head south on the Great Alpine Road. Drive with care as stock may be on roads.","b":[147.72164,-37.55081,148.17262,-37.26314]}},{"type":"Feature","geometry":{"type":"MultiLineString","coordinates":[[[146.15621,-37.35735],[146.15658,-37.35735],[146.157,-37.35754],[146.15787,-37.35902],[146.15789,-37.35936],[146.15748,-37.35987],[146.15748,-37.36021],[146.15684,-37.36071],[146.15728,-37.36096],[146.15722,-37.36143],[146.15756,-37.36213],[146.15726,-37.36295],[146.15694,-37.36326],[146.15745,-37.36369],[146.15743,-37.36393],[146.15709,-37.36441],[146.15715,-37.36464],[146.15764,-37.36482],[146.1578,-37.36507],[146.15685,-37.3665],[146.15704,-37.36675],[146.15701,-37.36713],[146.15746,-37.36744],[146.15764,-37.36894]]]},"properties":{"n":"Aberfeldy Backroad Tour - Woods Point to Jamieson - Macks Creek","k":"drive","g":["4WD · 3.2 km return · 1 hr · Medium (Blue Square)"],"d":"For 4WDs and drivers with some 4WD experience or training. This side trip takes you up a 4WD track to a short 500m return walk to the old Macks Creek settlement site. The settlement was surveyed in 1865 and named the ‘Township of Kevington at Macks Creek’. It boasted 22 buildings and a post office.","a":"This side trip is accessed off the Mansfield – Woods Point Road, heading south on a forest track on the western edge of Kevington.","b":[146.15621,-37.36894,146.15789,-37.35735]}},{"type":"Feature","geometry":{"type":"MultiLineString","coordinates":[[[147.28594,-37.38188],[147.28651,-37.38137],[147.28626,-37.38008],[147.2869,-37.37883],[147.28827,-37.37819],[147.289,-37.37803],[147.28985,-37.37734],[147.2911,-37.37662],[147.29138,-37.37595],[147.29107,-37.37556],[147.28821,-37.37524],[147.28798,-37.37486],[147.28855,-37.37342],[147.28907,-37.37283],[147.28983,-37.37245],[147.29012,-37.37188],[147.28997,-37.3715],[147.28898,-37.37065],[147.28851,-37.37003],[147.28839,-37.3696],[147.2885,-37.36916],[147.29016,-37.36697],[147.29011,-37.36632],[147.29177,-37.36533],[147.29288,-37.3649],[147.29324,-37.36463],[147.2925,-37.36371],[147.29243,-37.36317],[147.2922,-37.36271],[147.29188,-37.36246],[147.29118,-37.36221],[147.29122,-37.36209],[147.29183,-37.36188],[147.29233,-37.36124],[147.29131,-37.36037],[147.29104,-37.35863],[147.29077,-37.35799],[147.29192,-37.358],[147.29272,-37.35761],[147.29318,-37.35698],[147.29333,-37.35655],[147.29342,-37.35481],[147.29399,-37.35433],[147.29384,-37.35395],[147.29293,-37.35304],[147.29294,-37.35282],[147.29318,-37.35259],[147.29273,-37.35182],[147.29248,-37.35053],[147.2931,-37.34968],[147.2931,-37.34919],[147.29341,-37.34893],[147.2943,-37.34889],[147.29536,-37.34918],[147.29581,-37.34919],[147.29632,-37.34901],[147.29731,-37.34834],[147.29828,-37.348],[147.29829,-37.34784],[147.2962,-37.34719],[147.29593,-37.34697],[147.29568,-37.34611],[147.29582,-37.34566],[147.29579,-37.34513],[147.29598,-37.34477],[147.29651,-37.34436],[147.29763,-37.34387],[147.29851,-37.34367],[147.30008,-37.34364],[147.30204,-37.34313],[147.30229,-37.34282],[147.30235,-37.34215],[147.30273,-37.34155],[147.3025,-37.34126],[147.30193,-37.34113],[147.30081,-37.34143],[147.29862,-37.3417],[147.29816,-37.34146],[147.29771,-37.34163],[147.2973,-37.34153],[147.29693,-37.3412],[147.29682,-37.34089],[147.29692,-37.34004],[147.29737,-37.33937],[147.29821,-37.33872],[147.29821,-37.3385],[147.29675,-37.33822],[147.29414,-37.33828],[147.29301,-37.3378],[147.29228,-37.33703],[147.29217,-37.3365],[147.29232,-37.33612],[147.29366,-37.33471],[147.29452,-37.33358],[147.29515,-37.33308],[147.2966,-37.33246],[147.29821,-37.33145],[147.29922,-37.33047],[147.29911,-37.33012],[147.29861,-37.32991],[147.29789,-37.32983],[147.29593,-37.33001],[147.29497,-37.32972],[147.2949,-37.3295],[147.29539,-37.32869],[147.29547,-37.32822],[147.29738,-37.32668],[147.29735,-37.32613],[147.29678,-37.32569]]]},"properties":{"n":"High Country Backroad Tour - Omeo to Dargo - Harrisons Cut","k":"drive","g":["4WD · 21 km return · 1–4 hrs · Difficult (Black Diamond)"],"d":"For 4WDs and drivers with reasonable 4WD experience or 4WD training. This optional side trip off continues up to the hidden end of the Upper Dargo Road to Harrisons Cut, a fifty-metre channel blasted through the rock to divert the Dargo River, to enable the river to be mined for gold in the early 1880s. On your way to Harrisons Cut, you will pass opportunities for bush camping by the Dargo River at Black Flat and Collins Flat.","a":"This side trip commences from the Upper Dargo Road/Jones Road intersection, heading north up Upper Dargo Road with the Dargo River on your right","b":[147.28594,-37.38188,147.30273,-37.32569]}},{"type":"Feature","geometry":{"type":"MultiLineString","coordinates":[[[148.0849,-37.70495],[148.08432,-37.70529],[148.08429,-37.70557],[148.08409,-37.70569],[148.08453,-37.70635],[148.08417,-37.7067],[148.08455,-37.7069],[148.08432,-37.70723],[148.08437,-37.70737],[148.08497,-37.70743],[148.08487,-37.70763],[148.08538,-37.70807],[148.08503,-37.70831],[148.08506,-37.7085],[148.08535,-37.70862],[148.08504,-37.70907],[148.08554,-37.70926],[148.08519,-37.70943],[148.08514,-37.70965],[148.08587,-37.70988],[148.08523,-37.71032],[148.08519,-37.7109],[148.0855,-37.71107],[148.08528,-37.71132],[148.08512,-37.7123],[148.08524,-37.71247],[148.08508,-37.71268],[148.0852,-37.71274],[148.08554,-37.71258],[148.08563,-37.71271],[148.08521,-37.71313],[148.08563,-37.71296],[148.08594,-37.71244],[148.08598,-37.71293],[148.08552,-37.71373],[148.08567,-37.71373],[148.08606,-37.71335],[148.08593,-37.71388],[148.08613,-37.71441],[148.08655,-37.7146],[148.08687,-37.71498],[148.08735,-37.71493],[148.08719,-37.71532],[148.0876,-37.71514],[148.08737,-37.71552],[148.08786,-37.71555],[148.08757,-37.71588],[148.08863,-37.71564],[148.08855,-37.71583],[148.08795,-37.71605],[148.08777,-37.71629],[148.08824,-37.71627],[148.08917,-37.71578],[148.08943,-37.71586],[148.08912,-37.71625],[148.08801,-37.71686],[148.08912,-37.71675],[148.08967,-37.71652],[148.08966,-37.71671],[148.08819,-37.71729],[148.08822,-37.71738],[148.08887,-37.71749],[148.08916,-37.71769],[148.09036,-37.71752],[148.08974,-37.71804],[148.08866,-37.7182],[148.0893,-37.71849],[148.08894,-37.71877],[148.08863,-37.71884],[148.08867,-37.71902],[148.08851,-37.71912],[148.08858,-37.71936],[148.09023,-37.71963],[148.09072,-37.71937],[148.09126,-37.71941],[148.09049,-37.71984],[148.0895,-37.71996],[148.08886,-37.72021],[148.0902,-37.72051],[148.09155,-37.72001],[148.09151,-37.7202],[148.09033,-37.72113],[148.09051,-37.72126],[148.09113,-37.72121],[148.09072,-37.72179],[148.0911,-37.72235],[148.09211,-37.72195],[148.09259,-37.72145],[148.0933,-37.72126],[148.09449,-37.72134],[148.09505,-37.7216],[148.09527,-37.72185],[148.09565,-37.72184],[148.0962,-37.72203]]]},"properties":{"n":"4 Scat Track","k":"ride","g":["Mountain bike · 5.9 km one way · under 1 hr · Intermediate"],"d":"This is a descending cross-country track with log ramps and dirt humps/jumps. This track is also good to use for climbing from the carpark trailhead to the top.","a":"Nowa Nowa MTB Park is located on the Nowa Nowa - Buchan Rd, approx. 1.5 km from Nowa Nowa township.","b":[148.08409,-37.72235,148.0962,-37.70495]}},{"type":"Feature","geometry":{"type":"MultiLineString","coordinates":[[[148.17262,-37.49865],[148.17262,-37.49865]]]},"properties":{"n":"High Country Backroad Tour - Timbarra Loop","k":"drive","g":["4WD · 124 km return · 4 hrs · Medium (Blue Square)"],"d":"For 4WDs and drivers with some 4WD experience or training. Timbarra Loop is a leisurely drive exploring the Timbarra River in the upper reaches of the Tambo catchment, passing well-known campsites and good fishing opportunities along both Timbarra and Buchan Rivers. The loop starts from Buchan heading north on the Gelantipy Road for 20km to W Tree Falls. This viewing area on the Gelantipy Road offers great views of W Tree Falls and its watercourse, which flows into the Snowy River via the Murrindal and Buchan Rivers. Continue on Gelantipy Road and at Gelantipy turn left on to Glenmore Road towards Glenmore Camp - a great open picnic stop or campsite on the flats on the Buchan River with…","a":"Starting at Buchan and heading north on Gelantipy Road. This tour does require the crossing of the Buchan River which can vary in flow and depth – Ensure you are appropriately equipped before tackling this.","b":[148.17262,-37.49865,148.17262,-37.49865]}},{"type":"Feature","geometry":{"type":"MultiLineString","coordinates":[[[145.74443,-37.51376],[145.74442,-37.5156],[145.74226,-37.51716],[145.74018,-37.5214],[145.73995,-37.52232],[145.74001,-37.52268],[145.7407,-37.52362],[145.74207,-37.52429],[145.7428,-37.52515],[145.74327,-37.52544],[145.74808,-37.52715],[145.74842,-37.52769],[145.7492,-37.52826],[145.74942,-37.5293],[145.75041,-37.53012],[145.75094,-37.53104],[145.75149,-37.53128],[145.75155,-37.53151],[145.75017,-37.53154],[145.74946,-37.53136],[145.74844,-37.53165],[145.74776,-37.53225],[145.74762,-37.53269],[145.7477,-37.53312],[145.74721,-37.53412],[145.74729,-37.53433],[145.74762,-37.53448],[145.74801,-37.53517],[145.74809,-37.53638],[145.74797,-37.537],[145.74844,-37.53779],[145.74851,-37.53813],[145.74843,-37.53919],[145.74851,-37.53982],[145.749,-37.54205],[145.74958,-37.5432],[145.74999,-37.54357],[145.75062,-37.54389],[145.75182,-37.54419],[145.75211,-37.54237],[145.75261,-37.54132],[145.75306,-37.53921],[145.75397,-37.5369],[145.75391,-37.53639],[145.75346,-37.53602],[145.75343,-37.53564]]]},"properties":{"n":"Keppel Lookout Forest Drive","k":"drive","g":["Scenic drive · 11 km return · under 1 hr · Easy"],"d":"This drive starts to the south of Marysville township and continues along Paradise Plains road past the Marysville water reservoir to take in some spectacular views of Marysville and the surrounding valley. Park at the Keppel lookout carpark and walk the short distance to the lookout. Be sure to have your camera with you as you will be impressed with the panoramic views.","a":"From Marysville’s main street, turn south at the roundabout up Lyell St and continue onto Paradise Plains Rd, past the town reservoir (1.4km). Mopoke View looks out over the valley to the south of Marysville (4km). At the top of the climb, turn left onto Keppel Lookout Rd (4.7km) and continue until you reach the carpark (5.5km) at Keppels Lookout.","b":[145.73995,-37.54419,145.75397,-37.51376]}},{"type":"Feature","geometry":{"type":"MultiLineString","coordinates":[[[145.80732,-37.77684],[145.80766,-37.77718],[145.80746,-37.77735],[145.80792,-37.7777],[145.8082,-37.77817],[145.80815,-37.77879],[145.80842,-37.77945],[145.80836,-37.77992],[145.80753,-37.78008],[145.80741,-37.77996],[145.80753,-37.77974],[145.80748,-37.77943],[145.80702,-37.77926],[145.80678,-37.77951]]]},"properties":{"n":"Richards Tramline Link","k":"walk","g":["Walk · 0.7 km one way · under 1 hr · Grade 3"],"x":"Bushwalking experience recommended","t":"Formed track some obstacles · Very steep · No steps · Limited signage","d":"This walking track is accessible from Richards Tramline and provides a link between Richard Tramline and Mississippi Road cutting the otherwise 9km walk to Brahams Road a few kilometres shorter to Mississippi Road. For the majority of the track it follows Mississippi Creek where you can see. The Richards tramline network is one way and can be completed in either direction. For further information please see 'Richards Tramline'.","a":"From Melbourne head out along the Maroondah Highway to Lilydale. Past Lilydale, head right onto Warburton Highway. Continue the extent of Warburton Highway, through the township of Warburton onto Woods Point Road. Just after you cross the Yarra River about 3km up Wood Point Road take a right turn up Riverside Drive and take your next left up Big Pats Creek Road. Continue along this road through the small settlement of Big Pats Creek until you cross the creek itself, then take your first right just after the bridge up Burns Road. Not far up this road you will reach the Big Pats Recreation Area…","b":[145.80678,-37.78008,145.80842,-37.77684]}},{"type":"Feature","geometry":{"type":"MultiLineString","coordinates":[[[145.58242,-37.52802],[145.58327,-37.52805],[145.58493,-37.52726]]]},"properties":{"n":"Link track between picnic area and campground","k":"walk","g":["Walk · 0.25 km one way · 6 min · Grade 2.2"],"x":"No experience required","t":"Well formed trk · Flat · No steps · Clearly sign posted","d":"This track provides pedestrian access between the day visitor area and the camping area.","b":[145.58242,-37.52805,145.58493,-37.52726]}},{"type":"Feature","geometry":{"type":"MultiLineString","coordinates":[[[148.0962,-37.72203],[148.09642,-37.72177],[148.09609,-37.72062],[148.09638,-37.7202],[148.09628,-37.71994],[148.0951,-37.71902],[148.09395,-37.71855],[148.09287,-37.7177],[148.09242,-37.71717],[148.0927,-37.71695],[148.0933,-37.71688],[148.09393,-37.71694],[148.09448,-37.71745],[148.09479,-37.71736],[148.09477,-37.71719],[148.09416,-37.71664],[148.09278,-37.71643],[148.09341,-37.71623],[148.09274,-37.71603],[148.09321,-37.71597],[148.09348,-37.71572],[148.09291,-37.71575],[148.09264,-37.71559],[148.09344,-37.7155],[148.09334,-37.71539],[148.09267,-37.71538],[148.09241,-37.71518],[148.09266,-37.71523],[148.09259,-37.71507],[148.09303,-37.71502],[148.0916,-37.71454],[148.09312,-37.71444],[148.09363,-37.71424],[148.09417,-37.71379],[148.09515,-37.71285],[148.09496,-37.71196],[148.09501,-37.71138],[148.09557,-37.71115],[148.09559,-37.71102],[148.09533,-37.71101],[148.09517,-37.7108],[148.09489,-37.71117],[148.09464,-37.71122],[148.09437,-37.71104],[148.09443,-37.71075],[148.09433,-37.71061],[148.09409,-37.71053],[148.09371,-37.71064],[148.09407,-37.71021],[148.09387,-37.70968],[148.0936,-37.70958],[148.09324,-37.71016],[148.09218,-37.71051],[148.09199,-37.71047],[148.09189,-37.7103],[148.09226,-37.71002],[148.09258,-37.70932],[148.09219,-37.70811],[148.09195,-37.70807],[148.09206,-37.70837],[148.09187,-37.70882],[148.09154,-37.70897],[148.09121,-37.70932],[148.09103,-37.70918],[148.09167,-37.70848],[148.09162,-37.70797],[148.09105,-37.70858],[148.0909,-37.70842],[148.09118,-37.70792],[148.09108,-37.7078],[148.08938,-37.7076],[148.08911,-37.70733],[148.08894,-37.7069],[148.08854,-37.70668],[148.08838,-37.70627],[148.08774,-37.70599],[148.08764,-37.70602],[148.08779,-37.70612],[148.08719,-37.70602],[148.08687,-37.7057],[148.08647,-37.70576],[148.08653,-37.70541],[148.08615,-37.70533],[148.08549,-37.70477],[148.0849,-37.70495]]]},"properties":{"n":"3 Skull Track","k":"ride","g":["Mountain bike · 5.7 km one way · under 1 hr · Difficult"],"d":"This is a descending cross-country track with several earth and log ramps. Track 3 meanders a bit further afield crossing the power line easement with multiple switchbacks and eventually joining the bottom section of Track 2.","a":"Nowa Nowa MTB Park is located on the Nowa Nowa - Buchan Rd, approx. 1.5 km from Nowa Nowa township.","b":[148.0849,-37.72203,148.09642,-37.70477]}},{"type":"Feature","geometry":{"type":"MultiLineString","coordinates":[[[147.58278,-37.70321],[147.58278,-37.70321]]]},"properties":{"n":"Easy skills loop 4","k":"ride","g":["Mountain bike · 0.35 km return · under 1 hr · Easy"],"d":"Loop ride suitable for beginners","b":[147.58278,-37.70321,147.58278,-37.70321]}},{"type":"Feature","geometry":{"type":"MultiLineString","coordinates":[[[145.86013,-37.31968],[145.86013,-37.31968]]]},"properties":{"n":"Cicada Circuit Trail","k":"ride","g":["Mountain bike · 6.1 km return · under 1 hr · Easy","Walk · 6.1 km return · 2 hrs · Grade 3"],"x":"No experience required","t":"Formed track some obstacles · Short steep hills · Occasional steps · Limited signage","d":"Starting at The Boys Camp, this 6.1 km return loop takes in both sides of the Rubicon River. The trail meanders along the river for a large part of the walk which is perfect for taking in the sounds of the river, the birds and the rustling trees. Cross the bridge over the pipeline and follow the road towards Camp Jungai and back onto the trail. The remainder of the trail passes through the bush above the campgroundsbefore ending back at The Boys Camp. A popular relatively easy looping track dipping into the gully along the picturesque Rubicon Rivers waters edge and then back up the sloping banks over boardwalk and bridges. A multi purpose trail that winds through the Rubicon Valley on both…","a":"From Melbourne, follow the Maroondah Highway; turn right onto the Taggerty-Thornton road and right again onto Rubicon road. Starting and looping back to finish at The Boys Camp the trail is located 6.5km along Rubicon Road.","b":[145.86013,-37.31968,145.86013,-37.31968]}},{"type":"Feature","geometry":{"type":"MultiLineString","coordinates":[[[146.86776,-37.89259],[146.86818,-37.89213],[146.86834,-37.89157],[146.86581,-37.8864],[146.86478,-37.88509],[146.86358,-37.88429],[146.86196,-37.88356],[146.86148,-37.88298],[146.86147,-37.88235],[146.86217,-37.87947],[146.86313,-37.87841],[146.86354,-37.87734],[146.86365,-37.87657],[146.86357,-37.87595],[146.86282,-37.87449],[146.86278,-37.87392],[146.86354,-37.87107],[146.8636,-37.86947],[146.8642,-37.86774],[146.86456,-37.86484],[146.86544,-37.86283],[146.8652,-37.86217],[146.86469,-37.86161],[146.86454,-37.86056],[146.86353,-37.85902],[146.86353,-37.85849],[146.86496,-37.85721],[146.86515,-37.85695],[146.86515,-37.85655],[146.86419,-37.85502],[146.86422,-37.85362],[146.86374,-37.85297],[146.86331,-37.85263],[146.86272,-37.85243],[146.86241,-37.85194],[146.86181,-37.85142],[146.85856,-37.85076],[146.85803,-37.85022],[146.85764,-37.84879],[146.85726,-37.84806],[146.85652,-37.84775],[146.85607,-37.84779],[146.85615,-37.84647],[146.85567,-37.84544],[146.85564,-37.84456],[146.85636,-37.84311],[146.85786,-37.84127],[146.85798,-37.84092],[146.85802,-37.84007],[146.85843,-37.83892],[146.85864,-37.83783],[146.85836,-37.83644],[146.85833,-37.83499],[146.85737,-37.8335],[146.85708,-37.83327],[146.85625,-37.83298],[146.85641,-37.83183],[146.85419,-37.83335],[146.85401,-37.83378],[146.85207,-37.83476],[146.85025,-37.83502],[146.84833,-37.83462],[146.84641,-37.83378],[146.84489,-37.83337],[146.84438,-37.83279],[146.8442,-37.83124],[146.84554,-37.82914],[146.84581,-37.82832],[146.84601,-37.827],[146.84725,-37.82524],[146.8476,-37.82397],[146.84874,-37.82202],[146.84913,-37.8208],[146.8493,-37.81777],[146.85126,-37.81442],[146.85212,-37.81255],[146.85341,-37.81172],[146.85381,-37.81132],[146.85407,-37.81069],[146.85447,-37.81048],[146.85513,-37.81051],[146.85546,-37.81069],[146.85607,-37.81044],[146.85696,-37.80886],[146.85714,-37.80824],[146.85798,-37.80727],[146.85825,-37.80661],[146.85896,-37.80612],[146.85955,-37.80543],[146.8599,-37.80475],[146.86015,-37.80387],[146.86164,-37.80284],[146.86332,-37.80218],[146.86377,-37.80161],[146.86409,-37.80096],[146.8642,-37.80041],[146.86476,-37.79938],[146.86444,-37.79865],[146.86411,-37.79732],[146.86411,-37.79641],[146.8645,-37.79409],[146.86451,-37.7929],[146.86586,-37.79225],[146.86677,-37.79149],[146.86853,-37.79067],[146.86926,-37.78951],[146.87013,-37.78913],[146.87075,-37.78862],[146.87143,-37.78832],[146.87275,-37.78842],[146.87364,-37.78863],[146.87427,-37.78845],[146.87471,-37.78764],[146.87558,-37.78671],[146.87559,-37.78653],[146.87645,-37.78623],[146.87671,-37.78565],[146.87706,-37.78524],[146.87703,-37.78495],[146.8767,-37.78451],[146.87678,-37.78392],[146.87691,-37.78354],[146.8775,-37.7831],[146.87779,-37.78233],[146.87748,-37.78175],[146.87747,-37.78069],[146.87889,-37.7806],[146.87972,-37.78014],[146.88087,-37.78004],[146.88143,-37.78011],[146.88211,-37.78076],[146.8825,-37.78061],[146.8832,-37.78008],[146.88431,-37.77892],[146.88657,-37.77731],[146.88707,-37.77651],[146.8876,-37.77608],[146.88807,-37.77591],[146.8886,-37.77531],[146.88999,-37.7753],[146.89089,-37.77509],[146.89169,-37.77447],[146.89259,-37.77417],[146.8946,-37.77417],[146.89508,-37.77485],[146.89546,-37.77503],[146.89582,-37.77448],[146.89638,-37.77427],[146.89662,-37.77475],[146.89702,-37.77509],[146.89808,-37.77556],[146.89822,-37.77641],[146.89791,-37.77679],[146.89771,-37.77749],[146.89783,-37.77802],[146.89921,-37.77878],[146.8996,-37.77937],[146.89977,-37.78039],[146.90009,-37.78124],[146.90128,-37.78241],[146.90134,-37.78289],[146.90163,-37.78313],[146.90221,-37.78326],[146.9027,-37.78318],[146.90464,-37.78159],[146.9059,-37.78161],[146.90744,-37.78134],[146.90804,-37.78079],[146.90825,-37.78075],[146.91061,-37.78238],[146.91151,-37.78349],[146.91284,-37.78377],[146.91441,-37.78481],[146.91725,-37.78492],[146.91781,-37.78521],[146.91828,-37.7858],[146.91971,-37.78689],[146.92169,-37.78692],[146.92316,-37.7872],[146.92662,-37.7875],[146.92745,-37.78782],[146.92848,-37.78803],[146.92977,-37.78775],[146.93169,-37.78756],[146.93272,-37.78798],[146.93452,-37.78925],[146.93564,-37.78953],[146.93704,-37.78953],[146.93755,-37.78973],[146.9375,-37.79175],[146.9378,-37.79234],[146.93854,-37.79327],[146.93859,-37.79425],[146.93879,-37.79479],[146.93986,-37.79611],[146.93944,-37.79765],[146.93942,-37.79883],[146.93957,-37.79935],[146.93808,-37.79929],[146.93676,-37.79939],[146.93504,-37.79856],[146.93374,-37.79745],[146.93305,-37.79721],[146.93091,-37.7974],[146.93013,-37.79676],[146.92959,-37.79676],[146.9293,-37.79703],[146.92854,-37.79853],[146.92849,-37.79912],[146.92861,-37.79958],[146.92927,-37.80003],[146.92884,-37.8003],[146.92863,-37.80085],[146.92778,-37.80176],[146.92569,-37.8033],[146.92475,-37.80377],[146.92435,-37.80456],[146.92438,-37.80526],[146.92493,-37.80633]]]},"properties":{"n":"Avon Crossing 4WD Tour","k":"drive","g":["4WD · 28 km one way · 4 hrs · Medium (Blue Square)"],"d":"This 4WD tour runs between the Avon-Mt Hedrick Scenic Reserve and State forest that joins the Avon Wilderness and the Alpine National Park to the north. It takes in a number of scenic lookouts and involves a couple of river crossings. A scenic 4WD tour through the Avon-Mt Hedrick scenic reserve.","a":"The 4WD tour starts on Kentucky Rd in Maffra West Upper. Follow Kentucky Rd north, turning left onto Huggetts Trk at the roads end. Follow Huggetts Trk through, turning right onto Mt Angus Trk. Finish the tour by turning right onto Okeefe Rd and you will finish at the Wombat Crossing campgrounds.","b":[146.8442,-37.89259,146.93986,-37.77417]}},{"type":"Feature","geometry":{"type":"MultiLineString","coordinates":[[[145.69126,-37.417],[145.69127,-37.41713],[145.69089,-37.41743],[145.69094,-37.41771],[145.69142,-37.41753],[145.6915,-37.41762],[145.69137,-37.41781],[145.69189,-37.4176],[145.69219,-37.41786]]]},"properties":{"n":"Friendly Fox","k":"ride","g":["Mountain bike · 0.3 km one way · Intermediate"],"d":"This trail creates a short-cut removing the last climb and descent gully on Acheron Ridge. The trail is named after a fox that watched from a safe distance during construction.","b":[145.69089,-37.41786,145.69219,-37.417]}},{"type":"Feature","geometry":{"type":"MultiLineString","coordinates":[[[146.19841,-36.87348],[146.19841,-36.87348]]]},"properties":{"n":"Stringybark Creek Historic Loop","k":"walk","g":["Walk · 1.55 km one way · under 1 hr · Grade 3"],"x":"No experience required","t":"Well formed track · Gentle hills · Occasional steps · Clearly sign posted","d":"Stop in at the Stringybark Creek Historic Reserve to get your dose of local history. This is the spot that the infamous Kelly gang shot and killed three police officers (Constables Lonigan, Scanlan and sergent Kennedy) in 1878. This track visits the key sites of this event, with on-site information signs detailing the events of those times. Step back in time and take the Stringybark Creek Loop Walk that re-enacts the path that Constable McIntyre and Sergeant Kennedy took as they tried to escape from the Kelly gang. The walk is 1400 metres in length and takes approximately 40 minutes to complete with the occasional steps.","a":"From Benalla head south on Benalla-Tatong Road (C517), go through the small town of Tatong and after about 27km turn right onto Stringybark Creek Road.","b":[146.19841,-36.87348,146.19841,-36.87348]}},{"type":"Feature","geometry":{"type":"MultiLineString","coordinates":[[[146.94739,-36.73646],[146.94751,-36.73645],[146.94817,-36.73716],[146.94865,-36.73724],[146.95059,-36.73656],[146.95147,-36.73644],[146.95192,-36.73586],[146.95281,-36.73531],[146.95361,-36.73538],[146.95448,-36.73516],[146.95469,-36.73472],[146.95523,-36.73456],[146.95561,-36.73427],[146.95587,-36.73429],[146.956,-36.7346],[146.95625,-36.73391],[146.95608,-36.73262],[146.95736,-36.73269],[146.95777,-36.73342]]]},"properties":{"n":"Valley View Walk","k":"walk","g":["Walk · 3.4 km return · 2 hrs · Grade 3"],"x":"Bushwalking experience recommended","t":"Formed track · Short steep hills · Occasional steps · Sign posted","d":"A steady climb above Bright through quiet eucalypt forest. Return the same way. Walk up around the side of the hill through native forest, with glimpses of Bright and the Ovens Valley through the trees.","a":"Valley View Walking track begins from the first bend in Hargreaves Road. If driving, park on Sommer Ave and follow the roadsigns up Hargreaves Road for 200m to the start of the walking track.","b":[146.94739,-36.73724,146.95777,-36.73262]}},{"type":"Feature","geometry":{"type":"MultiLineString","coordinates":[[[146.21825,-37.53364],[146.2219,-37.53248],[146.22292,-37.53247],[146.22353,-37.53209],[146.22398,-37.53209],[146.2243,-37.53183],[146.22494,-37.5317],[146.22515,-37.53134],[146.22569,-37.53109],[146.22593,-37.53062],[146.22636,-37.53039],[146.2265,-37.52987],[146.22709,-37.52931],[146.22929,-37.52805],[146.23058,-37.52648],[146.23137,-37.5253],[146.23164,-37.52463],[146.2316,-37.52415],[146.23134,-37.52348],[146.23151,-37.52318],[146.23242,-37.52265],[146.23286,-37.52208],[146.23435,-37.52104],[146.23524,-37.52058],[146.23654,-37.51933],[146.23651,-37.51895],[146.23627,-37.51846],[146.23533,-37.51765],[146.23556,-37.51556],[146.23538,-37.51517],[146.23536,-37.5145],[146.23495,-37.51428],[146.23436,-37.51428],[146.23348,-37.51403],[146.23223,-37.51407],[146.23049,-37.51334],[146.22986,-37.51332],[146.22919,-37.5131],[146.22808,-37.51251],[146.22714,-37.51254],[146.22609,-37.51224],[146.22545,-37.51156],[146.22478,-37.51139],[146.2241,-37.511],[146.22378,-37.51025],[146.22381,-37.50922],[146.2237,-37.50903],[146.22289,-37.50857],[146.22272,-37.50756],[146.22213,-37.50682],[146.22208,-37.50626],[146.22228,-37.50462],[146.22194,-37.50384],[146.22199,-37.50274],[146.22186,-37.50191],[146.22114,-37.50058],[146.22028,-37.49996],[146.22006,-37.49912],[146.22014,-37.49779],[146.22114,-37.4961],[146.22216,-37.49502],[146.2227,-37.49374],[146.22327,-37.49338],[146.22312,-37.49252],[146.2241,-37.49184],[146.22414,-37.49063],[146.22396,-37.49027],[146.22329,-37.48966],[146.22197,-37.48944],[146.22085,-37.4889],[146.21978,-37.48873],[146.21886,-37.48837],[146.21853,-37.48689],[146.21754,-37.48603],[146.21581,-37.48405],[146.21562,-37.48191],[146.21532,-37.48117],[146.21566,-37.47991],[146.21602,-37.47935],[146.21625,-37.47832],[146.21777,-37.47603],[146.21812,-37.47496],[146.21883,-37.47443],[146.21909,-37.47406],[146.21934,-37.47344],[146.21927,-37.47284],[146.21815,-37.47156],[146.21558,-37.46972],[146.21503,-37.46912],[146.21312,-37.46883],[146.21244,-37.46826],[146.21215,-37.46767],[146.21229,-37.46729],[146.21276,-37.46676],[146.21345,-37.46637],[146.2136,-37.46617],[146.21351,-37.46564],[146.21281,-37.46465],[146.21244,-37.46383],[146.21088,-37.46305],[146.2095,-37.46148],[146.20931,-37.46065],[146.20886,-37.45967],[146.20927,-37.4586],[146.20891,-37.45802],[146.2089,-37.45746],[146.20941,-37.45638],[146.21031,-37.45561],[146.21044,-37.45528],[146.21039,-37.45421],[146.21164,-37.45251],[146.21177,-37.4519],[146.21163,-37.45146],[146.21169,-37.45127],[146.21222,-37.45102],[146.21277,-37.45056],[146.21367,-37.45041],[146.21379,-37.45012],[146.21377,-37.4494],[146.21527,-37.44853],[146.21695,-37.44667],[146.21735,-37.44591],[146.21748,-37.44467],[146.21802,-37.44406],[146.21801,-37.44391],[146.21539,-37.44452],[146.2147,-37.44454]]]},"properties":{"n":"Aberfeldy Backroad Tour - Woods Point to Jamieson - German Spur Track","k":"drive","g":["4WD · 14 km one way · 1–4 hrs · Difficult (Black Diamond)"],"d":"For 4WDs and drivers with reasonable 4WD experience or 4WD training. This side trip is a difficult 4WD alternative to travelling along the Woods Point-Jamieson Road, with short rocky sections and a long steep decline where it joins up with the main road just south of Knockwood. This difficult 4WD track takes you past German Spur Settlement and the Alpine Hotel. In the late 1800s this was the original track to Woods Point from the north. German Spur Track was used to detour around Gaffneys Creek to access the Upper Goulburn diggings more directly. The track was likely named after Charles Yukert who operated the German Alpine Hotel. The site of this hotel, which burnt down in 1865 when the…","a":"This side trip is accessed off the Mansfield – Woods point Road and heads up German Spur Track.","b":[146.20886,-37.53364,146.23654,-37.44391]}},{"type":"Feature","geometry":{"type":"MultiLineString","coordinates":[[[146.20166,-36.87288],[146.20007,-36.87315],[146.19943,-36.87344],[146.19841,-36.87348]]]},"properties":{"n":"Stringybark Creek Linking Track","k":"walk","g":["Walk · 0.22 km return · under 1 hr · Grade 3"],"x":"No experience required","t":"Formed track · Gentle hills · Occassional steps · Sign posted","d":"This track links the Stringybark Camping Area with the start of the Stringybark Creek Historic Loop Walk. Take the short walk from the day visitor area to Stringybark campground.","b":[146.19841,-36.87348,146.20166,-36.87288]}},{"type":"Feature","geometry":{"type":"MultiLineString","coordinates":[[[147.72164,-37.26314],[147.72164,-37.26314]]]},"properties":{"n":"High Country Backroad Tour - Nunniong Forest Drive","k":"drive","g":["4WD · 86 km return · 4 hrs · Easy (Green Circle)"],"d":"This drive is suitable for novice drivers in all-wheel drive and high range 4WDs. This leisurely forest drive winds you deep into the heart of Bentley Plains. There are many historic sites and relics along the way, including the iconic Washington Winch, Moscow Villa and Bush Hilton hut. There are several walks as well as camping and picnic facilities near Moscow Villa and Bentley Plain Campgrounds. Start your adventure from Swift Creek, heading south onto Great Alpine Rd, and then turn left onto Horsfall St/Little River Rd. Continue on to eventually turn right onto Bently Plain Rd, which will lead you to Bently Plains—a sub-alpine grassland and wet heathland rich in unique flora species.…","a":"The drive starts in Swift Creek, heading south onto Great Alpine Rd, and then turning left onto Horsfall St/Little River Rd.","b":[147.72164,-37.26314,147.72164,-37.26314]}},{"type":"Feature","geometry":{"type":"MultiLineString","coordinates":[[[146.3612,-37.68186],[146.36258,-37.68283],[146.36368,-37.68281],[146.36465,-37.68298],[146.36584,-37.68378],[146.36629,-37.68391],[146.36739,-37.68362],[146.36867,-37.68347],[146.36964,-37.68273],[146.37055,-37.68233],[146.37075,-37.68297],[146.37025,-37.68355],[146.37063,-37.6839],[146.37238,-37.6847],[146.37311,-37.68483],[146.37404,-37.68526],[146.37456,-37.68555],[146.37543,-37.68633],[146.37739,-37.68664],[146.37955,-37.68628],[146.38075,-37.68626],[146.38127,-37.68598],[146.38324,-37.68559],[146.38471,-37.68499],[146.38719,-37.68422],[146.38834,-37.68424],[146.39004,-37.68387]]]},"properties":{"n":"Aberfeldy Backroad Tour - Jordan Valley - Aberfeldy Crossing","k":"drive","g":["4WD · 6 km return · 14 min · Difficult (Black Diamond)"],"d":"For 4WDs and drivers with reasonable 4WD experience or 4WD training. This side trip down O’Keefe Track takes you down to the start of a 300m walking track which leads into Aberfeldy Crossing. Here interpretation material explains the history of the area and the previous residents who lived here, including Thomas Fawkner, Thomas Theobold, Sarah Matthews and William ‘Billy the cook’ Bryant.","a":"Side trip commences down O’Keefe Track, which is about 1.8km north of Aberfeldy, off the Walhalla Road. This side trip concludes at the intersection of O'Keefe Track and O'Keefe McGuire Link Track. From here the walking track takes you to Aberfeldy Crossing.","b":[146.3612,-37.68664,146.39004,-37.68186]}},{"type":"Feature","geometry":{"type":"MultiLineString","coordinates":[[[147.07833,-37.84844],[147.07806,-37.8498],[147.0769,-37.85109],[147.077,-37.85204],[147.07624,-37.85368],[147.07616,-37.85443],[147.07566,-37.85499],[147.07561,-37.85533]]]},"properties":{"n":"Red Gums Walk Middle","k":"walk","g":["Walk · 0.8 km one way · 30 min · Grade 2.2"],"x":"No experience required","t":"Formed track · Flat · No steps · Limited signage","d":"The Middle Red Gums Walk cuts through the centre of the North block. This gets you further away from the access roads and provides a good example of the plains grassy woodland environment.","a":"The Briagolong Red Gum Reserve is located just South of the township of Briagolong on the East side of the Briagolong Road. A picnic area with information shelter is located on the North side of O’Connor Road which cuts through the centre of the reserve. The Middle Red Gums Walk begins here and comes out onto the North loop at the top of Smith Street in Briagolong.","b":[147.07561,-37.85533,147.07833,-37.84844]}},{"type":"Feature","geometry":{"type":"MultiLineString","coordinates":[[[145.68404,-37.4068],[145.68421,-37.40691],[145.684,-37.40706],[145.68401,-37.40727],[145.68428,-37.40743],[145.68407,-37.4076],[145.68404,-37.4078],[145.68443,-37.40808],[145.68403,-37.40853],[145.68363,-37.40859],[145.68424,-37.40886],[145.68536,-37.40905],[145.68525,-37.40918],[145.68414,-37.40909],[145.68402,-37.40924],[145.6845,-37.40928],[145.68442,-37.40951],[145.68452,-37.40956],[145.68482,-37.40951],[145.6848,-37.40933],[145.68503,-37.40921],[145.68547,-37.40934],[145.68516,-37.4096],[145.68486,-37.40964],[145.68485,-37.4098],[145.68506,-37.40988],[145.68479,-37.40996],[145.68477,-37.41012],[145.68498,-37.4102],[145.68526,-37.41001],[145.68578,-37.41004],[145.68588,-37.41033],[145.6856,-37.41051],[145.68579,-37.41062],[145.68592,-37.41048],[145.68612,-37.41049],[145.68602,-37.41033],[145.68618,-37.4102],[145.68596,-37.41007],[145.68632,-37.41009],[145.68569,-37.40972],[145.68606,-37.4096],[145.68564,-37.40951],[145.68595,-37.40933],[145.68621,-37.40935],[145.6857,-37.40917],[145.68616,-37.40902],[145.68559,-37.40905],[145.68535,-37.4089],[145.68597,-37.40881],[145.68597,-37.40872],[145.68567,-37.4087],[145.68607,-37.40843],[145.68573,-37.40852],[145.68508,-37.40829],[145.68559,-37.40837],[145.68578,-37.40816],[145.68521,-37.40805],[145.68562,-37.40803],[145.68652,-37.40739],[145.68707,-37.408],[145.68683,-37.40747],[145.68645,-37.40723],[145.68563,-37.40788],[145.68536,-37.4079],[145.68453,-37.40746],[145.68414,-37.40675]]]},"properties":{"n":"Boobook","k":"ride","g":["Mountain bike · 2.8 km return · Intermediate"],"d":"This trail starts and finishes in the same place on Acheron Ridge. With a fun filled steep start and a tight switchback climb, this trail adds a challenging extension to your ride.","b":[145.68363,-37.41062,145.68707,-37.40675]}},{"type":"Feature","geometry":{"type":"MultiLineString","coordinates":[[[147.58381,-37.70306],[147.58381,-37.70306]]]},"properties":{"n":"Pump track","k":"ride","g":["Mountain bike · 0.5 km return · under 1 hr · Easy"],"b":[147.58381,-37.70306,147.58381,-37.70306]}},{"type":"Feature","geometry":{"type":"MultiLineString","coordinates":[[[145.92717,-37.35792],[145.92761,-37.3579],[145.9279,-37.35807],[145.92849,-37.35804],[145.92871,-37.35815],[145.92929,-37.35772],[145.92964,-37.35779],[145.92971,-37.35746],[145.93,-37.35729],[145.93059,-37.35842],[145.93116,-37.35904],[145.93195,-37.35961],[145.93309,-37.36011],[145.93379,-37.36023],[145.93426,-37.36073],[145.9349,-37.36093],[145.93544,-37.36092],[145.93651,-37.36135],[145.9372,-37.36132],[145.93789,-37.3617],[145.93875,-37.36197],[145.93899,-37.36181],[145.93875,-37.3616],[145.9387,-37.36137],[145.93851,-37.36133],[145.93829,-37.36103],[145.93822,-37.36072],[145.93737,-37.36013],[145.93713,-37.35944],[145.93679,-37.35923],[145.93686,-37.35885],[145.93727,-37.35871],[145.93723,-37.35845],[145.93766,-37.35818]]]},"properties":{"n":"Mt Torbreck Summit Track","k":"walk","g":["Walk · 4.2 km return · 3 hrs · Grade 4"],"x":"Experienced bushwalkers","t":"Rough many obstacles · Very steep · Occasional steps · Limited signage","d":"Mt Torbreck Summit Walk begins from the Barnewall Plains visitor area on Barnewall Plains road rising to an altitude of 1516m. The track climbs in an easterly and then south easterly direction, getting steeper around the area where the predominant trees change from woolly butt to snow gum. The track is fairly well defined and orange metal triangles attached to trees make route finding fairly easy, even in winter when the track is covered in snow. Views from around the summit are breathtaking on a clear day and well worth the long climb. A rock cairn marks the summit location.","a":"From nearby Thornton, follow the Goulburn Valley Highway B 340 to the Snobs Creek pub, 5km before Eildon. Turn right on to Snobs Creek road and drive south for 14 km. Turn right into Barnwell Plains road and continue on for 6 km. Note that the Barnewall Plains road is closed between the Queen's Birthday weekend and Melbourne Cup weekend.","b":[145.92717,-37.36197,145.93899,-37.35729],"cl":{"s":"2026-06-10","o":"2026-10-28","r":"Seasonal Closure","d":"The road to access the trailhead (Barnewall Plains Road) is closed between the Queen's Birthday weekend and Melbourne Cup weekend but can still be accessed via a 10 minute walk along the closed road - No vehicle access."}}},{"type":"Feature","geometry":{"type":"MultiLineString","coordinates":[[[147.58301,-37.70311],[147.58301,-37.70311]]]},"properties":{"n":"Easy skills loop 1","k":"ride","g":["Mountain bike · 0.25 km return · under 1 hr · Easy"],"b":[147.58301,-37.70311,147.58301,-37.70311]}},{"type":"Feature","geometry":{"type":"MultiLineString","coordinates":[[[146.95699,-36.74253],[146.95701,-36.74332],[146.95656,-36.74415],[146.95674,-36.74506],[146.95657,-36.74536],[146.95614,-36.74556],[146.95582,-36.74541],[146.95575,-36.74505],[146.95586,-36.74475],[146.95576,-36.74452],[146.95539,-36.74448],[146.95528,-36.7443],[146.95528,-36.74396],[146.95541,-36.74377],[146.95572,-36.74367],[146.95572,-36.7431],[146.95595,-36.743]]]},"properties":{"n":"Bakers Gully Reservoirs Upper Loop","k":"walk","g":["Walk · 1.1 km return · 30 min · Grade 3"],"x":"No experience required","t":"Formed track some obstacles · Gentle hills · Occasional steps · Clearly sign posted","d":"The track makes a loop around the upper dam that was built in 1916 to provide a permanent supply of water to the town and railway station. It no longer provides water to Bright but offers a short walk close to Bright. Combine with lower loop for a longer walk.","b":[146.95528,-36.74556,146.95701,-36.74253]}},{"type":"Feature","geometry":{"type":"MultiLineString","coordinates":[[[145.5359,-37.49383],[145.53578,-37.49395],[145.53582,-37.49415],[145.53622,-37.49442],[145.5363,-37.4948],[145.53667,-37.49502],[145.53672,-37.49482],[145.5359,-37.49383],[145.53572,-37.49349],[145.53568,-37.49299]]]},"properties":{"n":"Kalatha Giant Tree Walk","k":"walk","g":["Walk · 0.5 km return · 30 min · Grade 2.2"],"x":"No experience required","t":"Well formed trk · Gentle hills · Occassional steps · Clearly sign posted","d":"The Kalatha Giant Tree Walk is a short easy return trail that takes in the magnificent Kalatha Giant. Thought to be over 350 years old, the large Mountain Ash tree is 73m tall with a girth of 16m. This picturesque trail meanders through beautiful tree ferns, Mountain Pepper and wattles and under some spectacular tall trees. Take the time to read the informative interpretation signs, giving you a greater understanding into the history and ecology of the area. Well worth a visit, the Kalatha Giant Tree Walk is located in the heart of Toolangi State Forest Marvel at the majestic Kalatha tree then continue on the looped track to take in the beauty of the Mountain Ash forest.","a":"From Healesville, take the Myers Creek road for 13km. Turn right into Sylvia Creek road and continue on this well maintained forest road for 10km. Kalatha road is on your left. Approximately 2kms down Kalatha road you will see the trailhead for the walk and a small car parking area.","b":[145.53568,-37.49502,145.53672,-37.49299]}},{"type":"Feature","geometry":{"type":"MultiLineString","coordinates":[[[145.70175,-37.76552],[145.70276,-37.76765],[145.70458,-37.7684],[145.70509,-37.76985],[145.70522,-37.77063],[145.70551,-37.77099],[145.70555,-37.7712],[145.70536,-37.77142],[145.70563,-37.77257],[145.7066,-37.77447],[145.70702,-37.77496],[145.70714,-37.77553],[145.70783,-37.77587],[145.70812,-37.77581]]]},"properties":{"n":"La La Falls","k":"walk","g":["Walk · 2.8 km return · 1.25 hrs · Grade 3"],"x":"No experience required","t":"Formed track · Short steep hills · No steps · Clearly sign posted","d":"The La La Falls walking track follows the old Four Mile Creek timber tramway for much of its length and is an enjoyable walk beneath a Grey Gum and Mountain Ash canopy. This walk may be challenging for some, as it continues up-hill to the small, yet picturesque falls. The walk also features three unique, hand crafted stone bridges and viewing platform.","a":"From Melbourne, travel east along the Maroondah Highway to Lilydale. Beyond Lilydale, turn right onto the Warburton Highway. At the township of Warburton, turn right into Park Road, then left onto La La Avenue shortly after. Signage is present at the entrance to the site at Irruka Road. Alternatively, you can visit the Water Wheel Tourist Information Centre at Warburton for information on other local walks in this area (open 10am-4pm daily).","b":[145.70175,-37.77587,145.70812,-37.76552]}},{"type":"Feature","geometry":{"type":"MultiLineString","coordinates":[[[146.21825,-37.53364],[146.21973,-37.53372],[146.22045,-37.53336],[146.22126,-37.53351],[146.22165,-37.53343],[146.22196,-37.53376],[146.22265,-37.53388],[146.22302,-37.53483],[146.22324,-37.53494],[146.22367,-37.53467],[146.224,-37.53465],[146.22461,-37.53502],[146.22563,-37.53685],[146.22592,-37.53718],[146.2264,-37.53745],[146.22793,-37.538],[146.22907,-37.53781],[146.22967,-37.53787],[146.23081,-37.53856],[146.231,-37.5389],[146.23133,-37.53915],[146.23294,-37.53987],[146.23416,-37.53999],[146.23564,-37.53973],[146.23606,-37.53987],[146.2402,-37.54004],[146.24102,-37.54023],[146.24299,-37.54256],[146.24408,-37.54335],[146.24449,-37.54536],[146.24395,-37.54567],[146.24314,-37.54571],[146.24247,-37.54556],[146.24203,-37.54568],[146.24171,-37.54602],[146.24158,-37.54662],[146.24071,-37.547],[146.24073,-37.54712],[146.24122,-37.54742],[146.24112,-37.54776],[146.24067,-37.54834],[146.23992,-37.54888],[146.23943,-37.54902],[146.23873,-37.54897],[146.23739,-37.54833],[146.23713,-37.54842],[146.237,-37.55012],[146.23581,-37.5522],[146.23591,-37.55228],[146.23624,-37.55202],[146.2366,-37.55194],[146.2372,-37.55194],[146.23727,-37.5518],[146.23809,-37.55219],[146.23882,-37.55362],[146.23942,-37.55417],[146.24021,-37.55447],[146.24168,-37.55438],[146.24116,-37.55506],[146.24009,-37.55572],[146.23954,-37.55656],[146.23978,-37.55676],[146.24092,-37.55692],[146.24141,-37.55732],[146.24231,-37.55734],[146.2426,-37.5583],[146.24325,-37.55857],[146.24372,-37.55861],[146.24406,-37.5578],[146.2446,-37.55799],[146.2453,-37.55791],[146.24499,-37.55853],[146.24495,-37.55893],[146.24532,-37.55963],[146.2456,-37.55976]]]},"properties":{"n":"Aberfeldy Backroad Tour - Woods Point to Jamieson - Mountain Home Hotel","k":"drive","g":["4WD · 6 km one way · under 1 hr · Medium (Blue Square)"],"d":"For 4WDs and drivers with some 4WD experience or training. Just out of Woods Point you can take the Old Coast Road turnoff just before Jack Scotts Reserve as an optional side trip (Grade – Medium) to the main Woods Point to Jamieson Tour. This side trip passes by the sites of the Barretts Mountain Home Hotel, Charles Brothers Sawmill and Frenchmans Hotel. Onsite interpretation along the route tells some of the history of the gold mining era. In the late 1800s, this was the original track to Woods Point from the north.","a":"This side trip is accessed off the Mansfield – Woods Point Road just west of Woods Point and heads north up Old Coast Road.","b":[146.21825,-37.55976,146.2456,-37.53336]}},{"type":"Feature","geometry":{"type":"MultiLineString","coordinates":[[[146.55316,-37.15102],[146.55355,-37.15067],[146.55326,-37.15031],[146.55322,-37.15006],[146.55359,-37.1496]]]},"properties":{"n":"Bindaree Falls","k":"walk","g":["Walk · 0.4 km return · 30 min · Grade 3"],"x":"No experience required","t":"Formed track · Short steep hills · Many steps · Sign posted","d":"Take a short walk to Bindaree Falls, located in a tranquil setting you will be surrounded by lush native forest and magnificent tree ferns. A wooden viewing platform passes around the back of Bindaree Falls giving you the ability to view the cascading water from the rocks above. This walk is on a well formed track and has some sections of rock steps.","a":"From Mansfield follow the Mt. Buller Rd to Mirimbah. Turn left onto Mt. Stirling Rd and follow to Telephone Box Junction (T.B.J). From here, The Circuit Road can be driven in either direction. Follow Circuit Road for 18kms in an anti-clockwise direction, or 28kms in a clockwise direction. Turn onto Bindaree Rd and follow for 5kms. The drive is normally accessible to all vehicles, but can have rough sections. Bindaree Rd is seasonally closed from the Thursday after the Queen's Birthday weekend until the Thursday before the Melbourne Cup Weekend.","b":[146.55316,-37.15102,146.55359,-37.1496]}},{"type":"Feature","geometry":{"type":"MultiLineString","coordinates":[[[147.90659,-37.22047],[147.90701,-37.22004],[147.90778,-37.21851],[147.90822,-37.21802],[147.90916,-37.21767],[147.90963,-37.21736],[147.90984,-37.21696],[147.90989,-37.21632],[147.90975,-37.21579],[147.90927,-37.2151],[147.90903,-37.2145],[147.90803,-37.21311],[147.90647,-37.21142],[147.90566,-37.21095],[147.90577,-37.21076],[147.90638,-37.21054],[147.90688,-37.21014],[147.90794,-37.20983],[147.90831,-37.20896],[147.90956,-37.20796],[147.91157,-37.20761],[147.91246,-37.20715],[147.91296,-37.20669],[147.91346,-37.20558],[147.91381,-37.20541],[147.91496,-37.20442],[147.91507,-37.20394],[147.91494,-37.20336],[147.91327,-37.20121],[147.91316,-37.20096],[147.9133,-37.20076],[147.91368,-37.2006],[147.91413,-37.20076],[147.91458,-37.20122],[147.91494,-37.20184],[147.91529,-37.20192],[147.91586,-37.20164],[147.91732,-37.20045],[147.91883,-37.19973],[147.91915,-37.19943],[147.91932,-37.19769],[147.91888,-37.19675],[147.91876,-37.19591],[147.91892,-37.1953],[147.9198,-37.19413],[147.91952,-37.19313],[147.91954,-37.19263],[147.91997,-37.19196],[147.92051,-37.19156],[147.92169,-37.19222],[147.92217,-37.19212],[147.92245,-37.19185],[147.92282,-37.19104],[147.92278,-37.18898],[147.92301,-37.18792],[147.92393,-37.18685],[147.92516,-37.18628],[147.92552,-37.18554],[147.92564,-37.18495],[147.92542,-37.18435],[147.92528,-37.18287],[147.92551,-37.18174],[147.92572,-37.18132],[147.92631,-37.18102],[147.92802,-37.18125],[147.92939,-37.18107],[147.93086,-37.18052],[147.93251,-37.17895],[147.933,-37.17864],[147.93359,-37.17849],[147.93503,-37.17895],[147.93611,-37.17905],[147.93705,-37.17943],[147.93897,-37.17989],[147.93986,-37.17996],[147.94119,-37.17971],[147.94256,-37.17896],[147.94303,-37.17844],[147.94353,-37.1772],[147.94409,-37.17642],[147.94433,-37.17558],[147.94406,-37.1746],[147.94282,-37.17377],[147.94225,-37.17297],[147.9417,-37.17139],[147.94109,-37.17078],[147.94122,-37.17054],[147.9418,-37.17017],[147.94355,-37.1697],[147.94447,-37.16964],[147.94581,-37.16986],[147.9477,-37.16953],[147.94844,-37.16925],[147.94984,-37.16821],[147.95144,-37.16741],[147.95281,-37.16629],[147.95412,-37.16609],[147.95502,-37.16562],[147.95524,-37.16539],[147.95532,-37.16502],[147.95497,-37.16396],[147.95445,-37.16359],[147.95395,-37.16345],[147.95241,-37.16349],[147.9521,-37.16336],[147.95133,-37.16109],[147.951,-37.16077],[147.9503,-37.16052],[147.95018,-37.16034],[147.95109,-37.15837],[147.952,-37.15683],[147.95187,-37.1559],[147.95193,-37.1549],[147.95211,-37.15479],[147.95349,-37.15478],[147.95475,-37.15433],[147.95544,-37.15314],[147.95575,-37.15203],[147.95644,-37.1515],[147.95669,-37.1511],[147.95683,-37.14936],[147.95753,-37.14845],[147.95663,-37.14611],[147.95743,-37.1451],[147.95812,-37.14365],[147.95926,-37.14332],[147.96027,-37.14288],[147.96063,-37.14255],[147.96182,-37.14212],[147.96293,-37.14187],[147.96473,-37.14187],[147.96616,-37.14171],[147.96669,-37.14117],[147.96773,-37.14086],[147.96818,-37.14104],[147.97085,-37.14144],[147.97183,-37.14126],[147.9732,-37.1418],[147.97466,-37.14168],[147.97511,-37.14141],[147.97549,-37.14073],[147.97572,-37.14057],[147.9779,-37.14051],[147.97908,-37.13972],[147.98085,-37.13976],[147.98352,-37.14023],[147.98558,-37.14013],[147.98729,-37.14053],[147.98872,-37.14044],[147.98923,-37.14054],[147.99058,-37.14127],[147.99302,-37.14309],[147.99468,-37.14356],[147.9956,-37.14457],[147.99688,-37.14538],[147.99796,-37.14705],[147.99872,-37.14791],[147.99901,-37.14965],[148.00006,-37.15147],[148.00063,-37.15212],[148.00221,-37.15301],[148.00234,-37.15411],[148.00221,-37.15616],[148.0025,-37.15741],[148.00239,-37.15776],[148.0018,-37.15854],[148.00166,-37.15916],[148.00185,-37.15913],[148.00158,-37.15928],[148.00134,-37.15998],[148.0009,-37.16042],[147.99867,-37.16167],[147.99834,-37.16063],[147.99799,-37.16019],[147.9963,-37.15981],[147.99574,-37.15947],[147.99502,-37.15925],[147.9937,-37.15787],[147.99232,-37.15704],[147.99159,-37.15614],[147.99117,-37.15529],[147.98872,-37.15397],[147.98768,-37.15282],[147.98667,-37.15278],[147.98501,-37.1524],[147.98411,-37.15201],[147.98384,-37.15174],[147.98156,-37.15042],[147.9811,-37.14986],[147.98056,-37.14822],[147.97946,-37.14777],[147.97857,-37.14694],[147.97584,-37.14667],[147.97484,-37.14623],[147.97381,-37.14619],[147.97272,-37.14587],[147.97196,-37.14581],[147.96996,-37.14595],[147.96838,-37.14642],[147.96649,-37.14657],[147.96502,-37.14645],[147.96432,-37.14621],[147.96289,-37.14675],[147.96213,-37.14679],[147.96097,-37.14641],[147.95949,-37.14559],[147.9572,-37.1454]]]},"properties":{"n":"High Country Backroad Tour - Nunniong Forest Drive - Nunniong Plains","k":"drive","g":["4WD · 31 km return · 1–4 hrs · Medium (Blue Square)"],"d":"For 4WDs and drivers with some 4WD experience or training. This side trip crosses the Timbarra River, passes by The Culverts and onwards into the Nunniong Plains. The Nunniong Plains are a series of open plains interspersed with Snow Gum Woodlands and stands of Alpine Ash. Camping is available at Nunniong Plains campground near the headwaters of Timbarra River. At times, cattle and feral horses graze these plains.","a":"At the western end of Bentley Plain Road, turn right onto Nunniong Road and travel 13.2 kms to then turn right onto Nunniong Plains Track.","b":[147.90566,-37.22047,148.0025,-37.13972]}},{"type":"Feature","geometry":{"type":"MultiLineString","coordinates":[[[145.85527,-37.82582],[145.85607,-37.82587],[145.85614,-37.82601],[145.85664,-37.82604],[145.85685,-37.82621],[145.85747,-37.82622],[145.858,-37.82607],[145.85841,-37.82614],[145.85882,-37.82644],[145.85888,-37.82671],[145.85922,-37.827],[145.85979,-37.82711],[145.86115,-37.82676],[145.86187,-37.82627],[145.86307,-37.82574],[145.86407,-37.82491],[145.86424,-37.82469],[145.86423,-37.82433]]]},"properties":{"n":"New Federal Mill Walk","k":"walk","g":["Walk · 2.5 km one way · Grade 3"],"x":"Bushwalking experience recommended","t":"Formed track some obstacles · Short steep hills · No steps · Limited signage","d":"The New Federal Mill walking track can be a experienced as a detour to the Ada Tree, and leads you the historical Federal Mill site. The walking track moves through Wet Forest type under a canopy of the towering Mountain Ash species, the Tallest Flowering plant in the world. As you approach the Mill, you may notice escapee garden plants such as English Ivy and lilies, which once featured in gardens prepared by Mill workers and their families.","a":"The New Federal Mill walking track can only be reached via foot from the Ada Tree Walk along Federal Road or from the Walk into History. By vehicle, take directions to the Ada Tree Picnic Area. Once there, walk along Federal Road for approximately 1km then turn left, following signage to the New Federal Mill site. After 1km, you will reach the historical mill site. At this point, you can retrace your steps back to the Ada Tree Picnic Area or continue along the Walk Into History heading north for approximately 1.6km to rejoin the Ada Tree Walk loop and back to the car park. The New Federal…","b":[145.85527,-37.82711,145.86424,-37.82433]}},{"type":"Feature","geometry":{"type":"MultiLineString","coordinates":[[[147.58281,-37.70326],[147.58253,-37.70357],[147.58231,-37.70355],[147.58206,-37.70377],[147.58174,-37.70384],[147.58043,-37.70481],[147.5785,-37.70556],[147.57708,-37.70544],[147.5765,-37.70552],[147.575,-37.70626],[147.57335,-37.70659],[147.57299,-37.70653],[147.5725,-37.70694],[147.5725,-37.70717],[147.57227,-37.70747],[147.57123,-37.70725],[147.56963,-37.70714],[147.56867,-37.70682],[147.56815,-37.70684],[147.5672,-37.70661],[147.56713,-37.70671],[147.56696,-37.70654],[147.56668,-37.70663],[147.56652,-37.70651],[147.56654,-37.70662],[147.56638,-37.70662],[147.56608,-37.70636],[147.56536,-37.70623],[147.56492,-37.7057],[147.56507,-37.70543],[147.56498,-37.70486],[147.56467,-37.70439],[147.56477,-37.70433],[147.56463,-37.70405],[147.56443,-37.70393],[147.56466,-37.70377],[147.56471,-37.70355],[147.56497,-37.70344],[147.56509,-37.70346],[147.56514,-37.70375],[147.56491,-37.7042],[147.56525,-37.70472],[147.56542,-37.70447],[147.56538,-37.70415],[147.56551,-37.70397],[147.56562,-37.70404],[147.56565,-37.70436],[147.56548,-37.70423],[147.56581,-37.70483],[147.56575,-37.70509],[147.56595,-37.70517],[147.56591,-37.70535],[147.56611,-37.7054],[147.566,-37.70546],[147.56597,-37.70604],[147.5661,-37.70637]]]},"properties":{"n":"Elevator","k":"walk","g":["Walk · 5 km return · 2 hrs · Grade 3"],"x":"Bushwalking experience recommended","t":"Rough many obstacles · Short steep hills · No steps · Sign posted","d":"Elevator Walking track is a 5 km return which starts at the lower trailhead of the Mt Taylor mountain bike park. It is signposted from the lower trailhead and heads uphill on a narrow winding track. The track runs parallel to Lookout Rd for a bit over 1 km then crosses the road. It follows a steep boundary track for 400m then into bushy rocky terrain climbing steeply up to more open forest near to Tower Rd. The track passes near to the upper trailhead and does a short loop before re-joining the track. Follow the track back down the same way returning to the beginning.","a":"Bairnsdale is approximately 275km east of Melbourne on the Princes Highway. The Elevator walking track is located at Mount Taylor mountain bike park. Follow the signs to Wy Yung. Mt Taylor mountain bike park is 13.5km past Wy Yung hotel. Head north along Bullumwaal Rd. At the point where the bitumen turns to gravel, the mountain bike park/picnic area can be accessed via Lookout Rd, the gravel road on your left.","b":[147.56443,-37.70747,147.58281,-37.70326]}},{"type":"Feature","geometry":{"type":"MultiLineString","coordinates":[[[145.8912,-37.88262],[145.89146,-37.88238],[145.89192,-37.88148],[145.89245,-37.88182],[145.89279,-37.88235],[145.89336,-37.8823],[145.89367,-37.8824],[145.89371,-37.88227]]]},"properties":{"n":"Latrobe River Walk","k":"walk","g":["Walk · 0.8 km return · 30 min · Grade 3"],"x":"No experience required","t":"Formed track · Gentle hills · Occassional steps · Sign posted","d":"This walk starts from the picnic area and heads down through the forest and along the Latrobe River. The walk ends in an open grassy area by the river. Relax by the river and when ready, retrace your steps back to the Latrobe River Picnic and Camping Area.","a":"This walk starts from the Latrobe River Picnic and Camping Area which is located approximately 90 kilometres east of Melbourne. Turn left just 500m up Ada River Road which is located between the towns of Powelltown and Noojee along the Yarra Junction - Noojee road. With the exception of Ada River Road and the campsite itself, access is entirely on sealed roads from Melbourne as well as from the east, if heading from East Gippsland.","b":[145.8912,-37.88262,145.89371,-37.88148]}},{"type":"Feature","geometry":{"type":"MultiLineString","coordinates":[[[146.80873,-36.33681],[146.80949,-36.33622],[146.81031,-36.33659],[146.81102,-36.33661],[146.81088,-36.33648],[146.81127,-36.33657],[146.81151,-36.33636],[146.81255,-36.33641],[146.81313,-36.3362],[146.81472,-36.33608],[146.81491,-36.33617],[146.81515,-36.33713],[146.81528,-36.33724]]]},"properties":{"n":"Yackandandah Creek Trail","k":"ride","g":["Mountain bike","Walk · 1.4 km return · 30 min · Grade 2.1"],"x":"No experience required","t":"Formed track · Gentle hills · Clearly sign posted","d":"Following the Yackandandah Creek, this shared use trail meanders through open eucalypt foothill forest. See remnants of the areas mining heritage, or spy a platypus in the creek as you enjoy this gentle walk or ride. This trail also forms part of the return loop for the Green Loop mountain bike trail.","a":"From the main street of Yackandandah follow Bells Flat Rd for approx. 3km until you meet Service Basin Rd. Continue along Service Basin Rd, which then becomes Yack Gate Rd, for approx. 1.5km to Yack Tracks MTB trail head. The track starts from the carpark.","b":[146.80873,-36.33724,146.81528,-36.33608]}},{"type":"Feature","geometry":{"type":"MultiLineString","coordinates":[[[146.39381,-37.71182],[146.39446,-37.71132],[146.39454,-37.71061],[146.39494,-37.71024],[146.39514,-37.70959],[146.39518,-37.70823],[146.39568,-37.7077],[146.3956,-37.70738]]]},"properties":{"n":"Hanging Rock Walk","k":"walk","g":["Walk · 1.2 km return · under 1 hr"],"d":"Located on the banks of the Aberfeldy River, 'Hanging Rock' was a particularly popular picnic spot in the late 1800's / early 1900's and was previously situated along a pack track which travelled from Code's Flat to Cullen's Farm and then up to the town of Aberfeldy.","a":"Travelling from the Matlock direction (north), turn left into Cullen's Tk. At the 2km mark, veer right onto Comet Spur Tk which is a steeply rutted track - traverse in dry weather only. Travel a further 1.8km before turning left onto Eaton Tk. Travel 800m to the start of the Hanging Rock Walking Track.","b":[146.39381,-37.71182,146.39568,-37.70738]}},{"type":"Feature","geometry":{"type":"MultiLineString","coordinates":[[[146.50616,-37.7439],[146.50649,-37.74398],[146.50672,-37.7437],[146.50719,-37.74355],[146.5079,-37.74305],[146.50825,-37.7424],[146.50863,-37.74234],[146.50929,-37.74186],[146.50974,-37.74194],[146.50966,-37.74183]]]},"properties":{"n":"Crinoline Walk","k":"walk","g":["Walk · 0.9 km return"],"d":"The Crinoline Walk starts past the Morning Star Mine the walk and continues on to the Crinoline battery built in the gold mining days to service the Morning Star Gold Mine","b":[146.50616,-37.74398,146.50974,-37.74183]}},{"type":"Feature","geometry":{"type":"MultiLineString","coordinates":[[[147.92611,-37.83958],[147.92614,-37.83943],[147.92691,-37.8391],[147.92806,-37.83963],[147.93037,-37.84025],[147.93113,-37.84032],[147.93127,-37.84003],[147.93155,-37.83994],[147.93178,-37.83959],[147.93191,-37.83893],[147.93275,-37.83858],[147.93303,-37.83817],[147.93381,-37.83765],[147.93377,-37.83736],[147.93399,-37.83705],[147.93405,-37.83649],[147.93396,-37.8361],[147.9338,-37.83595],[147.93396,-37.83523],[147.93476,-37.83458],[147.93586,-37.83416],[147.93696,-37.83396],[147.93755,-37.83359],[147.9382,-37.83273],[147.93778,-37.83202],[147.93826,-37.83103],[147.93902,-37.8304],[147.9392,-37.82986],[147.94016,-37.82896],[147.9407,-37.82874],[147.94102,-37.82842],[147.94205,-37.82806],[147.9424,-37.82731]]]},"properties":{"n":"Limestone Box Forest Walk","k":"ride","g":["Mountain bike · 4.8 km return · under 1 hr · Easy","Walk · 2.3 km return · under 1 hr · Grade 2.1"],"x":"No experience required","t":"Formed track some obstacles · Gentle hills · No steps · Clearly sign posted","d":"A 2.3 km one-way undulating forest walk on a gravel surface through Limestone Box Forest that ends at the Log Crossing Picnic Area.","a":"Car parking is available at either end of the track - at the Forestec campus on the Princes Highway, or at Log Crossing, which is 2km from the campus via Uncles Rd.","b":[147.92611,-37.84032,147.9424,-37.82731]}},{"type":"Feature","geometry":{"type":"MultiLineString","coordinates":[[[147.83618,-37.69291],[147.83618,-37.69291]]]},"properties":{"n":"Explosive Magazine Loop","k":"walk","g":["Walk · 2.5 km return · 45 min · Grade 3"],"x":"Bushwalking experience recommended","t":"Formed track some obstacles · Short steep hills · No steps · Clearly sign posted","d":"A 3km walk through local forest that passes through undulating forest and crosses gullies and forest roads. The walk passes passes by an old concrete magazine which was once used for storing explosives for road building.","a":"Access is via the Great Alpine Rd approx 2km from Bruthen township.","b":[147.83618,-37.69291,147.83618,-37.69291]}},{"type":"Feature","geometry":{"type":"MultiLineString","coordinates":[[[147.14169,-37.6614],[147.14174,-37.66072],[147.14218,-37.66036],[147.1423,-37.65999],[147.14208,-37.65968],[147.1422,-37.65944],[147.14319,-37.65871],[147.14389,-37.65801],[147.14436,-37.65782],[147.14438,-37.65754],[147.1446,-37.65746],[147.14494,-37.65677],[147.14502,-37.65621],[147.14516,-37.65608],[147.14514,-37.65568],[147.14554,-37.65494],[147.14589,-37.6535],[147.14621,-37.65334],[147.14607,-37.6531],[147.1466,-37.6528],[147.14709,-37.65216],[147.14732,-37.65157],[147.14783,-37.65128],[147.14796,-37.65065],[147.14857,-37.64975],[147.14879,-37.64914],[147.15011,-37.6487],[147.14983,-37.6487],[147.14918,-37.64699],[147.14882,-37.64706],[147.14903,-37.64784],[147.14899,-37.64839],[147.14833,-37.6486],[147.14802,-37.64883],[147.14766,-37.6494],[147.14713,-37.64941],[147.14728,-37.64976],[147.14721,-37.64992],[147.14677,-37.65055],[147.14642,-37.65064],[147.14642,-37.65121],[147.14592,-37.65193],[147.14506,-37.65241],[147.14444,-37.65231],[147.14425,-37.65249],[147.14407,-37.65308],[147.14452,-37.65357],[147.14444,-37.65392],[147.14371,-37.65436],[147.14399,-37.65488],[147.14344,-37.65541],[147.1431,-37.65542],[147.14306,-37.65593],[147.14263,-37.65651],[147.14287,-37.65682],[147.14276,-37.65678],[147.14279,-37.65694],[147.14406,-37.65723],[147.14388,-37.65753],[147.14362,-37.65765],[147.14366,-37.65782],[147.1433,-37.65806],[147.1433,-37.6582],[147.14282,-37.65833],[147.14234,-37.65875],[147.1425,-37.65918]]]},"properties":{"n":"Alistair Fielding Walk","k":"walk","g":["Walk · 4.4 km return · 1 hr · Grade 3"],"x":"Bushwalking experience recommended","t":"Formed track some obstacles · Short steep hills · Limited signage","d":"This walk takes you back to the Lees Creek alluvial gold mining era of the 1890s where you will be able to view old house sites, alluvial diggings and a water race used to bring water from a dam to the diggings. Nature also abounds with lyrebirds, giant Mountain Grey Gums (Eucalyptus cypellocarpa), tree ferns and maybe the Fringed Helmeted Orchid (Corybas diemenicus) with its bright red flower along the way. Alistair Fielding was a park ranger from Briagolong who had a hope to open up the intriguing history of this area. This was achieved after he passed away and the track now takes off from the pleasant Lee Creek Picnic Area near the junction of Freestone and Lee Creek. The portion of…","a":"This track can be accessed from Briagolong by travelling around 30km or 45minutes on the rough 2wd route of Freestone Creek Rd and then around 3km or 10 minutes along the 4wd route of Lee Creek Track to The Lee Creek Picnic Area. Alternatively you can walk to the track from the Lee Creek Camping area which is located on the intersection of Freestone Creek Rd and Lee Creek Track.","b":[147.14169,-37.6614,147.15011,-37.64699]}},{"type":"Feature","geometry":{"type":"MultiLineString","coordinates":[[[147.36707,-36.53866],[147.36725,-36.53793],[147.36687,-36.53764],[147.36642,-36.53808],[147.36564,-36.53832],[147.36494,-36.53916],[147.36483,-36.53964],[147.36438,-36.54035],[147.36425,-36.54083],[147.36397,-36.54091],[147.36386,-36.54234],[147.36373,-36.54237],[147.36331,-36.54048],[147.36373,-36.53873],[147.36433,-36.53782],[147.36494,-36.5372],[147.36485,-36.53677],[147.36492,-36.53601],[147.36452,-36.53481],[147.36399,-36.53397],[147.36408,-36.53352],[147.36398,-36.53298],[147.36426,-36.53237],[147.3642,-36.53205],[147.36389,-36.53181],[147.36348,-36.53109],[147.36302,-36.53126]]]},"properties":{"n":"Deep Gully Walk","k":"walk","g":["Walk · 3.1 km return · 1.5 hrs · Grade 3"],"x":"No experience required","t":"Formed track some obstacles · Gentle hills · Occasional steps · Limited signage","d":"This track offers a base level walk starting from the Mitta Mitta Historic Reserve winding through forest and traversing Deep Gully with its temperate rainforest vegetation. Once out of the gully, the track leads through open forest of narrow leaf peppermint trees. A base level walking track that winds through state forest, which traverses Deep Gully with its temperate rainforest vegetation. Once through the gully, the track leads through an open forest of narrow leaf peppermint trees. Keep an eye out for relics of a strong mining history.","a":"Access to the walking track is directly from the Mitta Mitta Historic Reserve (Mitta Mitta township) with many camping options in and around the Mitta Mitta area.","b":[147.36302,-36.54237,147.36725,-36.53109]}},{"type":"Feature","geometry":{"type":"MultiLineString","coordinates":[[[147.11268,-37.77924],[147.11268,-37.77924]]]},"properties":{"n":"Freestone Creek Walking Track","k":"walk","g":["Walk · 6.5 km return · 3 hrs · Grade 3"],"x":"Bushwalking experience recommended","t":"Formed track some obstacles · Short steep hills · Occasional steps · Limited signage","d":"Freestone Creek Walking Track takes off from the Blue Pool Day Visitor Area carpark and follows the Freestone Creek North. The track pops up on Freestone Creek Road for a section until just after Gladstone Creek Bridge where it takes a contouring route above the road until coming back down above Mckinnons Point. The route then follows Mckinnons Point 4WD track across the Freestone Creek for a short distance before ducking off the road and continuing up a moist gully. This pleasant section provides quite a bit more shade and a different array of plant species to the other sections of the walk. As the track begins to climb and head back South you are rewarded with stunning views of the……","a":"From Briagolong, head north along the Freestone Creek Road for approximately 10km (10 minutes) until you reach Blue Pool. Limited parking is available at the Blue Pool Day Visitor Area, with overflow parking available at the Blue Pool Campground. The loop commences from the Day Visitor Area and finishes where the Fern Gully Loop takes off on the West side of Blue Pool.","b":[147.11268,-37.77924,147.11268,-37.77924]}},{"type":"Feature","geometry":{"type":"MultiLineString","coordinates":[[[147.69851,-37.59243],[147.69859,-37.59174],[147.69877,-37.59158],[147.69876,-37.59141],[147.69854,-37.59128],[147.69845,-37.59092],[147.69799,-37.59023],[147.69651,-37.589]]]},"properties":{"n":"Tubal Cain Walk","k":"walk","g":["Walk · 1 km return · 30 min · Grade 4"],"x":"Bushwalking experience recommended","t":"Rough many obstacles · Short steep hills · Occasional steps · Sign posted","d":"A short walk to a historic batery relic from the gold mining days. The walk departs from the Deptford camping area on the eastern side of the Nicholson River.","a":"Access is on the eastern side of the Nicholson River at Deptford.","b":[147.69651,-37.59243,147.69877,-37.589]}},{"type":"Feature","geometry":{"type":"MultiLineString","coordinates":[[[145.73641,-37.54254],[145.73631,-37.54236],[145.73561,-37.54225],[145.7353,-37.54184],[145.73528,-37.54155],[145.73503,-37.54159],[145.73566,-37.54049],[145.73538,-37.54002],[145.73448,-37.53946],[145.73456,-37.53889],[145.73484,-37.53835],[145.73508,-37.53823],[145.7355,-37.53825],[145.73615,-37.5387],[145.73695,-37.53861],[145.73901,-37.53882],[145.73901,-37.53913],[145.73948,-37.53936],[145.74096,-37.53928],[145.74199,-37.53949],[145.74239,-37.53937],[145.74327,-37.53859],[145.74403,-37.53721],[145.74459,-37.53699],[145.74481,-37.53665],[145.74489,-37.53611],[145.74557,-37.53525],[145.74692,-37.53432],[145.74712,-37.5343],[145.74776,-37.53455],[145.74794,-37.53537],[145.74811,-37.53763],[145.74837,-37.53816],[145.74823,-37.53929],[145.74882,-37.54169],[145.74927,-37.54286],[145.74946,-37.54319],[145.75026,-37.54373],[145.75121,-37.54406],[145.75187,-37.54407],[145.75211,-37.54237],[145.75261,-37.54132],[145.75305,-37.53922],[145.75397,-37.5369],[145.75391,-37.53639],[145.75346,-37.53602],[145.75343,-37.53564],[145.75375,-37.53562],[145.75487,-37.53714],[145.7555,-37.53749],[145.75657,-37.53767],[145.757,-37.53747],[145.75726,-37.53682],[145.75756,-37.53662],[145.75762,-37.5364],[145.75792,-37.53634],[145.75845,-37.53679],[145.75902,-37.53778],[145.75926,-37.53934],[145.75996,-37.53955],[145.76053,-37.53921],[145.76144,-37.53924],[145.76123,-37.53841],[145.76144,-37.53668],[145.76126,-37.53522],[145.76086,-37.53436],[145.76088,-37.53344],[145.76066,-37.53228],[145.76033,-37.53215],[145.76056,-37.53147],[145.75999,-37.53024],[145.76063,-37.52984],[145.76117,-37.52889],[145.76154,-37.52884],[145.76196,-37.52895],[145.76242,-37.5297],[145.76297,-37.52979],[145.76389,-37.52913],[145.7641,-37.52861],[145.76431,-37.52846],[145.76461,-37.52925],[145.76445,-37.52958],[145.76446,-37.53049],[145.76399,-37.53164],[145.76383,-37.53279],[145.76335,-37.53318],[145.76292,-37.53376],[145.76297,-37.53465],[145.76283,-37.53534],[145.7632,-37.53569],[145.76361,-37.53645],[145.7643,-37.53708],[145.76474,-37.53785],[145.7655,-37.53849],[145.76563,-37.53894],[145.7666,-37.5397],[145.76878,-37.54082],[145.76905,-37.54115],[145.76918,-37.54188],[145.76875,-37.54376],[145.76858,-37.544],[145.76772,-37.54444],[145.76686,-37.54442],[145.7658,-37.54417],[145.76524,-37.54446],[145.76488,-37.54472],[145.76422,-37.54556],[145.76406,-37.54646],[145.76359,-37.54715],[145.76315,-37.54742],[145.7624,-37.54825],[145.76123,-37.54873],[145.75941,-37.54803],[145.75868,-37.54723],[145.75799,-37.5462],[145.75634,-37.54594],[145.75486,-37.54601],[145.75421,-37.54582],[145.75263,-37.54452],[145.75187,-37.54407]]]},"properties":{"n":"Keppel Lookout Ride","k":"ride","g":["Horse riding · 16 km return · 4+ hrs · Moderate"],"d":"This is a 16km ride starting out of Andersons Mill which is about 4km from the main Marysville Rd. Andersons Mill has plenty of room for vehicles and floats but will often have other campers there as well. The campsite has 12 horse yards and room for more electric yards. It also has a water trough fed by a spring. The site has toilets and fire pits along with a couple of picnic tables. The ride leaves Andersons Mill and travels via Andersons Mill Road and then via Rons Track and Paradise Plains Road and Keppel Lookout Road to Keppels Lookout. There is plenty of room to tie up horses on the edge of the carpark and a short walk leads to the lookout which offers stunning views over the…","a":"From Marysville take Lyell Street to the south which runs into Paradise Plains road. Head past the Marysville reservoir before reaching Anderson Mill road. Here turn right and continue on for approximately 4km. The Anderson Mill campground is on your left hand side and clearly sign posted. Unload your horse at Anderson Mill to commence your ride.","b":[145.73448,-37.54873,145.76918,-37.52846]}},{"type":"Feature","geometry":{"type":"MultiLineString","coordinates":[[[145.9126,-36.83668],[145.91405,-36.83718],[145.91434,-36.83705],[145.91458,-36.83531],[145.91406,-36.83439],[145.9134,-36.83396],[145.9135,-36.83389],[145.91326,-36.83384],[145.91317,-36.83364],[145.91432,-36.8332],[145.9144,-36.83306],[145.91457,-36.83348],[145.91473,-36.83348],[145.91469,-36.83361],[145.91441,-36.83358]]]},"properties":{"n":"Rocky Ned Falls Walk","k":"walk","g":["Walk · 1.8 km return · 40 min · Grade 3"],"x":"Bushwalking experience recommended","t":"Formed track some obstacles · Short steep hills · Occassional steps · Sign posted","d":"Starting at Rocky Ned day visitor area, this short walk crosses over and then follows Rocky Ned Creek for views of Rocky Ned Falls. Along the way take your time to explore the granite boulder formations and take in the views looking north across the Lima East valley.","a":"You can access the Rocky Ned Falls Walk from the day visitor area and campground. Turn off the Midland Highway onto Lima East Road at Swanpool. Rocky Ned Campground and Day Visitor site is then located about 20 kilometres on the right hand side. 2wd dirt road access.","b":[145.9126,-36.83718,145.91473,-36.83306]}},{"type":"Feature","geometry":{"type":"MultiLineString","coordinates":[[[146.25447,-37.56984],[146.25468,-37.56981],[146.25565,-37.57033],[146.2567,-37.5698],[146.25704,-37.56988],[146.25854,-37.57105],[146.25916,-37.57113],[146.25968,-37.57096],[146.25997,-37.571],[146.26046,-37.57154],[146.26201,-37.57241],[146.26361,-37.57246],[146.26384,-37.5727],[146.26402,-37.57377],[146.26476,-37.57412],[146.26617,-37.57576],[146.26657,-37.57595],[146.26728,-37.57603],[146.26805,-37.5764],[146.26826,-37.57663],[146.2683,-37.57688],[146.2682,-37.57749],[146.26865,-37.57771],[146.2689,-37.57827],[146.27003,-37.57821],[146.27027,-37.57809],[146.27086,-37.57725],[146.27148,-37.577],[146.27199,-37.5771],[146.2723,-37.57737],[146.27244,-37.57853],[146.27265,-37.57866],[146.27446,-37.57847],[146.27481,-37.57876],[146.27473,-37.57931],[146.275,-37.57949]]]},"properties":{"n":"Aberfeldy Backroad Tour - Woods Point to Jamieson - Gooleys Creek","k":"drive","g":["4WD · 5.4 km return · 1–4 hrs · Easy (Green Circle)"],"d":"This drive is suitable for novice drivers in all-wheel drive and high range 4WDs. Heading southeast out of Woods Point down Coster Street, this side trip takes you to the site of Gooleys Creek, once a significant gold mining settlement for the ‘Never Mind’ and ‘Franklin’ gold mines, named after William Gooley, who discovered gold in the creek in 1861. You will also pass by the route cut by McMillans party, to link the gold mining settlements from Omeo to Woods Point and the Jordan. If seeking a campsite, the side trip passes near the Comet Flat Reserve. Looks for the turn-off down Noble Spur Track about 1.2km out of Woods Point.","a":"This side trip is accessed off the main street of Woods Point, heading east on Coster Street, opposite the Woods Point Hotel.","b":[146.25447,-37.57949,146.275,-37.5698]}},{"type":"Feature","geometry":{"type":"MultiLineString","coordinates":[[[147.93796,-37.83317],[147.93865,-37.83308],[147.93932,-37.83343],[147.93989,-37.83348],[147.94029,-37.83335],[147.94159,-37.83382],[147.94281,-37.83396],[147.94349,-37.83385],[147.94416,-37.83411],[147.94569,-37.83402],[147.94659,-37.83431],[147.94704,-37.83408],[147.94728,-37.83418],[147.94764,-37.83404],[147.94784,-37.83444],[147.94897,-37.83487],[147.94893,-37.83517],[147.94909,-37.83533],[147.94926,-37.83619],[147.94953,-37.83678],[147.95032,-37.83732],[147.95084,-37.83751]]]},"properties":{"n":"Reed walking track","k":"walk","g":["Walk · 1.5 km one way · under 1 hr · Grade 2.1"],"x":"Bushwalking experience recommended","t":"Formed track some obstacles · Short steep hills · No steps · Sign posted","a":"Reed walking track links Limestone Box forest walk with Gippsland Lakes Discovery Trail. Starts halfway down Limestone Box forest walk, crosses Armstrong Road and continues generally downhill to the Gippsland Lakes Discovery Trail 100 m up from Scriveners Road.","b":[147.93796,-37.83751,147.95084,-37.83308]}},{"type":"Feature","geometry":{"type":"MultiLineString","coordinates":[[[146.40455,-37.73617],[146.4046,-37.73664],[146.40426,-37.73658],[146.40383,-37.73671],[146.40331,-37.73711],[146.403,-37.73777],[146.40254,-37.73785],[146.40029,-37.73949],[146.39893,-37.74012],[146.39735,-37.7405],[146.39731,-37.74034],[146.3979,-37.73975],[146.39715,-37.73971],[146.39789,-37.7392],[146.39791,-37.73828],[146.39872,-37.73877],[146.39968,-37.7387],[146.40263,-37.73734],[146.40296,-37.7369],[146.40325,-37.73682],[146.40406,-37.73623],[146.40461,-37.73561],[146.40463,-37.73526],[146.40407,-37.73405],[146.40407,-37.73379],[146.4042,-37.73365],[146.40446,-37.73427]]]},"properties":{"n":"Toombon Historic Walk","k":"walk","g":["Walk · 2.5 km return · under 1 hr · Grade 3"],"x":"Bushwalking experience recommended","t":"Formed track some obstacles · Gentle hills · No steps · Limited signage","d":"This walk meanders towards the Aberfeldy river from Donnelly’s Creek Rd, take in views of recovering forest and historic artefacts in the area. At the boiler you can return via the same route or take a slightly steeper return loop by crossing the bridge and following the trail up the southern slope. Toombon was a booming gold mining township in the late 1800s, featuring a population of around 700, a hotel, post office, church and school at its peak. Also present is the 300m deep Toombon Mine, considered to be the most successful in the area. Today, many reminders tell the story of the area's history.","a":"The trail head is found along Donelly’s Creek Rd, accessible from Walhalla Rd directly from the North or via Sullivan’s or Merrington's Trk to the South. Please drive considerately as there is limited parking and walkers using the area.","b":[146.39715,-37.7405,146.40463,-37.73365]}},{"type":"Feature","geometry":{"type":"MultiLineString","coordinates":[[[145.55462,-37.38839],[145.55488,-37.38873],[145.5549,-37.38898],[145.55522,-37.38928],[145.55519,-37.38997],[145.55562,-37.39108],[145.5559,-37.3913],[145.5561,-37.3919],[145.55647,-37.39196],[145.55675,-37.39216],[145.55677,-37.39253],[145.55697,-37.39268],[145.55695,-37.39312],[145.5573,-37.39399],[145.55859,-37.395],[145.55886,-37.39559],[145.55903,-37.39654],[145.55887,-37.39688],[145.55903,-37.39736],[145.55918,-37.39764],[145.55994,-37.39818],[145.56024,-37.39888],[145.56061,-37.3993],[145.56051,-37.39999],[145.56095,-37.40033],[145.56147,-37.40051],[145.56199,-37.40066],[145.56302,-37.40065],[145.56338,-37.40085],[145.56295,-37.40184],[145.5627,-37.4021],[145.56262,-37.40301],[145.56276,-37.40327],[145.56425,-37.40451],[145.56457,-37.40553],[145.56372,-37.40596],[145.56327,-37.40649],[145.56327,-37.40674],[145.5638,-37.40743],[145.56402,-37.40936],[145.56474,-37.41112],[145.5644,-37.41161],[145.56437,-37.41197],[145.56453,-37.41235],[145.56436,-37.41281],[145.56438,-37.4134],[145.56518,-37.41414],[145.56612,-37.4154],[145.56705,-37.41567],[145.56721,-37.41616],[145.56676,-37.4173],[145.56633,-37.41778],[145.56606,-37.41916],[145.56617,-37.42021],[145.56775,-37.42205],[145.56888,-37.42315],[145.56894,-37.42343],[145.56905,-37.42329],[145.56981,-37.42372],[145.56993,-37.42386],[145.56997,-37.42429],[145.57023,-37.42434],[145.57062,-37.42464],[145.57154,-37.42448],[145.57214,-37.42474],[145.57246,-37.42474],[145.57265,-37.42488],[145.57282,-37.42532],[145.57328,-37.42565],[145.57349,-37.42602],[145.57409,-37.42609],[145.57462,-37.42642],[145.57502,-37.42712],[145.57582,-37.42778],[145.57671,-37.42887],[145.57699,-37.42895],[145.57742,-37.4299],[145.57725,-37.43185],[145.57691,-37.43243],[145.57628,-37.43201],[145.576,-37.43207],[145.57583,-37.43229],[145.57535,-37.43202],[145.57505,-37.4324],[145.57481,-37.4325],[145.57315,-37.43245],[145.57283,-37.43254],[145.57266,-37.43281],[145.57267,-37.43312],[145.57345,-37.43373],[145.57434,-37.43481],[145.57471,-37.43491],[145.57604,-37.43583],[145.57609,-37.43609],[145.5766,-37.43675],[145.57711,-37.43712],[145.57757,-37.43722],[145.57817,-37.43774],[145.57823,-37.43817],[145.57811,-37.43866],[145.57828,-37.4392],[145.5788,-37.43977],[145.57866,-37.44043],[145.57891,-37.44134],[145.57959,-37.44216],[145.58021,-37.44256],[145.58176,-37.4427],[145.58222,-37.44293],[145.58342,-37.44378],[145.58413,-37.44456],[145.58474,-37.44475],[145.58507,-37.44525],[145.58485,-37.44573],[145.58482,-37.44644],[145.58434,-37.44664],[145.58426,-37.44682],[145.58437,-37.44702],[145.5852,-37.4471],[145.58533,-37.44731],[145.58536,-37.44781],[145.58504,-37.44858],[145.5854,-37.44914],[145.58541,-37.44971],[145.58561,-37.44994],[145.58559,-37.45021],[145.58531,-37.45055],[145.58484,-37.45072],[145.58459,-37.45096],[145.58379,-37.45229],[145.58317,-37.45276],[145.58307,-37.45325],[145.58284,-37.4534],[145.58241,-37.45339],[145.58065,-37.4531],[145.58018,-37.45287],[145.57896,-37.45283],[145.57753,-37.45393],[145.57571,-37.45489],[145.57553,-37.45542],[145.57506,-37.4555],[145.57425,-37.45529],[145.5728,-37.45709],[145.5725,-37.4577],[145.57282,-37.45823],[145.57286,-37.45906],[145.5725,-37.45958],[145.57224,-37.45953]]]},"properties":{"n":"Murrindindi River Walk","k":"walk","g":["Walk · 11.6 km one way · 3 hrs · Grade 3"],"x":"Bushwalking experience recommended","t":"Formed track some obstacles · Short steep hills · Occasional steps · Sign posted","d":"This spectacular 12km walk starts at the Suspension Bridge and follows the Murrindindi River the entire length of the Reserve before concluding at the Cascades. The trail crosses over five footbridges and offers river views through a variety of forest types from tall open forest to damp ferny gullies. This walk is accessible from most of the Murrindindi picnic and camping sites.","a":"From Melbourne, travel along the Melba Highway to the intersection of Murrindindi Road just before Devlins Bridge. Turn right and drive on for 10km to the Reserve. The Suspension Bridge picnic area is at the Rangers Station and the start of the Murrindindi Walk is at the metal Suspension Bridge over the Murrindindi River. Alternatively continue 9km along Murrindindi Road to the Cascades picnic area and cross the road to the Cascades Walk to access the Murrindindi Walk over the Cascade bridges.","b":[145.55462,-37.45958,145.58561,-37.38839]}},{"type":"Feature","geometry":{"type":"MultiLineString","coordinates":[[[148.0849,-37.70495],[148.08544,-37.70547],[148.08586,-37.70569],[148.08572,-37.70588],[148.08579,-37.70605],[148.08624,-37.70605],[148.08652,-37.70628],[148.08682,-37.70618],[148.08694,-37.70632],[148.08695,-37.70649],[148.0866,-37.70677],[148.08613,-37.70692],[148.08621,-37.70712],[148.08686,-37.7073],[148.0869,-37.70721],[148.08749,-37.70729],[148.0876,-37.70749],[148.0873,-37.70775],[148.0873,-37.70794],[148.08758,-37.7081],[148.088,-37.70796],[148.08838,-37.70856],[148.08915,-37.70897],[148.08972,-37.71008],[148.08957,-37.71022],[148.08927,-37.71021],[148.08902,-37.71002],[148.08883,-37.71014],[148.08887,-37.71044],[148.08945,-37.71116],[148.08949,-37.71143],[148.08931,-37.71157],[148.08932,-37.71176],[148.08962,-37.71191],[148.0901,-37.71158],[148.09072,-37.71154],[148.08982,-37.71231],[148.08989,-37.71246],[148.09028,-37.71238],[148.09022,-37.71268],[148.09042,-37.71273],[148.09007,-37.71305],[148.09022,-37.71314],[148.09017,-37.71324],[148.09068,-37.7132],[148.09115,-37.71286],[148.09132,-37.713],[148.09133,-37.71346],[148.09154,-37.71373],[148.09234,-37.71387],[148.09199,-37.71415],[148.0911,-37.71409],[148.09119,-37.71422],[148.09164,-37.71435],[148.09156,-37.71445],[148.09101,-37.71443],[148.09106,-37.71458],[148.09165,-37.71481],[148.09121,-37.71502],[148.09168,-37.71524],[148.09176,-37.7156],[148.09205,-37.71588],[148.09229,-37.71644],[148.09253,-37.71658],[148.09241,-37.71711],[148.09255,-37.71741],[148.09395,-37.71855],[148.0951,-37.71902],[148.09628,-37.71994],[148.09638,-37.7202],[148.09609,-37.72062],[148.09642,-37.72177],[148.0962,-37.72203]]]},"properties":{"n":"2 Jumping Jackaroo Track","k":"ride","g":["Mountain bike · 5.2 km one way · under 1 hr · Difficult"],"d":"This is a descending cross-country track with a few berms, and earth and log jumps. The track travels through open forest and finishes at the carpark trailhead. A cross-country descending trail at Nowa Nowa MTB Park.","a":"Nowa Nowa MTB Park is located on the Nowa Nowa - Buchan Rd, approx. 1.5 km from Nowa Nowa township.","b":[148.0849,-37.72203,148.09642,-37.70495]}},{"type":"Feature","geometry":{"type":"MultiLineString","coordinates":[[[147.07561,-37.85533],[147.07561,-37.85533]]]},"properties":{"n":"Red Gums Walk North Block","k":"walk","g":["Walk · 2.9 km return · 1 hr · Grade 2.2"],"x":"No experience required","t":"Well formed track · Gentle hills · Limited signage","d":"The North Red Gums Walk is a largely flat open walk which provides a good idea of the vegetation which once covered the landscape in this district. Larger specimens of E. tereticornis can be found at the Northern end of the walk near the Recreation Reserve.","a":"The Briagolong Red Gum Reserve is located just South of the township of Briagolong on the East side of the Briagolong Road. A picnic area with information shelter is located on the North side of O’Connor Road which cuts through the centre of the reserve.","b":[147.07561,-37.85533,147.07561,-37.85533]}},{"type":"Feature","geometry":{"type":"MultiLineString","coordinates":[[[148.0707,-37.74834],[148.07041,-37.74819],[148.07026,-37.74788],[148.06871,-37.74766],[148.06725,-37.74782],[148.06556,-37.74721],[148.06547,-37.74693],[148.06584,-37.74525],[148.06636,-37.744],[148.06615,-37.74336],[148.06561,-37.74239],[148.06225,-37.74345],[148.06203,-37.74342],[148.06179,-37.74315]]]},"properties":{"n":"Nowa Nowa Walk Banksia Boulevard","k":"ride","g":["Mountain bike · 1.5 km return · under 1 hr · Easy with Intermediate Sections","Walk · 1.5 km return · under 1 hr · Grade 3"],"x":"No experience required","t":"Formed track some obstacles · Gentle hills · No steps · Sign posted","d":"A walking track in typical lowland forest between the East Gippsland Rail Trail and the Princes Hwy. This track is part of a greater loop encompassing the Nowa Nowa Arm foreshore and Lake Tyers State Park.","a":"The track can be accessed from the Rail Trail heading west out of the Nowa Nowa township, or alternatively from Old Colquhoun Road.","b":[148.06179,-37.74834,148.0707,-37.74239]}},{"type":"Feature","geometry":{"type":"MultiLineString","coordinates":[[[147.56302,-37.70306],[147.56238,-37.70227],[147.56155,-37.70162],[147.56163,-37.70082],[147.56183,-37.70051],[147.56204,-37.70102],[147.56218,-37.7007],[147.56232,-37.70093],[147.56246,-37.70087],[147.56256,-37.70039],[147.56273,-37.70025],[147.56286,-37.70054],[147.56308,-37.70036],[147.56324,-37.70074],[147.56389,-37.70079],[147.56394,-37.70047],[147.56419,-37.70029],[147.56415,-37.70007],[147.56462,-37.70002],[147.56549,-37.69946],[147.56566,-37.69917],[147.56604,-37.69889],[147.56639,-37.69886],[147.56656,-37.69867],[147.56683,-37.69863],[147.56689,-37.69851],[147.56676,-37.69836],[147.56745,-37.69833],[147.56744,-37.6981],[147.56785,-37.6981],[147.56898,-37.6969],[147.56954,-37.69665],[147.57026,-37.69685],[147.57098,-37.69777],[147.57168,-37.69802],[147.57201,-37.69801],[147.57178,-37.69833],[147.57152,-37.69832],[147.57175,-37.69844],[147.57223,-37.69839],[147.57188,-37.6987],[147.57215,-37.69885],[147.57221,-37.69914],[147.57257,-37.69958],[147.57423,-37.7004],[147.5752,-37.70011],[147.57559,-37.70078],[147.57649,-37.70133],[147.57721,-37.70214],[147.57768,-37.70249],[147.57878,-37.7026],[147.57957,-37.70251],[147.5807,-37.70214],[147.58133,-37.70211],[147.58203,-37.7023],[147.58233,-37.70289],[147.5828,-37.70269],[147.58295,-37.70278],[147.5828,-37.70292]]]},"properties":{"n":"Tip Top Run","k":"ride","g":["Mountain bike · 3.4 km one way · under 1 hr · Intermediate"],"a":"From the Shuttle drop off point, take the track across the road and shortly after, bear left onto the link track to the gravity trails. This link track takes you to the start of Tip Top Run","b":[147.56155,-37.70306,147.58295,-37.69665]}},{"type":"Feature","geometry":{"type":"MultiLineString","coordinates":[[[148.11378,-37.24253],[148.11419,-37.24264],[148.11497,-37.24255],[148.11521,-37.24238],[148.11557,-37.24171],[148.11691,-37.2419],[148.11813,-37.2414],[148.11937,-37.24027],[148.12097,-37.23848],[148.12171,-37.23809],[148.12357,-37.23815],[148.12477,-37.23752],[148.12562,-37.23786],[148.12626,-37.2379],[148.12658,-37.23769],[148.12655,-37.23755],[148.12612,-37.23731],[148.12603,-37.23692],[148.1264,-37.23675],[148.12722,-37.23675]]]},"properties":{"n":"High Country Backroad Tour - Timbarra Loop - Mt Stewart Track","k":"drive","g":["4WD · 3 km return · 1–4 hrs · Difficult (Black Diamond)"],"d":"For 4WDs and drivers with reasonable 4WD experience or 4WD training. This side trip heads up a granite hill to the peak of Mt Stewart, overlooking the clearing at Glenmore in the Buchan River Valley. The 340 hectare Mount Stewart Natural Features and Scenic Reserve carries heathlands growing on shallow rocky soil and includes waterfalls on the Mellick Munjie Creek. The Buchan Valley is home to the Krauatungalung clan of the Gunaikurnai people and holds great culture significance as a traditional meetings place during seasonal migrations.","a":"At the Glenmore Road/Mt Stewart Track intersection, head up Mt Stewart Track for 1.5km to Mt Stewart summit.","b":[148.11378,-37.24264,148.12722,-37.23675]}},{"type":"Feature","geometry":{"type":"MultiLineString","coordinates":[[[145.69247,-37.41709],[145.69248,-37.41738],[145.69282,-37.41803],[145.6932,-37.41806],[145.69394,-37.41788],[145.69349,-37.41778],[145.69386,-37.41772],[145.6944,-37.41735],[145.69454,-37.41679],[145.69448,-37.41659],[145.69441,-37.41676],[145.69438,-37.41654],[145.69448,-37.4163],[145.69538,-37.41551],[145.69509,-37.41561],[145.69514,-37.41535],[145.69494,-37.4155],[145.69482,-37.41518],[145.69547,-37.41533],[145.6956,-37.41523],[145.69543,-37.41508],[145.69574,-37.41512],[145.69593,-37.41528],[145.69586,-37.4155],[145.69619,-37.41528],[145.69591,-37.4158],[145.69501,-37.41645],[145.69489,-37.41671],[145.69489,-37.41739],[145.69472,-37.4177],[145.69397,-37.41823],[145.69301,-37.41827],[145.69304,-37.41836]]]},"properties":{"n":"Cathedral","k":"ride","g":["Mountain bike · 1.6 km one way · Difficult"],"d":"This trail starts with a long climb (Cathedral Climb) to the lookout, utilising numerous climbing switchbacks. It then heads down the hill (Buxton BOM) and the real fun begins with tight berms and lots of jumps. BEWARE of the gap jumps and don’t let your ambition get confused with your ability. Keep your speed in check. This trail rejoins Acheron Ridge just before the carpark.","b":[145.69247,-37.41836,145.69619,-37.41508]}},{"type":"Feature","geometry":{"type":"MultiLineString","coordinates":[[[146.17686,-37.82404],[146.1773,-37.82387],[146.17755,-37.82343],[146.17747,-37.82272],[146.17702,-37.82204],[146.17563,-37.82129],[146.17548,-37.82108],[146.17544,-37.82054],[146.17378,-37.81861],[146.17361,-37.81817],[146.17384,-37.817],[146.17453,-37.8152],[146.17501,-37.81453],[146.17479,-37.81406],[146.17502,-37.81369],[146.17516,-37.81293],[146.17539,-37.8127],[146.17694,-37.81206],[146.17769,-37.81159],[146.17751,-37.81109],[146.17759,-37.81054],[146.17713,-37.81047],[146.17596,-37.81092],[146.17371,-37.81091],[146.17341,-37.81073],[146.17284,-37.81009],[146.1728,-37.80989],[146.1738,-37.80875],[146.17415,-37.80811],[146.17434,-37.80734],[146.17508,-37.80649],[146.17508,-37.80613],[146.17474,-37.80594],[146.17249,-37.80672],[146.17211,-37.80653],[146.17166,-37.80548],[146.17176,-37.80434],[146.17236,-37.80358],[146.17238,-37.80329],[146.17279,-37.8026],[146.17403,-37.80158],[146.17427,-37.80116],[146.17427,-37.80072],[146.17536,-37.80004],[146.17638,-37.79983],[146.17746,-37.7999],[146.18068,-37.80058],[146.18146,-37.80061],[146.18214,-37.8009],[146.18294,-37.80077],[146.18444,-37.80107],[146.1851,-37.8008],[146.18518,-37.80002],[146.18599,-37.79988],[146.18656,-37.80018],[146.18724,-37.80013],[146.18741,-37.79992],[146.18853,-37.79951],[146.18884,-37.79901],[146.18883,-37.79861],[146.18901,-37.79833],[146.19022,-37.79821],[146.19144,-37.79863],[146.19277,-37.79858],[146.19347,-37.79882],[146.1941,-37.79887],[146.19567,-37.79865],[146.19661,-37.79866],[146.19938,-37.79928],[146.20155,-37.7995],[146.20201,-37.79943]]]},"properties":{"n":"Tanjil Bren Tramway Walk","k":"walk","g":["Walk · 12 km return · 1–4 hrs · Grade 4"],"x":"Experienced bushwalkers","t":"Formed track · Gentle hills · No steps · No directional signage","d":"This 12km walk will take you on an old tramway through the towering mountain ash forest. The trail will take you to the West Tanjil River and the Tramway Falls rapids. The return walk may take 2-4 hours and dogs are allowed on the trail. The trail may be subject to snow cover over the winter months. This walk follows the old tramway lines through Antarctic Beech and Mountain Ash forest, meandering down to the West Tanjil River and Tramway Falls rapids.","a":"Access via Saxtons Rd Tanjil Bren, just off the Mt Baw Baw Tourist Rd.","b":[146.17166,-37.82404,146.20201,-37.79821]}},{"type":"Feature","geometry":{"type":"MultiLineString","coordinates":[[[147.56442,-37.70301],[147.56418,-37.70326],[147.56359,-37.70332],[147.56302,-37.70306]]]},"properties":{"n":"Link track to gravity trails","k":"ride","g":["Mountain bike · 0.15 km one way · under 1 hr · Easy"],"d":"This easy 150m track will connect you to Tip Top Run.","a":"From the shuttle drop off point, take the track across the road and shortly after, bear left. You are now on the link track which connects you to Tip Tp Run.","b":[147.56302,-37.70332,147.56442,-37.70301]}},{"type":"Feature","geometry":{"type":"MultiLineString","coordinates":[[[145.69531,-37.41929],[145.69499,-37.41897],[145.69425,-37.4194],[145.6936,-37.41902],[145.69355,-37.41925],[145.69393,-37.41934],[145.69338,-37.4195],[145.69258,-37.41927],[145.69232,-37.41897],[145.69187,-37.41898],[145.69154,-37.41875],[145.69084,-37.41859],[145.69057,-37.41827],[145.69034,-37.41824],[145.69016,-37.41803],[145.69016,-37.41783],[145.68984,-37.41755],[145.68931,-37.41774],[145.68881,-37.4174],[145.6886,-37.41707],[145.68822,-37.41693],[145.6875,-37.41617],[145.68777,-37.41568],[145.68662,-37.41533],[145.6863,-37.41553],[145.68619,-37.41549],[145.68642,-37.41517],[145.68678,-37.41508],[145.68676,-37.41454],[145.68583,-37.41434],[145.6861,-37.41458],[145.68601,-37.41501],[145.68586,-37.4151],[145.68548,-37.41444],[145.68517,-37.41428],[145.68512,-37.41411],[145.68476,-37.41421],[145.68464,-37.41411],[145.68486,-37.41406],[145.68479,-37.41387],[145.68434,-37.41396],[145.68388,-37.41364],[145.6839,-37.4135],[145.68437,-37.41375],[145.68445,-37.41362],[145.68468,-37.41376],[145.68481,-37.41336],[145.68411,-37.41319],[145.68463,-37.41307],[145.68533,-37.41343],[145.6853,-37.41365],[145.68544,-37.41374],[145.68606,-37.41388],[145.68643,-37.41383],[145.68643,-37.41358],[145.68607,-37.41306],[145.68618,-37.41269],[145.68662,-37.41262],[145.68623,-37.41198],[145.6866,-37.41124],[145.68652,-37.41111],[145.68673,-37.41065],[145.68617,-37.41102],[145.68599,-37.41102],[145.68625,-37.41111],[145.68629,-37.41129],[145.68602,-37.41119],[145.68535,-37.4114],[145.68549,-37.41157],[145.68562,-37.41144],[145.68594,-37.41151],[145.68605,-37.41136],[145.68609,-37.41152],[145.68586,-37.41165],[145.68583,-37.4118],[145.68602,-37.41185],[145.68612,-37.41164],[145.68619,-37.41168],[145.68607,-37.41201],[145.68539,-37.41198],[145.68528,-37.41175],[145.68524,-37.41199],[145.68543,-37.41238],[145.68537,-37.41275],[145.68514,-37.41278],[145.6851,-37.4123],[145.68495,-37.41205],[145.68506,-37.41177],[145.68499,-37.41136],[145.68547,-37.4111],[145.68535,-37.41094],[145.6854,-37.41076],[145.68521,-37.41074],[145.68512,-37.41045],[145.68493,-37.4107],[145.68473,-37.41064],[145.68469,-37.4104],[145.68402,-37.40989],[145.6844,-37.40981],[145.68428,-37.40958],[145.68378,-37.40926],[145.6837,-37.40932],[145.68389,-37.40953],[145.68357,-37.4094],[145.68318,-37.40901],[145.68309,-37.40863],[145.68302,-37.40888],[145.68293,-37.40885],[145.68286,-37.40836],[145.6832,-37.40788],[145.68306,-37.4078],[145.68284,-37.40802],[145.68292,-37.40771],[145.68312,-37.40768],[145.68364,-37.40821],[145.68387,-37.40812],[145.68366,-37.40792],[145.68379,-37.4078],[145.68363,-37.40777],[145.68378,-37.40764],[145.68275,-37.40694],[145.68285,-37.40652],[145.68301,-37.40651],[145.68312,-37.40681],[145.68341,-37.40673],[145.68338,-37.40693],[145.6837,-37.40718],[145.68376,-37.40692],[145.68352,-37.40662],[145.68394,-37.40644],[145.68419,-37.40608],[145.68456,-37.40603],[145.68414,-37.40636],[145.68393,-37.40682],[145.68424,-37.40665],[145.68439,-37.40633],[145.68476,-37.40624],[145.68561,-37.40657],[145.68625,-37.40659],[145.6866,-37.40687],[145.68659,-37.407],[145.68635,-37.40701],[145.68552,-37.40672],[145.68483,-37.40664],[145.68482,-37.40674],[145.68505,-37.4067],[145.68591,-37.40699],[145.68561,-37.40708],[145.68498,-37.40679],[145.68494,-37.40709],[145.68527,-37.40731],[145.68616,-37.40701],[145.68677,-37.40726],[145.68685,-37.40716],[145.68801,-37.40712],[145.6877,-37.40726],[145.68711,-37.40721],[145.68704,-37.40743],[145.68801,-37.40751],[145.68818,-37.40774],[145.68814,-37.40793],[145.68782,-37.40767],[145.68776,-37.40781],[145.68804,-37.40807],[145.68829,-37.40803],[145.68821,-37.40818],[145.68779,-37.40832],[145.68828,-37.40855],[145.68875,-37.40858],[145.6887,-37.40884],[145.68888,-37.40905],[145.68865,-37.40926],[145.68844,-37.41054],[145.68859,-37.41043],[145.68868,-37.40962],[145.68883,-37.40942],[145.68904,-37.40942],[145.68971,-37.41006],[145.68915,-37.40968],[145.68892,-37.40987],[145.68894,-37.41006],[145.68902,-37.41013],[145.68904,-37.40986],[145.68915,-37.40981],[145.68938,-37.41044],[145.68962,-37.41061],[145.68954,-37.41088],[145.69035,-37.41156],[145.69034,-37.41178],[145.68993,-37.41182],[145.68993,-37.41195],[145.69053,-37.41182],[145.69078,-37.41155],[145.69074,-37.41133],[145.69097,-37.41121],[145.69146,-37.41128],[145.69269,-37.41197],[145.69272,-37.41217],[145.69245,-37.41247],[145.69269,-37.41271],[145.69259,-37.41304],[145.69292,-37.4134],[145.69292,-37.41368],[145.69318,-37.41378],[145.69362,-37.41446],[145.6947,-37.4153],[145.6945,-37.41543],[145.69415,-37.41522],[145.69452,-37.41579],[145.6944,-37.41581],[145.69445,-37.41594],[145.69413,-37.416],[145.69423,-37.41632],[145.69402,-37.41658],[145.69422,-37.4167],[145.69404,-37.4169],[145.6942,-37.41706],[145.6941,-37.41715],[145.69391,-37.41707],[145.69405,-37.41731],[145.69374,-37.41748],[145.69357,-37.41741],[145.69372,-37.41698],[145.69364,-37.41554],[145.69298,-37.41467],[145.69273,-37.41463],[145.69268,-37.41495],[145.6925,-37.41517],[145.69192,-37.4153],[145.69125,-37.41575],[145.69135,-37.41542],[145.69182,-37.41488],[145.69209,-37.41484],[145.69202,-37.41448],[145.69233,-37.41433],[145.69239,-37.41414],[145.69234,-37.41352],[145.69153,-37.41207],[145.69121,-37.41184],[145.69112,-37.41198],[145.69133,-37.41202],[145.69118,-37.41217],[145.69134,-37.41217],[145.69109,-37.41239],[145.69133,-37.41238],[145.69112,-37.41256],[145.6913,-37.41263],[145.69103,-37.41275],[145.69094,-37.41298],[145.6912,-37.413],[145.69125,-37.41311],[145.69105,-37.41318],[145.69116,-37.41333],[145.6909,-37.41351],[145.69116,-37.41386],[145.69061,-37.41404],[145.69065,-37.41447],[145.69036,-37.41476],[145.68997,-37.41481],[145.68991,-37.41521],[145.68947,-37.41527],[145.68948,-37.4156],[145.68922,-37.41555],[145.68932,-37.41579],[145.68885,-37.41588],[145.68875,-37.41633],[145.68883,-37.41654],[145.68902,-37.41661],[145.6891,-37.41632],[145.68944,-37.41614],[145.68955,-37.4164],[145.69067,-37.41715],[145.69091,-37.41715],[145.69126,-37.417],[145.69142,-37.41668],[145.69186,-37.4166],[145.69241,-37.41606],[145.69297,-37.4158],[145.69305,-37.41589],[145.69276,-37.416],[145.69276,-37.41625],[145.69218,-37.41667],[145.69247,-37.41709],[145.6921,-37.41695],[145.69182,-37.41708],[145.69215,-37.41722],[145.69189,-37.41735],[145.69234,-37.4181],[145.69312,-37.41839],[145.69425,-37.4184],[145.69502,-37.41797],[145.69547,-37.41745],[145.6955,-37.41768],[145.69538,-37.41781],[145.6956,-37.41772],[145.69544,-37.41794],[145.69561,-37.41798],[145.69515,-37.41838],[145.69565,-37.41819],[145.69519,-37.41883],[145.69534,-37.41884],[145.69549,-37.41908]]]},"properties":{"n":"Acheron Ridge","k":"ride","g":["Mountain bike · 13.3 km return · 1–4 hrs · Intermediate"],"d":"This is the longest trail in the Buxton betwork, starting at the car park, and is filled with jumps, berms, log drops and loads of exhilarating fast singletrack. It includes the famous spider gully, which starts with a series of tight corners weaving through tall tree ferns before opening out and increasing in speed as it descends. This trail finishes back at the car park.","b":[145.68275,-37.4195,145.69565,-37.40603]}},{"type":"Feature","geometry":{"type":"MultiLineString","coordinates":[[[145.98084,-37.90128],[145.98184,-37.90097],[145.98478,-37.90042],[145.98531,-37.90002],[145.98587,-37.89923],[145.98649,-37.89875],[145.9882,-37.89801],[145.98972,-37.89701],[145.99113,-37.89639],[145.99368,-37.89473],[145.99518,-37.89358],[145.99596,-37.89355],[145.99812,-37.89396],[146.00074,-37.89494],[146.00316,-37.89568],[146.00802,-37.89622]]]},"properties":{"n":"Noojee Rail Trail","k":"ride","g":["Horse riding · 3 km return · under 1 hr · Basic","Walk · 6 km return · 1.5 hrs · Grade 2.1"],"x":"No experience required","t":"Well formed track · Flat · No steps · Sign posted","d":"This early 1900s railway line was built to carry timber from mills in the surrounding forest. Of the seven original bridges, only the Noojee trestle bridge remains. At 102m long and 21m high it is the tallest wooden trestle bridge in Victoria. The walk takes you to the top of the bridge providing elevated views of the tall forest as you walk across the historic wooden bridge high above the gully. A must do for those who enjoy the thrill of being up high! This short ride begins at the eastern end of Noojee, at the Noojee Trestle Bridge Rail Trail trailhead where there is parking and public toilets. The trail follows the alignment of the early 1900s railway line which was built to carry…","a":"Access via School Rd in Noojee to begin at the eastern end or via the Trestle Bridge off the Mt Baw Baw Tourist Rd to the West of Noojee.","b":[145.98084,-37.90128,146.00802,-37.89355]}},{"type":"Feature","geometry":{"type":"MultiLineString","coordinates":[[[146.5329,-37.10816],[146.5327,-37.10808],[146.53141,-37.10825],[146.53129,-37.10807],[146.53154,-37.10762],[146.53315,-37.10692],[146.53416,-37.10679],[146.53572,-37.10642],[146.53586,-37.10629],[146.53585,-37.10593],[146.53564,-37.10583],[146.53561,-37.10563],[146.53487,-37.10515],[146.53424,-37.10453],[146.53367,-37.10312],[146.53391,-37.10248],[146.53386,-37.10187],[146.53374,-37.10169],[146.53384,-37.10164],[146.53364,-37.10142],[146.53388,-37.10125],[146.53374,-37.10113],[146.53371,-37.10049],[146.53403,-37.09995],[146.53406,-37.0991],[146.53456,-37.09833],[146.5343,-37.09782]]]},"properties":{"n":"Craigs Hut Walking Track","k":"walk","g":["Walk · 3 km return · 2 hrs · Grade 4"],"x":"Bushwalking experience recommended","t":"Formed track some obstacles · Very steep · Occasional steps · Sign posted","d":"A 3 km stunning walk amongst the low snow gums with views across the surrounding alpine valleys, leading up to the historical Craigs hut. It is a well formed track with some short steep sections. A good way to visit Craigs Hut if you want to stretch your legs or for those in 2WD vehicles.","a":"From Mansfield follow the Mt. Buller Rd to Mirimbah. Turn left onto Mt. Stirling Rd and follow to Telephone Box Junction (T.B.J). From here, The Circuit Road can be driven in either direction. Follow Circuit Road 17kms from T.B.J in a clockwise direction, or 29kms in an anti-clockwise direction. The drive is normally accessible to all vehicles, but can have rough sections. The Circuit Road is seasonally closed at T.B.J from the Friday before the Queen's Birthday weekend until the Thursday before the Melbourne Cup Weekend.","b":[146.53129,-37.10825,146.53586,-37.09782]}},{"type":"Feature","geometry":{"type":"MultiLineString","coordinates":[[[146.80866,-37.84198],[146.80961,-37.84244],[146.81065,-37.84355],[146.81076,-37.84399],[146.81119,-37.84436],[146.8113,-37.844],[146.81191,-37.84388],[146.81237,-37.84399],[146.81444,-37.84352],[146.81487,-37.84376],[146.81508,-37.84363],[146.81571,-37.84376],[146.81627,-37.84353],[146.8166,-37.84358],[146.81677,-37.84331],[146.81701,-37.84325],[146.81694,-37.84341],[146.81704,-37.84341],[146.81768,-37.84297],[146.81794,-37.84293],[146.81899,-37.84223],[146.82003,-37.84114],[146.82035,-37.8411],[146.82074,-37.84033],[146.82071,-37.83959],[146.8217,-37.839],[146.82272,-37.83884],[146.82397,-37.83827],[146.82531,-37.83791],[146.82606,-37.83797],[146.82784,-37.83772],[146.82851,-37.8375],[146.83009,-37.83776],[146.83051,-37.838],[146.83155,-37.8381],[146.83334,-37.83727],[146.83509,-37.83674],[146.83623,-37.83612],[146.83985,-37.83568],[146.84041,-37.83503],[146.84046,-37.83448],[146.84115,-37.83333],[146.84264,-37.83295],[146.84411,-37.83232],[146.84403,-37.83207],[146.84366,-37.83181],[146.84372,-37.83141],[146.84356,-37.83099],[146.84358,-37.83069],[146.84312,-37.83037],[146.84321,-37.83006],[146.84374,-37.82968],[146.84388,-37.8299],[146.84416,-37.8299],[146.8447,-37.82932],[146.84532,-37.82898],[146.84555,-37.82911]]]},"properties":{"n":"Mount Hedrick Walking Track","k":"walk","g":["Walk · 4.6 km one way · 2 hrs · Grade 4"],"x":"Experienced bushwalkers","t":"Formed track some obstacles · Short steep hills · Limited signage","d":"Mt Hedrick Walking Track is a scenic walk which predominantly follows a ridgeline from Mt Hedrick to Huggetts Lookout. Stunning views are available to the North with unique rocky outcrops and boulders providing an insight into the geology of the Avon - Mt Hedrick Natural Features and Scenic Reserve. Caution should be taken in these sections especially in wet conditions. It is also recommended that those completing a return walk would follow the same route along the ridgeline from Huggetts Lookout to Mt Hedrick carpark. A grade 4 walking track that climbs Mount Hedrick and crosses to the Huggetts lookout.","a":"From the township of Heyfield take Weir Rd North for 10km and turn Right onto Lanigan Rd. Turn Left off Lanigan Rd onto Millers Rd and follow for 7.5km. At Bulldog Junction turn right and continue on Huggetts Rd until you reach the Mt Hedrick Picnic Area. The Walking track begins on the East side of the road. The opposite end of the track can be accessed from Newry via Three Chain Rd and then Kentucky Rd. Turn left onto Huggett’s Track and after around 1.5km the walking track takes off from the left from Huggett's Lookout.","b":[146.80866,-37.84436,146.84555,-37.82898]}},{"type":"Feature","geometry":{"type":"MultiLineString","coordinates":[[[148.0962,-37.72203],[148.0966,-37.72222],[148.09765,-37.7202],[148.0976,-37.71991],[148.09727,-37.7196],[148.09719,-37.71926],[148.0962,-37.71863],[148.09521,-37.7182],[148.0952,-37.71776],[148.09489,-37.71769],[148.09489,-37.71729],[148.09448,-37.71674],[148.0935,-37.71626],[148.09356,-37.71549],[148.09293,-37.71487],[148.09312,-37.71444],[148.09299,-37.71431],[148.09309,-37.71404],[148.0928,-37.71382],[148.09288,-37.7136],[148.09237,-37.71301],[148.09145,-37.71149],[148.09075,-37.71101],[148.08988,-37.7092],[148.08991,-37.70896],[148.08967,-37.70838],[148.08998,-37.7078],[148.08981,-37.70695],[148.08954,-37.70642],[148.08893,-37.70601],[148.08868,-37.70561],[148.08837,-37.70544],[148.08832,-37.70513],[148.08787,-37.70495],[148.0876,-37.70455],[148.08569,-37.70407],[148.08581,-37.70389],[148.08658,-37.70363],[148.08667,-37.7034],[148.08703,-37.70323],[148.08784,-37.70303],[148.08772,-37.70293],[148.08789,-37.70277],[148.0877,-37.70267],[148.08828,-37.70246],[148.08846,-37.7022],[148.08708,-37.70262],[148.08758,-37.70292],[148.0873,-37.70298],[148.08739,-37.70308],[148.08611,-37.70322],[148.08641,-37.70343],[148.08541,-37.7037],[148.08545,-37.70393],[148.08516,-37.704],[148.08506,-37.70426],[148.08519,-37.70441],[148.0849,-37.70447],[148.08549,-37.70477]]]},"properties":{"n":"5 Wallaby Ramble","k":"ride","g":["Mountain bike · 4.8 km one way · under 1 hr · Intermediate"],"d":"This track starts a bit higher than the other tracks and makes a fast descent crossing track 3 and ending at the carpark trailhead.","a":"Nowa Nowa MTB Park is located on the Nowa Nowa - Buchan Rd, approx. 1.5 km from Nowa Nowa township.","b":[148.0849,-37.72222,148.09765,-37.7022]}},{"type":"Feature","geometry":{"type":"MultiLineString","coordinates":[[[147.25101,-37.46191],[147.25037,-37.46365],[147.25035,-37.46429],[147.25164,-37.46608],[147.25365,-37.46734],[147.25434,-37.46852],[147.25363,-37.47217],[147.25527,-37.47257],[147.25702,-37.47416],[147.25775,-37.47465],[147.25835,-37.47476],[147.25911,-37.47461],[147.25919,-37.47486],[147.25863,-37.47579],[147.25873,-37.47604],[147.26196,-37.47642],[147.26337,-37.47698],[147.26412,-37.47758],[147.26483,-37.47875],[147.26655,-37.47969],[147.26744,-37.48037],[147.26862,-37.4809],[147.26881,-37.48112],[147.26884,-37.48143],[147.26862,-37.48213],[147.26807,-37.48306],[147.26771,-37.48424],[147.26761,-37.48513],[147.26825,-37.48575],[147.2691,-37.48608],[147.27163,-37.48597],[147.27203,-37.48611],[147.27216,-37.48631],[147.27219,-37.48658],[147.27201,-37.4868],[147.26882,-37.48865],[147.26749,-37.48914],[147.26716,-37.4896],[147.26714,-37.49149],[147.26734,-37.49223],[147.26759,-37.49242],[147.26839,-37.49257],[147.27082,-37.49153],[147.27153,-37.49138],[147.27193,-37.49148],[147.2721,-37.49214],[147.27205,-37.49236],[147.27159,-37.49272],[147.2693,-37.49407],[147.26731,-37.49567],[147.26695,-37.49636],[147.26718,-37.49687],[147.26765,-37.49743],[147.26877,-37.49773],[147.26911,-37.49773],[147.27236,-37.49683],[147.27309,-37.49683],[147.27537,-37.49781],[147.27618,-37.49836],[147.27673,-37.49905],[147.27684,-37.49935],[147.27674,-37.49984],[147.27593,-37.50086],[147.27469,-37.50164],[147.27314,-37.5022],[147.27269,-37.50254],[147.2726,-37.50279],[147.27492,-37.50493],[147.27686,-37.50644],[147.27775,-37.50737],[147.27789,-37.50785],[147.27787,-37.50839],[147.27668,-37.51135],[147.27683,-37.51191],[147.27723,-37.51223],[147.27755,-37.51231],[147.27868,-37.51205],[147.2795,-37.51157],[147.2807,-37.51032],[147.28134,-37.50995],[147.28241,-37.5098],[147.28346,-37.51008],[147.28384,-37.5106],[147.28376,-37.51116],[147.28229,-37.51307],[147.28157,-37.51537],[147.28253,-37.51589],[147.28369,-37.51571],[147.28497,-37.5144],[147.28526,-37.51424],[147.28858,-37.51369],[147.29,-37.51332],[147.29113,-37.51343],[147.29094,-37.51463],[147.29112,-37.51496],[147.29314,-37.51562],[147.29403,-37.51614],[147.29416,-37.51633],[147.29383,-37.51676],[147.2935,-37.51805],[147.29287,-37.51867],[147.29212,-37.51903],[147.29178,-37.51954],[147.29172,-37.52137],[147.29187,-37.52124],[147.29209,-37.52041],[147.29229,-37.52009],[147.29256,-37.52002],[147.29345,-37.52022],[147.29373,-37.52013],[147.29422,-37.51957],[147.29782,-37.51733],[147.30031,-37.51646],[147.30256,-37.51642],[147.30474,-37.51577],[147.30563,-37.51573],[147.30678,-37.51531],[147.30706,-37.5154],[147.30843,-37.51646],[147.30908,-37.51678],[147.30994,-37.51685],[147.31043,-37.51663],[147.31161,-37.51513],[147.31223,-37.51336],[147.31364,-37.51188],[147.31402,-37.51113],[147.31528,-37.51048],[147.31591,-37.50992],[147.31605,-37.50935],[147.31592,-37.50897],[147.31599,-37.50846],[147.31637,-37.50809],[147.31752,-37.50743],[147.31742,-37.50701],[147.31692,-37.50632],[147.31692,-37.50568],[147.31673,-37.50502],[147.31587,-37.50382],[147.31589,-37.50281],[147.31744,-37.50172],[147.31858,-37.50037],[147.31953,-37.49967],[147.31967,-37.49931],[147.31964,-37.49892],[147.3192,-37.4977],[147.31928,-37.49696],[147.32002,-37.49651],[147.32208,-37.49576],[147.3223,-37.49543],[147.32252,-37.49454],[147.32253,-37.49362],[147.32226,-37.49282],[147.32184,-37.49212],[147.32087,-37.49103],[147.32008,-37.48975],[147.32004,-37.48933],[147.32026,-37.48816],[147.32275,-37.48587],[147.32313,-37.48464],[147.3243,-37.48355],[147.32514,-37.48253],[147.32606,-37.48205],[147.32607,-37.48171],[147.3258,-37.48123],[147.32588,-37.48053],[147.3261,-37.4801],[147.32653,-37.47975],[147.32812,-37.4789],[147.32831,-37.47862],[147.32802,-37.47692],[147.32828,-37.47549],[147.32714,-37.47447],[147.32663,-37.47346],[147.32636,-37.47253],[147.32629,-37.47167],[147.32555,-37.46911],[147.32554,-37.46848],[147.32462,-37.4673],[147.3234,-37.46665],[147.32149,-37.46508],[147.32061,-37.46451],[147.32019,-37.46358],[147.32014,-37.46305],[147.3205,-37.46216],[147.32189,-37.46101],[147.32213,-37.46053],[147.32212,-37.45905],[147.32227,-37.45825],[147.32154,-37.45694],[147.32154,-37.45667],[147.32281,-37.45585],[147.32406,-37.45484],[147.32453,-37.45347],[147.32483,-37.45331],[147.32495,-37.45306],[147.32492,-37.45274],[147.32621,-37.45343],[147.32758,-37.45359],[147.32889,-37.4541],[147.33147,-37.45608],[147.33287,-37.4565],[147.33473,-37.45766],[147.33594,-37.45796],[147.33761,-37.4575],[147.33853,-37.45765],[147.33913,-37.45856],[147.34099,-37.46013],[147.34114,-37.46041],[147.34276,-37.46145],[147.34319,-37.46226],[147.3435,-37.46256],[147.34441,-37.46315],[147.34558,-37.46424],[147.34648,-37.46487],[147.34677,-37.46559],[147.34649,-37.46614],[147.34658,-37.4664],[147.34773,-37.46657],[147.34903,-37.46785],[147.35028,-37.46822],[147.35059,-37.46882],[147.35066,-37.46951],[147.35085,-37.46995],[147.35277,-37.47166],[147.3539,-37.47291],[147.35375,-37.47597],[147.35317,-37.47766],[147.35317,-37.47832],[147.35328,-37.47862],[147.35465,-37.47958],[147.35614,-37.4802],[147.35749,-37.48201],[147.35792,-37.48241],[147.36045,-37.48295],[147.36068,-37.48325],[147.36067,-37.48444],[147.36089,-37.48497],[147.36153,-37.48491],[147.36194,-37.48519],[147.36215,-37.48515],[147.36291,-37.48447],[147.36462,-37.48389],[147.36583,-37.48393],[147.36709,-37.48434],[147.36798,-37.4854],[147.3686,-37.48725],[147.36882,-37.48752],[147.36877,-37.4883],[147.36863,-37.48848],[147.36868,-37.48886],[147.36942,-37.48969],[147.36963,-37.49066],[147.36994,-37.49111],[147.37066,-37.49174],[147.37157,-37.49327],[147.37281,-37.49456],[147.37303,-37.49551],[147.37362,-37.49565],[147.37413,-37.49594],[147.3754,-37.49598],[147.37581,-37.49617],[147.376,-37.49668],[147.37691,-37.49761],[147.37857,-37.49885],[147.3788,-37.49918],[147.37921,-37.50014],[147.37962,-37.50065],[147.37932,-37.50223],[147.37958,-37.50386],[147.38125,-37.50363],[147.38228,-37.50378],[147.38296,-37.50374],[147.38358,-37.50348],[147.38431,-37.50346],[147.38523,-37.50324],[147.38663,-37.50335],[147.38718,-37.50358],[147.3876,-37.50361],[147.38841,-37.50343],[147.39008,-37.50138],[147.39168,-37.50095],[147.39216,-37.50066],[147.39284,-37.5005],[147.39285,-37.50028],[147.39302,-37.50009],[147.39288,-37.49966],[147.39199,-37.49907],[147.39116,-37.49882],[147.39094,-37.49849],[147.39101,-37.49749],[147.3915,-37.4973],[147.39222,-37.49724],[147.39383,-37.49734],[147.39544,-37.49798],[147.39596,-37.49831],[147.3969,-37.4995],[147.39722,-37.49966],[147.39772,-37.4991],[147.39878,-37.4989],[147.40057,-37.49936],[147.40281,-37.4992],[147.40397,-37.49898],[147.40454,-37.49901],[147.40519,-37.49921],[147.40617,-37.49985],[147.40706,-37.5],[147.4081,-37.50115],[147.4097,-37.50209],[147.41019,-37.50251],[147.41124,-37.50387],[147.41185,-37.50436],[147.4134,-37.50463],[147.41368,-37.50458],[147.41549,-37.50374],[147.41675,-37.50348],[147.41782,-37.50385],[147.41844,-37.50439],[147.41995,-37.5048],[147.42069,-37.50514],[147.42104,-37.50504],[147.42123,-37.50456],[147.42223,-37.50334],[147.42318,-37.50311],[147.42387,-37.50239],[147.4247,-37.502],[147.42515,-37.5015],[147.42552,-37.5013],[147.42629,-37.50102],[147.42707,-37.50091],[147.42746,-37.50044],[147.42796,-37.50017],[147.42952,-37.49958],[147.4302,-37.499],[147.43178,-37.49799],[147.43229,-37.49794],[147.43299,-37.49815],[147.43396,-37.49818],[147.43484,-37.49798],[147.43556,-37.4975],[147.43579,-37.49816],[147.43616,-37.49842],[147.43702,-37.4986],[147.4387,-37.49927],[147.44057,-37.49934],[147.44164,-37.49974],[147.44365,-37.50115],[147.44452,-37.50198],[147.44476,-37.50258],[147.44612,-37.50359],[147.44757,-37.50376],[147.44967,-37.50421],[147.45031,-37.50415],[147.45145,-37.5038],[147.45262,-37.5046],[147.45329,-37.50528],[147.45396,-37.50554],[147.45508,-37.5052],[147.45582,-37.50514],[147.45706,-37.5059],[147.45921,-37.50638],[147.46035,-37.50638],[147.46172,-37.507],[147.46213,-37.50696],[147.46334,-37.50631],[147.46461,-37.50612],[147.46581,-37.50554],[147.46753,-37.50522],[147.47041,-37.50407],[147.47108,-37.50418],[147.47265,-37.50499],[147.47414,-37.50485],[147.47662,-37.50533],[147.47791,-37.50502],[147.47876,-37.50497],[147.47989,-37.50464],[147.4821,-37.5037],[147.48275,-37.50284],[147.48272,-37.5039],[147.48325,-37.50458],[147.48311,-37.50545],[147.48312,-37.50691],[147.48292,-37.50784],[147.48266,-37.50818],[147.482,-37.50863],[147.48161,-37.50917],[147.48129,-37.51051],[147.48142,-37.51238],[147.48094,-37.51425],[147.48103,-37.51478],[147.48258,-37.51725],[147.48285,-37.51846],[147.48275,-37.52038],[147.48238,-37.52113],[147.48194,-37.52287],[147.48155,-37.52362],[147.48153,-37.5246],[147.48165,-37.52494],[147.48277,-37.52634],[147.48305,-37.52626],[147.48314,-37.5257],[147.48357,-37.52514],[147.48426,-37.52485],[147.48514,-37.52486],[147.48796,-37.52535],[147.48919,-37.52524],[147.49,-37.52484],[147.49018,-37.52646],[147.49037,-37.52714],[147.49036,-37.52781],[147.49077,-37.52853],[147.49085,-37.52908],[147.49035,-37.52956],[147.4901,-37.53014],[147.49043,-37.53158],[147.49036,-37.53213],[147.49004,-37.53288],[147.49005,-37.5335],[147.49037,-37.53466],[147.49152,-37.5357],[147.49186,-37.53636],[147.49214,-37.53792],[147.49331,-37.53906],[147.49248,-37.53877],[147.49219,-37.53878],[147.49141,-37.53932],[147.49059,-37.54061],[147.49051,-37.54133],[147.49068,-37.54196],[147.49123,-37.54248],[147.49211,-37.543],[147.49226,-37.54328],[147.49217,-37.54354],[147.49185,-37.54378],[147.49089,-37.54406],[147.49046,-37.54445],[147.49051,-37.54488],[147.49134,-37.54672],[147.49129,-37.54767],[147.49079,-37.54768],[147.49002,-37.54708],[147.48923,-37.54668],[147.48835,-37.54676],[147.4874,-37.54624],[147.48676,-37.54622],[147.48514,-37.54689],[147.48457,-37.54771],[147.48356,-37.5479],[147.4829,-37.54827],[147.48172,-37.54842],[147.48014,-37.54911],[147.47888,-37.54985],[147.47814,-37.54984],[147.47753,-37.54956],[147.47722,-37.54962],[147.47705,-37.54989],[147.47709,-37.5511],[147.47649,-37.55224],[147.47563,-37.55264],[147.47404,-37.55304],[147.47325,-37.5536],[147.47315,-37.55387],[147.47321,-37.55492],[147.47245,-37.55671],[147.47244,-37.55761],[147.47218,-37.55807],[147.4716,-37.55837],[147.47057,-37.55849],[147.46945,-37.5592],[147.46868,-37.55949],[147.4673,-37.55982],[147.46691,-37.56029],[147.46684,-37.56153],[147.46671,-37.56182],[147.46477,-37.5629],[147.4637,-37.56332],[147.46339,-37.56352],[147.46322,-37.56383],[147.46287,-37.56585],[147.46394,-37.56693],[147.46409,-37.56788],[147.46393,-37.56871],[147.46412,-37.57031],[147.46452,-37.57103],[147.46511,-37.5732],[147.46506,-37.57341],[147.46582,-37.57453],[147.46604,-37.57547],[147.46656,-37.57652],[147.46647,-37.57718],[147.46584,-37.57766],[147.46546,-37.57853],[147.46597,-37.57976],[147.46669,-37.58047],[147.46714,-37.58117],[147.46815,-37.58141],[147.46879,-37.58186],[147.46881,-37.58228],[147.46855,-37.58342],[147.46802,-37.58436],[147.46788,-37.58498],[147.46832,-37.58579],[147.46988,-37.58714],[147.47033,-37.58818],[147.4704,-37.58926],[147.47007,-37.59074],[147.47011,-37.59169],[147.46999,-37.5918],[147.46995,-37.59238],[147.46981,-37.59263],[147.46935,-37.59289],[147.46891,-37.59334],[147.46988,-37.59382],[147.47025,-37.59469],[147.46954,-37.59387],[147.46881,-37.59377],[147.46819,-37.59398],[147.46773,-37.59445],[147.46751,-37.59453],[147.46715,-37.59454],[147.46634,-37.5943],[147.4659,-37.59439],[147.46493,-37.59501],[147.4642,-37.59567],[147.46227,-37.59623],[147.46128,-37.59834],[147.46074,-37.59886],[147.46004,-37.60005],[147.45916,-37.60106],[147.45896,-37.60217],[147.45898,-37.60287],[147.45915,-37.60331],[147.45976,-37.6041],[147.45976,-37.60473],[147.46002,-37.60542],[147.46009,-37.60608],[147.45969,-37.6066],[147.45936,-37.60777],[147.45833,-37.6088],[147.45799,-37.60977],[147.45775,-37.612],[147.45776,-37.61229],[147.45799,-37.61268],[147.45813,-37.61399],[147.4586,-37.61457],[147.45869,-37.61529],[147.45912,-37.61553],[147.46022,-37.61566],[147.46063,-37.61598],[147.46083,-37.6175],[147.46102,-37.61827],[147.46131,-37.61883],[147.4612,-37.61923],[147.46084,-37.61943],[147.4609,-37.61958],[147.46191,-37.61968],[147.46243,-37.61987],[147.4631,-37.61956],[147.46353,-37.61919],[147.46427,-37.62041],[147.46455,-37.62065],[147.46491,-37.62056],[147.46718,-37.61906],[147.46781,-37.61819],[147.46868,-37.61742],[147.46924,-37.61598],[147.47033,-37.61514],[147.4706,-37.61512],[147.47356,-37.6176],[147.47598,-37.61741],[147.47703,-37.61939],[147.47722,-37.62203],[147.47716,-37.62235],[147.47639,-37.62318],[147.476,-37.6238],[147.4753,-37.62414],[147.47495,-37.62413],[147.47438,-37.62383],[147.47336,-37.62378],[147.47274,-37.62396],[147.47242,-37.62419],[147.47021,-37.6242],[147.46889,-37.62506],[147.46854,-37.62516],[147.46764,-37.62464],[147.46726,-37.62487],[147.46726,-37.62517],[147.46761,-37.62589],[147.46847,-37.62683],[147.46891,-37.62816],[147.46953,-37.62906],[147.46972,-37.62957],[147.46977,-37.63018],[147.46922,-37.63041],[147.46931,-37.63123],[147.46903,-37.6332],[147.46865,-37.63378],[147.46781,-37.63453],[147.46754,-37.63532],[147.46697,-37.63598],[147.46674,-37.63686],[147.46627,-37.63777],[147.46613,-37.63883],[147.46513,-37.63925],[147.46488,-37.63951],[147.46476,-37.64064],[147.46418,-37.64185],[147.4642,-37.64205],[147.46469,-37.64216],[147.46568,-37.64205],[147.46637,-37.64215],[147.46685,-37.64233],[147.46755,-37.64287],[147.46831,-37.64306],[147.46854,-37.64332],[147.46867,-37.64388],[147.46868,-37.64522],[147.4686,-37.6457],[147.46843,-37.6459],[147.46895,-37.64662],[147.47082,-37.6473],[147.47145,-37.64773],[147.47196,-37.64841],[147.47336,-37.64912],[147.47394,-37.64956],[147.47442,-37.65033],[147.47549,-37.65131],[147.47594,-37.65207],[147.47758,-37.65295],[147.47967,-37.65479],[147.4802,-37.65566],[147.4801,-37.65629],[147.48012,-37.65663],[147.48025,-37.65674],[147.48062,-37.65689],[147.48208,-37.65682],[147.48267,-37.65659],[147.48308,-37.65613],[147.48294,-37.6549],[147.48274,-37.65442],[147.48295,-37.65382],[147.48352,-37.65327],[147.48429,-37.6529],[147.48469,-37.65225],[147.48473,-37.652],[147.4846,-37.65175],[147.48365,-37.6513],[147.48345,-37.65048],[147.48359,-37.65026],[147.48431,-37.64982],[147.48448,-37.64913],[147.48545,-37.64909],[147.48668,-37.64859],[147.48688,-37.64845],[147.48744,-37.64727],[147.48867,-37.6465],[147.48963,-37.64651],[147.4912,-37.64718],[147.49166,-37.64712],[147.49214,-37.64689],[147.49353,-37.64556],[147.49422,-37.6451],[147.4949,-37.64399],[147.49717,-37.64233],[147.4976,-37.64126],[147.49799,-37.6408],[147.49859,-37.64068],[147.4999,-37.64068],[147.50127,-37.64129],[147.5014,-37.64143],[147.5015,-37.64226],[147.50201,-37.64395],[147.50245,-37.64483],[147.50359,-37.64542],[147.50404,-37.64586],[147.50434,-37.6458],[147.50497,-37.64535],[147.50652,-37.64524],[147.50709,-37.64564],[147.50754,-37.64683],[147.50836,-37.64702],[147.50883,-37.64675],[147.50975,-37.64677],[147.51181,-37.64607],[147.51238,-37.6457],[147.51482,-37.64469],[147.5156,-37.64393],[147.51718,-37.64316],[147.518,-37.6425],[147.51945,-37.64179],[147.52239,-37.64062],[147.52318,-37.64041],[147.524,-37.63995],[147.52443,-37.63899],[147.52449,-37.63831],[147.52555,-37.63727],[147.52512,-37.63343],[147.52524,-37.63162],[147.52539,-37.63215],[147.52627,-37.63248],[147.52763,-37.63171],[147.52821,-37.63162],[147.52895,-37.63178],[147.52968,-37.63209],[147.53009,-37.63258],[147.53027,-37.63315],[147.53101,-37.63376],[147.53243,-37.63392],[147.53256,-37.63417],[147.53298,-37.63412],[147.53448,-37.63462],[147.53497,-37.63497],[147.53693,-37.63588],[147.53819,-37.63602],[147.53882,-37.63639],[147.53964,-37.63747],[147.53995,-37.63899],[147.53979,-37.6411],[147.53984,-37.64153],[147.54001,-37.64184],[147.5399,-37.6421],[147.53997,-37.64274],[147.53986,-37.64305],[147.53879,-37.64392],[147.53829,-37.64463],[147.53852,-37.64519],[147.53867,-37.64643],[147.54303,-37.6474],[147.54392,-37.64726],[147.54441,-37.64734],[147.54445,-37.64681],[147.54472,-37.64642],[147.54556,-37.64639],[147.54643,-37.64673],[147.54777,-37.64701],[147.55009,-37.64787],[147.55231,-37.64783],[147.55321,-37.64899],[147.553,-37.64977],[147.55324,-37.65039],[147.55356,-37.65062],[147.55371,-37.65143],[147.55563,-37.65308],[147.55595,-37.65376],[147.55705,-37.65505],[147.55875,-37.65654],[147.55734,-37.6571],[147.55614,-37.65846],[147.55483,-37.65962],[147.55431,-37.6599],[147.55344,-37.66004],[147.5518,-37.65977],[147.55175,-37.65928],[147.55155,-37.65923],[147.55113,-37.65939],[147.55091,-37.65995],[147.55063,-37.66016],[147.54915,-37.66047],[147.54858,-37.66034],[147.54718,-37.65938],[147.54629,-37.65912],[147.54536,-37.65819],[147.54514,-37.6584],[147.545,-37.65838],[147.54457,-37.658],[147.54446,-37.65721],[147.54383,-37.65728],[147.54366,-37.65755],[147.54378,-37.65772],[147.54463,-37.66174],[147.54521,-37.66295],[147.54462,-37.66502],[147.54482,-37.66857],[147.54532,-37.66908],[147.54716,-37.66968],[147.54818,-37.67033],[147.5485,-37.67092],[147.54849,-37.67124],[147.5482,-37.67176],[147.54823,-37.67267],[147.54728,-37.67359],[147.54721,-37.67393],[147.5478,-37.67465],[147.55036,-37.67584],[147.55118,-37.67653],[147.55147,-37.67892],[147.5524,-37.68008],[147.55421,-37.68132],[147.55582,-37.68454],[147.55666,-37.68573],[147.55684,-37.68587],[147.55715,-37.68587],[147.55828,-37.68487],[147.55873,-37.68478],[147.56151,-37.68794],[147.56168,-37.68924],[147.56246,-37.6895],[147.56426,-37.68972],[147.56443,-37.69001],[147.56523,-37.68824],[147.56598,-37.68717],[147.56618,-37.68666],[147.56638,-37.68443],[147.5669,-37.68343],[147.5672,-37.68321],[147.57038,-37.68217],[147.57127,-37.68176],[147.57176,-37.68089],[147.57234,-37.67838],[147.5727,-37.67812],[147.57552,-37.67426],[147.57629,-37.67426],[147.58482,-37.67564],[147.58698,-37.67514],[147.59034,-37.67336],[147.59107,-37.67285],[147.59153,-37.67178],[147.5917,-37.67073],[147.59214,-37.67014],[147.59364,-37.66944],[147.59502,-37.66828],[147.59697,-37.66766],[147.59795,-37.66711],[147.59877,-37.66602],[147.59887,-37.66541],[147.59931,-37.66456],[147.60029,-37.66411],[147.60252,-37.66372],[147.60294,-37.66337],[147.60328,-37.66268],[147.60389,-37.66203],[147.60505,-37.66184],[147.60764,-37.66188],[147.60838,-37.66127],[147.60822,-37.66203],[147.60986,-37.6636],[147.61004,-37.66394],[147.6102,-37.66522],[147.61074,-37.66696],[147.61143,-37.66794],[147.61218,-37.66861],[147.61304,-37.66995],[147.61282,-37.67062],[147.61288,-37.67214],[147.61268,-37.67354],[147.61313,-37.67531],[147.61264,-37.67632],[147.61285,-37.67741],[147.61331,-37.67856],[147.61544,-37.68056],[147.61548,-37.68136],[147.61514,-37.68214],[147.61498,-37.68334],[147.61628,-37.684],[147.61698,-37.68452],[147.61744,-37.68515],[147.61751,-37.68642],[147.6177,-37.68678],[147.61775,-37.68811],[147.61848,-37.68912],[147.61802,-37.68937],[147.61767,-37.68985],[147.61771,-37.69056],[147.61817,-37.69142],[147.61775,-37.69356],[147.61664,-37.69425],[147.61612,-37.69552],[147.61517,-37.69655],[147.61424,-37.69724],[147.61326,-37.69847],[147.61295,-37.69987],[147.61338,-37.70192],[147.61287,-37.70301],[147.61239,-37.70332],[147.61211,-37.70372],[147.61189,-37.70446],[147.61217,-37.705],[147.61301,-37.70601],[147.61378,-37.70649],[147.61426,-37.70811],[147.61489,-37.70862],[147.61515,-37.70928],[147.61562,-37.7098],[147.61557,-37.71021],[147.61479,-37.71091],[147.61479,-37.71159],[147.61451,-37.71225],[147.61452,-37.71281],[147.61429,-37.71369],[147.61429,-37.71394],[147.6148,-37.71486],[147.61558,-37.71559],[147.61577,-37.71595],[147.61544,-37.71704],[147.61476,-37.71809],[147.6152,-37.72017],[147.61529,-37.72038],[147.61569,-37.72067],[147.61681,-37.72126],[147.61865,-37.72331],[147.61924,-37.72512],[147.61953,-37.72691]]]},"properties":{"n":"Destination Dargo - Route 3","k":"ride","g":["Trail bike · 101 km one way · Medium (Blue Square)"],"d":"Mostly a medium grade of difficulty with a few more difficult sections, this is a one-way route to the township of Dargo, where fuel, accommodation, food and some motorcycle spares and repairs are available. The route comprises open forest roads and narrow steep and hilly tracks. There are some serious steep sections that may become slippery following rain. There are some creek and river crossings which are usually shallow.","a":"To access the Mount Taylor Trail Bike Visitor Area from Bairnsdale, follow the signs to Wy Yung, and then travel north along the Bullumwaal Road for approximately 7km. Turn right onto Boyds Road, follow Boyds Rd. across Mt Taylor Creek and up past a quarry on the left. The trail Bike visitor area is 400m past the quarry. It is immediately past the intersection of Howitt Spur Rd and Jones Rd.","b":[147.25035,-37.72691,147.61953,-37.45274]}},{"type":"Feature","geometry":{"type":"MultiLineString","coordinates":[[[146.25447,-37.56984],[146.25476,-37.57026],[146.25521,-37.57052],[146.25634,-37.57057],[146.25741,-37.57127],[146.2575,-37.57156],[146.25706,-37.57214],[146.2571,-37.57236],[146.25896,-37.57255],[146.25909,-37.57345],[146.259,-37.57386],[146.25807,-37.5745],[146.25745,-37.57473],[146.25667,-37.5754],[146.25387,-37.5763],[146.25325,-37.57697],[146.25214,-37.57733],[146.25155,-37.5782],[146.25052,-37.57843],[146.24963,-37.57892],[146.24906,-37.57894],[146.24843,-37.57874],[146.24715,-37.579],[146.24711,-37.58107],[146.24588,-37.58195],[146.24615,-37.58301],[146.24606,-37.58334],[146.24578,-37.58359],[146.24473,-37.58405],[146.24386,-37.58528],[146.24365,-37.58539],[146.24236,-37.58567],[146.24195,-37.586],[146.24077,-37.58621],[146.23953,-37.58713],[146.23871,-37.58747],[146.23669,-37.58761],[146.23664,-37.58782],[146.23706,-37.58892],[146.23602,-37.5891],[146.23601,-37.58977],[146.2356,-37.59008],[146.23613,-37.59107],[146.23602,-37.59147],[146.23437,-37.59153],[146.23403,-37.59172],[146.23378,-37.59232],[146.23353,-37.59253],[146.23281,-37.5927],[146.23175,-37.59273],[146.2311,-37.59314],[146.23068,-37.59322],[146.22998,-37.59369],[146.22855,-37.59397],[146.22803,-37.59623],[146.22765,-37.59674],[146.22648,-37.59689],[146.22501,-37.59667],[146.22439,-37.59687],[146.22423,-37.59752],[146.22426,-37.59942],[146.22399,-37.59976],[146.223,-37.59989],[146.2227,-37.60004],[146.22288,-37.60092],[146.22271,-37.60131],[146.22056,-37.60186],[146.22001,-37.6022],[146.21885,-37.60227],[146.21776,-37.60196],[146.21708,-37.60194],[146.21655,-37.60209],[146.21809,-37.60256],[146.22164,-37.60483],[146.22191,-37.60485],[146.2227,-37.60444],[146.22296,-37.60446],[146.22402,-37.60509],[146.2248,-37.60497],[146.22565,-37.60517],[146.22619,-37.60515],[146.22679,-37.60536],[146.22741,-37.60576],[146.22837,-37.6059],[146.22947,-37.60659],[146.23001,-37.6072],[146.23026,-37.60729],[146.23222,-37.60715],[146.23509,-37.60776],[146.23572,-37.60776],[146.23753,-37.6067],[146.24034,-37.60636],[146.24141,-37.60676],[146.24321,-37.60797],[146.24415,-37.60826],[146.24444,-37.60861],[146.24474,-37.60935],[146.24506,-37.60958],[146.24552,-37.60963],[146.24752,-37.60932],[146.24802,-37.60948],[146.24915,-37.61019],[146.25012,-37.61048],[146.25072,-37.61048],[146.25182,-37.61007],[146.25347,-37.60988],[146.25464,-37.60995],[146.25581,-37.61028],[146.25955,-37.60933],[146.26047,-37.60862],[146.26226,-37.60787],[146.26337,-37.60759],[146.26352,-37.60741],[146.26423,-37.60724],[146.26489,-37.60691],[146.26698,-37.60695],[146.26756,-37.60678],[146.268,-37.60645],[146.26846,-37.60549],[146.26904,-37.60509],[146.26953,-37.60431],[146.26987,-37.60415],[146.27059,-37.60422],[146.27076,-37.60441],[146.27179,-37.60492],[146.27211,-37.60485],[146.27283,-37.60426],[146.27354,-37.60435],[146.27429,-37.6037],[146.27515,-37.60353],[146.2751,-37.60238],[146.27541,-37.60208],[146.27594,-37.60184],[146.27591,-37.60155],[146.27513,-37.60103],[146.27514,-37.60082],[146.27543,-37.6007],[146.27723,-37.60078],[146.27814,-37.60069],[146.27857,-37.60113],[146.27977,-37.60108],[146.28026,-37.60073],[146.28046,-37.59974],[146.28112,-37.59925],[146.28116,-37.59828],[146.28176,-37.59835],[146.28247,-37.5989],[146.28305,-37.59899],[146.2835,-37.59873],[146.28409,-37.59793],[146.28632,-37.598],[146.28797,-37.59781],[146.2891,-37.59748],[146.29029,-37.5964],[146.2906,-37.59631],[146.29129,-37.59643],[146.29253,-37.59603],[146.29285,-37.59605],[146.29298,-37.5962],[146.29296,-37.59695],[146.29307,-37.59713],[146.29447,-37.59718],[146.29502,-37.59797],[146.29585,-37.59837],[146.29679,-37.59819],[146.29719,-37.5985],[146.29746,-37.59911],[146.29779,-37.59918],[146.29866,-37.59867],[146.29864,-37.59792],[146.29861,-37.5977],[146.29828,-37.59743],[146.29744,-37.59618],[146.29768,-37.59609],[146.29829,-37.59616],[146.29859,-37.59598],[146.29968,-37.59573],[146.29996,-37.5951],[146.3,-37.59474],[146.29973,-37.59436],[146.29899,-37.59409],[146.29864,-37.59363],[146.29909,-37.59351],[146.29938,-37.59313],[146.29945,-37.59251],[146.30108,-37.59267],[146.30212,-37.59304],[146.30288,-37.59353],[146.30369,-37.59358],[146.30572,-37.59467],[146.30668,-37.59493],[146.30822,-37.59638],[146.30891,-37.5966],[146.30949,-37.59662],[146.31066,-37.59718],[146.3112,-37.59832],[146.31178,-37.59909],[146.31208,-37.59927],[146.31292,-37.59929],[146.31468,-37.59975],[146.31565,-37.60025],[146.31771,-37.6001],[146.31839,-37.5998],[146.31991,-37.60024],[146.32011,-37.60037],[146.32062,-37.60139],[146.32066,-37.60239],[146.32097,-37.60288],[146.32194,-37.60294],[146.32273,-37.60353],[146.32367,-37.60363],[146.32414,-37.60386],[146.32574,-37.60418],[146.32612,-37.6047],[146.32697,-37.60535],[146.32686,-37.60613],[146.32694,-37.60643],[146.32765,-37.60692],[146.32854,-37.60794],[146.33106,-37.60924],[146.33119,-37.61014],[146.33158,-37.61104],[146.33139,-37.61155],[146.33156,-37.6118],[146.33263,-37.6123],[146.33376,-37.61359],[146.33496,-37.61428],[146.33679,-37.61497],[146.33799,-37.61562],[146.33869,-37.61681],[146.33907,-37.61706],[146.34129,-37.61803],[146.34224,-37.61822],[146.3439,-37.61886],[146.34464,-37.61957],[146.34555,-37.61991],[146.34595,-37.61989],[146.34619,-37.61942],[146.34679,-37.61913],[146.34743,-37.61943],[146.34837,-37.61963],[146.34895,-37.61958],[146.35051,-37.61911],[146.35068,-37.61916],[146.3512,-37.61999],[146.35119,-37.62016],[146.35034,-37.62045],[146.35021,-37.62111],[146.3496,-37.62143],[146.34943,-37.62191],[146.34954,-37.62212],[146.35061,-37.62276],[146.35066,-37.62378],[146.35133,-37.62432],[146.35235,-37.62438],[146.35426,-37.62491],[146.35613,-37.62469],[146.35641,-37.62483],[146.35727,-37.62572],[146.35846,-37.62616],[146.35929,-37.62625],[146.36018,-37.62678],[146.36194,-37.6274],[146.36229,-37.62743],[146.36304,-37.62717],[146.36344,-37.62621],[146.36479,-37.62605],[146.36529,-37.62613],[146.36619,-37.62707],[146.36764,-37.62929],[146.36793,-37.62999],[146.36886,-37.63063],[146.36951,-37.63134],[146.3696,-37.63332],[146.36979,-37.63357],[146.37084,-37.63379],[146.37242,-37.63346],[146.37469,-37.63448],[146.37508,-37.63482],[146.3759,-37.63607],[146.37727,-37.63761],[146.3777,-37.63832],[146.37784,-37.63911],[146.37768,-37.63985],[146.37872,-37.64159],[146.37915,-37.64209],[146.37913,-37.64226],[146.37874,-37.64261],[146.37876,-37.64281],[146.37965,-37.64348],[146.37966,-37.64416],[146.38025,-37.64447],[146.38044,-37.64474],[146.38015,-37.64534],[146.38019,-37.64595],[146.38001,-37.64641],[146.37995,-37.64713],[146.38061,-37.64767],[146.38249,-37.64842],[146.3823,-37.64914],[146.38308,-37.65065],[146.38297,-37.65099],[146.38256,-37.65116],[146.38147,-37.65063],[146.3812,-37.65066],[146.38093,-37.65155],[146.38044,-37.65197],[146.38008,-37.6521],[146.37929,-37.65183],[146.37843,-37.65171],[146.37815,-37.65153],[146.37795,-37.65118],[146.37766,-37.65117],[146.37731,-37.65144],[146.37704,-37.65201],[146.37739,-37.653],[146.37739,-37.65342],[146.37715,-37.65362],[146.37654,-37.65373],[146.37642,-37.65394],[146.37653,-37.65448],[146.3771,-37.65541],[146.37701,-37.65582],[146.37566,-37.65618],[146.37476,-37.65585],[146.37445,-37.65587],[146.3715,-37.65773],[146.36985,-37.65805],[146.36804,-37.65876],[146.36651,-37.66027],[146.36598,-37.66036],[146.36458,-37.66024],[146.36331,-37.66076],[146.36275,-37.66137],[146.36214,-37.6617],[146.36045,-37.66202],[146.35919,-37.66202],[146.35831,-37.66295],[146.3544,-37.66345],[146.35325,-37.66443],[146.35263,-37.66606],[146.35201,-37.66666],[146.35133,-37.66694],[146.35101,-37.66724],[146.35094,-37.66793],[146.35105,-37.66916],[146.35165,-37.67],[146.35242,-37.67156],[146.35298,-37.67391],[146.35399,-37.67598],[146.35427,-37.67723],[146.35444,-37.67747],[146.35614,-37.67854],[146.35697,-37.67888],[146.35878,-37.67995],[146.36115,-37.6817],[146.36132,-37.68236],[146.36139,-37.6835],[146.36128,-37.6838],[146.36081,-37.6844],[146.35971,-37.68509],[146.35835,-37.68674],[146.3583,-37.68699],[146.35894,-37.68927],[146.35881,-37.69013],[146.35894,-37.69053],[146.35938,-37.69114],[146.3595,-37.69159],[146.36111,-37.69318],[146.36236,-37.69378],[146.36276,-37.6944],[146.36272,-37.69471],[146.36168,-37.69585],[146.36089,-37.69795]]]},"properties":{"n":"Aberfeldy Backroad Tour - Jordan Valley","k":"drive","g":["4WD · 55 km one way · 8 hrs · Medium (Blue Square)"],"d":"For 4WDs and drivers with some 4WD experience or training. This route takes you into the Thomson Water Supply Catchment, explores the history of the Jordan Valley Goldfields and its early settlements and cemeteries. In Aberfeldy township, there is an optional side trip to Hanging Rock (4WD Grade – Very Difficult). If not doing this side trip, head north out of Aberfeldy on the Walhalla Road for about 2km to reach O’Keefe Track on your right. Here you can choose to do the optional side trip to Aberfeldy Crossing (4WD Grade – Difficult) or continue along Walhalla Road for a further 10.5km, where you can then turn left to do an optional side trip down Victor Spur Track (4WD Grade – Medium) or…","a":"Commences from the historic township of Aberfeldy, heading north on the Walhalla Road. Note – This route is subject to seasonal road closures from 1 May to the end of November each year.","b":[146.21655,-37.69795,146.38308,-37.56984]}},{"type":"Feature","geometry":{"type":"MultiLineString","coordinates":[[[146.1353,-37.30239],[146.13438,-37.30289],[146.13404,-37.30331],[146.13452,-37.30456],[146.13544,-37.30594],[146.13566,-37.30652],[146.13556,-37.30731],[146.13455,-37.30939],[146.13457,-37.30977],[146.13627,-37.31176],[146.13662,-37.31234],[146.13712,-37.31382],[146.13713,-37.31432],[146.13678,-37.31471],[146.1352,-37.31537],[146.13343,-37.31529],[146.13294,-37.31535],[146.13254,-37.31557],[146.13231,-37.31584],[146.13205,-37.31661],[146.13122,-37.31731],[146.12994,-37.31813],[146.12953,-37.31878],[146.12958,-37.31941],[146.13103,-37.32099],[146.1315,-37.32256],[146.13159,-37.32387],[146.13131,-37.325],[146.13137,-37.32653],[146.13168,-37.32704],[146.13226,-37.3275],[146.13503,-37.32879],[146.13609,-37.32978],[146.13672,-37.33061],[146.13669,-37.33085],[146.13605,-37.33119],[146.13283,-37.33192],[146.13156,-37.33237],[146.13131,-37.33264],[146.13136,-37.33324],[146.13245,-37.33494],[146.13227,-37.33672],[146.13255,-37.33704],[146.13294,-37.33718],[146.13469,-37.33761],[146.13588,-37.33886],[146.14018,-37.34],[146.14092,-37.34048],[146.14099,-37.34065],[146.14087,-37.34092],[146.13952,-37.34195],[146.13878,-37.34284],[146.13855,-37.3434],[146.13857,-37.34383],[146.13881,-37.3442],[146.13945,-37.34465],[146.142,-37.34493],[146.14242,-37.34511],[146.14256,-37.34534],[146.14257,-37.34679],[146.14238,-37.34791],[146.14243,-37.34832],[146.14278,-37.34911],[146.14311,-37.34952],[146.144,-37.34976],[146.14567,-37.34986],[146.14805,-37.3497],[146.14948,-37.35041],[146.14983,-37.35081],[146.15012,-37.3516],[146.15053,-37.35545],[146.15098,-37.3577],[146.15118,-37.35842],[146.15159,-37.35896],[146.1522,-37.35926],[146.15394,-37.3591],[146.15492,-37.35869],[146.15657,-37.35704],[146.15706,-37.35691],[146.15728,-37.35703],[146.15814,-37.35856],[146.1586,-37.35884],[146.15989,-37.35901],[146.16023,-37.35893],[146.16158,-37.35812],[146.16197,-37.35807],[146.16223,-37.35822],[146.16291,-37.35909],[146.16332,-37.35929],[146.16394,-37.35934],[146.16438,-37.35895],[146.16484,-37.35782],[146.16542,-37.35693],[146.16628,-37.35593],[146.16726,-37.35505],[146.168,-37.35477],[146.1693,-37.35464],[146.17003,-37.35472],[146.17199,-37.35528],[146.17241,-37.35551],[146.17243,-37.35569],[146.17155,-37.35708],[146.1714,-37.35822],[146.17182,-37.35996],[146.17247,-37.36099],[146.17277,-37.36125],[146.17491,-37.36175],[146.17715,-37.36257],[146.1797,-37.36288],[146.18036,-37.36319],[146.18103,-37.3642],[146.18177,-37.36456],[146.18363,-37.36516],[146.18534,-37.36528],[146.18579,-37.36554],[146.18608,-37.36602],[146.18656,-37.368],[146.18653,-37.37044],[146.18662,-37.3711],[146.18678,-37.37137],[146.18714,-37.37172],[146.18832,-37.37233],[146.18992,-37.37231],[146.19062,-37.37269],[146.1906,-37.37288],[146.18977,-37.37379],[146.18927,-37.37539],[146.18937,-37.37653],[146.18978,-37.37775],[146.19008,-37.37817],[146.19213,-37.37981],[146.19463,-37.3811],[146.19528,-37.38187],[146.19624,-37.38244],[146.19663,-37.38332],[146.19705,-37.38332],[146.19822,-37.38285],[146.19935,-37.382],[146.19962,-37.38208],[146.19988,-37.38266],[146.20002,-37.38271],[146.20037,-37.38218],[146.20075,-37.38192],[146.20225,-37.3822],[146.20356,-37.38182],[146.2052,-37.38172],[146.20688,-37.38109],[146.2077,-37.37996],[146.20824,-37.37967],[146.20891,-37.38003],[146.21073,-37.38241],[146.21226,-37.38372],[146.21338,-37.38394],[146.21417,-37.38388],[146.21462,-37.38353],[146.21462,-37.38251],[146.21469,-37.38235],[146.21496,-37.38224],[146.21675,-37.38334],[146.21823,-37.38325],[146.2188,-37.38305],[146.21972,-37.38243],[146.22231,-37.38138],[146.2225,-37.3815],[146.22256,-37.3818],[146.22198,-37.38289],[146.22191,-37.38332],[146.22276,-37.38417],[146.22317,-37.38417],[146.22366,-37.38396],[146.22443,-37.38308],[146.22473,-37.38298],[146.22558,-37.38351],[146.22602,-37.38399],[146.22661,-37.38515],[146.22687,-37.38538],[146.22829,-37.3856],[146.22882,-37.38542],[146.22939,-37.38448],[146.23001,-37.38396],[146.23084,-37.38381],[146.23674,-37.38392],[146.23976,-37.38212],[146.24078,-37.38184],[146.24136,-37.38199],[146.24189,-37.38234],[146.24302,-37.38359],[146.24349,-37.38436],[146.2435,-37.38463],[146.24332,-37.3849],[146.24071,-37.38609],[146.24051,-37.38668],[146.24108,-37.38739],[146.24253,-37.38858],[146.24296,-37.38922],[146.24324,-37.39008],[146.24363,-37.3907],[146.24438,-37.39135],[146.24507,-37.39157],[146.24648,-37.39093],[146.24794,-37.39053],[146.24884,-37.39046],[146.2492,-37.39066],[146.24925,-37.3927],[146.24948,-37.39412],[146.25,-37.39495],[146.25077,-37.39571],[146.25092,-37.39598],[146.2509,-37.39622],[146.25074,-37.39638],[146.2493,-37.39656],[146.2485,-37.39694],[146.24821,-37.39721],[146.24804,-37.39756],[146.24814,-37.39916],[146.248,-37.3994],[146.24579,-37.39958],[146.24542,-37.39985],[146.24498,-37.40087],[146.24525,-37.4023],[146.24579,-37.4037],[146.24573,-37.40444],[146.24514,-37.40529],[146.24357,-37.40674],[146.24328,-37.40711],[146.2432,-37.40746],[146.24333,-37.40834],[146.24373,-37.40877],[146.24399,-37.40887],[146.24506,-37.40888],[146.24514,-37.40927],[146.24505,-37.40991],[146.24527,-37.41062],[146.24655,-37.41298],[146.24686,-37.4133],[146.24827,-37.41393],[146.2483,-37.41432],[146.24809,-37.41471],[146.24728,-37.41542],[146.24636,-37.41591],[146.24323,-37.41665],[146.24244,-37.41647],[146.24204,-37.4157],[146.24162,-37.41549],[146.24039,-37.41555],[146.23989,-37.41581],[146.23965,-37.41611],[146.23893,-37.41816],[146.23759,-37.4194],[146.23697,-37.42021],[146.23693,-37.42043],[146.2383,-37.42211],[146.23966,-37.42337],[146.23973,-37.4241],[146.23923,-37.42482],[146.23847,-37.42532],[146.23464,-37.42655],[146.23395,-37.42693],[146.23209,-37.42831],[146.23157,-37.42986],[146.23128,-37.43025],[146.22965,-37.43117],[146.22897,-37.43139],[146.22861,-37.43177],[146.22854,-37.43254],[146.22961,-37.4348],[146.22972,-37.43548],[146.22934,-37.43641],[146.22904,-37.43901],[146.22818,-37.44046],[146.22733,-37.4408],[146.22659,-37.44049],[146.22618,-37.44048],[146.22494,-37.44114],[146.22439,-37.442],[146.22377,-37.44273],[146.22352,-37.44284],[146.22293,-37.44289],[146.22192,-37.44264],[146.219,-37.44306],[146.21696,-37.44394],[146.21282,-37.44495],[146.21258,-37.44508],[146.21145,-37.44635],[146.21122,-37.44696],[146.21059,-37.44753],[146.20868,-37.4481],[146.20781,-37.4479],[146.20737,-37.44797],[146.20606,-37.44878],[146.20467,-37.4487],[146.2043,-37.44879],[146.20413,-37.44914],[146.20404,-37.44992],[146.2033,-37.45124],[146.20285,-37.45271],[146.20266,-37.45293],[146.20207,-37.45302],[146.20095,-37.45287],[146.20066,-37.45315],[146.20072,-37.45386],[146.20041,-37.4544],[146.19939,-37.45442],[146.19862,-37.45423],[146.19772,-37.4548],[146.19607,-37.45548],[146.19509,-37.45624],[146.19477,-37.45706],[146.19372,-37.45756],[146.19347,-37.45901],[146.19323,-37.45937],[146.19229,-37.4597],[146.19088,-37.45959],[146.18958,-37.46032],[146.18931,-37.46068],[146.18965,-37.46148],[146.18934,-37.46248],[146.18974,-37.4629],[146.18986,-37.46334],[146.18957,-37.46395],[146.18959,-37.46511],[146.18935,-37.46558],[146.18806,-37.46703],[146.18808,-37.46748],[146.18797,-37.46769],[146.18726,-37.46807],[146.18733,-37.4685],[146.18776,-37.46917],[146.18742,-37.46978],[146.18763,-37.47012],[146.18758,-37.47085],[146.18772,-37.47121],[146.18724,-37.47208],[146.18741,-37.47236],[146.18796,-37.47268],[146.1881,-37.47337],[146.18799,-37.47389],[146.1881,-37.47405],[146.18875,-37.47419],[146.18969,-37.47408],[146.19002,-37.47422],[146.19058,-37.47586],[146.19043,-37.47661],[146.19059,-37.47694],[146.19086,-37.47707],[146.19181,-37.47704],[146.19218,-37.47753],[146.19286,-37.47802],[146.19317,-37.47905],[146.19374,-37.47903],[146.19404,-37.47917],[146.19408,-37.47937],[146.19364,-37.48065],[146.19394,-37.48107],[146.19404,-37.48158],[146.1942,-37.48167],[146.19537,-37.48159],[146.19556,-37.4817],[146.19558,-37.48186],[146.19537,-37.48213],[146.19534,-37.48263],[146.1956,-37.48325],[146.19557,-37.48346],[146.19495,-37.48367],[146.19474,-37.48396],[146.19406,-37.48436],[146.19424,-37.4846],[146.19446,-37.48574],[146.19487,-37.48652],[146.19491,-37.48687],[146.19471,-37.48713],[146.19403,-37.48715],[146.19373,-37.48737],[146.19457,-37.48818],[146.19474,-37.48886],[146.19562,-37.48996],[146.19627,-37.48988],[146.19731,-37.49045],[146.19805,-37.49036],[146.19824,-37.49088],[146.19922,-37.49085],[146.19941,-37.49095],[146.19913,-37.49187],[146.19825,-37.49264],[146.19786,-37.49326],[146.19884,-37.49358],[146.19893,-37.49394],[146.19863,-37.49477],[146.19889,-37.49492],[146.19986,-37.49505],[146.20033,-37.49571],[146.1994,-37.49694],[146.20011,-37.49846],[146.20034,-37.49986],[146.20052,-37.50021],[146.20081,-37.50039],[146.2012,-37.50037],[146.20271,-37.49969],[146.20334,-37.49963],[146.20472,-37.50012],[146.20612,-37.50002],[146.20721,-37.50035],[146.2081,-37.50043],[146.20848,-37.50082],[146.20933,-37.50131],[146.20953,-37.50158],[146.20992,-37.50265],[146.21022,-37.50287],[146.21063,-37.50357],[146.21073,-37.50431],[146.21097,-37.50467],[146.21162,-37.50488],[146.2128,-37.50475],[146.21361,-37.50543],[146.21333,-37.50605],[146.21277,-37.50659],[146.21274,-37.50744],[146.21241,-37.50808],[146.21252,-37.50847],[146.21308,-37.50881],[146.21318,-37.509],[146.21284,-37.50943],[146.21326,-37.51074],[146.21292,-37.51111],[146.21293,-37.51148],[146.21347,-37.51276],[146.21344,-37.51342],[146.21389,-37.51413],[146.21371,-37.51453],[146.21379,-37.51475],[146.21499,-37.51475],[146.21559,-37.51504],[146.21578,-37.51531],[146.21508,-37.5163],[146.21514,-37.51711],[146.21448,-37.51765],[146.21442,-37.51815],[146.21422,-37.51839],[146.2145,-37.51907],[146.21445,-37.51928],[146.21428,-37.51946],[146.21378,-37.5196],[146.21372,-37.51974],[146.21395,-37.52002],[146.214,-37.52054],[146.21474,-37.5207],[146.21506,-37.52101],[146.21504,-37.52125],[146.21463,-37.52184],[146.21465,-37.52202],[146.21511,-37.52251],[146.21488,-37.52337],[146.21535,-37.5238],[146.21484,-37.52462],[146.21439,-37.52588],[146.21435,-37.52636],[146.21484,-37.52864],[146.21543,-37.52992],[146.21615,-37.53098],[146.21704,-37.53195],[146.21745,-37.53215],[146.21789,-37.53187],[146.2179,-37.5316],[146.21757,-37.53104],[146.21753,-37.5306],[146.21764,-37.53045],[146.21781,-37.53093],[146.21881,-37.53199],[146.2188,-37.53229],[146.21855,-37.53256],[146.21825,-37.5333],[146.21825,-37.53364],[146.21938,-37.53411],[146.22084,-37.53415],[146.22101,-37.53467],[146.22168,-37.53494],[146.2214,-37.5358],[146.22181,-37.53721],[146.22227,-37.53758],[146.22253,-37.53758],[146.22287,-37.53737],[146.22308,-37.53742],[146.22336,-37.53836],[146.22261,-37.53919],[146.22209,-37.53951],[146.22166,-37.54026],[146.22142,-37.54038],[146.22043,-37.5403],[146.22025,-37.54044],[146.22016,-37.5409],[146.22027,-37.54163],[146.2201,-37.54273],[146.22031,-37.54308],[146.22029,-37.54335],[146.22018,-37.54349],[146.21882,-37.544],[146.21883,-37.54421],[146.2192,-37.54481],[146.21768,-37.54595],[146.21768,-37.54627],[146.218,-37.54664],[146.21799,-37.54686],[146.21659,-37.54776],[146.21666,-37.54798],[146.21713,-37.54836],[146.21825,-37.54862],[146.21854,-37.54881],[146.21861,-37.54901],[146.21852,-37.55021],[146.21898,-37.55103],[146.2184,-37.55172],[146.2186,-37.55224],[146.21846,-37.55342],[146.21859,-37.55384],[146.21906,-37.5543],[146.21952,-37.55442],[146.22144,-37.55422],[146.22189,-37.55406],[146.22336,-37.55406],[146.22353,-37.55408],[146.22469,-37.55498],[146.22499,-37.555],[146.22568,-37.55469],[146.2263,-37.55472],[146.22668,-37.55503],[146.22678,-37.55589],[146.22729,-37.55612],[146.22835,-37.55621],[146.22938,-37.55567],[146.22984,-37.55568],[146.23059,-37.55617],[146.23166,-37.55636],[146.23255,-37.55742],[146.23349,-37.5579],[146.23393,-37.55856],[146.23448,-37.55902],[146.23577,-37.55977],[146.23689,-37.56003],[146.23746,-37.55992],[146.23828,-37.55953],[146.23914,-37.55937],[146.23975,-37.55867],[146.24024,-37.55851],[146.24096,-37.55873],[146.24191,-37.55945],[146.24313,-37.55971],[146.24434,-37.56043],[146.24475,-37.56039],[146.2456,-37.55976],[146.2459,-37.55967],[146.24668,-37.55957],[146.24716,-37.55966],[146.24752,-37.56005],[146.2476,-37.56033],[146.24701,-37.56178],[146.24784,-37.56285],[146.24777,-37.56355],[146.24833,-37.56419],[146.24853,-37.56501],[146.24994,-37.56595],[146.25223,-37.5687],[146.25447,-37.56984]]]},"properties":{"n":"Aberfeldy Backroad Tour - Woods Point to Jamieson","k":"drive","g":["4WD · 55 km one way · 4+ hrs · Easy (Green Circle)"],"d":"This drive is suitable for novice drivers in all-wheel drive and high range 4WDs. This route from Woods Point to Jamieson, with optional side trips, is dotted with the relics of settlements and mines built post the discovery of gold at Enochs Point in 1857. Settlements were quickly established at Gaffneys Creek, Woods Point, Kevington and Ten Mile. Woods Point was once a thriving township boasting 36 hotels, stores, business offices, police station, churches, medical centres, banks, post office and factories. The decrease in mining saw the population plummet from around 2000 to one or two hundred in the 1890s. The 1939 Black Friday fires destroyed the township, killing one person at each of…","a":"Commences from Woods Point heading northeast along the Mansfield-Woods Point Road.","b":[146.12953,-37.56984,146.25447,-37.30239]}},{"type":"Feature","geometry":{"type":"MultiLineString","coordinates":[[[147.25101,-37.46191],[147.25109,-37.46129],[147.25059,-37.45897],[147.25098,-37.4577],[147.25111,-37.45599],[147.25143,-37.45466],[147.25138,-37.45415],[147.25106,-37.45374],[147.25042,-37.45333],[147.24747,-37.45225],[147.24719,-37.45203],[147.24706,-37.45157],[147.24695,-37.44802],[147.24705,-37.44604],[147.24912,-37.44399],[147.24945,-37.44346],[147.25005,-37.44222],[147.25095,-37.4408],[147.25171,-37.43857],[147.25239,-37.43718],[147.2534,-37.4357],[147.2533,-37.43497],[147.25292,-37.43438],[147.25107,-37.434],[147.24942,-37.4334],[147.24945,-37.43277],[147.24897,-37.43191],[147.24897,-37.43163],[147.24939,-37.43142],[147.25027,-37.43169],[147.2506,-37.43164],[147.25127,-37.43122],[147.25158,-37.4306],[147.25145,-37.43024],[147.25077,-37.42941],[147.2507,-37.4284],[147.25012,-37.42715],[147.25,-37.42597],[147.2502,-37.42568],[147.25071,-37.42557],[147.25183,-37.42585],[147.2534,-37.42588],[147.25388,-37.42563],[147.2544,-37.42512],[147.25533,-37.42513],[147.25548,-37.42497],[147.25478,-37.42414],[147.25397,-37.42281],[147.25428,-37.42095],[147.25458,-37.42046],[147.25459,-37.41916],[147.25569,-37.41848],[147.25572,-37.41809],[147.25518,-37.41685],[147.25393,-37.41586],[147.25429,-37.41501],[147.25395,-37.41432],[147.25476,-37.41378],[147.25492,-37.41308],[147.2559,-37.41336],[147.25663,-37.41342],[147.25744,-37.41333],[147.25768,-37.41312],[147.25736,-37.41241],[147.25733,-37.41177],[147.25812,-37.41024],[147.25814,-37.40969],[147.25794,-37.40895],[147.25847,-37.40853],[147.25954,-37.40911],[147.26068,-37.40777],[147.26181,-37.40728],[147.26345,-37.4084],[147.26393,-37.40886],[147.2643,-37.40899],[147.26509,-37.40887],[147.26577,-37.40837],[147.26612,-37.40793],[147.26675,-37.40658],[147.26816,-37.40507],[147.26874,-37.40419],[147.269,-37.40346],[147.26916,-37.40238],[147.26913,-37.4011],[147.26949,-37.40066],[147.27088,-37.39954],[147.27208,-37.39777],[147.27199,-37.39756],[147.26968,-37.39649],[147.26935,-37.39605],[147.26939,-37.39573],[147.27012,-37.39526],[147.27128,-37.39506],[147.27173,-37.39479],[147.27269,-37.39384],[147.27297,-37.39313],[147.27277,-37.39259],[147.27237,-37.39212],[147.27068,-37.39044],[147.2705,-37.38989],[147.27148,-37.38921],[147.27425,-37.38901],[147.27472,-37.38882],[147.27471,-37.38833],[147.27319,-37.3867],[147.27325,-37.38574],[147.2734,-37.38543],[147.27382,-37.3851],[147.27484,-37.38487],[147.27666,-37.38562],[147.27687,-37.3856],[147.27698,-37.38539],[147.27652,-37.38495],[147.27648,-37.3845],[147.27666,-37.38409],[147.27722,-37.38351],[147.27733,-37.3831],[147.27743,-37.38307],[147.27773,-37.38339],[147.27919,-37.38327],[147.28062,-37.38334],[147.283,-37.38379],[147.28363,-37.38357],[147.2837,-37.38294],[147.28392,-37.38257],[147.28422,-37.3824],[147.28594,-37.38188],[147.28718,-37.38191],[147.28831,-37.38223],[147.28877,-37.38198],[147.28905,-37.38149],[147.2894,-37.38122],[147.2902,-37.38104],[147.29082,-37.38116],[147.2916,-37.38166],[147.29207,-37.38263],[147.29288,-37.38363],[147.29327,-37.3853],[147.29389,-37.38575],[147.29405,-37.38646],[147.29463,-37.38691],[147.29555,-37.38729],[147.29585,-37.38795],[147.296,-37.38879],[147.297,-37.38978],[147.29807,-37.3897],[147.29853,-37.38896],[147.29883,-37.38882],[147.29989,-37.38909],[147.3005,-37.38943],[147.30073,-37.38986],[147.30057,-37.39057],[147.30162,-37.39209],[147.30175,-37.39243],[147.30173,-37.39322],[147.30203,-37.39416],[147.30288,-37.39471],[147.30364,-37.39566],[147.3042,-37.39577],[147.30506,-37.39553],[147.30568,-37.39463],[147.30635,-37.39409],[147.30793,-37.394],[147.30844,-37.39419],[147.30877,-37.39495],[147.30904,-37.39525],[147.31115,-37.39677],[147.31273,-37.39702],[147.31374,-37.39663],[147.31445,-37.39763],[147.31512,-37.39822],[147.31561,-37.39906],[147.3166,-37.39978],[147.31858,-37.40068],[147.31915,-37.40111],[147.31937,-37.40222],[147.32015,-37.40366],[147.32068,-37.40399],[147.32245,-37.40444],[147.32284,-37.40477],[147.32326,-37.4054],[147.32384,-37.40576],[147.32438,-37.40584],[147.32512,-37.40518],[147.32605,-37.4051],[147.32678,-37.40476],[147.3276,-37.40342],[147.32762,-37.40187],[147.32588,-37.40083],[147.32546,-37.39896],[147.32549,-37.39838],[147.32608,-37.39741],[147.32717,-37.39675],[147.32891,-37.39489],[147.33029,-37.39428],[147.33065,-37.39369],[147.33072,-37.39306],[147.33093,-37.39252],[147.32846,-37.39041],[147.32839,-37.38779],[147.32743,-37.38584],[147.32693,-37.38539],[147.32616,-37.38511],[147.32556,-37.38463],[147.32467,-37.38309],[147.32455,-37.38245],[147.3255,-37.38179],[147.32629,-37.38163],[147.32651,-37.38121],[147.32464,-37.3794],[147.32463,-37.3792],[147.32495,-37.37873],[147.32462,-37.37815],[147.32463,-37.37792],[147.32493,-37.37735],[147.32603,-37.37675],[147.32655,-37.37591],[147.32695,-37.37573],[147.32866,-37.37574],[147.32985,-37.37546],[147.3305,-37.37493],[147.33059,-37.37441],[147.33034,-37.37353],[147.33003,-37.37333],[147.32864,-37.37388],[147.32822,-37.37392],[147.32656,-37.37341],[147.32597,-37.37286],[147.32554,-37.37269],[147.32327,-37.37328],[147.32267,-37.37304],[147.32239,-37.37272],[147.32184,-37.37114],[147.32174,-37.36978],[147.32145,-37.36901],[147.32118,-37.36876],[147.3197,-37.36828],[147.31912,-37.36791],[147.31835,-37.3668],[147.31815,-37.36594],[147.31825,-37.36523],[147.31902,-37.36368],[147.31909,-37.36259],[147.3195,-37.36146],[147.31843,-37.35738],[147.31821,-37.35603],[147.31878,-37.35551],[147.31977,-37.35421],[147.32076,-37.35134],[147.32036,-37.35011],[147.3194,-37.34852],[147.31848,-37.34795],[147.3186,-37.34703],[147.31829,-37.34608],[147.31837,-37.34581],[147.31903,-37.34514],[147.3191,-37.34485],[147.31879,-37.34411],[147.31866,-37.34312],[147.31835,-37.34232],[147.31849,-37.34217],[147.31938,-37.34202],[147.31973,-37.3418],[147.32027,-37.34082],[147.32019,-37.33995],[147.32132,-37.33897],[147.32208,-37.33796],[147.32248,-37.33624],[147.32366,-37.33507],[147.32363,-37.33366],[147.32349,-37.33299],[147.32279,-37.33188],[147.32191,-37.33136],[147.32184,-37.331],[147.32229,-37.33001],[147.3229,-37.32908],[147.32396,-37.32788],[147.32381,-37.32765],[147.32259,-37.32693],[147.32077,-37.32614],[147.32007,-37.326],[147.31855,-37.32599],[147.31692,-37.32529],[147.31628,-37.32516],[147.31607,-37.32495],[147.316,-37.32428],[147.31644,-37.32292],[147.31616,-37.32257],[147.31283,-37.32227],[147.313,-37.32181],[147.31292,-37.32102],[147.31332,-37.32027],[147.31347,-37.31943],[147.31378,-37.31856],[147.31407,-37.31818],[147.31412,-37.3177],[147.3152,-37.317],[147.31545,-37.31666],[147.31548,-37.31637],[147.31461,-37.31511],[147.31452,-37.31464],[147.31461,-37.31397],[147.31424,-37.31191],[147.31355,-37.30994],[147.31384,-37.30894],[147.31347,-37.30857],[147.31215,-37.30802],[147.31186,-37.30744],[147.31101,-37.30663],[147.31081,-37.30624],[147.31091,-37.30583],[147.31168,-37.3053],[147.31172,-37.30429],[147.31108,-37.30267],[147.31078,-37.30136],[147.31081,-37.30046],[147.31059,-37.29975],[147.31,-37.29948],[147.30915,-37.2988],[147.30943,-37.298],[147.30991,-37.29736],[147.31004,-37.29668],[147.30984,-37.29618],[147.30945,-37.29569],[147.30938,-37.29516],[147.30963,-37.29479],[147.31018,-37.29447],[147.31297,-37.29419],[147.31348,-37.29395],[147.31433,-37.29314],[147.31619,-37.29188],[147.31704,-37.29075],[147.31767,-37.29039],[147.31992,-37.28964],[147.32168,-37.28798],[147.32203,-37.2873],[147.32199,-37.28681],[147.32135,-37.28466],[147.3209,-37.28374],[147.31942,-37.28309],[147.31932,-37.28282],[147.31953,-37.28245],[147.32129,-37.28235],[147.3224,-37.28272],[147.32376,-37.28293],[147.32496,-37.28234],[147.32566,-37.2818],[147.32733,-37.28112],[147.32759,-37.28086],[147.32984,-37.28122],[147.33095,-37.28113],[147.33261,-37.27995],[147.33422,-37.27855],[147.33616,-37.27588],[147.33673,-37.27542],[147.33769,-37.27508],[147.34225,-37.27405],[147.34543,-37.27356],[147.34756,-37.27305],[147.34815,-37.2726],[147.3496,-37.27055],[147.34993,-37.26985],[147.35025,-37.26842],[147.35052,-37.26785],[147.35184,-37.26714],[147.35394,-37.26474],[147.35607,-37.26347],[147.35687,-37.26267],[147.35776,-37.26147],[147.35914,-37.2602],[147.36071,-37.25923],[147.36151,-37.25893],[147.36349,-37.25887],[147.36541,-37.25903],[147.36591,-37.25894],[147.36725,-37.25838],[147.36807,-37.25764],[147.36842,-37.25705],[147.36836,-37.25613],[147.36857,-37.25538],[147.36826,-37.25395],[147.3684,-37.25369],[147.36953,-37.25276],[147.3698,-37.25162],[147.37036,-37.25132],[147.37133,-37.25152],[147.37247,-37.25144],[147.3731,-37.25122],[147.37362,-37.25068],[147.37394,-37.24988],[147.37445,-37.24914],[147.37435,-37.24786],[147.37455,-37.24732],[147.37506,-37.24679],[147.37564,-37.24549],[147.37532,-37.24455],[147.37532,-37.24396],[147.37577,-37.24273],[147.37694,-37.24062],[147.37781,-37.23784],[147.37788,-37.23701],[147.37775,-37.23625],[147.37802,-37.23589],[147.37979,-37.23491],[147.38007,-37.23456],[147.38025,-37.2338],[147.37855,-37.23337],[147.37697,-37.23278],[147.37781,-37.23044],[147.37872,-37.22706],[147.3785,-37.2255],[147.37877,-37.22404],[147.37884,-37.22281],[147.37744,-37.2202],[147.37743,-37.21972],[147.37771,-37.21926],[147.37911,-37.21854],[147.37965,-37.21805],[147.38092,-37.21639],[147.38243,-37.21409],[147.38323,-37.21244],[147.38369,-37.21217],[147.38511,-37.21183],[147.38575,-37.21154],[147.38645,-37.2106],[147.38695,-37.21031],[147.39173,-37.21095],[147.39354,-37.21151],[147.39639,-37.21208],[147.39902,-37.21205],[147.40246,-37.21316],[147.40331,-37.21441],[147.40594,-37.21611],[147.40789,-37.21793],[147.40909,-37.21859],[147.41188,-37.21925],[147.41431,-37.21849],[147.41778,-37.21909],[147.41912,-37.21996],[147.41974,-37.22074],[147.42005,-37.22223],[147.41984,-37.2251],[147.42007,-37.22587],[147.42072,-37.22691],[147.42084,-37.22758],[147.42126,-37.22795],[147.42253,-37.22805],[147.42312,-37.22779],[147.42338,-37.22747],[147.42352,-37.22709],[147.42354,-37.22609],[147.42349,-37.22581],[147.42284,-37.22494],[147.42255,-37.22429],[147.42239,-37.22338],[147.42245,-37.22176],[147.42235,-37.22103],[147.42316,-37.22034],[147.425,-37.22054],[147.4257,-37.2204],[147.42618,-37.22003],[147.42659,-37.21899],[147.42638,-37.21822],[147.42642,-37.21786],[147.42681,-37.21746],[147.42688,-37.21625],[147.42726,-37.21556],[147.42749,-37.21557],[147.42862,-37.21611],[147.43034,-37.21739],[147.43139,-37.21881],[147.43221,-37.21933],[147.43252,-37.21929],[147.43303,-37.21876],[147.43349,-37.21861],[147.43543,-37.21856],[147.43613,-37.21834],[147.43656,-37.21802],[147.4366,-37.21753],[147.43674,-37.21745],[147.43875,-37.21794],[147.43918,-37.21817],[147.43956,-37.21798],[147.44022,-37.21683],[147.44135,-37.2162],[147.44222,-37.21608],[147.44465,-37.21642],[147.44693,-37.21701],[147.44781,-37.21698],[147.44992,-37.21742],[147.45131,-37.21751],[147.45183,-37.21777],[147.45205,-37.21803],[147.45226,-37.21853],[147.45235,-37.21922],[147.45268,-37.2197],[147.45366,-37.22008],[147.45577,-37.22033],[147.45779,-37.22016],[147.45887,-37.21974],[147.46017,-37.21992],[147.46213,-37.21968],[147.46254,-37.2194],[147.46288,-37.21838],[147.46306,-37.21831],[147.46405,-37.21876],[147.46504,-37.21902],[147.46862,-37.21908],[147.46962,-37.21945],[147.47096,-37.21942],[147.4712,-37.21933],[147.47192,-37.21858],[147.47287,-37.21844],[147.47339,-37.21794],[147.47374,-37.21787],[147.47506,-37.2187],[147.47612,-37.21883],[147.47674,-37.21948],[147.47776,-37.22],[147.47853,-37.21959],[147.4806,-37.21975],[147.48097,-37.21947],[147.48135,-37.2188],[147.48164,-37.21866],[147.48256,-37.21903],[147.48352,-37.21883],[147.48406,-37.21892],[147.48488,-37.21876],[147.48565,-37.21821],[147.48645,-37.21798],[147.48639,-37.21721],[147.48661,-37.21701],[147.48925,-37.2172],[147.49067,-37.21686],[147.49102,-37.2163],[147.49272,-37.21541],[147.49394,-37.21445],[147.49492,-37.21397],[147.49519,-37.2136],[147.49511,-37.21321],[147.49481,-37.2131],[147.49409,-37.21316],[147.49409,-37.21293],[147.49475,-37.21203],[147.49558,-37.21146],[147.49649,-37.21041],[147.49811,-37.20912],[147.50076,-37.20946],[147.50262,-37.20932],[147.50684,-37.20999],[147.50808,-37.20988],[147.50952,-37.21029],[147.51025,-37.21038],[147.51058,-37.20944],[147.51135,-37.20896],[147.51175,-37.2084],[147.51257,-37.20777],[147.51263,-37.20742],[147.51238,-37.20658],[147.51245,-37.20632],[147.51325,-37.20569],[147.51367,-37.20514],[147.51495,-37.20448],[147.51529,-37.20364],[147.51694,-37.20207],[147.51712,-37.20126],[147.51814,-37.20014],[147.51924,-37.19962],[147.52219,-37.19896],[147.52496,-37.1973],[147.52808,-37.19479],[147.53108,-37.19215],[147.53386,-37.1904],[147.53488,-37.18899],[147.53782,-37.18611],[147.54711,-37.18179],[147.54761,-37.18131],[147.54809,-37.17999],[147.54878,-37.17966],[147.54992,-37.1794],[147.55083,-37.17892],[147.55283,-37.17705],[147.55311,-37.17675],[147.55435,-37.17451],[147.55521,-37.17362],[147.55722,-37.17212],[147.55855,-37.17196],[147.55811,-37.17134],[147.55694,-37.17119],[147.55541,-37.17066],[147.55529,-37.17044],[147.55555,-37.17019],[147.55707,-37.1698],[147.55746,-37.16897],[147.55746,-37.16788],[147.55679,-37.16633],[147.55712,-37.16595],[147.55815,-37.16531],[147.55868,-37.16461],[147.55866,-37.164],[147.55794,-37.16296],[147.55787,-37.16255],[147.55849,-37.16039],[147.56133,-37.15398],[147.56146,-37.15129],[147.56168,-37.15054],[147.5654,-37.14312],[147.56594,-37.14243],[147.56838,-37.13809],[147.57247,-37.12693],[147.57362,-37.12422],[147.57464,-37.12094],[147.57596,-37.11738],[147.57608,-37.11635],[147.57564,-37.11392],[147.57577,-37.11317],[147.57717,-37.11272],[147.57778,-37.11221],[147.578,-37.11138],[147.57743,-37.10997],[147.57752,-37.10937],[147.5779,-37.10902],[147.5794,-37.10835],[147.58063,-37.10705],[147.58127,-37.10622],[147.58171,-37.10531],[147.58196,-37.10438],[147.58232,-37.10385],[147.58449,-37.10294],[147.5866,-37.10279],[147.58776,-37.10249],[147.58843,-37.10215],[147.58999,-37.10087],[147.5912,-37.10066]]]},"properties":{"n":"High Country Backroad Tour - Omeo to Dargo","k":"drive","g":["4WD · 80 km one way · 1–4 hrs · Easy (Green Circle)"],"d":"This drive is suitable for novice drivers in all-wheel drive and high range 4WDs. Can be slippery when wet and subject to snow. This tour links the rural towns of Omeo and Dargo via Mt Birregun, with breathtaking views of the surrounding landscapes. It is an easy drive over the summer months, but the roads can get quite wet over winter and be subject to snow. The tour starts at Omeo’s Livingstone Creek Park, which is the base for the Omeo MTB trails, with picnic and overnight camping facilities. From Livingstone Creek Park follow Creek Street into Omeo, turn right onto the Great Alpine Road, and then left onto Cassilis Road. Take another right onto Upper Livingstone Road, and then follow…","a":"The tour starts at Omeo’s Livingstone Creek Park, heading southwest out of Omeo on the Great Alpine Road.","b":[147.24695,-37.46191,147.5912,-37.10066]}},{"type":"Feature","geometry":{"type":"MultiLineString","coordinates":[[[145.75279,-37.5127],[145.75337,-37.51209],[145.75319,-37.51159],[145.7537,-37.51141]]]},"properties":{"n":"Kerami Link Trail","k":"ride","g":["Mountain bike · 0.2 km one way · under 1 hr · Easy","Walk · 0.2 km one way · 9 min · Grade 3"],"x":"No experience required","t":"Well formed track · Short steep hills · No steps · Sign posted","d":"A short link walk through private property joining the Michaeldene trail and the Tree Fern Gully Trail. The trailhead can be found at the back of the Marysville recreation ground and over one of the steel bridges straddling the Steavenson River. This dual purpose track links Tree Fern Gully Trail and Michaeldene Trail. Providing a link between two trails, this multi purpose trail is situated in the township of Marysville.","a":"From Marysville Information Centre take the Tree Fern Gully Trail for about 500m and head behind the recreation oval. Here there is a metal bridge over the Steavenson River take the trail to the North East where it links up with the Michaeldene Trail near Lady Talbot Drive.","b":[145.75279,-37.5127,145.7537,-37.51141]}},{"type":"Feature","geometry":{"type":"MultiLineString","coordinates":[[[146.23242,-37.77962],[146.23088,-37.78033],[146.23071,-37.78062],[146.22979,-37.78105],[146.22965,-37.78131],[146.22905,-37.78177],[146.22906,-37.78213],[146.22885,-37.78252],[146.22889,-37.78283],[146.22908,-37.78322],[146.22975,-37.7837],[146.22973,-37.78424],[146.22934,-37.78444],[146.22811,-37.78468],[146.22711,-37.78557],[146.22662,-37.78557],[146.226,-37.78601],[146.22561,-37.78607],[146.22491,-37.78568],[146.22395,-37.78555],[146.22348,-37.78625],[146.22324,-37.78695],[146.22333,-37.78715],[146.223,-37.78744],[146.22179,-37.78681],[146.22087,-37.78666],[146.22045,-37.78686],[146.21997,-37.78686],[146.2197,-37.78674],[146.21936,-37.78622],[146.21859,-37.78603],[146.21831,-37.786],[146.21753,-37.78636],[146.21699,-37.78613],[146.21677,-37.78585],[146.21647,-37.78573],[146.21613,-37.78595],[146.21568,-37.78599],[146.21471,-37.78565],[146.21384,-37.78479],[146.21337,-37.78475],[146.2126,-37.78537],[146.21163,-37.78545],[146.21136,-37.78538],[146.21067,-37.78483],[146.21033,-37.78477],[146.21044,-37.78445],[146.21033,-37.78406],[146.21116,-37.78265],[146.21007,-37.78171],[146.21007,-37.78118],[146.21022,-37.78083],[146.20977,-37.78033],[146.21007,-37.77971],[146.20969,-37.7793],[146.20962,-37.77905],[146.20986,-37.77869],[146.21133,-37.77789],[146.21184,-37.77778],[146.21226,-37.77792],[146.21231,-37.7777],[146.21191,-37.77707],[146.21154,-37.77691],[146.21088,-37.77687],[146.21033,-37.77636],[146.20953,-37.77611],[146.20923,-37.77526],[146.20821,-37.77498],[146.20789,-37.77506],[146.20717,-37.77495],[146.20588,-37.77421],[146.20527,-37.77438],[146.20458,-37.77436],[146.20423,-37.7742],[146.20383,-37.77378],[146.20316,-37.77397],[146.20287,-37.7739],[146.20244,-37.77356],[146.20143,-37.77357],[146.20109,-37.77344],[146.20023,-37.77272],[146.20037,-37.77217],[146.20022,-37.77178],[146.19974,-37.77164],[146.19872,-37.77197],[146.19682,-37.77143],[146.19522,-37.77048],[146.1946,-37.76911],[146.19415,-37.76872],[146.19276,-37.76889],[146.19168,-37.76886],[146.19159,-37.76847],[146.19187,-37.76744],[146.19172,-37.76709],[146.19144,-37.76698],[146.18992,-37.76699],[146.18917,-37.76669],[146.1892,-37.76618],[146.18942,-37.76589],[146.19018,-37.76548],[146.19049,-37.76516],[146.19057,-37.76477],[146.19048,-37.76458],[146.18961,-37.76391],[146.18891,-37.7636],[146.18766,-37.76242],[146.18644,-37.76299],[146.18588,-37.76375],[146.18544,-37.76402],[146.18516,-37.76409],[146.18445,-37.76384],[146.18423,-37.76389],[146.18361,-37.76516],[146.18291,-37.76562],[146.18144,-37.76544],[146.18054,-37.76513],[146.18016,-37.76521],[146.1798,-37.76556],[146.17946,-37.76569],[146.17851,-37.7654],[146.17769,-37.76533],[146.17566,-37.76571],[146.17458,-37.76541],[146.17378,-37.76492],[146.17255,-37.7657],[146.17128,-37.76558],[146.17095,-37.76568],[146.17004,-37.76689],[146.1686,-37.76684],[146.1677,-37.76729],[146.16736,-37.76759],[146.16705,-37.76765],[146.16518,-37.76769],[146.16386,-37.76743],[146.16297,-37.76705],[146.16132,-37.76598],[146.15949,-37.76526],[146.15888,-37.76522],[146.15748,-37.76541],[146.15617,-37.76509],[146.15544,-37.76543],[146.15529,-37.76642],[146.15498,-37.76684],[146.15396,-37.76741],[146.15326,-37.76826],[146.15187,-37.76908],[146.15161,-37.76913],[146.15078,-37.76883],[146.14955,-37.76919],[146.14875,-37.76871],[146.14749,-37.7689],[146.14691,-37.76931],[146.14565,-37.7698],[146.14471,-37.77058],[146.14294,-37.77128],[146.14237,-37.77179],[146.1421,-37.77236],[146.14255,-37.77312],[146.14243,-37.77418],[146.14299,-37.77501],[146.1428,-37.77525],[146.14181,-37.77533],[146.1414,-37.7756],[146.14142,-37.77598],[146.14181,-37.77652],[146.14182,-37.7779],[146.1414,-37.77816],[146.13941,-37.77827],[146.13896,-37.77849],[146.13882,-37.77908],[146.13916,-37.7803],[146.13822,-37.78197],[146.13838,-37.78286],[146.13788,-37.78347],[146.13595,-37.78439],[146.13519,-37.7851],[146.13508,-37.78538],[146.13516,-37.78614],[146.13484,-37.78679],[146.13511,-37.78782],[146.13493,-37.78829],[146.13402,-37.78844],[146.13324,-37.78893],[146.13086,-37.78874],[146.13021,-37.7892],[146.12983,-37.78927],[146.12914,-37.78876],[146.12787,-37.78809],[146.12656,-37.78782],[146.12596,-37.78813],[146.12588,-37.78828],[146.12591,-37.78875],[146.12621,-37.78959],[146.12622,-37.78984],[146.12608,-37.78998],[146.12399,-37.78907],[146.12212,-37.78788],[146.12108,-37.78633],[146.12003,-37.7857],[146.1192,-37.7847],[146.11806,-37.78385],[146.11692,-37.7827],[146.11664,-37.78208],[146.11671,-37.78155],[146.11704,-37.78076],[146.11725,-37.77952],[146.11714,-37.7789],[146.11725,-37.77812],[146.11711,-37.7777],[146.11673,-37.77748],[146.11519,-37.77709],[146.11305,-37.7763],[146.11224,-37.77513],[146.11127,-37.77505],[146.11068,-37.7747],[146.10979,-37.77486],[146.10951,-37.77479],[146.1084,-37.77401],[146.10804,-37.77293],[146.10732,-37.77194],[146.10646,-37.77119],[146.10491,-37.77018],[146.10476,-37.7698],[146.10481,-37.76876],[146.10328,-37.76821],[146.10338,-37.76727],[146.10387,-37.76594],[146.10382,-37.76531],[146.10403,-37.76393],[146.10391,-37.76351],[146.10346,-37.76314],[146.10292,-37.7629],[146.10085,-37.76253],[146.10045,-37.7623],[146.0999,-37.76162],[146.0997,-37.76101],[146.09902,-37.76045],[146.09893,-37.75977],[146.09822,-37.75809],[146.09796,-37.75782],[146.09684,-37.75726],[146.09613,-37.75649],[146.09549,-37.7563],[146.09395,-37.75637],[146.09286,-37.75574],[146.09135,-37.75543],[146.09044,-37.75478],[146.08969,-37.75379],[146.08912,-37.75339],[146.08852,-37.75378],[146.08831,-37.75498],[146.08798,-37.75556],[146.08656,-37.75687],[146.08644,-37.75719],[146.08646,-37.75789],[146.08561,-37.75948],[146.08449,-37.76016],[146.08451,-37.76095],[146.08389,-37.7611],[146.08314,-37.76151],[146.08171,-37.76307],[146.0813,-37.76325],[146.0804,-37.76317],[146.07899,-37.76278],[146.07806,-37.76237],[146.07726,-37.76221],[146.07664,-37.76246],[146.07568,-37.76246],[146.07444,-37.7631],[146.07346,-37.76338],[146.07314,-37.7638],[146.07335,-37.76461],[146.07327,-37.76488],[146.07219,-37.76577],[146.07179,-37.76599],[146.07078,-37.766],[146.06914,-37.76661],[146.06846,-37.76672],[146.06823,-37.76693],[146.06808,-37.76729],[146.06827,-37.76828],[146.06759,-37.76908],[146.06594,-37.7692],[146.06466,-37.76849],[146.06437,-37.76845],[146.06288,-37.76892],[146.06219,-37.76946],[146.06135,-37.76978],[146.06071,-37.76982],[146.05992,-37.76937],[146.05954,-37.76943],[146.05894,-37.77006],[146.05684,-37.77016],[146.05567,-37.77045],[146.05364,-37.77055],[146.05256,-37.77074],[146.05175,-37.77096],[146.05102,-37.77161],[146.0499,-37.77198],[146.04905,-37.77243],[146.04826,-37.77264],[146.04664,-37.7726],[146.04472,-37.77372],[146.04058,-37.77364],[146.03972,-37.77384],[146.03874,-37.77427],[146.03655,-37.77293],[146.0343,-37.77281],[146.03199,-37.77233],[146.03121,-37.77246],[146.02984,-37.77304],[146.02859,-37.77293],[146.02743,-37.77349],[146.02655,-37.77342],[146.02575,-37.77358],[146.0249,-37.77355],[146.02313,-37.77402],[146.02281,-37.77425],[146.02235,-37.77494],[146.02195,-37.77513],[146.02158,-37.77498],[146.02077,-37.77423],[146.02,-37.77198],[146.0198,-37.77175],[146.01916,-37.77141],[146.01615,-37.77092],[146.01447,-37.76964],[146.013,-37.76892],[146.01119,-37.76863],[146.00939,-37.76772],[146.00804,-37.7679],[146.00602,-37.76865],[146.00465,-37.76877],[146.00371,-37.76835],[146.00321,-37.76754],[146.00217,-37.76728],[146.00115,-37.76676],[146.00024,-37.76601],[145.99977,-37.76578],[145.99856,-37.76554],[145.99782,-37.76558],[145.99647,-37.76652],[145.99424,-37.76719],[145.9925,-37.76823],[145.99072,-37.76865],[145.98989,-37.76871],[145.98751,-37.76847],[145.98411,-37.76859],[145.98277,-37.76876],[145.98155,-37.76872],[145.98093,-37.76851],[145.97977,-37.76736],[145.97839,-37.76752],[145.9772,-37.76727],[145.97593,-37.76674],[145.97466,-37.76659],[145.97293,-37.76511],[145.97177,-37.76459],[145.97133,-37.76369],[145.9711,-37.76348],[145.97035,-37.76326],[145.96933,-37.7632],[145.96904,-37.76332],[145.9685,-37.76433],[145.96825,-37.7645],[145.96765,-37.7646],[145.9665,-37.76452],[145.96504,-37.7656],[145.96451,-37.76584],[145.96402,-37.7659],[145.9625,-37.7655],[145.96184,-37.76551],[145.9613,-37.76512],[145.96002,-37.76365],[145.95853,-37.76332],[145.95659,-37.76309],[145.95589,-37.76288],[145.95522,-37.76236],[145.95483,-37.76221],[145.95422,-37.76222],[145.95356,-37.76248],[145.95328,-37.76244],[145.95113,-37.76106],[145.94982,-37.76078],[145.94873,-37.76015],[145.94678,-37.75992],[145.94548,-37.75928],[145.94473,-37.75907],[145.94406,-37.75802],[145.94288,-37.75686],[145.94212,-37.75634],[145.9423,-37.75699],[145.94226,-37.75746],[145.94157,-37.75951],[145.94062,-37.76114],[145.93963,-37.762],[145.93925,-37.76298],[145.93858,-37.76378],[145.93768,-37.76449],[145.93701,-37.76604],[145.93782,-37.769],[145.93753,-37.76943],[145.9365,-37.76955],[145.93618,-37.76987],[145.9361,-37.7703],[145.93589,-37.77045],[145.93475,-37.77067],[145.93453,-37.77067],[145.93373,-37.77014],[145.93164,-37.76975],[145.93076,-37.76987],[145.92994,-37.77056],[145.92942,-37.77074],[145.92754,-37.77084],[145.92619,-37.77107],[145.92095,-37.77045],[145.92001,-37.77076],[145.91951,-37.77112],[145.91953,-37.7719],[145.91907,-37.77233],[145.91825,-37.77259],[145.91588,-37.7728],[145.91545,-37.77313],[145.91526,-37.77362],[145.91516,-37.77425],[145.91524,-37.77459],[145.91569,-37.77535],[145.91662,-37.77606],[145.91758,-37.77726],[145.91872,-37.77779],[145.91898,-37.77806],[145.91939,-37.77967],[145.91985,-37.78068],[145.91978,-37.78095],[145.91867,-37.78217],[145.91858,-37.78252],[145.9187,-37.78276],[145.91922,-37.78311],[145.91933,-37.78355],[145.91934,-37.78475],[145.91876,-37.78549],[145.91906,-37.78593],[145.92018,-37.78678],[145.92015,-37.78792],[145.91977,-37.78835],[145.91891,-37.78878],[145.91871,-37.79013],[145.91813,-37.79092],[145.91815,-37.79134],[145.91869,-37.79166],[145.92007,-37.79142],[145.92019,-37.79159],[145.92033,-37.79279],[145.92075,-37.7933],[145.92118,-37.7935],[145.92197,-37.79361],[145.92285,-37.79347],[145.9231,-37.79375],[145.9262,-37.79587],[145.9272,-37.79685],[145.92789,-37.79731],[145.92886,-37.79865],[145.92824,-37.79931],[145.92725,-37.79972],[145.92599,-37.80005],[145.92525,-37.80044],[145.92455,-37.80135],[145.92406,-37.80248],[145.92355,-37.80232],[145.92183,-37.80235],[145.92136,-37.80219],[145.92046,-37.80232],[145.91972,-37.80269],[145.91921,-37.80384],[145.91951,-37.8055],[145.91964,-37.80578],[145.92016,-37.80623],[145.92059,-37.80768],[145.92195,-37.80972],[145.92134,-37.81066],[145.92088,-37.81088],[145.92066,-37.81122],[145.92088,-37.8116],[145.92132,-37.81193],[145.92153,-37.8126],[145.92134,-37.81311],[145.92138,-37.81351],[145.92177,-37.81389],[145.92225,-37.81404],[145.92275,-37.81403],[145.92353,-37.81375],[145.92407,-37.81317],[145.92542,-37.81307],[145.92575,-37.81323],[145.92583,-37.81351],[145.92671,-37.81467],[145.92774,-37.81516],[145.92783,-37.8159],[145.92719,-37.81651],[145.92722,-37.81694],[145.92756,-37.81731],[145.92769,-37.81781],[145.92867,-37.81847],[145.92945,-37.81928],[145.93025,-37.82089],[145.93026,-37.82127],[145.93003,-37.82146],[145.928,-37.82127],[145.92622,-37.82184],[145.92598,-37.82209],[145.92601,-37.82312],[145.92711,-37.82438],[145.92612,-37.82589],[145.92628,-37.82614],[145.92667,-37.82621],[145.92625,-37.82628],[145.92584,-37.8266],[145.92545,-37.82763],[145.92493,-37.82779],[145.92433,-37.82767],[145.92294,-37.82686],[145.9225,-37.8268],[145.92173,-37.82714],[145.92142,-37.82805],[145.9209,-37.82812],[145.91956,-37.82685],[145.91844,-37.826],[145.91671,-37.82561],[145.91576,-37.82567],[145.91543,-37.82556],[145.91427,-37.82421],[145.91375,-37.82303],[145.91233,-37.82234],[145.91225,-37.82171],[145.91206,-37.82143],[145.91104,-37.82094],[145.91046,-37.82004],[145.90781,-37.81802],[145.90752,-37.81741],[145.90691,-37.81699],[145.90638,-37.81639],[145.90585,-37.81684],[145.90544,-37.81758],[145.90517,-37.81773],[145.90353,-37.81795],[145.90255,-37.81787],[145.90224,-37.81799],[145.90205,-37.81822],[145.90186,-37.81943],[145.90163,-37.81983],[145.90082,-37.82059],[145.90029,-37.82089],[145.89987,-37.82097],[145.89836,-37.82075],[145.89803,-37.82088],[145.89798,-37.82153],[145.89842,-37.82245],[145.89847,-37.82309],[145.89827,-37.82358],[145.89686,-37.8246],[145.8966,-37.82462],[145.89629,-37.82437],[145.89553,-37.82326],[145.89487,-37.82319],[145.89467,-37.82339],[145.89475,-37.82426],[145.89448,-37.82459],[145.8936,-37.82476],[145.89227,-37.82431],[145.89092,-37.82471],[145.89039,-37.82577],[145.88978,-37.82661],[145.88989,-37.82766],[145.88943,-37.82987],[145.88946,-37.83018],[145.88879,-37.82994],[145.88842,-37.82966],[145.88839,-37.82948],[145.88875,-37.82907],[145.88864,-37.82866],[145.88817,-37.82816],[145.88733,-37.82758],[145.88654,-37.82722],[145.88624,-37.82664],[145.88591,-37.82668],[145.8847,-37.82833],[145.88431,-37.82845],[145.88376,-37.82807],[145.88264,-37.82762],[145.88154,-37.82736],[145.88107,-37.82644],[145.88057,-37.82648],[145.87951,-37.82632],[145.87946,-37.82577],[145.87904,-37.82572],[145.87839,-37.82517],[145.87818,-37.82462],[145.87868,-37.82382],[145.87855,-37.82312],[145.87814,-37.82292],[145.87762,-37.82302],[145.87731,-37.82295],[145.87714,-37.82257],[145.8778,-37.8217],[145.87891,-37.8209],[145.87892,-37.82062],[145.87845,-37.82013],[145.87848,-37.81991],[145.8788,-37.81969],[145.87937,-37.81966],[145.87948,-37.81947],[145.87924,-37.81913],[145.87898,-37.819],[145.87811,-37.81913],[145.87782,-37.81905],[145.87767,-37.81885],[145.87772,-37.81694],[145.87724,-37.81606],[145.87495,-37.81499],[145.8741,-37.81378],[145.87358,-37.81326],[145.87197,-37.81211],[145.87094,-37.81105],[145.87044,-37.81092],[145.86948,-37.81131],[145.87022,-37.81196],[145.8708,-37.81355],[145.87029,-37.81429],[145.87026,-37.81526],[145.86922,-37.81683]]]},"properties":{"n":"Upper Yarra Walking Track","k":"walk","g":["Walk · 95 km one way · multi-day · Grade 4"],"x":"Experienced bushwalkers","t":"Rough many obstacles · Short steep hills · Occasional steps · No directional signage","d":"The Upper Yarra Walking Track is the oldest long distance walking track in Australia and it provides a challenging walk along old logging tramlines and old vehicle tracks finishing at Mt Whitelaw on the Alpine Walking Track. Passing through tall eucalypt forest and fern gullies, this grade 4 multi day walking track is suited to the experienced bushwalker. To extend the walk and follow the original route of the track, add on the Walk Into History Track starting at Warburton and finishing at the Ada Tree Picnic Area. The Original walk also included the section of the Alpine Walking Track from Mount Whitelaw to Walhalla. The Upper Yarra Walking track was the first long distance recreational…","a":"The official start of the Upper Yarra walking track is at the Ada Tree Picnic Area. From Powelltown, head east along the Yarra Junction-Noojee Rd (C425) for 6km then turn left up Big Creek Road. Travel along Big Creek Road for 22km and turn right down Federal Road. Travel along Federal Road for 3km until you reach the Ada Tree Picnic Area.The track ends on the Alpine Walking Track, so the closest pickup point would be to continue the Alpine Walking Track to the north and finish on Thomson Valley road, or to the south, finishing at the Mt Baw Baw village.","b":[145.86922,-37.83018,146.23242,-37.75339]}},{"type":"Feature","geometry":{"type":"MultiLineString","coordinates":[[[147.11256,-37.78013],[147.11267,-37.7799],[147.11268,-37.77924],[147.11282,-37.77955],[147.11302,-37.77962],[147.11306,-37.77858],[147.11354,-37.7783],[147.11306,-37.77812],[147.11294,-37.77784],[147.11407,-37.77601],[147.114,-37.77572],[147.11426,-37.77551],[147.11408,-37.77513],[147.11377,-37.77518],[147.1135,-37.77485],[147.11293,-37.77452],[147.11235,-37.77333],[147.11215,-37.77237],[147.11214,-37.77067],[147.11242,-37.76954],[147.11285,-37.76885],[147.11261,-37.76833],[147.11273,-37.76821],[147.11271,-37.76765],[147.11286,-37.76748],[147.11244,-37.76774],[147.11215,-37.76775],[147.11098,-37.76722],[147.11029,-37.76715],[147.10888,-37.76673],[147.10825,-37.76679],[147.10801,-37.76667],[147.1079,-37.76612],[147.10838,-37.76543],[147.10844,-37.76503],[147.10834,-37.76482],[147.10844,-37.76434],[147.10833,-37.76425],[147.10949,-37.76464],[147.11101,-37.76486],[147.11179,-37.76456],[147.11255,-37.76375],[147.1125,-37.76334],[147.1127,-37.76266],[147.11225,-37.76232],[147.11208,-37.76193],[147.11232,-37.76136],[147.11245,-37.76131],[147.11343,-37.76125],[147.11416,-37.76139],[147.11526,-37.7621],[147.11548,-37.76235],[147.11555,-37.76268],[147.11627,-37.76297],[147.11661,-37.7629],[147.11744,-37.76211],[147.1177,-37.76201],[147.11832,-37.76214],[147.11863,-37.76254],[147.11899,-37.76261],[147.11935,-37.76304],[147.11968,-37.76311],[147.12072,-37.76299],[147.12183,-37.76245],[147.12229,-37.76247],[147.12309,-37.76203],[147.1238,-37.76203],[147.12385,-37.76183],[147.12356,-37.76142],[147.12335,-37.76018],[147.12291,-37.75928],[147.12305,-37.75895],[147.12264,-37.75834],[147.12205,-37.75783],[147.11996,-37.7572],[147.11892,-37.75741],[147.11833,-37.75731],[147.11698,-37.75541],[147.11476,-37.75617],[147.11432,-37.7562],[147.11413,-37.75566],[147.11333,-37.75458],[147.11348,-37.75354],[147.11381,-37.75268],[147.11472,-37.75148],[147.11534,-37.75123],[147.11506,-37.75084],[147.11507,-37.74999],[147.11579,-37.74952],[147.11643,-37.74951],[147.117,-37.74922],[147.11786,-37.74904],[147.1181,-37.74878],[147.11672,-37.74878],[147.1147,-37.74856],[147.11438,-37.74803],[147.11404,-37.74677],[147.11352,-37.74681],[147.11332,-37.74665],[147.11327,-37.74717],[147.11269,-37.74735],[147.11125,-37.74725],[147.11107,-37.74699],[147.11038,-37.74712],[147.10961,-37.74627],[147.1098,-37.74597],[147.11023,-37.74597],[147.11067,-37.74553],[147.11066,-37.74519],[147.11031,-37.7447],[147.1102,-37.74403],[147.10974,-37.74305],[147.11004,-37.74257],[147.11071,-37.74193],[147.11065,-37.74089],[147.10903,-37.73952],[147.10877,-37.73823],[147.10881,-37.73788],[147.11064,-37.737],[147.11058,-37.73618],[147.11067,-37.73619],[147.11128,-37.73659],[147.11262,-37.73883],[147.11302,-37.739],[147.11386,-37.7391],[147.11435,-37.73881],[147.1148,-37.73659],[147.1145,-37.73457],[147.11322,-37.73332],[147.11247,-37.73198],[147.11172,-37.73105],[147.11146,-37.73062],[147.11138,-37.72977],[147.11328,-37.72799],[147.11353,-37.72749],[147.11526,-37.72542],[147.11534,-37.7252],[147.11522,-37.72474],[147.11477,-37.72377],[147.11526,-37.72307],[147.11647,-37.72193],[147.11676,-37.72151],[147.11886,-37.72157],[147.11894,-37.72133],[147.11996,-37.72074],[147.12083,-37.71961],[147.12111,-37.71869],[147.12156,-37.71832],[147.12217,-37.71742],[147.12266,-37.71708],[147.1233,-37.71708],[147.12431,-37.71746],[147.12595,-37.71783],[147.12632,-37.71827],[147.12651,-37.71878],[147.12682,-37.71902],[147.12787,-37.71907],[147.12833,-37.71883],[147.12843,-37.7171],[147.12855,-37.71674],[147.1288,-37.7165],[147.12987,-37.71604],[147.13081,-37.71589],[147.13218,-37.71612],[147.13282,-37.71588],[147.13297,-37.71527],[147.13241,-37.71437],[147.13239,-37.71379],[147.13262,-37.71338],[147.13386,-37.71227],[147.1341,-37.71001],[147.13431,-37.70975],[147.13532,-37.70946],[147.13768,-37.70982],[147.13848,-37.71035],[147.13866,-37.71066],[147.13923,-37.71071],[147.14124,-37.71065],[147.14237,-37.71042],[147.14253,-37.71029],[147.14279,-37.70982],[147.14284,-37.70922],[147.14277,-37.70896],[147.14243,-37.70873],[147.14215,-37.70829],[147.14229,-37.70764],[147.143,-37.70732],[147.14364,-37.70742],[147.144,-37.70724],[147.14368,-37.7065],[147.14376,-37.70598],[147.14443,-37.70412],[147.14473,-37.70382],[147.1453,-37.70379],[147.14588,-37.70354],[147.14621,-37.70322],[147.14729,-37.7],[147.14728,-37.69904],[147.1471,-37.698],[147.14694,-37.69803],[147.14687,-37.69857],[147.14629,-37.69838],[147.14477,-37.69682],[147.14404,-37.69649],[147.14345,-37.69568],[147.14233,-37.69567],[147.14185,-37.6951],[147.14171,-37.69411],[147.14144,-37.69367],[147.14167,-37.69282],[147.14121,-37.69234],[147.1396,-37.69195],[147.13935,-37.69172],[147.13921,-37.6912],[147.13946,-37.69066],[147.13926,-37.69056],[147.13908,-37.69017],[147.13839,-37.68986],[147.13838,-37.68967],[147.13808,-37.68933],[147.13859,-37.6882],[147.13831,-37.68783],[147.13837,-37.68765],[147.13766,-37.68744],[147.13664,-37.68751],[147.13681,-37.687],[147.13673,-37.68667],[147.13632,-37.68599],[147.13586,-37.68564],[147.13375,-37.68487],[147.13299,-37.6841],[147.13253,-37.6841],[147.13195,-37.6838],[147.13141,-37.68377],[147.13105,-37.68336],[147.1311,-37.68298],[147.13077,-37.68255],[147.13032,-37.68227],[147.1297,-37.68218],[147.12982,-37.68175],[147.13064,-37.68118],[147.13078,-37.68071],[147.13048,-37.68049],[147.13064,-37.67948],[147.13032,-37.67866],[147.13029,-37.67824],[147.13034,-37.67735],[147.13023,-37.67697],[147.13047,-37.67616],[147.13006,-37.67633],[147.1301,-37.67606],[147.12984,-37.67623],[147.1298,-37.67613],[147.12899,-37.67607],[147.1286,-37.67571],[147.12867,-37.67527],[147.12921,-37.67482],[147.1294,-37.67442],[147.13076,-37.6733],[147.1317,-37.67335],[147.13314,-37.67293],[147.1339,-37.67249],[147.13428,-37.67203],[147.13472,-37.67203],[147.13584,-37.67241],[147.13647,-37.67219],[147.13702,-37.67216],[147.13695,-37.6721],[147.1371,-37.6718],[147.13724,-37.67177],[147.13758,-37.67113],[147.13764,-37.67051],[147.13775,-37.67048],[147.13799,-37.66962],[147.13809,-37.66965],[147.13812,-37.66945],[147.1384,-37.66923],[147.13897,-37.66909],[147.13883,-37.6688],[147.13905,-37.6688],[147.1391,-37.66787],[147.14019,-37.66796],[147.14132,-37.6677],[147.14149,-37.6678],[147.14218,-37.66781],[147.14248,-37.66756],[147.14378,-37.667],[147.14312,-37.66555],[147.14407,-37.66547],[147.14384,-37.66518],[147.14389,-37.66486],[147.14379,-37.66467],[147.14297,-37.66374],[147.14253,-37.66391],[147.14117,-37.66347],[147.14124,-37.6626],[147.14131,-37.66237],[147.14158,-37.66222],[147.14168,-37.66176],[147.1416,-37.66155],[147.14173,-37.66125],[147.14169,-37.66088],[147.14182,-37.6606],[147.1422,-37.66031],[147.1423,-37.65992],[147.14208,-37.65968],[147.1422,-37.65944],[147.14319,-37.65871],[147.14389,-37.65801],[147.14436,-37.65782],[147.14438,-37.65754],[147.1446,-37.65746],[147.14494,-37.65677],[147.14502,-37.65621],[147.14516,-37.65608],[147.14514,-37.65568],[147.14554,-37.65494],[147.14589,-37.6535],[147.14621,-37.65334],[147.14607,-37.6531],[147.1466,-37.6528],[147.14709,-37.65216],[147.14732,-37.65157],[147.14783,-37.65128],[147.14796,-37.65065],[147.14857,-37.64975],[147.14879,-37.64914],[147.15011,-37.6487],[147.14983,-37.6487],[147.14918,-37.64706],[147.14942,-37.64695],[147.15031,-37.64771],[147.15041,-37.64746],[147.15049,-37.64762],[147.15073,-37.64758],[147.15133,-37.64784],[147.15158,-37.64788],[147.15176,-37.64772],[147.15213,-37.648],[147.15257,-37.64791],[147.15291,-37.64802],[147.15366,-37.64797],[147.15433,-37.64776],[147.15544,-37.64788],[147.15567,-37.64777],[147.15727,-37.64801],[147.15767,-37.6483],[147.15786,-37.64812],[147.15839,-37.64804],[147.15836,-37.64812],[147.15919,-37.64825],[147.15944,-37.64807],[147.15965,-37.64811],[147.1597,-37.64797],[147.15999,-37.64806],[147.16025,-37.6478],[147.16037,-37.64791],[147.16019,-37.64795],[147.16028,-37.64806],[147.16138,-37.648],[147.16169,-37.64771],[147.16228,-37.64762],[147.16341,-37.64675],[147.16344,-37.64646],[147.16358,-37.64649],[147.16358,-37.64629],[147.16375,-37.64623],[147.16352,-37.6455],[147.16365,-37.64537],[147.16348,-37.64503],[147.16364,-37.6447],[147.16418,-37.6443],[147.16427,-37.64407],[147.16439,-37.64413],[147.16462,-37.644],[147.16622,-37.64289],[147.16689,-37.64168],[147.16731,-37.64124],[147.16773,-37.64046],[147.16783,-37.64048],[147.16792,-37.64014],[147.1684,-37.63951],[147.16846,-37.63919],[147.16879,-37.63887],[147.16869,-37.63867],[147.16883,-37.63825],[147.16865,-37.63802],[147.16866,-37.6377],[147.16798,-37.63701],[147.16806,-37.63686],[147.16769,-37.63602],[147.16762,-37.63557],[147.16774,-37.6343],[147.16809,-37.63353],[147.17032,-37.63172],[147.17277,-37.63135],[147.17358,-37.63101],[147.17407,-37.63025],[147.17408,-37.62969],[147.17421,-37.62949],[147.17404,-37.62895],[147.17422,-37.62824],[147.17408,-37.62801],[147.17489,-37.62666],[147.17534,-37.62646],[147.17565,-37.62612],[147.17599,-37.62613],[147.17608,-37.62593],[147.17579,-37.62529],[147.17555,-37.62504],[147.17549,-37.62454],[147.17534,-37.62444],[147.17575,-37.62349],[147.176,-37.62315],[147.17675,-37.6226],[147.17818,-37.62073],[147.1797,-37.61989],[147.17947,-37.61956],[147.17832,-37.61912],[147.17813,-37.61883],[147.1776,-37.61853],[147.17739,-37.61793],[147.17679,-37.61738],[147.17673,-37.61698],[147.17704,-37.61725],[147.1782,-37.61735],[147.17869,-37.61716],[147.1792,-37.61771],[147.17983,-37.61808],[147.17995,-37.61799],[147.18068,-37.61819],[147.1808,-37.61802],[147.18107,-37.61805],[147.18165,-37.61842],[147.18201,-37.61888],[147.18191,-37.61894],[147.18206,-37.61919],[147.1825,-37.61964],[147.18381,-37.61994],[147.18405,-37.61981],[147.18405,-37.61951],[147.18357,-37.61911],[147.18304,-37.61823],[147.18281,-37.61816],[147.18196,-37.61731],[147.18189,-37.61693],[147.18159,-37.61643],[147.18109,-37.61626],[147.18076,-37.61588],[147.18035,-37.6158],[147.17948,-37.61502],[147.17928,-37.61472],[147.17912,-37.61373],[147.17952,-37.61414],[147.17954,-37.61439],[147.17964,-37.61418],[147.17974,-37.61436],[147.18046,-37.61462],[147.18076,-37.61454],[147.18094,-37.61424],[147.18147,-37.61455],[147.18187,-37.61451],[147.18199,-37.61461],[147.18309,-37.61432],[147.18364,-37.61371],[147.1843,-37.61334],[147.18466,-37.61344],[147.18549,-37.61325],[147.18571,-37.61329],[147.18607,-37.61364],[147.18733,-37.61438],[147.18732,-37.61343],[147.18818,-37.61243],[147.18902,-37.61228],[147.19041,-37.61231]]]},"properties":{"n":"Track Ninety Six","k":"walk","g":["Walk · 34 km one way · 48 hrs · Grade 5"],"x":"Very experienced bushwalkers","t":"Rough unformed · Very steep and difficult · Occasional steps · No directional signage","d":"The walking track, as well as being interesting historically, traverses some very scenic forest with camp and picnic sites along the way. The total network of tracks that make up Track 96 total 60kms of walking, providing various degrees of difficulty for the casual or experienced walker. The first section may be commenced just north of the Blue Pools walking tracks. Track 96 was retraced and cleared during the 1990s thanks mainly to the efforts of the Ben Cruachan Walking Club who have helped retain a vital link with our past..On leaving the town of Gladstone, Track 96 crossed what is now private property known as Paddy Melon Gully. To pick up Track 96 you will have to walk around the……","a":"From the intersection with Beverley’s Rd travel 24.5km or 25 minutes North on the Dargo Road (C601) to the Pretty Boy Hill carpark. To access the Blue Pool carpark from Briagolong follow the Freestone Creek Road approximately 10km or 10 minutes. Campsites along the route can be accessed via the Freestone Creek Road.","b":[147.1079,-37.78013,147.19041,-37.61228]}},{"type":"Feature","geometry":{"type":"MultiLineString","coordinates":[[[147.06995,-37.85859],[147.06995,-37.85859]]]},"properties":{"n":"Red Gums Walk South Block","k":"walk","g":["Walk · 3 km return · 1 hr · Grade 2.2"],"x":"No experience required","t":"Well formed track · Flat · Limited signage","d":"The South block displays similar vegetation to the North block with some slightly more open areas. It is reasonably flat and can easily be added onto the North loop if you wish to extend your walk.","a":"The Briagolong Red Gum Reserve is located just South of the township of Briagolong on the East side of the Briagolong Road. A picnic area with information shelter is located on the North side of O’Connor Road which cuts through the centre of the reserve.","b":[147.06995,-37.85859,147.06995,-37.85859]}},{"type":"Feature","geometry":{"type":"MultiLineString","coordinates":[[[146.1652,-37.3667],[146.16419,-37.36558],[146.1639,-37.36426],[146.16396,-37.36376],[146.16445,-37.36278],[146.16539,-37.36185],[146.16561,-37.36143],[146.16749,-37.36002],[146.16782,-37.35955],[146.16837,-37.35915],[146.16863,-37.35871],[146.16952,-37.35809],[146.1698,-37.35728],[146.16976,-37.35689],[146.1705,-37.35669],[146.17134,-37.35606],[146.17142,-37.35548],[146.1717,-37.35521]]]},"properties":{"n":"Aberfeldy Backroad Tour - Woods Point to Jamieson - Star of the West","k":"drive","g":["4WD · 3.6 km return · 1–4 hrs · Difficult (Black Diamond)"],"d":"For 4WDs and drivers with reasonable 4WD experience or 4WD training. This side trip to the Old Star of the West Goldmine is well worth the effort. The steep 4WD track can be walked if not suitable to drive. This goldmine was the richest of the local gold mines producing 33,000 ounces of gold (worth $90 million in 2024 values). Evidence remains of mullock heaps, audits, furnace sites and huts. At the end of the vehicle track you can further explore the site via the short Star of the West Goldmine Walk.","a":"This side trip is accessed off the Mansfield – Woods Point Road near Kevington and heads down Star of West Track.","b":[146.1639,-37.3667,146.1717,-37.35521]}},{"type":"Feature","geometry":{"type":"MultiLineString","coordinates":[[[147.56448,-37.703],[147.56328,-37.70245],[147.5628,-37.70191],[147.56217,-37.70158],[147.56275,-37.70168],[147.56364,-37.70214],[147.56296,-37.70151],[147.56368,-37.70182],[147.56435,-37.70177],[147.56419,-37.70159],[147.56545,-37.70148],[147.56507,-37.70121],[147.56532,-37.70118],[147.56608,-37.70154],[147.56587,-37.70123],[147.56669,-37.7016],[147.56597,-37.70103],[147.56747,-37.70157],[147.56789,-37.7019],[147.56789,-37.70172],[147.56764,-37.70148],[147.56774,-37.70144],[147.56841,-37.70189],[147.56804,-37.70127],[147.56825,-37.7013],[147.56817,-37.70112],[147.56759,-37.70072],[147.56875,-37.70082],[147.5691,-37.70095],[147.56949,-37.70144],[147.56953,-37.7013],[147.56971,-37.70157],[147.57003,-37.70165],[147.57028,-37.70206],[147.57041,-37.70179],[147.57028,-37.70147],[147.57059,-37.70159],[147.57083,-37.70209],[147.57076,-37.70232],[147.57092,-37.70286],[147.57101,-37.70277],[147.57111,-37.70291],[147.57104,-37.70318],[147.57121,-37.70314],[147.57122,-37.70365],[147.57144,-37.70375],[147.57131,-37.70392],[147.57179,-37.70414],[147.57197,-37.70461],[147.5721,-37.70409],[147.57229,-37.7045],[147.57257,-37.70473],[147.57262,-37.7046],[147.5728,-37.70466],[147.57284,-37.70404],[147.57323,-37.7041],[147.57338,-37.70445],[147.57362,-37.70448],[147.57366,-37.70481],[147.57349,-37.70524],[147.57368,-37.70572],[147.57384,-37.70569],[147.57389,-37.70598],[147.5743,-37.70596],[147.57557,-37.7055],[147.57642,-37.70541],[147.57686,-37.70521],[147.57759,-37.70534],[147.57825,-37.70495],[147.57899,-37.70487],[147.57967,-37.70437],[147.58188,-37.70372],[147.58259,-37.70319]]]},"properties":{"n":"Mt Taylor All Mountain","k":"ride","g":["Mountain bike · 4.5 km one way · under 1 hr · Intermediate"],"d":"A fast tight flow trail which starts 100 metres below Tower Road from the shuttle turnaround point. A variety of riders will enjoy this track if you have the required skill and stamina to master it. The trail encompasses many jumps, dips, berms, rock gully crossings and some rock slabs. It drops quickly down through tall open eucalypt forest and offers easy but technical features along the way, ending at the picnic area.","a":"From Bairnsdale, travel north through Wy Yung and follow the Bullumwaal Rd. The intersection to Mount Taylor is where the bitumen road turns to gravel.","b":[147.56217,-37.70598,147.58259,-37.70072]}},{"type":"Feature","geometry":{"type":"MultiLineString","coordinates":[[[147.37539,-36.5373],[147.3731,-36.53721],[147.36959,-36.53769],[147.36894,-36.5376],[147.36794,-36.53589],[147.36675,-36.53441],[147.36523,-36.53311],[147.36492,-36.53297],[147.36468,-36.53257],[147.36424,-36.53246]]]},"properties":{"n":"River Walk","k":"walk","g":["Walk · 1.5 km return · 1.25 hrs · Grade 3"],"x":"No experience required","t":"Formed track · Gentle hills · Occasional steps · Sign posted","d":"This track connects the Mitta Mitta Historic Reserve and The Mill camp site. It is a pleasant walk through streamside vegetation with constant views of the powerful Mitta Mitta river.","a":"Access directly from the Mitta Mitta township either via the Mitta Mitta Historic Reserve of the Mill camp site.","b":[147.36424,-36.53769,147.37539,-36.53246]}},{"type":"Feature","geometry":{"type":"MultiLineString","coordinates":[[[145.85511,-37.31174],[145.85543,-37.31205],[145.85538,-37.31237],[145.85516,-37.31257],[145.85524,-37.31293],[145.85548,-37.31341],[145.85596,-37.31387],[145.85635,-37.31465],[145.85679,-37.31522],[145.85736,-37.31565],[145.85745,-37.31587],[145.8577,-37.31596],[145.85786,-37.31629],[145.8582,-37.31657],[145.85848,-37.31717],[145.85895,-37.31723],[145.85938,-37.3177],[145.85924,-37.3181],[145.85967,-37.3186],[145.85998,-37.31923],[145.86043,-37.32057],[145.86039,-37.32114]]]},"properties":{"n":"Kendalls Link Track","k":"ride","g":["Mountain bike · 1 km one way · under 1 hr · Very Easy","Walk · 1 km one way · 18 min · Grade 2.2"],"x":"No experience required","t":"Well formed trk · Flat · Occassional steps · Clearly sign posted","d":"Kendalls Link Trail is a short 1.1 km walk that connects Kendalls Camp to the Boys Camp. This flat, well formed track is a great short stroll through the riparian bush. Easy ride from Kendalls to The Boys camping ground.","b":[145.85511,-37.32114,145.86043,-37.31174]}},{"type":"Feature","geometry":{"type":"MultiLineString","coordinates":[[[147.82681,-37.69351],[147.82681,-37.69351]]]},"properties":{"n":"Plane Crash Loop","k":"walk","g":["Walk · 6 km return · 1–4 hrs · Grade 3"],"x":"Bushwalking experience recommended","t":"Formed track some obstacles · Short steep hills · No steps · Sign posted","d":"A 6km challenging circuit through local forest, with some steep sections including a steep descent into a gully before climbing onto the ridge. The track passes the old plane crash site and the Explosive Magazine site.","a":"Access is via the Great Alpine Rd approx 2km from Bruthen township.","b":[147.82681,-37.69351,147.82681,-37.69351]}},{"type":"Feature","geometry":{"type":"MultiLineString","coordinates":[[[146.73038,-36.56715],[146.73038,-36.56715]]]},"properties":{"n":"Reform Hill Monument Walk","k":"walk","g":["Walk · 1.2 km one way · 30 min · Grade 3"],"x":"Bushwalking experience recommended","t":"Formed track · Short steep hills · Occasional steps · Sign posted","d":"The return walk to the lookout begins at the J.A. Jones Memorial Reserve on the eastern edge of town adjacent to the Murray toMountains Rail Trail. Nearby, Paul’s Gold Battery stands adjacent to several gold mining adits (tunnels) into Reform Hill. Ascendthe Reform Hill Monument Track to the T-intersection then turn left to visit the Hume & Hovell Memorial. From here it is possible to take two different routes tothe lookout, both approximately equal in distance. A large loop can be formed by combining all three tracks. The Reform Hill lookout provides visitors with views ofthe Ovens Valley, Mount Buffalo and the Victorian Alps. Crops of hops, vineyards and pasture give the valley its…","a":"The site can be accessed via the Reform Hill walking track network. The best starting point is Jones Reserve located on the Great Alpine Road in Myrtleford between the Hardware store and Rays Ski Shop.","b":[146.73038,-36.56715,146.73038,-36.56715]}},{"type":"Feature","geometry":{"type":"MultiLineString","coordinates":[[[147.59113,-37.10068],[147.59277,-37.1004],[147.5934,-37.0994],[147.59425,-37.09883],[147.59575,-37.09545],[147.59761,-37.09316],[147.59894,-37.09078],[147.59914,-37.08857],[147.59889,-37.08767],[147.59879,-37.08653],[147.59942,-37.08426],[147.59923,-37.08217],[147.59928,-37.08134],[147.59954,-37.08075],[147.60213,-37.07686],[147.60334,-37.07326],[147.60358,-37.07064],[147.60301,-37.06721],[147.60326,-37.06578],[147.60428,-37.06613],[147.60463,-37.06612],[147.6071,-37.06556],[147.60877,-37.0647],[147.60953,-37.06395],[147.60993,-37.06383],[147.61197,-37.06393],[147.61357,-37.06449],[147.61406,-37.06448],[147.61443,-37.06425],[147.61462,-37.06394],[147.61479,-37.06194],[147.61553,-37.06152],[147.61695,-37.06148],[147.6175,-37.06114],[147.61781,-37.05974],[147.61828,-37.05863],[147.61834,-37.05732],[147.61817,-37.0568],[147.61741,-37.05603],[147.6172,-37.05562],[147.61703,-37.05459],[147.61668,-37.05374],[147.61673,-37.05329],[147.6175,-37.05236],[147.61816,-37.05095],[147.61997,-37.04932],[147.62111,-37.04865],[147.62149,-37.04816],[147.62231,-37.04662],[147.62279,-37.04537],[147.62287,-37.04465],[147.62251,-37.04337],[147.62276,-37.04273],[147.62309,-37.04234],[147.62382,-37.04194],[147.62471,-37.04191],[147.62697,-37.0428],[147.62795,-37.04286],[147.62861,-37.04266],[147.62955,-37.042],[147.63021,-37.04175],[147.63139,-37.04169],[147.63244,-37.04138],[147.63428,-37.04129],[147.6353,-37.04071],[147.63765,-37.03975],[147.63855,-37.0398],[147.63982,-37.04033],[147.64112,-37.04027],[147.64228,-37.04061],[147.64294,-37.04056],[147.64352,-37.04029],[147.64389,-37.03984],[147.64398,-37.03931],[147.64353,-37.03823],[147.64354,-37.03717],[147.64307,-37.03635],[147.6432,-37.03553],[147.64297,-37.0347],[147.64306,-37.03419],[147.64348,-37.03324],[147.64383,-37.03287],[147.64446,-37.03264],[147.64557,-37.03279],[147.6461,-37.0326],[147.64633,-37.03242],[147.6468,-37.03128],[147.64718,-37.03077],[147.64936,-37.02989],[147.65006,-37.02918],[147.65022,-37.02862],[147.6502,-37.02293],[147.65031,-37.02196],[147.65252,-37.01526],[147.65344,-37.01422],[147.65577,-37.01288],[147.65638,-37.01239],[147.65752,-37.01055],[147.65917,-37.00915],[147.65945,-37.00878],[147.66056,-37.00684],[147.66109,-37.00619],[147.66217,-37.00541],[147.67862,-36.99726],[147.69231,-36.99026],[147.69614,-36.98825],[147.6967,-36.98774],[147.69698,-36.98736],[147.69723,-36.98661],[147.69717,-36.98583],[147.69701,-36.98547],[147.69222,-36.97927],[147.69207,-36.97897],[147.69212,-36.9782],[147.69266,-36.97758],[147.70549,-36.97102],[147.70612,-36.9704],[147.70629,-36.96985],[147.70616,-36.96938],[147.70357,-36.96585],[147.70335,-36.96534],[147.70322,-36.95524],[147.70706,-36.95521],[147.70739,-36.95506],[147.70791,-36.95455],[147.70828,-36.95441],[147.70984,-36.95438],[147.71067,-36.95459],[147.71371,-36.95802],[147.71643,-36.95983],[147.72567,-36.97143],[147.72677,-36.97202],[147.72755,-36.97212],[147.72829,-36.97199],[147.72901,-36.97166],[147.75517,-36.95803],[147.75618,-36.95777],[147.75865,-36.95753],[147.75991,-36.95766],[147.76199,-36.95832],[147.76308,-36.95832],[147.76431,-36.95786],[147.77192,-36.95411],[147.7729,-36.95345],[147.77336,-36.95267],[147.77429,-36.94696],[147.774,-36.94632],[147.77329,-36.9454],[147.773,-36.94419],[147.77226,-36.94253],[147.77216,-36.94198],[147.77247,-36.94144],[147.77319,-36.94111],[147.77377,-36.94043],[147.77466,-36.9382],[147.77501,-36.93774],[147.77545,-36.93736],[147.77804,-36.936],[147.77937,-36.93464],[147.7798,-36.9343],[147.78043,-36.93403],[147.78087,-36.93388],[147.78218,-36.93376],[147.78368,-36.93316],[147.7882,-36.93265],[147.78912,-36.9323],[147.78983,-36.93169],[147.79015,-36.93116],[147.79038,-36.92874],[147.79052,-36.92657],[147.79013,-36.92454],[147.79047,-36.92379],[147.79085,-36.92347],[147.79281,-36.92268],[147.79361,-36.92189],[147.7961,-36.91772],[147.79826,-36.91476],[147.7992,-36.9142],[147.80288,-36.913],[147.80394,-36.91225],[147.80556,-36.90968],[147.80641,-36.90879],[147.80851,-36.90714],[147.80904,-36.90653],[147.80925,-36.90611],[147.80935,-36.90539],[147.80881,-36.90387],[147.80913,-36.90315],[147.81109,-36.90232],[147.81203,-36.90173],[147.81233,-36.90146],[147.81251,-36.90063],[147.81331,-36.90012],[147.81495,-36.90039],[147.81703,-36.89948],[147.82046,-36.89889],[147.82118,-36.89892],[147.82539,-36.89969],[147.82677,-36.90035],[147.82748,-36.90058],[147.82795,-36.90059],[147.83201,-36.89973],[147.83399,-36.89996],[147.83616,-36.89867],[147.84886,-36.89877],[147.85072,-36.89936],[147.85616,-36.90166],[147.85661,-36.90165],[147.86048,-36.90001],[147.86144,-36.89984],[147.86188,-36.90013],[147.8625,-36.90113],[147.8629,-36.9014],[147.86479,-36.90164],[147.86513,-36.90155],[147.86611,-36.90019],[147.86662,-36.89998],[147.86778,-36.89972],[147.8748,-36.89876],[147.87508,-36.89867],[147.87646,-36.89761],[147.87898,-36.89687],[147.88056,-36.89667],[147.88416,-36.89656],[147.88493,-36.89681],[147.88589,-36.89773],[147.88635,-36.89788],[147.88687,-36.89772],[147.8876,-36.89724],[147.88833,-36.89717],[147.89101,-36.89746],[147.89276,-36.89741],[147.89601,-36.89621],[147.89788,-36.89519],[147.90047,-36.89405],[147.90185,-36.89363],[147.90345,-36.89392],[147.90582,-36.89409],[147.90758,-36.89469],[147.90991,-36.89512],[147.91075,-36.89547],[147.91214,-36.8965],[147.91454,-36.89725],[147.91523,-36.89787],[147.91577,-36.89761],[147.91643,-36.89759],[147.92063,-36.89849],[147.92799,-36.8985],[147.92863,-36.89832],[147.92964,-36.89766],[147.9307,-36.89757],[147.93193,-36.89783],[147.933,-36.89853],[147.93373,-36.89872],[147.94045,-36.89794],[147.94155,-36.8973],[147.94256,-36.89709],[147.94381,-36.89648],[147.94528,-36.89615],[147.94646,-36.8957],[147.94903,-36.89547],[147.9508,-36.89577],[147.95196,-36.8958],[147.95498,-36.89551],[147.95765,-36.89634],[147.95992,-36.89646],[147.96107,-36.89671],[147.96445,-36.89626],[147.96789,-36.89626],[147.96879,-36.89611],[147.97004,-36.89639],[147.9713,-36.89644],[147.97336,-36.89727],[147.97406,-36.89837],[147.97478,-36.89885],[147.97547,-36.89907],[147.97744,-36.89869],[147.97816,-36.89829],[147.97835,-36.89794],[147.97865,-36.89772],[147.97934,-36.89747],[147.98152,-36.89745],[147.98179,-36.89732],[147.98287,-36.89728],[147.98417,-36.89741],[147.98483,-36.89729],[147.98571,-36.89678],[147.98666,-36.8958],[147.9872,-36.89552],[147.98748,-36.89523],[147.98804,-36.89439],[147.98809,-36.89369],[147.98864,-36.89285],[147.98888,-36.89196],[147.98919,-36.89173],[147.99004,-36.8916],[147.99044,-36.89138],[147.99191,-36.88997],[147.99249,-36.88971],[147.9938,-36.88949],[147.99508,-36.889],[147.99526,-36.88881],[147.99539,-36.88817],[147.99779,-36.8867],[147.99925,-36.88661],[148.00067,-36.88495],[148.00088,-36.88401],[148.00111,-36.88365],[148.00326,-36.88316],[148.00418,-36.88267],[148.00562,-36.88166],[148.01052,-36.88035],[148.01343,-36.87929],[148.01396,-36.87935],[148.01538,-36.88006],[148.01647,-36.88034],[148.01792,-36.88008],[148.01834,-36.88023],[148.01852,-36.88059],[148.01833,-36.88118],[148.01814,-36.88148],[148.01761,-36.88184],[148.01758,-36.88201],[148.01781,-36.88227],[148.01886,-36.88262],[148.02211,-36.88303],[148.02328,-36.88257],[148.02662,-36.88181],[148.02788,-36.88229],[148.02882,-36.88226],[148.02909,-36.88216],[148.02979,-36.88145],[148.03093,-36.88092],[148.03118,-36.88066],[148.03199,-36.87926],[148.03221,-36.87791],[148.03261,-36.8772],[148.03315,-36.87668],[148.0335,-36.87678],[148.03363,-36.87701],[148.03365,-36.8782],[148.03375,-36.87856],[148.03406,-36.87889],[148.03482,-36.87909],[148.03753,-36.87922],[148.03869,-36.8785],[148.03951,-36.87844],[148.03978,-36.87805],[148.03984,-36.87758],[148.04135,-36.87656],[148.04212,-36.87624],[148.04353,-36.87595],[148.04377,-36.8757],[148.04386,-36.87512],[148.04462,-36.87442],[148.04672,-36.87376],[148.04727,-36.87338],[148.04786,-36.87346],[148.04825,-36.87366],[148.04898,-36.87355],[148.04985,-36.87322],[148.05088,-36.87325],[148.05135,-36.87342],[148.05191,-36.87319],[148.0519,-36.87273],[148.053,-36.87346],[148.05333,-36.87582],[148.05291,-36.8767],[148.0529,-36.87705],[148.05341,-36.87758],[148.05442,-36.87814],[148.055,-36.87888],[148.05642,-36.87913],[148.05675,-36.88096],[148.05713,-36.88133],[148.05746,-36.88129],[148.0576,-36.88109],[148.0576,-36.88067],[148.05823,-36.87885],[148.05887,-36.87817],[148.0618,-36.8773],[148.06229,-36.87737],[148.06312,-36.87777],[148.06377,-36.87765],[148.0643,-36.87725],[148.06503,-36.87611],[148.06593,-36.87553],[148.06678,-36.87521],[148.06747,-36.87519],[148.06833,-36.87548],[148.06934,-36.87591],[148.07098,-36.8771],[148.07396,-36.87802],[148.07498,-36.87809],[148.07727,-36.87779],[148.07911,-36.87789],[148.07998,-36.87772],[148.08087,-36.87723],[148.08136,-36.87717],[148.08223,-36.87721],[148.08319,-36.8776],[148.08434,-36.87941],[148.08463,-36.88076],[148.08559,-36.88142],[148.08616,-36.88205],[148.08634,-36.88249],[148.08626,-36.88268],[148.08523,-36.88311],[148.08506,-36.88382],[148.08386,-36.88507],[148.08432,-36.88589],[148.08415,-36.88633],[148.08368,-36.88659],[148.08368,-36.88675],[148.08402,-36.88717],[148.08412,-36.88786],[148.08459,-36.88876],[148.08453,-36.88954],[148.08491,-36.89023],[148.08593,-36.89147],[148.08702,-36.8923],[148.08757,-36.89256],[148.0887,-36.89353],[148.08891,-36.89383],[148.0892,-36.89474],[148.08997,-36.89573],[148.09008,-36.89625],[148.09025,-36.89645],[148.09211,-36.89758],[148.09241,-36.8976],[148.09252,-36.89734],[148.09274,-36.89726],[148.09328,-36.89746],[148.09383,-36.8979],[148.09394,-36.89851],[148.09431,-36.89888],[148.09414,-36.90003],[148.09448,-36.90073],[148.09478,-36.90103],[148.09549,-36.90118],[148.097,-36.90112],[148.09816,-36.90138],[148.09998,-36.90235],[148.1014,-36.90259],[148.10223,-36.90292],[148.10439,-36.90426],[148.1049,-36.90427],[148.10627,-36.90374],[148.10911,-36.90444],[148.10953,-36.90469],[148.1104,-36.90566],[148.11158,-36.90634],[148.11161,-36.90661],[148.11137,-36.90684],[148.1112,-36.90737],[148.11122,-36.90756],[148.11152,-36.90783],[148.11314,-36.90828],[148.11423,-36.90804],[148.11508,-36.90816],[148.11608,-36.90852],[148.11754,-36.90939],[148.11884,-36.91055],[148.12014,-36.91144],[148.12238,-36.9134],[148.12276,-36.91361],[148.12391,-36.91375],[148.12404,-36.91389],[148.12394,-36.91462],[148.12442,-36.91554],[148.12508,-36.91635],[148.12625,-36.91713],[148.12662,-36.91751],[148.12683,-36.91857],[148.12703,-36.91888],[148.12821,-36.91996],[148.12867,-36.92048],[148.12938,-36.92173],[148.13058,-36.92288],[148.13136,-36.92343],[148.13282,-36.9241],[148.13436,-36.92509],[148.13645,-36.92557],[148.13852,-36.92624],[148.13988,-36.92774],[148.14082,-36.92979],[148.14181,-36.93071],[148.14251,-36.93084],[148.14438,-36.9308],[148.14757,-36.93134],[148.14819,-36.9306],[148.14825,-36.92974],[148.14847,-36.9293],[148.14953,-36.92848],[148.15002,-36.92844],[148.15158,-36.92882],[148.15226,-36.9288],[148.15379,-36.92775],[148.15595,-36.92739],[148.15688,-36.92744],[148.15803,-36.92777],[148.15873,-36.92883],[148.15918,-36.92914],[148.16102,-36.92855],[148.16165,-36.9286],[148.16233,-36.92907],[148.16323,-36.9293],[148.16428,-36.93042],[148.16461,-36.93111],[148.16574,-36.93166],[148.16645,-36.93164],[148.16732,-36.93138],[148.1678,-36.93119],[148.16827,-36.93063],[148.16855,-36.93057],[148.17014,-36.93078],[148.171,-36.93017],[148.17145,-36.93026],[148.17236,-36.93082],[148.17261,-36.93086],[148.17376,-36.93052],[148.17532,-36.93035],[148.17704,-36.92967],[148.17799,-36.92947],[148.17845,-36.92901],[148.17889,-36.92818],[148.17924,-36.92785],[148.17973,-36.9275],[148.18109,-36.927],[148.18132,-36.92647],[148.1811,-36.92561],[148.18117,-36.92515],[148.18257,-36.92337],[148.18358,-36.92274],[148.1857,-36.92171],[148.18697,-36.92051],[148.18834,-36.91949],[148.18984,-36.91915],[148.1906,-36.91919],[148.19105,-36.91939],[148.19173,-36.91998],[148.19172,-36.92047],[148.19036,-36.92226],[148.1905,-36.92252],[148.19108,-36.9226],[148.19277,-36.92225],[148.19514,-36.92294],[148.19677,-36.92442],[148.19864,-36.92538],[148.19915,-36.9252],[148.19984,-36.92468],[148.20089,-36.92426],[148.20161,-36.92439],[148.2024,-36.92529],[148.20354,-36.92557],[148.20485,-36.92562],[148.20625,-36.92511],[148.2067,-36.92507],[148.20714,-36.92529],[148.20772,-36.92713],[148.20858,-36.92781],[148.2099,-36.92817],[148.21044,-36.92867],[148.21095,-36.92937],[148.21118,-36.92992],[148.21091,-36.93083],[148.21156,-36.93259],[148.21296,-36.93431],[148.21412,-36.93536],[148.21535,-36.93569],[148.21597,-36.93624],[148.2177,-36.93841],[148.21875,-36.94021],[148.21956,-36.94047],[148.22116,-36.93978],[148.22217,-36.93975],[148.2231,-36.93998],[148.22517,-36.93942],[148.22576,-36.93943],[148.22572,-36.93968],[148.22543,-36.93986],[148.22454,-36.94088],[148.22404,-36.94183],[148.22399,-36.94221],[148.22441,-36.94328],[148.22383,-36.94415],[148.22418,-36.94428],[148.2255,-36.94432],[148.22625,-36.9448],[148.22706,-36.94591],[148.22784,-36.94659],[148.22809,-36.94702],[148.22982,-36.94797],[148.23001,-36.94875],[148.23154,-36.94902],[148.23308,-36.94965],[148.23353,-36.95002],[148.23363,-36.95064],[148.23357,-36.95103],[148.23333,-36.95152],[148.23284,-36.95187],[148.23272,-36.95213],[148.2327,-36.95303],[148.23293,-36.9537],[148.23298,-36.95432],[148.23237,-36.95515],[148.23242,-36.95562],[148.23259,-36.95583],[148.23336,-36.95598],[148.23515,-36.95603],[148.23599,-36.95643],[148.23744,-36.95769],[148.23813,-36.95849],[148.23875,-36.95884],[148.23905,-36.95928],[148.23927,-36.96011],[148.24011,-36.96092],[148.24044,-36.9616],[148.24044,-36.96202],[148.24008,-36.96261],[148.23984,-36.96338],[148.24009,-36.96505],[148.23997,-36.96543],[148.23883,-36.96654],[148.23881,-36.96743],[148.23791,-36.96872],[148.23728,-36.96931],[148.2362,-36.97116],[148.23422,-36.97321],[148.23202,-36.97395],[148.2304,-36.97483],[148.22973,-36.97506],[148.22957,-36.9753],[148.22931,-36.97696],[148.22944,-36.97735],[148.23084,-36.97825],[148.2308,-36.97955],[148.23123,-36.98072],[148.23039,-36.98354],[148.23036,-36.98489],[148.23052,-36.98597],[148.23046,-36.98743],[148.23077,-36.98819],[148.23218,-36.99003],[148.23345,-36.99221],[148.2334,-36.99282],[148.2322,-36.99431],[148.23207,-36.99536],[148.2324,-36.99566],[148.23436,-36.99655],[148.23526,-36.99732],[148.23551,-36.99805],[148.23542,-36.99846],[148.23555,-37.00017],[148.23943,-37.00357],[148.24011,-37.00398],[148.24093,-37.0043],[148.24436,-37.00511],[148.24479,-37.00532],[148.24594,-37.0064],[148.24646,-37.00672],[148.24716,-37.00693],[148.24796,-37.00698],[148.24973,-37.0075],[148.25051,-37.00807],[148.26224,-37.00886],[148.26452,-37.00923],[148.26533,-37.00912],[148.26963,-37.00915],[148.2701,-37.00945],[148.27577,-37.01484],[148.27528,-37.01531],[148.2747,-37.01624],[148.27412,-37.01738],[148.27363,-37.01882],[148.27366,-37.0193],[148.27434,-37.02118],[148.27438,-37.0218],[148.27351,-37.02526],[148.27328,-37.03111],[148.27369,-37.03258],[148.27373,-37.03325],[148.27327,-37.03501],[148.27322,-37.03559],[148.27329,-37.03811],[148.27355,-37.03911],[148.2743,-37.03996],[148.27588,-37.04085],[148.27631,-37.04165],[148.27627,-37.04255],[148.27569,-37.0437],[148.27563,-37.04431],[148.27636,-37.04553],[148.27672,-37.04723],[148.27662,-37.04774],[148.27614,-37.04854],[148.27588,-37.05019],[148.27571,-37.05041],[148.2752,-37.05064],[148.27313,-37.05037],[148.26754,-37.05111],[148.26478,-37.05061],[148.2631,-37.05053],[148.26247,-37.05071],[148.26143,-37.05149],[148.26,-37.05223],[148.25961,-37.05259],[148.25941,-37.05334],[148.25953,-37.05438],[148.25933,-37.05512],[148.2594,-37.05661],[148.25983,-37.05837],[148.2612,-37.06051],[148.26171,-37.06357],[148.25997,-37.07396],[148.26053,-37.07776],[148.25907,-37.08164],[148.25837,-37.08466],[148.25704,-37.08911],[148.25666,-37.08961],[148.25488,-37.09081],[148.25436,-37.09146],[148.25402,-37.09231],[148.25282,-37.09329],[148.25296,-37.09421],[148.25286,-37.0952],[148.2531,-37.09656],[148.253,-37.09728],[148.25208,-37.10088],[148.25069,-37.1024],[148.25016,-37.10433],[148.25006,-37.10649],[148.2515,-37.10865],[148.25163,-37.10928],[148.25155,-37.11027],[148.25101,-37.11112],[148.24983,-37.11213],[148.2476,-37.11315],[148.24681,-37.1138],[148.24588,-37.11485],[148.24543,-37.11495],[148.24502,-37.11484],[148.24398,-37.11385],[148.24267,-37.11373],[148.24228,-37.11382],[148.24216,-37.11409],[148.24224,-37.11435],[148.24449,-37.11641],[148.24468,-37.11674],[148.24462,-37.11702],[148.24439,-37.11719],[148.24337,-37.11726],[148.24105,-37.11785],[148.24021,-37.11828],[148.24007,-37.11847],[148.24018,-37.11878],[148.24055,-37.11907],[148.24154,-37.11892],[148.24241,-37.11905],[148.24298,-37.11927],[148.24384,-37.12],[148.24525,-37.12019],[148.24629,-37.12089],[148.24741,-37.12239],[148.24769,-37.12259],[148.24871,-37.12259],[148.24925,-37.12303],[148.24926,-37.12353],[148.24819,-37.12464],[148.24776,-37.12535],[148.24579,-37.12644],[148.24503,-37.12697],[148.24491,-37.12717],[148.24488,-37.12771],[148.24513,-37.12813],[148.24517,-37.12846],[148.24479,-37.12926],[148.24494,-37.12991],[148.24489,-37.13036],[148.24439,-37.13132],[148.24516,-37.13263],[148.24499,-37.13359],[148.2443,-37.13494],[148.24252,-37.13569],[148.24233,-37.13599],[148.24233,-37.13633],[148.24282,-37.1368],[148.24425,-37.13753],[148.24486,-37.13894],[148.24552,-37.13984],[148.24564,-37.14255],[148.24624,-37.14335],[148.24713,-37.1436],[148.24752,-37.14384],[148.24764,-37.14424],[148.24756,-37.14536],[148.24773,-37.1457],[148.24854,-37.14614],[148.24937,-37.14593],[148.24998,-37.14604],[148.25017,-37.14619],[148.25045,-37.14685],[148.25113,-37.14752],[148.25188,-37.14879],[148.25473,-37.15105],[148.25553,-37.152],[148.25888,-37.1584],[148.25972,-37.16343],[148.26019,-37.16474],[148.26292,-37.16794],[148.26426,-37.17092],[148.26695,-37.17365],[148.26789,-37.17489],[148.26831,-37.17589],[148.2689,-37.17818],[148.26934,-37.18149],[148.26942,-37.18385],[148.26893,-37.18676],[148.26937,-37.19308],[148.26925,-37.19744],[148.26897,-37.19918],[148.26954,-37.20289],[148.26908,-37.20529],[148.26909,-37.20581],[148.26975,-37.21022],[148.26947,-37.21129],[148.26836,-37.21309],[148.26817,-37.21479],[148.26797,-37.21538],[148.26674,-37.21721],[148.26604,-37.22019],[148.26555,-37.22093],[148.26359,-37.2229],[148.2634,-37.22322],[148.26371,-37.22428],[148.26373,-37.22541],[148.26343,-37.22646],[148.26309,-37.22953],[148.26246,-37.2303],[148.26032,-37.23204],[148.2598,-37.23275],[148.25962,-37.23345],[148.25966,-37.23422],[148.25954,-37.2346],[148.25923,-37.2353],[148.25843,-37.23639],[148.25847,-37.23683],[148.25879,-37.23752],[148.25866,-37.23822],[148.25813,-37.23874],[148.25619,-37.24005],[148.25564,-37.24074],[148.25563,-37.24137],[148.25613,-37.24256],[148.25615,-37.24308],[148.25537,-37.2449],[148.25531,-37.24656],[148.25513,-37.24723],[148.2545,-37.24798],[148.24973,-37.251],[148.24929,-37.25157],[148.24901,-37.25233],[148.24797,-37.26036],[148.24815,-37.26119],[148.24853,-37.26181],[148.25025,-37.26355],[148.25108,-37.26573],[148.25162,-37.26649],[148.25491,-37.26883],[148.25536,-37.26925],[148.2558,-37.27034],[148.2561,-37.27325],[148.25502,-37.27889],[148.25603,-37.28125],[148.25628,-37.28221],[148.25587,-37.28465],[148.25596,-37.28701],[148.25578,-37.29021],[148.25604,-37.29113],[148.25605,-37.29183],[148.2517,-37.29596],[148.24949,-37.29711],[148.24865,-37.2977],[148.24687,-37.2995],[148.24653,-37.3],[148.24634,-37.3006],[148.24627,-37.30176],[148.24683,-37.30473],[148.24683,-37.30535],[148.24662,-37.30666],[148.24595,-37.30799],[148.24592,-37.30831],[148.24624,-37.30993],[148.24605,-37.31049],[148.24491,-37.31197],[148.24454,-37.31265],[148.24426,-37.31548],[148.24437,-37.31646],[148.24495,-37.31768],[148.24473,-37.3192],[148.24504,-37.32058],[148.24488,-37.3215],[148.24432,-37.32225],[148.24148,-37.32447],[148.23856,-37.32576],[148.23783,-37.32633],[148.23394,-37.33126],[148.2324,-37.33451],[148.22862,-37.33957],[148.22845,-37.34004],[148.22848,-37.34064],[148.22993,-37.34394],[148.22982,-37.34494],[148.2284,-37.34883],[148.2287,-37.3503],[148.22871,-37.35099],[148.22795,-37.35281],[148.22867,-37.35482],[148.2285,-37.35574],[148.228,-37.35649],[148.22648,-37.35798],[148.22335,-37.35951],[148.22123,-37.36126],[148.22087,-37.36199],[148.22056,-37.36382],[148.21836,-37.36605],[148.21824,-37.36663],[148.21864,-37.36772],[148.21881,-37.36883],[148.21922,-37.36963],[148.21983,-37.37006],[148.21938,-37.37073],[148.21989,-37.37125],[148.22005,-37.37208],[148.21986,-37.37234],[148.21918,-37.37278],[148.21902,-37.37357],[148.21771,-37.37476],[148.21756,-37.37515],[148.21757,-37.37584],[148.21693,-37.37646],[148.21673,-37.37683],[148.21672,-37.37787],[148.21714,-37.37873],[148.2173,-37.37979],[148.21774,-37.37996],[148.2187,-37.37959],[148.21902,-37.37972],[148.2192,-37.38003],[148.219,-37.38099],[148.21858,-37.38205],[148.21876,-37.38316],[148.21859,-37.38444],[148.21888,-37.38537],[148.21848,-37.3857],[148.21728,-37.38626],[148.217,-37.38657],[148.21692,-37.3869],[148.21729,-37.38774],[148.21858,-37.38924],[148.21896,-37.39021],[148.21904,-37.39093],[148.21631,-37.39593],[148.21589,-37.39627],[148.21353,-37.39717],[148.21296,-37.39785],[148.21287,-37.3983],[148.2131,-37.39893],[148.21399,-37.39966],[148.2144,-37.40025],[148.21454,-37.401],[148.21441,-37.40156],[148.21362,-37.40239],[148.21192,-37.40315],[148.2113,-37.40382],[148.21123,-37.40426],[148.2115,-37.40598],[148.21144,-37.40648],[148.21116,-37.40683],[148.20988,-37.40755],[148.2093,-37.40807],[148.2093,-37.40854],[148.20965,-37.40975],[148.20937,-37.41169],[148.20916,-37.41212],[148.20874,-37.41239],[148.20827,-37.41244],[148.20601,-37.41194],[148.20551,-37.41213],[148.20526,-37.41242],[148.20515,-37.41284],[148.20517,-37.41421],[148.20559,-37.41475],[148.20657,-37.41533],[148.20663,-37.41566],[148.20649,-37.41593],[148.20572,-37.41638],[148.20427,-37.41649],[148.20247,-37.41755],[148.20117,-37.4181],[148.20093,-37.41834],[148.20074,-37.41907],[148.20085,-37.4194],[148.20115,-37.41966],[148.20252,-37.41996],[148.20484,-37.42014],[148.20529,-37.42033],[148.20545,-37.4207],[148.20519,-37.42099],[148.20388,-37.42131],[148.2031,-37.4217],[148.2028,-37.42198],[148.20248,-37.42285],[148.20236,-37.42427],[148.20154,-37.42565],[148.20026,-37.42672],[148.19987,-37.4273],[148.19825,-37.43234],[148.1973,-37.43419],[148.19676,-37.43477],[148.19545,-37.43549],[148.19471,-37.43615],[148.19241,-37.43715],[148.19147,-37.43774],[148.19112,-37.43816],[148.191,-37.43873],[148.19115,-37.43924],[148.19169,-37.44016],[148.19284,-37.44135],[148.19311,-37.442],[148.19284,-37.44275],[148.19121,-37.44398],[148.19079,-37.44467],[148.19093,-37.44537],[148.19173,-37.4463],[148.19199,-37.44704],[148.19198,-37.44805],[148.19232,-37.45139],[148.19178,-37.45302],[148.19318,-37.4543],[148.1935,-37.45502],[148.19448,-37.45622],[148.19466,-37.45715],[148.19531,-37.45747],[148.19624,-37.45838],[148.19652,-37.45882],[148.19659,-37.45937],[148.19634,-37.46003],[148.19545,-37.46114],[148.19543,-37.46227],[148.19522,-37.46275],[148.19497,-37.463],[148.19333,-37.46426],[148.19184,-37.46433],[148.1912,-37.46475],[148.19116,-37.46527],[148.19174,-37.46661],[148.19168,-37.46699],[148.19095,-37.46786],[148.1903,-37.46949],[148.19001,-37.46996],[148.18902,-37.47048],[148.18736,-37.47269],[148.18617,-37.4733],[148.18517,-37.47438],[148.18505,-37.47473],[148.18514,-37.47578],[148.18497,-37.47645],[148.18441,-37.4765],[148.18276,-37.47571],[148.18255,-37.47571],[148.18232,-37.47603],[148.18234,-37.47671],[148.18221,-37.47695],[148.18129,-37.47738],[148.18105,-37.47762],[148.18117,-37.47814],[148.18209,-37.47989],[148.18607,-37.48298],[148.18693,-37.48378],[148.18691,-37.48527],[148.18747,-37.48616],[148.1868,-37.4876],[148.187,-37.48891],[148.1863,-37.48959],[148.18621,-37.48982],[148.18634,-37.49042],[148.18627,-37.49087],[148.18588,-37.49119],[148.18523,-37.49143],[148.18375,-37.49227],[148.18291,-37.49245],[148.18216,-37.49244],[148.18055,-37.49224],[148.17953,-37.49169],[148.1785,-37.49136],[148.17675,-37.49132],[148.17544,-37.49047],[148.17304,-37.49013],[148.17268,-37.49029],[148.17252,-37.49056],[148.17259,-37.49181],[148.17268,-37.4921],[148.17402,-37.49399],[148.1741,-37.49486]]]},"properties":{"n":"High Country Backroad Tour - Omeo to Buchan","k":"drive","g":["4WD · 167 km one way · 4+ hrs · Easy (Green Circle)"],"d":"This drive is suitable for novice drivers in all-wheel drive and high range 4WDs. This half to full day tour (depending on stops) heads from Omeo across the Limestone Road to Gelantipy before descending down into Buchan. This road can be closed due to snow over the winter months but showcases some fabulous areas of the Alpine National Park. This is a great way to cut across from the Omeo Valley to the Buchan Valley and taking in some new sites along the way. The tour begins at Omeo’s Livingstone Creek Park. Follow Creek Street, then turn left onto Great Alpine Road, veering left onto Omeo Highway. Next, turn right onto Benambra Road and take another left towards McMillan's Lookout, for…","a":"The tour starts at Omeo’s Livingstone Creek Park, heading north on Day Avenue and onto the Omeo Highway. The route is subject to roaming stock and feral horses are widespread and are often seen on the roads so drive with care. Roads subject to frost, ice and snow which may lead to temporary road closures – Chains should be carried during winter.","b":[147.59113,-37.49486,148.27672,-36.87273]}},{"type":"Feature","geometry":{"type":"MultiLineString","coordinates":[[[145.73641,-37.54254],[145.73631,-37.54236],[145.73561,-37.54225],[145.7353,-37.54184],[145.73524,-37.54148],[145.73562,-37.54067],[145.73564,-37.54032],[145.73518,-37.53984],[145.73455,-37.53961],[145.73454,-37.53899],[145.7347,-37.53855],[145.73535,-37.53822],[145.73537,-37.53795],[145.73552,-37.53783],[145.73587,-37.53773],[145.73624,-37.53789],[145.73641,-37.53751],[145.7377,-37.53718],[145.73823,-37.53671],[145.73845,-37.53633],[145.73815,-37.53593],[145.7381,-37.53543],[145.73839,-37.53524],[145.73887,-37.53518],[145.73895,-37.53387],[145.73933,-37.5334],[145.73964,-37.53335],[145.74027,-37.53284],[145.74038,-37.53233],[145.74066,-37.5326],[145.74105,-37.53272],[145.74134,-37.53273],[145.74174,-37.53243],[145.74188,-37.53205],[145.74244,-37.53165],[145.74253,-37.5313],[145.74244,-37.5309],[145.743,-37.53002],[145.74309,-37.52927],[145.74387,-37.52917],[145.74422,-37.52874],[145.74456,-37.52863],[145.74476,-37.5284],[145.74538,-37.52825],[145.74572,-37.52804],[145.74579,-37.52785],[145.74564,-37.52744],[145.74586,-37.52713],[145.74587,-37.52676],[145.74601,-37.52654],[145.74752,-37.52609],[145.74947,-37.52592],[145.74977,-37.52559],[145.75003,-37.52493],[145.75056,-37.52457],[145.75058,-37.52385],[145.75042,-37.52353],[145.75007,-37.52341],[145.7497,-37.52308],[145.74893,-37.52295],[145.74825,-37.52303],[145.74715,-37.52229],[145.74741,-37.52146],[145.74736,-37.52064],[145.74758,-37.51946],[145.74785,-37.51893],[145.74792,-37.51815],[145.7485,-37.51677],[145.74921,-37.51606],[145.74639,-37.51377],[145.74185,-37.51382],[145.74165,-37.51341],[145.74118,-37.51327],[145.74148,-37.51382],[145.74151,-37.5142],[145.74106,-37.51396],[145.73995,-37.51405],[145.73885,-37.51394],[145.73816,-37.51431],[145.73779,-37.51486],[145.73722,-37.51508],[145.73615,-37.51458],[145.73556,-37.51453],[145.7342,-37.5157],[145.73468,-37.51687],[145.73464,-37.5177],[145.73481,-37.51829],[145.73467,-37.51862],[145.73464,-37.51935],[145.73436,-37.51977],[145.73416,-37.52047],[145.73424,-37.52065],[145.73454,-37.52078],[145.73462,-37.52111],[145.73435,-37.52144],[145.73449,-37.52179],[145.73382,-37.52167],[145.73398,-37.5223],[145.73346,-37.52288],[145.73389,-37.52335],[145.73546,-37.52412],[145.73695,-37.52566],[145.73694,-37.52594],[145.73651,-37.52627],[145.73615,-37.52819],[145.7362,-37.52852],[145.73673,-37.52903],[145.73674,-37.52941],[145.73699,-37.53003],[145.73797,-37.53053],[145.73832,-37.53123],[145.7388,-37.53136],[145.73905,-37.53175],[145.74012,-37.53189],[145.74038,-37.53233]]]},"properties":{"n":"Wilks Creek Trail","k":"ride","g":["Mountain bike · 8.5 km return · under 1 hr · Easy","Horse riding · 8.5 km return · 1–4 hrs · Moderate","Walk · 8.5 km return · 1.5 hrs · Grade 3"],"x":"Bushwalking experience recommended","t":"Formed track · Short steep hills · No steps · Sign posted","d":"An enjoyable walk through forests and past farmland with the option of lunch in Marysville at the halfway point. You may see other users on this shared trail as mountain bikes and horse riders occasionally also use this trail. A well-defined trail shared with walkers and horse riders. A mostly contoured trail but with some ups and downs which makes for an enjoyable ride to exercise the heart and mind. This circuit ride starts and ends at Andersons Mill which is about 4km south of Marysville. Andersons Mill has plenty of room for vehicles and floats but will often have other campers there as well. The campsite has 12 horse yards and room for more electric yards. It also has a water trough…","a":"The trail starts from Anderson Mill campground. To get to Anderson Mill from Marysville,head up Lyell street off the main street. Lyell Street becomes Paradise Plains Road. Continue on Paradise Plains Road, past the Marysville reservoir, and shortly after, turn right down Anderson Mill Road. Continue on for approximately 2.5km. The turnoff to Anderson Mill campground is on your left hand side and clearly sign posted","b":[145.73346,-37.54254,145.75058,-37.51327]}},{"type":"Feature","geometry":{"type":"MultiLineString","coordinates":[[[148.0962,-37.72203],[148.09551,-37.7212],[148.09552,-37.72019],[148.09458,-37.71921],[148.09411,-37.71904],[148.09381,-37.71913],[148.09359,-37.71933],[148.09386,-37.71988],[148.0935,-37.71981],[148.0934,-37.72021],[148.09205,-37.72021],[148.0918,-37.71963],[148.09178,-37.71835],[148.09144,-37.71844],[148.09082,-37.7189],[148.08989,-37.71904],[148.08922,-37.71896],[148.08951,-37.7186],[148.08991,-37.71849],[148.09045,-37.71807],[148.09091,-37.71722],[148.09103,-37.71643],[148.09025,-37.71703],[148.08931,-37.71748],[148.08964,-37.71696],[148.08993,-37.71674],[148.09032,-37.71605],[148.09016,-37.71568],[148.08997,-37.71608],[148.08975,-37.7162],[148.08954,-37.71546],[148.08904,-37.71559],[148.08877,-37.71501],[148.08857,-37.71542],[148.08837,-37.71553],[148.08824,-37.71536],[148.08802,-37.7154],[148.08805,-37.71519],[148.08787,-37.71522],[148.0879,-37.715],[148.08753,-37.71452],[148.08705,-37.71426],[148.08713,-37.71467],[148.08686,-37.71464],[148.0865,-37.71386],[148.08679,-37.71318],[148.08643,-37.71349],[148.0862,-37.71346],[148.08627,-37.71254],[148.08599,-37.71225],[148.08612,-37.71184],[148.08561,-37.71178],[148.08711,-37.70949],[148.08698,-37.70941],[148.0865,-37.70974],[148.08639,-37.70969],[148.087,-37.70879],[148.08705,-37.70853],[148.08683,-37.70815],[148.0861,-37.70896],[148.08582,-37.70896],[148.08579,-37.70873],[148.08603,-37.70824],[148.08599,-37.70789],[148.08524,-37.70745],[148.08543,-37.70721],[148.08505,-37.70691],[148.08523,-37.70659],[148.0846,-37.70654],[148.08507,-37.70633],[148.0846,-37.70624],[148.08503,-37.70599],[148.08536,-37.70595],[148.08544,-37.70582],[148.08462,-37.70576],[148.08512,-37.70551],[148.08489,-37.70548],[148.08499,-37.70535],[148.08437,-37.70527]]]},"properties":{"n":"1 Uphill Track","k":"ride","g":["Mountain bike · 4.9 km one way · 1–4 hrs · Intermediate"],"d":"Main climb trail at Nowa Nowa. This trail is rated as intermediate. This track is the designated climbing track for the mountain bike park. The track gently winds up to the start point for the 4 descending tracks.","a":"Nowa Nowa MTB Park is located on the Nowa Nowa - Buchan Rd, approx. 1.5 km from Nowa Nowa township.","b":[148.08437,-37.72203,148.0962,-37.70527]}},{"type":"Feature","geometry":{"type":"MultiLineString","coordinates":[[[146.29568,-37.65557],[146.29607,-37.65593],[146.29591,-37.65605]]]},"properties":{"n":"Red Jacket Relics Access Track","k":"walk","g":["Walk · 0.15 km return · under 1 hr · Grade 3"],"x":"No experience required","t":"Formed track some obstacles · Short steep hills · Occassional steps · Limited signage","d":"Explore relics of the old Red Jacket ghost town. This track climbs up to the site of an old boiler and various other old relics left over from the towns mining past.","b":[146.29568,-37.65605,146.29607,-37.65557]}},{"type":"Feature","geometry":{"type":"MultiLineString","coordinates":[[[146.36089,-37.69795],[146.36136,-37.69811],[146.36258,-37.69809],[146.36353,-37.69871],[146.36389,-37.69924],[146.36446,-37.69968],[146.36689,-37.70043],[146.36948,-37.70065],[146.37127,-37.70058],[146.37198,-37.70073],[146.37249,-37.70058],[146.37244,-37.70024],[146.37344,-37.70036],[146.37432,-37.70013],[146.37705,-37.70024],[146.37868,-37.7006],[146.37986,-37.70186],[146.38113,-37.70225],[146.38226,-37.70243],[146.38319,-37.70319],[146.38339,-37.70364],[146.38324,-37.70417],[146.3835,-37.70511],[146.38376,-37.70557],[146.38472,-37.70647],[146.3849,-37.70734],[146.38525,-37.70768],[146.38607,-37.7081],[146.38653,-37.70873],[146.387,-37.70902],[146.3871,-37.71034],[146.38788,-37.71211],[146.38798,-37.71287],[146.38829,-37.71346],[146.39049,-37.71492],[146.39099,-37.71577],[146.39122,-37.71587],[146.39284,-37.71598],[146.39284,-37.71574],[146.39205,-37.71473],[146.39203,-37.71451],[146.39291,-37.71383],[146.39355,-37.71359],[146.39335,-37.71314],[146.39291,-37.71277],[146.39268,-37.7123],[146.39305,-37.71188],[146.39348,-37.71167],[146.39381,-37.71182]]]},"properties":{"n":"Aberfeldy Backroad Tour - Jordan Valley - Hanging Rock","k":"drive","g":["4WD · 9.2 km return · 20 min · Very Difficult (Double Black Diamond)"],"d":"For 4WDs and drivers with extensive 4WD experience and advanced training. Located on the banks of the Aberfeldy River, Hanging Rock was a popular picnic spot in the late 1800s to early 1900s. Head east out of Aberfeldy township down Cullens Track. After 2km, veer right onto Comet Spur Track, which is a steeply rutted (traverse in dry weather only). Travel 1.8km before turning left onto Eaton Track. A further 800m along, you will find the start of the Hanging Rock Walking Track (1.2km return).","a":"In the Aberfeldy township take Cullens Track, opposite the telephone box.","b":[146.36089,-37.71598,146.39381,-37.69795]}},{"type":"Feature","geometry":{"type":"MultiLineString","coordinates":[[[146.69894,-36.4099],[146.69947,-36.41047],[146.69978,-36.41061],[146.7,-36.41055]]]},"properties":{"n":"Bates Dam Historic Walk","k":"walk","g":["Walk · 0.3 km return · 5 min · Grade 2.2"],"x":"No experience required","t":"Formed track · Flat · No steps · Sign posted","d":"This short historic walk of about 100 metres is suitable for young families, although parents need to be mindful of the steep escarpment beyond the barriers. The area is recovering from being burnt in the Beechworth-Library Road bushfire of 2009. This short walk through mixed species eucalypt forest leads to a lookout over an old mining area, with a steam boiler associated with eucalypt oil extraction of later years to be seen. You return along the same track.","a":"From Beechworth head approx. 7 km south along the Buckland Gap Rd (towards Myrtleford/Gapsted) until you reach the Buckland Gap. Head East onto Lady Newton Drive for 250m then onto Jensens Tk. Bates Dam is well sign posted once on Lady Newton Drive.","b":[146.69894,-36.41061,146.7,-36.4099]}},{"type":"Feature","geometry":{"type":"MultiLineString","coordinates":[[[145.88813,-37.30408],[145.88833,-37.30405],[145.88838,-37.30381],[145.88865,-37.30363],[145.88841,-37.30321],[145.88848,-37.30311]]]},"properties":{"n":"Snobs Banyarmbite Falls","k":"walk","g":["Walk · 0.3 km return · 9 min · Grade 3"],"x":"No experience required","t":"Well formed trk · Short steep hills · Many steps · Sign posted","d":"Situated at the foothills of the Rubicon State Forest, Snobs Banyarmbite Falls offers spectacular views as the pristine water fed by the Snobs Creek flows over the 100m drop of rocky outcrops. Take the winding stepped path descending under the large Blanket Leaf trees down to the two viewing platforms which offer wonderful opportunities to take photos of the impressive, tiered waterfall rushing and tumbling down over the large boulders.","a":"From nearby Thornton, follow the Goulburn Valley Highway B 340 to the Snobs Creek pub, 5km before Eildon. Turn right on to Snobs Creek road and drive south for 5.7 km.","b":[145.88813,-37.30408,145.88865,-37.30311]}},{"type":"Feature","geometry":{"type":"MultiLineString","coordinates":[[[147.37862,-36.56599],[147.37867,-36.56567],[147.37848,-36.56466],[147.37788,-36.56354],[147.37738,-36.56221],[147.37702,-36.56075],[147.37629,-36.55985],[147.37626,-36.55868],[147.37571,-36.55797],[147.37578,-36.55706],[147.37565,-36.55578],[147.37468,-36.55461],[147.37465,-36.55404],[147.37493,-36.55364],[147.37513,-36.55258],[147.37509,-36.55206],[147.37477,-36.55135],[147.3749,-36.55096],[147.3749,-36.54987],[147.37358,-36.5484],[147.37169,-36.54772],[147.36937,-36.54621],[147.369,-36.54584],[147.36873,-36.54522],[147.36833,-36.54467],[147.36836,-36.54427],[147.36784,-36.543],[147.36788,-36.54279],[147.36816,-36.54262],[147.36851,-36.54181],[147.36858,-36.54082],[147.36845,-36.5402],[147.36898,-36.53938],[147.37014,-36.53835],[147.3697,-36.53834],[147.36891,-36.53862],[147.3682,-36.53869],[147.36784,-36.53883],[147.36755,-36.53917],[147.36701,-36.53873],[147.36751,-36.5388],[147.36792,-36.53842],[147.36911,-36.53783]]]},"properties":{"n":"Mt Welcome Hike","k":"walk","g":["Walk · 8 km return · 5.5 hrs · Grade 5"],"x":"Experienced bushwalkers","t":"Rough unformed · Very steep · No steps · Sign posted","d":"A challenging walk through dry eucalypt forest littered with examples of historic mining works. This hike follows a spur line, which offers spectacular views of the Mitta valley and surrounding mountains. During spring, a more colourful walk can be enjoyed with wild flowers often in bloom. Note that this walk contains steep terrain, good navigation skills and level of fitness are required.","a":"Access via Upper Pioneer trail to walk from the bottom of the trail to the top. Access to the top of Mt Welcome Hike, head approximately 3.4 kms along the Omeo Highway towards Omeo from Mitta Mitta township. Then turn right onto Mt Disappointment Track and travel approximately 4kms to the start of Mt Welcome Hike. 4WD all weather access only.","b":[147.36701,-36.56599,147.37867,-36.53783]}},{"type":"Feature","geometry":{"type":"MultiLineString","coordinates":[[[145.53235,-37.55688],[145.53235,-37.55688]]]},"properties":{"n":"Tanglefoot Loop","k":"walk","g":["Walk · 10 km return · 4 hrs · Grade 3"],"x":"No experience required","t":"Formed track · Short steep hills · No steps · Sign posted","d":"Flowing from the Monda road green break down the mountain this track winds under some large Mountain Ash and 1939 regeneration forest into fern gullies over numerous timber bridges. Eventually you can head into the Wirrawilla Rainforest Walk and up the old Quarry road track back to Monda carpark. Alternatively you can commence at Wirrawilla and for those that like a more invigorating walk you might like to consider joining up with the Myrtle Gully Circuit for the whole 17km Tanglefoot trail experience.","a":"One option is to head to Healesville then take Myers Creek Road for 12 km to Monda road. Turn right at Monda road and wind your way up 5km, past Mt St Lenard, to the Tanglefoot Carpark. The walking track trailhead is on the opposite side of the Monda road. Alternatively, from Healesville, take the Myers Creek road for nearly 13km. Take a right at Sylvia Creek Road and follow this for about 4.5km until you see the sign for Wirrawilla carpark. The trail can be accessed from this site.","b":[145.53235,-37.55688,145.53235,-37.55688]}},{"type":"Feature","geometry":{"type":"MultiLineString","coordinates":[[[147.56275,-37.70168],[147.56284,-37.70163],[147.56257,-37.70138],[147.56283,-37.70149],[147.56281,-37.70132],[147.56247,-37.70122],[147.56235,-37.70106],[147.5627,-37.70112],[147.56309,-37.70138],[147.5629,-37.7011],[147.56382,-37.70156],[147.56385,-37.70131],[147.565,-37.70118],[147.56478,-37.70095],[147.56427,-37.70086],[147.56484,-37.70078],[147.56501,-37.70067],[147.56489,-37.70053],[147.56523,-37.70041],[147.5662,-37.70071],[147.56629,-37.70052],[147.56678,-37.70074],[147.56659,-37.70029],[147.56744,-37.70067],[147.56835,-37.70068],[147.56824,-37.70057],[147.56875,-37.70047],[147.56931,-37.70052],[147.56976,-37.70075],[147.56964,-37.70046],[147.56975,-37.70041],[147.57073,-37.70076],[147.57102,-37.70069],[147.5721,-37.70214],[147.57228,-37.702],[147.57308,-37.70234],[147.57346,-37.70235],[147.57377,-37.70289],[147.57372,-37.70311],[147.57392,-37.70336],[147.57464,-37.7035],[147.5748,-37.70368],[147.57529,-37.70383],[147.57544,-37.70382],[147.57548,-37.7036],[147.57599,-37.7037],[147.57612,-37.70384],[147.57636,-37.70361],[147.57758,-37.70363],[147.57795,-37.70375],[147.57928,-37.70371],[147.58036,-37.7033],[147.5821,-37.70332],[147.58259,-37.70319]]]},"properties":{"n":"Flow","k":"ride","g":["Mountain bike · 3 km one way · under 1 hr · Difficult"],"d":"Mt Taylor Flow Track is rated black diamond and starts at the top trailhead/ shuttle turnaround point. It is well sign posted and ends 3km later at the bottom trailhead/picnic area. The track consists of many tight bermed corners, gap jumps, kickers, \"a\" and \"b\" lines and rocky sections. It crosses Goodes Track (a road) and Milky Way XC Tk.","a":"Follow the Bullumwaal Rd north from Bairnsdale, passing Wy Yung and Mt Taylor Fire Station and further along past the Mt Taylor hall. 18km from Bairnsdale, at the end of the bitumen road, turn left into the Mt Taylor Mountain bike park. The trailhead is 300 metres up the picnic area.","b":[147.56235,-37.70384,147.58259,-37.70029]}},{"type":"Feature","geometry":{"type":"MultiLineString","coordinates":[[[145.94391,-36.84138],[145.94397,-36.84056],[145.94454,-36.84011],[145.94449,-36.83972],[145.94468,-36.83903],[145.94506,-36.83872],[145.94532,-36.83822],[145.94537,-36.83838],[145.9455,-36.83834],[145.94575,-36.83791],[145.9458,-36.83803],[145.94635,-36.83754],[145.94672,-36.83739],[145.94672,-36.83703]]]},"properties":{"n":"Moonee Creek Walking Track","k":"walk","g":["Walk · 0.7 km one way · under 1 hr"],"x":"No experience required","t":"Formed track · Gentle hills · Occassional steps · Sign posted","d":"This track links the James Reserve campground to the Lima East Day Visitor Area and also provides access onto the Lima East Boulders Walk.","a":"You can access this walking track from either the James Reserve campground or the Lima East Day Visitor Area.","b":[145.94391,-36.84138,145.94672,-36.83703]}},{"type":"Feature","geometry":{"type":"MultiLineString","coordinates":[[[148.1383,-36.92615],[148.13841,-36.9258],[148.13775,-36.92505],[148.13785,-36.92417],[148.13693,-36.92267],[148.13607,-36.92226],[148.13543,-36.92179],[148.13409,-36.92122],[148.1333,-36.9207],[148.13276,-36.91972],[148.13264,-36.91882],[148.13231,-36.91813],[148.13137,-36.91736],[148.13115,-36.91698],[148.13143,-36.91607],[148.13145,-36.9152],[148.13101,-36.91469],[148.13083,-36.91401],[148.13083,-36.91298],[148.1302,-36.91208],[148.1302,-36.9119],[148.13048,-36.91136],[148.13039,-36.91071],[148.13059,-36.90987],[148.13181,-36.90912],[148.13224,-36.90837],[148.13234,-36.90768],[148.13195,-36.90568],[148.13058,-36.90474],[148.13046,-36.90444],[148.12987,-36.90381],[148.12917,-36.90365],[148.12821,-36.90313],[148.12748,-36.90354],[148.1272,-36.90356],[148.12576,-36.90317],[148.12558,-36.90305],[148.12526,-36.90221],[148.12487,-36.9019],[148.12475,-36.90217],[148.12437,-36.9023],[148.12236,-36.90214],[148.12202,-36.90183],[148.12197,-36.9014]]]},"properties":{"n":"High Country Backroad Tour - Omeo to Buchan - Rams Horn Track","k":"drive","g":["4WD · 7.6 km return · 1–4 hrs · Very Difficult (Double Black Diamond)"],"d":"For 4WDs and drivers with extensive 4WD experience and advanced training. This seasonal side trip takes you to Rams Horn. It travels the rocky Rams Horn Track to Rams Horn carpark. From there it is a short 10 minute walk to Rams Horn, one of the largest isolated outcrops of the Snowy River Volcanics in the Cobberas area. Its southern face rises vertically about 50 metres.","a":"This side track starts about 50km east of Benambra on the Limestone Road, at the intersection of Limestone Road and Rams Horn Track.","b":[148.12197,-36.92615,148.13841,-36.9014]}},{"type":"Feature","geometry":{"type":"MultiLineString","coordinates":[[[146.37444,-37.08644],[146.37347,-37.0862],[146.37307,-37.08582],[146.37309,-37.08522],[146.37337,-37.08431],[146.37298,-37.08334],[146.37326,-37.08266],[146.37361,-37.08225],[146.3741,-37.08202],[146.37469,-37.08197],[146.37579,-37.0823],[146.37643,-37.08197],[146.3774,-37.08199]]]},"properties":{"n":"Plain Creek Waterfall","k":"walk","g":["Walk · 1.5 km return · under 1 hr · Grade 2.2"],"x":"No experience required","t":"Formed track · Flat · No steps · Clearly sign posted","d":"A beautiful walk through the wet montane forest, you will surround yourself with tall tree ferns and if you're quiet enough may hear or spot a lyrebird running about. The walk ends with a stunning view of the waterfall.","a":"From Mansfield take the Mansfield Mount Buller road towards Mount Buller before turning left onto onto Carters road and then follow the signs for waterfall walk.","b":[146.37298,-37.08644,146.3774,-37.08197]}},{"type":"Feature","geometry":{"type":"MultiLineString","coordinates":[[[147.58276,-37.70316],[147.58276,-37.70316]]]},"properties":{"n":"Easy skills loop 2","k":"ride","g":["Mountain bike · 0.16 km return · under 1 hr · Easy"],"b":[147.58276,-37.70316,147.58276,-37.70316]}},{"type":"Feature","geometry":{"type":"MultiLineString","coordinates":[[[145.90619,-36.82861],[145.90651,-36.82871],[145.90799,-36.82822],[145.91041,-36.82573],[145.91081,-36.82578],[145.91084,-36.82656],[145.91048,-36.82714],[145.9106,-36.82741],[145.91089,-36.8275]]]},"properties":{"n":"Rocky Ned","k":"walk","g":["Walk · 1.7 km return · 1 hr · Grade 3"],"x":"No experience required","t":"Formed track some obstacles · Gentle hills · Occasional steps · Sign posted","d":"Starting on the boundary of pine plantation and the state forest. Along this track you will see beautiful native flora and fauna, spectacular views and naturally occuring waterfalls.","a":"From Benalla take the Midland Highway towards Swanpool for 16.8KM, turn right onto Lima Road for 20.6KM. Turn left onto Police Track and follow for 4.1KM, then turn left onto the E6 Track and follow for 900M. Take the 3rd left and follow the road until you reach the Rocky Ned Carpark. Please note this is Four Wheel Drive Access only.","b":[145.90619,-36.82871,145.91089,-36.82573]}},{"type":"Feature","geometry":{"type":"MultiLineString","coordinates":[[[147.56448,-37.703],[147.56481,-37.70266],[147.56468,-37.70237],[147.56476,-37.70231],[147.56531,-37.70237],[147.56649,-37.70282],[147.56662,-37.70297],[147.56679,-37.70285],[147.56726,-37.70293],[147.56747,-37.70307],[147.56781,-37.70305],[147.56796,-37.7032],[147.56833,-37.70304],[147.56869,-37.70309],[147.56913,-37.70337],[147.56945,-37.70385],[147.56967,-37.70381],[147.5713,-37.70447],[147.57177,-37.70491],[147.572,-37.70558],[147.57246,-37.7058],[147.57303,-37.70587],[147.57341,-37.70623],[147.57365,-37.70614],[147.57393,-37.70621],[147.57542,-37.70555],[147.57647,-37.70539],[147.57686,-37.70521],[147.57759,-37.70534],[147.57825,-37.70495],[147.57899,-37.70487],[147.57967,-37.70437],[147.58188,-37.70372],[147.58259,-37.70319]]]},"properties":{"n":"Mt Taylor Downhill","k":"ride","g":["Mountain bike · 2.3 km one way · under 1 hr · Extreme"],"d":"This advanced level downhill MTB track is a double black diamond due to its fast-paced technical nature. It starts below the communication tower off Tower Road and rapidly descends 300 metres through natural bushland with fast corners and big jumps. It crosses large rock slabs, optional earth jumps and the infamous ‘Cabbage Patch’ before several jumps and ending with a jump beside a dam into the picnic area.","a":"From Bairnsdale, travel north through Wy Yung and follow the Bullumwaal Rd. The intersection to Mount Taylor is where the bitumen road turns to gravel.","b":[147.56448,-37.70623,147.58259,-37.70231]}},{"type":"Feature","geometry":{"type":"MultiLineString","coordinates":[[[145.86965,-37.3682],[145.86952,-37.36867],[145.86963,-37.36887],[145.86921,-37.36945],[145.86926,-37.37007],[145.86963,-37.37017],[145.87006,-37.37117],[145.87074,-37.37149],[145.87071,-37.37122],[145.87081,-37.3712],[145.87129,-37.3718],[145.87141,-37.37166],[145.87199,-37.37169],[145.87255,-37.37236],[145.87254,-37.37258],[145.87211,-37.37303],[145.87137,-37.37346],[145.871,-37.37446],[145.87016,-37.37445],[145.86963,-37.37427],[145.86618,-37.37416],[145.86603,-37.37422],[145.86605,-37.37455],[145.86566,-37.37458],[145.86494,-37.37409],[145.86427,-37.37405],[145.86443,-37.37385],[145.8643,-37.3736],[145.86308,-37.37346],[145.86261,-37.37314],[145.86256,-37.37281],[145.86278,-37.37228],[145.86356,-37.37122],[145.86339,-37.37059],[145.86267,-37.37035],[145.86224,-37.36995],[145.86181,-37.36977],[145.86071,-37.36971],[145.86013,-37.36941],[145.85953,-37.36939],[145.85968,-37.36909],[145.85992,-37.36903],[145.86076,-37.36945],[145.86227,-37.36975],[145.8629,-37.37021],[145.86346,-37.37031],[145.8638,-37.37018],[145.86417,-37.36973],[145.86644,-37.3686],[145.86718,-37.36861],[145.86793,-37.36836],[145.86852,-37.36842],[145.86939,-37.36817],[145.87065,-37.36838]]]},"properties":{"n":"Rubicon Heritage Walk","k":"walk","g":["Walk · 3.9 km return · 1.5 hrs · Grade 3"],"x":"Bushwalking experience recommended","t":"Formed track · Short steep hills · Occassional steps · Clearly sign posted","d":"This walk passes through beautiful Mountain Ash forests and down into cool temperate rainforest, with highlights that include crossing an impressive timber trestle bridge, a look inside a small heritage-listed sawmill and walking along the aqueduct that feeds the Royston Power Station. The Rubicon Valley Historic Area has been set aside for the protection of the area’s historic sites and values. Timber harvesting used to be the major industry of the region, beginning in the early 1900s. There were eight sawmills operating in the forest in the first half of the century. Note: The walk passes alongside an aqueduct, so care should be taken, particularly with children, not to fall into this…","a":"From Melbourne, follow the Maroondah Highway; turn right onto the Taggerty-Thornton Road and right again onto Rubicon Road. Once you drive past the bridge over the Rubicon River, the road name changes to Royston Road. Continue along Royston Road for a further 5.7km to the carpark at the start of the walk. Note - this carpark is the starting point for of the Rubicon Dam Walk also.","b":[145.85953,-37.37458,145.87255,-37.36817]}},{"type":"Feature","geometry":{"type":"MultiLineString","coordinates":[[[145.75679,-37.77055],[145.75692,-37.77057],[145.75706,-37.77038],[145.7572,-37.76984],[145.75699,-37.76934],[145.75721,-37.76862],[145.75823,-37.76776],[145.7584,-37.7678],[145.75851,-37.76807],[145.75792,-37.76882],[145.7579,-37.76906],[145.75813,-37.7691],[145.7586,-37.76872],[145.75922,-37.76868],[145.75914,-37.76789],[145.75963,-37.76785],[145.75928,-37.76924],[145.75932,-37.76998],[145.75959,-37.77032],[145.76041,-37.77058],[145.76101,-37.77054],[145.76128,-37.77065],[145.76148,-37.77087],[145.76157,-37.77129],[145.76195,-37.77128],[145.76199,-37.77116],[145.76122,-37.7704],[145.76016,-37.76986],[145.76018,-37.76956],[145.76073,-37.76863],[145.76093,-37.76832],[145.7612,-37.76821],[145.76152,-37.7682],[145.76194,-37.7686],[145.76223,-37.76994],[145.76243,-37.77013],[145.76263,-37.77013]]]},"properties":{"n":"Richards Curves Walk","k":"walk","g":["Walk · 4.2 km return · under 1 hr · Grade 3"],"x":"Bushwalking experience recommended","t":"Formed track · Gentle hills · No steps · Sign posted","d":"The track gets its name from the series of bends constructed along an old logging tramline established by William Richards that allowed for timber to be hauled from the forest along a steady descent from Mississippi Fireline towards Big Pats Creek. The walk starts in the Big Pats Recreation and Camping area. Begin at the stairs and make your way up 'The Curves' to Mississippi Fireline and return via the same route down the steady decent back into Big Pats Creek Recreation Area. Alternatively you can continue along the remainder of 9km of the Richards Tramline to Brahams Rd. (Please see 'Richards Tramline' for more information).","a":"From Melbourne head out along the Maroondah Highway to Lilydale. Past Lilydale, head right onto Warburton Highway. Continue the extent of Warburton Highway, through the township of Warburton onto Woods Point Road. Just after you cross the Yarra River about 3km up Wood Point Road take a right turn up Riverside Drive and take your next left up Big Pats Creek Road. Continue along this road through the small settlement of Big Pats Creek until you cross the creek itself, then take you first right just after the bridge up Burns Road. Not far up this road you will reach the Big Pats Recreation Area…","b":[145.75679,-37.77129,145.76263,-37.76776]}},{"type":"Feature","geometry":{"type":"MultiLineString","coordinates":[[[147.58278,-37.70321],[147.58278,-37.70321]]]},"properties":{"n":"Easy skills loop 3","k":"ride","g":["Mountain bike · 0.25 km return · under 1 hr · Easy"],"d":"Loop ride suitable for beginners","b":[147.58278,-37.70321,147.58278,-37.70321]}},{"type":"Feature","geometry":{"type":"MultiLineString","coordinates":[[[147.9938,-37.87919],[147.99371,-37.87893],[147.9938,-37.87855],[147.99393,-37.87797],[147.9941,-37.87781],[147.99647,-37.86752],[147.99624,-37.86702],[147.99462,-37.86531],[147.99307,-37.86417],[147.99319,-37.86288],[147.99375,-37.86135],[147.99368,-37.861],[147.99264,-37.85925],[147.99259,-37.85874],[147.99272,-37.8583],[147.99329,-37.8576],[147.99738,-37.85516],[147.99862,-37.85457],[148.00457,-37.85278],[148.00338,-37.85005],[148.0026,-37.8494],[148.00075,-37.84883],[148.00018,-37.84847],[147.99829,-37.84627],[147.99751,-37.84491],[147.993,-37.83922],[147.9922,-37.83853],[147.98831,-37.83637],[147.98649,-37.83411],[147.982,-37.83067],[147.97993,-37.8289],[147.97924,-37.82826],[147.97786,-37.82656],[147.97626,-37.82499],[147.97398,-37.82335],[147.97319,-37.82263],[147.96929,-37.82532],[147.96652,-37.82676],[147.9651,-37.8279],[147.96452,-37.8281],[147.96205,-37.82849],[147.96171,-37.82869],[147.959,-37.83077],[147.95616,-37.83272],[147.95546,-37.83385],[147.95549,-37.83505],[147.95522,-37.83574],[147.95502,-37.83681],[147.95478,-37.837],[147.95402,-37.83717],[147.95372,-37.83758],[147.95352,-37.83768],[147.95242,-37.83789],[147.95086,-37.83845],[147.95078,-37.83798],[147.95087,-37.83711],[147.95022,-37.83579],[147.95001,-37.83465],[147.94888,-37.83359],[147.94842,-37.8323],[147.94836,-37.83176],[147.94795,-37.83114],[147.94677,-37.83066],[147.94583,-37.82965],[147.94515,-37.82915],[147.94477,-37.82917],[147.94393,-37.82967],[147.94325,-37.82966],[147.9429,-37.82949],[147.94251,-37.82862],[147.94254,-37.82826],[147.94284,-37.82771],[147.94266,-37.82733],[147.94057,-37.8276],[147.93987,-37.82727],[147.93886,-37.82651],[147.93838,-37.82608],[147.93834,-37.8259],[147.9385,-37.82539],[147.93897,-37.82493],[147.93894,-37.82433],[147.93861,-37.82431],[147.93784,-37.82457],[147.93698,-37.82456],[147.9362,-37.82413],[147.93647,-37.82179],[147.93609,-37.82164],[147.93496,-37.82157],[147.93418,-37.82122],[147.93335,-37.82121],[147.93169,-37.82051],[147.93159,-37.82033],[147.93163,-37.81999],[147.93221,-37.8194],[147.93227,-37.81905],[147.93154,-37.81811],[147.93111,-37.8172],[147.93096,-37.81638],[147.92986,-37.8156],[147.92965,-37.81522],[147.92976,-37.81484],[147.93046,-37.81421],[147.93054,-37.81392],[147.93011,-37.81365],[147.92917,-37.81393],[147.92871,-37.81367],[147.92867,-37.81328],[147.92927,-37.81209],[147.92933,-37.81172],[147.92892,-37.81146],[147.92778,-37.81191],[147.92731,-37.81188],[147.92655,-37.8115],[147.92634,-37.81125],[147.92629,-37.81094],[147.9264,-37.81068],[147.92736,-37.80982],[147.92761,-37.80927],[147.9271,-37.80851],[147.92737,-37.80676],[147.92721,-37.80621],[147.92672,-37.80526],[147.92605,-37.80487],[147.92575,-37.80442],[147.92608,-37.80398],[147.92687,-37.80351],[147.92699,-37.80295],[147.92647,-37.80208],[147.92649,-37.80183],[147.9267,-37.80147],[147.9274,-37.80096],[147.92748,-37.80034],[147.92781,-37.79964],[147.92769,-37.79929],[147.92663,-37.79841],[147.92642,-37.79803],[147.92674,-37.79748],[147.92783,-37.79698],[147.92795,-37.79672],[147.92778,-37.79583],[147.92787,-37.79528],[147.92822,-37.7949],[147.92915,-37.79445],[147.92931,-37.79416],[147.92902,-37.79376],[147.92784,-37.79327],[147.92714,-37.79222],[147.92713,-37.79189],[147.92743,-37.7912],[147.92836,-37.79052],[147.92832,-37.79025],[147.92793,-37.78985],[147.9278,-37.7895],[147.92797,-37.78844],[147.92873,-37.78796],[147.92995,-37.78686],[147.93049,-37.78666],[147.93128,-37.7866],[147.93152,-37.78623],[147.93143,-37.78601],[147.93049,-37.78565],[147.92942,-37.7843],[147.9293,-37.78304],[147.92958,-37.78234],[147.92908,-37.78187],[147.92946,-37.78132],[147.92912,-37.78109],[147.92845,-37.78102],[147.9276,-37.78048],[147.9272,-37.78057],[147.92666,-37.78048],[147.92511,-37.77902],[147.92521,-37.77896],[147.92513,-37.77881],[147.92484,-37.77866],[147.92389,-37.77868],[147.92354,-37.77852],[147.92313,-37.77809],[147.92284,-37.77728],[147.92287,-37.77682],[147.92326,-37.77585],[147.92294,-37.77515],[147.92284,-37.77395],[147.9245,-37.77188],[147.92437,-37.77099],[147.92467,-37.77092],[147.92527,-37.77038],[147.92517,-37.7698],[147.92553,-37.76951],[147.92581,-37.76905],[147.92477,-37.76793],[147.92444,-37.76731],[147.92378,-37.76651],[147.92225,-37.76599],[147.92183,-37.76558],[147.92145,-37.7635],[147.92085,-37.76277],[147.92048,-37.76208],[147.92072,-37.75999],[147.92051,-37.7596],[147.92008,-37.7594],[147.92021,-37.75908],[147.92057,-37.75882],[147.92097,-37.75825],[147.92156,-37.75782],[147.92227,-37.75628],[147.92301,-37.75549],[147.92312,-37.75497],[147.92289,-37.75432]]]},"properties":{"n":"Gippsland Lakes Discovery Trail","k":"ride","g":["Mountain bike · 25 km one way · 4+ hrs · Intermediate","Walk · 25 km one way · 48 hrs · Grade 3"],"x":"Bushwalking experience recommended","t":"Well formed track · Short steep hills · No steps · Sign posted","d":"Although predominately ridden by bike, this trail with its gentle grades, beautiful forests and interesting history is also a great walk. The times and distance for this trail assume starting point is where the Gippsland Lakes Discovery Trail joins the East Gippsland Rail Trail. If starting the walk at Bruthen, add 11km. You can link this ride in with the East Gippsland Rail Trail to ride from Bairnsdale to Lakes Entrance (65km, full day one-way or leisurely two day ride with an overnight break in Bruthen), or from Bruthen to Lakes Entrance (36km) or from Forestech to Lakes Entrance (13km). The track undulates through stringybark forest then joins the old Mississippi Tramway alignment…","a":"The start of the track is near the intersection of Seaton Track and the East Gippsland Rail Trail, approx. 12km east of Bruthen township. This location is also accessible by car, via Bruce Rd and Seaton Tk.","b":[147.92008,-37.87919,148.00457,-37.75432]}},{"type":"Feature","geometry":{"type":"MultiLineString","coordinates":[[[146.87311,-37.81181],[146.87311,-37.81181]]]},"properties":{"n":"The Channel Loop Walking Track","k":"walk","g":["Walk · 2.1 km one way · 1 hr · Grade 3"],"x":"Bushwalking experience recommended","t":"Formed track some obstacles · Short steep hills · Many steps · Limited signage","d":"From the Channel lookout, follow the stairs down to the Avon river. This 2.1km grade 3 walk follows the Avon river through the spectacular channel gorge. The track is part of the extended Avon walking track. The Channel is the centrepiece of the Avon reserve; amagnificent gorge created by the Avon River carving itsway through the silt and sandstone over millennia. Thesteep sides of the gorge are covered in native vegetation,with shady Casuarinas in abundance. Crags punctuate theriverbed, creating a system of pools and rapids thatprovide important habitat for aquatic life.","a":"From Maffra take the Maffra-Briagolong Road out of Maffra towards Boisdale. Continue through Boisdale towards Valencia Creek. Turn Left onto Luckman's Road (3km beyond Boisdale) and finally right into Warrigal-Toms Creek Road. From here turn left onto Green Hills Road and then right onto Channel Track. Please note, the nearby Channel Road does not access the Channels carpark.","b":[146.87311,-37.81181,146.87311,-37.81181]}},{"type":"Feature","geometry":{"type":"MultiLineString","coordinates":[[[147.25101,-37.46191],[147.25109,-37.46129],[147.25059,-37.45897],[147.25098,-37.4577],[147.25111,-37.45599],[147.25143,-37.45466],[147.25138,-37.45415],[147.25106,-37.45374],[147.25042,-37.45333],[147.24747,-37.45225],[147.24719,-37.45203],[147.24706,-37.45157],[147.24695,-37.44802],[147.24705,-37.44604],[147.24912,-37.44399],[147.24945,-37.44346],[147.25005,-37.44222],[147.25095,-37.4408],[147.25171,-37.43857],[147.25239,-37.43718],[147.2534,-37.4357],[147.2533,-37.43497],[147.25292,-37.43438],[147.25107,-37.434],[147.24942,-37.4334],[147.24945,-37.43277],[147.24897,-37.43191],[147.24897,-37.43163],[147.24939,-37.43142],[147.25027,-37.43169],[147.2506,-37.43164],[147.25127,-37.43122],[147.25158,-37.4306],[147.25145,-37.43024],[147.25077,-37.42941],[147.2507,-37.4284],[147.25012,-37.42715],[147.25,-37.42597],[147.2502,-37.42568],[147.25071,-37.42557],[147.25183,-37.42585],[147.2534,-37.42588],[147.25388,-37.42563],[147.2544,-37.42512],[147.25533,-37.42513],[147.25548,-37.42497],[147.25478,-37.42414],[147.25397,-37.42281],[147.25428,-37.42095],[147.25458,-37.42046],[147.25459,-37.41916],[147.25569,-37.41848],[147.25572,-37.41809],[147.25518,-37.41685],[147.25393,-37.41586],[147.25429,-37.41501],[147.25395,-37.41432],[147.25476,-37.41378],[147.25492,-37.41308],[147.2559,-37.41336],[147.25663,-37.41342],[147.25744,-37.41333],[147.25768,-37.41312],[147.25736,-37.41241],[147.25733,-37.41177],[147.25812,-37.41024],[147.25814,-37.40969],[147.25794,-37.40895],[147.25847,-37.40853],[147.25954,-37.40911],[147.26068,-37.40777],[147.26181,-37.40728],[147.26345,-37.4084],[147.26393,-37.40886],[147.2643,-37.40899],[147.26509,-37.40887],[147.26577,-37.40837],[147.26638,-37.40752],[147.26675,-37.40658],[147.26847,-37.40466],[147.269,-37.40346],[147.26918,-37.40218],[147.26913,-37.4011],[147.26949,-37.40066],[147.27088,-37.39954],[147.27208,-37.39777],[147.27199,-37.39756],[147.26968,-37.39649],[147.26935,-37.39605],[147.26939,-37.39573],[147.27012,-37.39526],[147.27128,-37.39506],[147.27173,-37.39479],[147.27269,-37.39384],[147.27297,-37.39313],[147.27277,-37.39259],[147.27237,-37.39212],[147.27068,-37.39044],[147.2705,-37.38989],[147.27148,-37.38921],[147.27425,-37.38901],[147.27472,-37.38882],[147.27471,-37.38833],[147.27319,-37.3867],[147.27325,-37.38574],[147.2734,-37.38543],[147.27382,-37.3851],[147.27457,-37.38485],[147.27501,-37.38492],[147.27666,-37.38562],[147.27687,-37.3856],[147.27698,-37.38539],[147.27652,-37.38495],[147.27648,-37.3845],[147.27666,-37.38409],[147.27722,-37.38351],[147.27733,-37.3831],[147.27743,-37.38307],[147.27773,-37.38339],[147.27919,-37.38327],[147.28062,-37.38334],[147.283,-37.38379],[147.28363,-37.38357],[147.2837,-37.38294],[147.28392,-37.38257],[147.28422,-37.3824],[147.28594,-37.38188],[147.28718,-37.38191],[147.28831,-37.38223],[147.28877,-37.38198],[147.28905,-37.38149],[147.2894,-37.38122],[147.2902,-37.38104],[147.29082,-37.38116],[147.2916,-37.38166],[147.29207,-37.38263],[147.29288,-37.38363],[147.29327,-37.3853],[147.29389,-37.38575],[147.29405,-37.38646],[147.29463,-37.38691],[147.29555,-37.38729],[147.29585,-37.38795],[147.296,-37.38879],[147.297,-37.38978],[147.29807,-37.3897],[147.29853,-37.38896],[147.29883,-37.38882],[147.29989,-37.38909],[147.3005,-37.38943],[147.30073,-37.38986],[147.30057,-37.39057],[147.30162,-37.39209],[147.30175,-37.39243],[147.30173,-37.39322],[147.30203,-37.39416],[147.30288,-37.39471],[147.30364,-37.39566],[147.3042,-37.39577],[147.30506,-37.39553],[147.30568,-37.39463],[147.30635,-37.39409],[147.30793,-37.394],[147.30844,-37.39419],[147.30877,-37.39495],[147.30904,-37.39525],[147.31115,-37.39677],[147.31273,-37.39702],[147.31374,-37.39663],[147.31445,-37.39763],[147.31512,-37.39822],[147.31561,-37.39906],[147.3166,-37.39978],[147.31858,-37.40068],[147.31915,-37.40111],[147.31937,-37.40222],[147.31998,-37.40343],[147.3203,-37.4038],[147.32245,-37.40444],[147.32284,-37.40477],[147.32326,-37.4054],[147.32421,-37.40585],[147.32451,-37.40576],[147.32512,-37.40518],[147.32605,-37.4051],[147.32678,-37.40476],[147.3276,-37.40342],[147.32762,-37.40187],[147.32609,-37.40102],[147.32576,-37.40063],[147.32544,-37.39876],[147.32549,-37.39838],[147.32585,-37.39767],[147.32629,-37.39724],[147.32737,-37.39657],[147.32891,-37.39489],[147.33029,-37.39428],[147.33065,-37.39369],[147.33089,-37.39256],[147.33232,-37.39164],[147.33295,-37.39152],[147.33377,-37.39155],[147.33469,-37.39178],[147.33544,-37.39214],[147.33632,-37.39312],[147.3367,-37.39395],[147.33692,-37.39415],[147.33753,-37.39431],[147.33839,-37.39427],[147.34039,-37.3939],[147.34455,-37.39387],[147.34725,-37.39447],[147.35118,-37.395],[147.35133,-37.39508],[147.35184,-37.3962],[147.35286,-37.39643],[147.35576,-37.39613],[147.35662,-37.39595],[147.3577,-37.39551],[147.36013,-37.39537],[147.361,-37.39579],[147.36172,-37.39645],[147.36345,-37.39698],[147.36482,-37.3966],[147.36523,-37.39606],[147.36582,-37.39587],[147.36761,-37.3958],[147.36863,-37.39563],[147.36985,-37.39524],[147.37067,-37.39471],[147.37208,-37.39344],[147.37289,-37.393],[147.374,-37.39282],[147.37475,-37.3924],[147.37523,-37.39198],[147.37551,-37.3915],[147.37606,-37.39108],[147.37647,-37.39042],[147.37814,-37.38938],[147.37924,-37.38892],[147.37975,-37.38857],[147.3806,-37.38837],[147.38225,-37.38864],[147.384,-37.38875],[147.38499,-37.38905],[147.38628,-37.38924],[147.38896,-37.38902],[147.39013,-37.38967],[147.39077,-37.39023],[147.39102,-37.39061],[147.39098,-37.39178],[147.39112,-37.39192],[147.39189,-37.39229],[147.39325,-37.39257],[147.39554,-37.39281],[147.39594,-37.3931],[147.39698,-37.39451],[147.39905,-37.39552],[147.39974,-37.39572],[147.40335,-37.39642],[147.40458,-37.39634],[147.4058,-37.39649],[147.40638,-37.39622],[147.40692,-37.39571],[147.40737,-37.39553],[147.40992,-37.39607],[147.41034,-37.3963],[147.41057,-37.39661],[147.41057,-37.39715],[147.41045,-37.39749],[147.41088,-37.39874],[147.41079,-37.39911],[147.41023,-37.39946],[147.41195,-37.40038],[147.41372,-37.40075],[147.41498,-37.40211],[147.41529,-37.40227],[147.4168,-37.40221],[147.41802,-37.40109],[147.41914,-37.40094],[147.42008,-37.40136],[147.4211,-37.40254],[147.42169,-37.40272],[147.42282,-37.40279],[147.42288,-37.40256],[147.4219,-37.4014],[147.42191,-37.40103],[147.42203,-37.40089],[147.42347,-37.40014],[147.42276,-37.39891],[147.42269,-37.39859],[147.42278,-37.39844],[147.42362,-37.39835],[147.42489,-37.39857],[147.42537,-37.39817],[147.42684,-37.39849],[147.42821,-37.39818],[147.42885,-37.39831],[147.42921,-37.39877],[147.42941,-37.39941],[147.42914,-37.40008],[147.42914,-37.40073],[147.43096,-37.40307],[147.43115,-37.40411],[147.43213,-37.40546],[147.43212,-37.40603],[147.43227,-37.40627],[147.43489,-37.40802],[147.43672,-37.40896],[147.43812,-37.40859],[147.44021,-37.4092],[147.44226,-37.40925],[147.44312,-37.40959],[147.44424,-37.40946],[147.44514,-37.40961],[147.44622,-37.40946],[147.44759,-37.41014],[147.44782,-37.41038],[147.44796,-37.41095],[147.44839,-37.41116],[147.45116,-37.4113],[147.45263,-37.41116],[147.45502,-37.41152],[147.45704,-37.41106],[147.45843,-37.41124],[147.46162,-37.41088],[147.4633,-37.41098],[147.46427,-37.4109],[147.46601,-37.41123],[147.46777,-37.41176],[147.4687,-37.41181],[147.47016,-37.41155],[147.47194,-37.41072],[147.47335,-37.41052],[147.47559,-37.40997],[147.47789,-37.40991],[147.47966,-37.40926],[147.48108,-37.40935],[147.48553,-37.40826],[147.48664,-37.4081],[147.48826,-37.40829],[147.49109,-37.40764],[147.49492,-37.40748],[147.49865,-37.40573],[147.50004,-37.40482],[147.50087,-37.40457],[147.50222,-37.40367],[147.50283,-37.40344],[147.5024,-37.4031],[147.50158,-37.40295],[147.50051,-37.4022],[147.49977,-37.40198],[147.49965,-37.40169],[147.49983,-37.40118],[147.49963,-37.40063],[147.49809,-37.39984],[147.4974,-37.39931],[147.49734,-37.39902],[147.49776,-37.39858],[147.49784,-37.39825],[147.49743,-37.39934],[147.4977,-37.39956],[147.49732,-37.39924],[147.49731,-37.39892],[147.49774,-37.39851],[147.4978,-37.39823],[147.49724,-37.39708],[147.49858,-37.39676],[147.49857,-37.39582],[147.4987,-37.39549],[147.49961,-37.39514],[147.50003,-37.39469],[147.50132,-37.39487],[147.50203,-37.39482],[147.50275,-37.3943],[147.50409,-37.39389],[147.50424,-37.39339],[147.50448,-37.39316],[147.50495,-37.39283],[147.50622,-37.39229],[147.50668,-37.3917],[147.50687,-37.38999],[147.50685,-37.38902],[147.5071,-37.38897],[147.50795,-37.38923],[147.50869,-37.38905],[147.51005,-37.38851],[147.51047,-37.38823],[147.51095,-37.38752],[147.512,-37.38708],[147.51208,-37.3866],[147.5118,-37.38599],[147.51233,-37.38503],[147.51237,-37.38412],[147.51185,-37.38326],[147.51191,-37.3826],[147.51178,-37.3817],[147.51189,-37.38127],[147.51377,-37.38077],[147.51448,-37.38094],[147.51476,-37.38133],[147.51461,-37.38222],[147.5149,-37.38279],[147.51471,-37.3835],[147.51489,-37.38365],[147.51614,-37.38371],[147.51668,-37.38354],[147.51837,-37.38251],[147.51966,-37.38251],[147.52025,-37.38231],[147.52081,-37.38196],[147.5218,-37.38094],[147.52239,-37.38067],[147.52306,-37.38063],[147.52393,-37.38099],[147.52531,-37.38217],[147.52673,-37.38305],[147.52832,-37.38369],[147.52904,-37.38372],[147.53041,-37.3834],[147.53126,-37.38338],[147.53163,-37.38355],[147.53179,-37.38394],[147.53206,-37.38408],[147.53484,-37.38458],[147.53562,-37.38442],[147.53678,-37.38398],[147.5372,-37.38367],[147.53737,-37.3826],[147.53716,-37.38221],[147.53719,-37.38188],[147.53835,-37.38096],[147.53826,-37.38048],[147.53727,-37.37986],[147.53737,-37.37932],[147.53809,-37.37864],[147.53783,-37.3784],[147.53709,-37.3781],[147.53702,-37.37776],[147.53756,-37.37729],[147.53923,-37.37651],[147.53946,-37.37626],[147.53963,-37.37562],[147.53994,-37.37544],[147.54057,-37.37538],[147.54093,-37.37478],[147.54161,-37.37414],[147.54223,-37.37377],[147.54274,-37.37378],[147.54299,-37.37391],[147.54346,-37.37458],[147.54383,-37.37462],[147.54556,-37.37364],[147.54614,-37.37347],[147.54645,-37.37354],[147.54677,-37.374],[147.54701,-37.37404],[147.54809,-37.37272],[147.54886,-37.37208],[147.5506,-37.37165],[147.55253,-37.37159],[147.55343,-37.37127],[147.55456,-37.37055],[147.55457,-37.3698],[147.55296,-37.36754],[147.55271,-37.36663],[147.55136,-37.36559],[147.55022,-37.36424],[147.5479,-37.363],[147.54698,-37.36216],[147.5461,-37.36177],[147.54593,-37.35938],[147.54529,-37.35836],[147.54505,-37.35726],[147.54511,-37.35676],[147.54555,-37.3564],[147.54605,-37.35618],[147.54693,-37.35605],[147.54836,-37.35547],[147.54979,-37.35527],[147.55169,-37.35435],[147.55257,-37.35305],[147.55361,-37.35026],[147.55338,-37.34924],[147.5534,-37.34841],[147.55229,-37.34736],[147.55224,-37.34712],[147.55237,-37.3469],[147.55316,-37.34674],[147.55597,-37.34779],[147.55872,-37.34799],[147.56034,-37.34853],[147.56276,-37.34827],[147.56463,-37.34848],[147.56504,-37.34837],[147.5655,-37.34787],[147.56639,-37.34725],[147.56754,-37.34678],[147.56812,-37.34669],[147.57064,-37.34713],[147.57272,-37.34792],[147.57327,-37.3479],[147.57384,-37.34769],[147.57497,-37.3469],[147.57641,-37.34689],[147.57934,-37.34629],[147.58039,-37.34546],[147.5817,-37.34511],[147.58253,-37.34475],[147.58311,-37.34485],[147.5836,-37.34513],[147.58384,-37.346],[147.5841,-37.3462],[147.58601,-37.34631],[147.58649,-37.34619],[147.58749,-37.34511],[147.58749,-37.34439],[147.5876,-37.34417],[147.5892,-37.34304],[147.58886,-37.34179],[147.58911,-37.34108],[147.58936,-37.34097],[147.59046,-37.34108],[147.59071,-37.34093],[147.5908,-37.34024],[147.59105,-37.33972],[147.59043,-37.33906],[147.59024,-37.33843],[147.59052,-37.33799],[147.59154,-37.33758],[147.59107,-37.33687],[147.59116,-37.33651],[147.59217,-37.33553],[147.59311,-37.33544],[147.59324,-37.33464],[147.59397,-37.33439],[147.59517,-37.33294],[147.59509,-37.33192],[147.59486,-37.33144],[147.5942,-37.33062],[147.59412,-37.33017],[147.5942,-37.3299],[147.59517,-37.329],[147.59552,-37.32895],[147.59594,-37.32915],[147.59616,-37.32913],[147.59649,-37.32864],[147.59796,-37.32768],[147.59834,-37.32772],[147.59868,-37.32804],[147.59883,-37.32802],[147.59888,-37.32763],[147.59858,-37.32645],[147.59937,-37.3256],[147.59966,-37.32456],[147.6006,-37.32363],[147.60115,-37.32344],[147.60253,-37.32323],[147.60391,-37.32277],[147.60474,-37.32285],[147.60617,-37.32351],[147.60663,-37.32349],[147.60817,-37.32182],[147.6096,-37.32072],[147.6103,-37.32049],[147.61156,-37.32044],[147.61246,-37.32009],[147.61295,-37.32003],[147.61416,-37.32016],[147.6186,-37.32211],[147.62271,-37.32259],[147.6276,-37.32382],[147.62872,-37.32364],[147.63109,-37.32142],[147.63201,-37.32005],[147.63259,-37.31948],[147.63393,-37.31652],[147.63483,-37.31539],[147.63517,-37.31423],[147.63507,-37.31344],[147.63519,-37.31248],[147.63632,-37.31153],[147.63767,-37.30933],[147.63745,-37.30859],[147.6354,-37.30561],[147.63542,-37.30529],[147.63573,-37.3051],[147.63638,-37.30508],[147.63699,-37.30479],[147.63971,-37.30191],[147.63987,-37.301],[147.64038,-37.30079],[147.64239,-37.30037],[147.64382,-37.3002],[147.64391,-37.29994],[147.64341,-37.29948],[147.64355,-37.29899],[147.64393,-37.29888],[147.6449,-37.29889],[147.64596,-37.29854],[147.64631,-37.29783],[147.64668,-37.29756],[147.64727,-37.29771],[147.64761,-37.29804],[147.64844,-37.29803],[147.64914,-37.29866],[147.64985,-37.29892],[147.65107,-37.29877],[147.65159,-37.29933],[147.65178,-37.29994],[147.65233,-37.30035],[147.65299,-37.30017],[147.65343,-37.29972],[147.65409,-37.29934],[147.65486,-37.29908],[147.65527,-37.29914],[147.65571,-37.29945],[147.65589,-37.29997],[147.65639,-37.3004],[147.6564,-37.30103],[147.65664,-37.30177],[147.65678,-37.30175],[147.65729,-37.30097],[147.6579,-37.3006],[147.65801,-37.30018],[147.65782,-37.29981],[147.65806,-37.29954],[147.65853,-37.29938],[147.65952,-37.29964],[147.65882,-37.29801],[147.65897,-37.29756],[147.65965,-37.29651],[147.65959,-37.29622],[147.65911,-37.29565],[147.65905,-37.2953],[147.6602,-37.29397],[147.66213,-37.29291],[147.66219,-37.2925],[147.66089,-37.29169],[147.65936,-37.29146],[147.65904,-37.29163],[147.65901,-37.29243],[147.65877,-37.29253],[147.6584,-37.29247],[147.65766,-37.29228],[147.65566,-37.29136],[147.65519,-37.2911],[147.65505,-37.29084],[147.6552,-37.29033],[147.65582,-37.28934],[147.65751,-37.28793],[147.65915,-37.28681],[147.66677,-37.28382],[147.66754,-37.28334],[147.66838,-37.28249],[147.67047,-37.28147],[147.67442,-37.27845],[147.67703,-37.27716],[147.6778,-37.27695],[147.68055,-37.27678],[147.682,-37.27606],[147.68439,-37.27537],[147.68654,-37.27419],[147.68892,-37.27338],[147.68934,-37.27304],[147.6896,-37.27258],[147.69024,-37.27001],[147.69123,-37.26843],[147.6916,-37.2682],[147.69224,-37.26825],[147.69404,-37.26927],[147.69514,-37.26941],[147.69954,-37.26829],[147.70347,-37.26625],[147.70417,-37.26606],[147.7071,-37.26579],[147.70795,-37.26552],[147.70982,-37.26465],[147.71259,-37.26439],[147.71732,-37.26447],[147.71835,-37.26426],[147.72164,-37.26314]]]},"properties":{"n":"High Country Backroad Tour - Dargo to Swifts Creek","k":"drive","g":["4WD · 77 km one way · 4+ hrs · Medium (Blue Square)"],"d":"For 4WDs and drivers with some 4WD experience or training. This route is celebrated for its popular campsites and stunning views along Upper Dargo Road, where you can enjoy the scenic beauty of both the Dargo and Wentworth Rivers throughout the day. Able to be completed in a half day, you may choose to extend your trip by overnighting in one or more of the campgrounds along this route. Start your journey in Dargo, an area first mapped in the 1850s. Head north along Dargo Plains Rd and turn right onto Upper Dargo Rd. Here, you’ll find a number of camping options, including Two-Mile Flat, Italian Flat, Jimmy Iverson’s, and Ollie’s Jump Up. Alternatively, you can camp by the large inside sweep…","a":"The tour commences from Dargo, heading north along Dargo High Plains.","b":[147.24695,-37.46191,147.72164,-37.26314]}},{"type":"Feature","geometry":{"type":"MultiLineString","coordinates":[[[147.50017,-37.4632],[147.50071,-37.4615],[147.50074,-37.46067],[147.50012,-37.45997],[147.50026,-37.45938],[147.50009,-37.45904],[147.49952,-37.45853],[147.4994,-37.45771],[147.49993,-37.457],[147.49992,-37.45616],[147.50107,-37.4549],[147.50208,-37.45458],[147.50343,-37.45502],[147.50426,-37.45498],[147.50484,-37.45458],[147.50499,-37.4536],[147.50547,-37.4529],[147.50598,-37.45263],[147.50729,-37.45249],[147.50799,-37.45258],[147.50947,-37.45329],[147.50978,-37.45362],[147.50993,-37.45432],[147.51039,-37.45464],[147.51244,-37.45505],[147.51291,-37.45502],[147.51407,-37.45439],[147.51404,-37.45416],[147.51365,-37.45367],[147.5136,-37.45276],[147.51396,-37.45196],[147.5143,-37.45153],[147.51469,-37.4513],[147.51516,-37.45123],[147.51614,-37.45157],[147.51647,-37.45066],[147.51666,-37.45045],[147.51717,-37.45038],[147.51794,-37.45062],[147.51828,-37.45052],[147.51806,-37.4491],[147.51866,-37.44799],[147.51919,-37.44792],[147.52014,-37.44823],[147.52023,-37.44725],[147.52043,-37.44708],[147.52179,-37.44722],[147.52265,-37.44769],[147.52314,-37.44736],[147.52539,-37.44716],[147.52684,-37.44659],[147.52797,-37.44794],[147.52899,-37.44851],[147.52992,-37.44883],[147.53043,-37.44932],[147.5304,-37.4499],[147.53081,-37.45019],[147.533,-37.45065],[147.53368,-37.45115],[147.53426,-37.45132],[147.53497,-37.45134],[147.53536,-37.45111],[147.53561,-37.45112],[147.53574,-37.45123],[147.53589,-37.4525],[147.53866,-37.45328],[147.53975,-37.45389],[147.54116,-37.454],[147.54191,-37.45272],[147.5426,-37.4522],[147.54375,-37.45164],[147.5448,-37.45017],[147.54511,-37.45022],[147.54532,-37.45058],[147.5465,-37.45175],[147.54727,-37.45166],[147.54744,-37.45145],[147.54808,-37.45117],[147.5501,-37.45065],[147.55162,-37.45108],[147.55273,-37.45094],[147.55395,-37.45099],[147.55503,-37.45167],[147.55549,-37.45256],[147.55609,-37.45293],[147.55716,-37.4529],[147.55815,-37.45231],[147.55853,-37.45229],[147.559,-37.45307],[147.55932,-37.45331],[147.56082,-37.4531],[147.56186,-37.45446],[147.56222,-37.45473],[147.56277,-37.45473],[147.56355,-37.45431],[147.56393,-37.45429],[147.56431,-37.45488],[147.5656,-37.45544],[147.56577,-37.45617],[147.56604,-37.45645],[147.56708,-37.45669],[147.56823,-37.45719],[147.56983,-37.45735],[147.5702,-37.45749],[147.57059,-37.45783],[147.57217,-37.4579],[147.5723,-37.45849],[147.5733,-37.45844],[147.57367,-37.45773],[147.5738,-37.4577],[147.57473,-37.45778],[147.5751,-37.45833],[147.57582,-37.45869],[147.57761,-37.45835],[147.5794,-37.45836],[147.57988,-37.45792],[147.58165,-37.4585],[147.58217,-37.45894],[147.58266,-37.46023],[147.5818,-37.46195],[147.58193,-37.46202],[147.58262,-37.46186],[147.58291,-37.46214],[147.58294,-37.46243],[147.5825,-37.4637],[147.58271,-37.4637],[147.58335,-37.46329],[147.58402,-37.46347],[147.58488,-37.46458],[147.58608,-37.46529],[147.58648,-37.46569],[147.58712,-37.46685],[147.58757,-37.46856],[147.58676,-37.46937],[147.58658,-37.4697],[147.58656,-37.47013],[147.58686,-37.47066],[147.58654,-37.47091],[147.58647,-37.47117],[147.58675,-37.47173],[147.5862,-37.47249],[147.58634,-37.47313],[147.58657,-37.47338],[147.58686,-37.47346],[147.58786,-37.47327],[147.58995,-37.47347],[147.59026,-37.47368],[147.59039,-37.47405],[147.59076,-37.4742],[147.59071,-37.47458],[147.59139,-37.47531],[147.59403,-37.47676],[147.59422,-37.47724],[147.59401,-37.47783],[147.59405,-37.47857],[147.59435,-37.47976],[147.59421,-37.47993],[147.59377,-37.48005],[147.59392,-37.48056],[147.5935,-37.48103],[147.59351,-37.48131],[147.59388,-37.48136],[147.59515,-37.48114],[147.59622,-37.48156],[147.59646,-37.48184],[147.59657,-37.4826],[147.59724,-37.48324],[147.59947,-37.48303],[147.6006,-37.48325],[147.60107,-37.48352],[147.60131,-37.48385],[147.60103,-37.48546],[147.60113,-37.48567],[147.60172,-37.48609],[147.60228,-37.48727],[147.60313,-37.48788],[147.60405,-37.4882],[147.60586,-37.48971],[147.60605,-37.49018],[147.60606,-37.49103],[147.60722,-37.49231],[147.60781,-37.49238],[147.6092,-37.49333],[147.61082,-37.49362],[147.6112,-37.49388],[147.61155,-37.49463],[147.61165,-37.49524],[147.61128,-37.49623],[147.61164,-37.49611],[147.61203,-37.49615],[147.6121,-37.49661],[147.61292,-37.49692],[147.61308,-37.4972],[147.61319,-37.49797],[147.61366,-37.49793],[147.61576,-37.49837],[147.61624,-37.49908],[147.61701,-37.49919],[147.61774,-37.49968],[147.61783,-37.50034],[147.61766,-37.50115],[147.61653,-37.50183],[147.618,-37.50283],[147.61799,-37.50315],[147.61748,-37.50408],[147.61746,-37.50431],[147.61797,-37.50444],[147.61885,-37.505],[147.61981,-37.50524],[147.62014,-37.50577],[147.62057,-37.50554],[147.62101,-37.50558],[147.62133,-37.50601],[147.62151,-37.50599],[147.62226,-37.50529],[147.62258,-37.50532],[147.6231,-37.50603],[147.62338,-37.50704],[147.6241,-37.50788],[147.62418,-37.50839],[147.62402,-37.50869],[147.62354,-37.50896],[147.62202,-37.50941],[147.62199,-37.51007],[147.62141,-37.5105],[147.62206,-37.51107],[147.62245,-37.51188],[147.62237,-37.5122],[147.62187,-37.51268],[147.62279,-37.51299],[147.62299,-37.5133],[147.62309,-37.51389],[147.62394,-37.51485],[147.62538,-37.51532],[147.62522,-37.51579],[147.62585,-37.51629],[147.62603,-37.51684],[147.62637,-37.51732],[147.62724,-37.51744],[147.62707,-37.51836],[147.62581,-37.51984],[147.62582,-37.52005],[147.62619,-37.52059],[147.62616,-37.52107],[147.62588,-37.52148],[147.62544,-37.52168],[147.62484,-37.52173],[147.62498,-37.52272],[147.62485,-37.52301],[147.62397,-37.52331],[147.62279,-37.52317],[147.62247,-37.52298],[147.62249,-37.52257],[147.62211,-37.52243],[147.62138,-37.52318],[147.62068,-37.52346],[147.62066,-37.52374],[147.62138,-37.52468],[147.62146,-37.52499],[147.62133,-37.52514],[147.62069,-37.52526],[147.61872,-37.52514],[147.61494,-37.52544],[147.61469,-37.52549],[147.61444,-37.52602],[147.61456,-37.52667],[147.61495,-37.52725],[147.61637,-37.5282],[147.61683,-37.52876],[147.6177,-37.53184],[147.61769,-37.533],[147.61739,-37.53438],[147.61746,-37.5349],[147.61764,-37.53522],[147.61814,-37.5356],[147.61894,-37.53585],[147.62065,-37.53574],[147.62098,-37.53593],[147.62078,-37.53623],[147.61842,-37.53729],[147.61831,-37.53748],[147.61897,-37.53778],[147.61908,-37.53793],[147.61904,-37.53847],[147.61917,-37.53886],[147.62044,-37.54006],[147.62047,-37.54023],[147.62001,-37.5408],[147.61995,-37.54106],[147.62014,-37.54145],[147.62095,-37.54222],[147.62094,-37.54241],[147.62,-37.54374],[147.61894,-37.54405],[147.6182,-37.54463],[147.61781,-37.54544],[147.61766,-37.54692],[147.61631,-37.54911],[147.61625,-37.54955],[147.61648,-37.55005],[147.61726,-37.55077],[147.61773,-37.55076],[147.61915,-37.55119],[147.62043,-37.55118],[147.6218,-37.55225],[147.6233,-37.55285],[147.62527,-37.55298],[147.62622,-37.55272],[147.62673,-37.55279],[147.62865,-37.55385],[147.62904,-37.55429],[147.62886,-37.5548],[147.62932,-37.55498],[147.62961,-37.55729],[147.6295,-37.55747],[147.62845,-37.55814],[147.6272,-37.56064],[147.62791,-37.56049],[147.63143,-37.56046],[147.6333,-37.56083],[147.63382,-37.56135],[147.63437,-37.56165],[147.63593,-37.56227],[147.6362,-37.56267],[147.63624,-37.56316],[147.63684,-37.56385],[147.63692,-37.56476],[147.63838,-37.56528],[147.64018,-37.56719],[147.64131,-37.56758],[147.64208,-37.56808],[147.643,-37.5682],[147.64423,-37.56813],[147.64473,-37.56836],[147.64484,-37.56855],[147.64455,-37.56925],[147.64464,-37.5697],[147.64491,-37.57004],[147.64559,-37.57048],[147.64588,-37.57135],[147.6459,-37.57189],[147.6458,-37.5722],[147.64395,-37.57339],[147.64347,-37.57377],[147.64336,-37.57402],[147.64392,-37.57423],[147.64574,-37.57431],[147.64847,-37.57555],[147.6501,-37.57543],[147.65077,-37.57617],[147.65162,-37.57677],[147.65226,-37.57757],[147.65543,-37.57908],[147.65645,-37.57915],[147.65666,-37.57932],[147.65664,-37.57954],[147.65571,-37.58056],[147.65568,-37.58121],[147.65707,-37.58198],[147.65741,-37.58317],[147.65873,-37.58443],[147.65926,-37.5846],[147.65987,-37.58453],[147.66084,-37.58334],[147.6617,-37.58275],[147.66251,-37.58242],[147.6631,-37.58203],[147.66431,-37.58004],[147.66592,-37.57936],[147.66653,-37.57867],[147.66703,-37.57838],[147.6697,-37.57731],[147.66995,-37.57737],[147.67014,-37.57773],[147.66994,-37.57895],[147.6704,-37.57981],[147.67174,-37.58109],[147.6727,-37.58134],[147.67347,-37.58029],[147.67408,-37.57998],[147.67409,-37.57972],[147.67356,-37.57971],[147.67358,-37.57948],[147.67394,-37.57892],[147.676,-37.57841],[147.67643,-37.57849],[147.67662,-37.57893],[147.67607,-37.57945],[147.67596,-37.58038],[147.67601,-37.58117],[147.67659,-37.58229],[147.67696,-37.58288],[147.67801,-37.58385],[147.68052,-37.58497],[147.68138,-37.58488],[147.68199,-37.58459],[147.68217,-37.58423],[147.68204,-37.58337],[147.68213,-37.5826],[147.68268,-37.58206],[147.68327,-37.58186],[147.6846,-37.58176],[147.68537,-37.58151],[147.68847,-37.58094],[147.68921,-37.58069],[147.69006,-37.58004],[147.6911,-37.57967],[147.69193,-37.57959],[147.69299,-37.57925],[147.6935,-37.57928],[147.69355,-37.5795],[147.69237,-37.5804],[147.69134,-37.58139],[147.69079,-37.58246],[147.69028,-37.58284],[147.69056,-37.58301],[147.69056,-37.58338],[147.69083,-37.58369],[147.69195,-37.58373],[147.69455,-37.58467],[147.69532,-37.58521],[147.69528,-37.58562],[147.69512,-37.58583],[147.69428,-37.58605],[147.69445,-37.58649],[147.69439,-37.58702],[147.69456,-37.58761],[147.69529,-37.58829],[147.69554,-37.5887],[147.69701,-37.58979],[147.69766,-37.59048],[147.69783,-37.59085],[147.69752,-37.59181],[147.69715,-37.5919],[147.69725,-37.59211],[147.69681,-37.59307],[147.6969,-37.5932],[147.69711,-37.59333],[147.69741,-37.59293],[147.69786,-37.59264],[147.70024,-37.59183]]]},"properties":{"n":"High Country Backroad Tour - Mt Baldhead Loop - Nicholson River Track","k":"drive","g":["4WD · 37 km one way · 1–4 hrs · Difficult (Black Diamond)"],"d":"For 4WDs and drivers with reasonable 4WD experience or 4WD training. This optional side trip cuts out the northern most section of the main Mt baldhead Loop, following alongside the upper Nicholson River, with its past history of mining and timber harvesting.","a":"This side trip commences from Marthavale and continues down Nicholson River Track.","b":[147.4994,-37.59333,147.70024,-37.44659]}},{"type":"Feature","geometry":{"type":"MultiLineString","coordinates":[[[147.2559,-37.04244],[147.25702,-37.04226],[147.25747,-37.04196],[147.25862,-37.04174],[147.25908,-37.04178],[147.26013,-37.04108],[147.26075,-37.04103],[147.26188,-37.04141],[147.26209,-37.04122],[147.26257,-37.0413],[147.26349,-37.04088],[147.26537,-37.04082],[147.26572,-37.04063],[147.26582,-37.04044],[147.2657,-37.04014],[147.26609,-37.03989],[147.26595,-37.0398],[147.26605,-37.03955],[147.26579,-37.03905],[147.26588,-37.03859],[147.26568,-37.03812],[147.26574,-37.03802],[147.26557,-37.03791],[147.26554,-37.03763],[147.26538,-37.03775],[147.26528,-37.03751],[147.26449,-37.03722],[147.26423,-37.03659],[147.26622,-37.03598],[147.26663,-37.03567],[147.26811,-37.03514],[147.26827,-37.03501],[147.26829,-37.03479],[147.26905,-37.03415],[147.26913,-37.0337],[147.26949,-37.0334],[147.26951,-37.03306],[147.26915,-37.03275],[147.26916,-37.03221],[147.26976,-37.03183],[147.26976,-37.03102],[147.26965,-37.0305],[147.26938,-37.03015],[147.26947,-37.02973],[147.26917,-37.02924],[147.26959,-37.02883],[147.26983,-37.02895],[147.27003,-37.02876],[147.27026,-37.02833],[147.27023,-37.02768],[147.2706,-37.02713],[147.27033,-37.02676],[147.26992,-37.0265],[147.2699,-37.0252],[147.26974,-37.02491],[147.26967,-37.02421],[147.26935,-37.02372],[147.26934,-37.02322],[147.26872,-37.02256],[147.26772,-37.02249],[147.26689,-37.02223],[147.26585,-37.02148],[147.26542,-37.02094],[147.26415,-37.0204],[147.2639,-37.01997],[147.26354,-37.01971],[147.26326,-37.01968],[147.26278,-37.01889],[147.26131,-37.01813],[147.26026,-37.01774],[147.25915,-37.018],[147.2578,-37.01858],[147.25561,-37.019],[147.25434,-37.01969],[147.25299,-37.01983],[147.25262,-37.0201],[147.25088,-37.02072],[147.25,-37.02082],[147.24927,-37.02121],[147.24871,-37.02133],[147.24755,-37.02064],[147.2461,-37.02014],[147.24459,-37.01928],[147.2433,-37.01895],[147.24185,-37.01883],[147.23945,-37.01957],[147.23967,-37.01997],[147.24096,-37.02079]]]},"properties":{"n":"Montane Walking Track","k":"walk","g":["Walk · 8 km one way · 2.5 hrs · Grade 4"],"x":"Bushwalking experience recommended","t":"Formed track some obstacles · Short steep hills · Occasional steps · Sign posted","d":"An 8 km walk through open snow gum forest that circumnavigates the Dinner Plain village. The walk has a rough, rocky track surface with some short steep hills. The track is generally under snow in the winter months. The Montane walking track starts on the northern side of the Alpine hwy approximately 100m east of the main entrance to the Dinner Plains Village","a":"The walk starts at the Dinner Plain village and ends up on Dinner Plain Track approximately 3km south of the DP village. Dinner Plain Track has a seasonal road closure on it to vehicles between mid June and end October.","b":[147.23945,-37.04244,147.2706,-37.01774]}},{"type":"Feature","geometry":{"type":"MultiLineString","coordinates":[[[145.87751,-37.49589],[145.87717,-37.49638],[145.87641,-37.49678],[145.87595,-37.49722],[145.87577,-37.49715],[145.87643,-37.49656],[145.87638,-37.49645],[145.8751,-37.49728],[145.87481,-37.49784],[145.87483,-37.49802],[145.87441,-37.49858],[145.87443,-37.49908],[145.87492,-37.50056],[145.8753,-37.50089],[145.87553,-37.50165],[145.87581,-37.50178],[145.87582,-37.50201],[145.87654,-37.50283],[145.87658,-37.50312],[145.87646,-37.50336],[145.8768,-37.50543],[145.87677,-37.50658],[145.87688,-37.50649],[145.87729,-37.5078],[145.87792,-37.50831],[145.87748,-37.50868],[145.87761,-37.50903],[145.87725,-37.50889],[145.87721,-37.50913],[145.87775,-37.50937],[145.87758,-37.50954],[145.87802,-37.5097],[145.87822,-37.51006],[145.87797,-37.51035],[145.8782,-37.51042],[145.87857,-37.51096],[145.87828,-37.51156],[145.87788,-37.51155],[145.87708,-37.51125],[145.87668,-37.51139],[145.87653,-37.5118],[145.87668,-37.51183],[145.87659,-37.51194],[145.87676,-37.512],[145.87666,-37.51215],[145.87679,-37.51222],[145.87639,-37.51277],[145.8765,-37.51308],[145.87637,-37.51344],[145.87613,-37.5136],[145.87633,-37.51367],[145.87568,-37.51433],[145.87588,-37.51437],[145.87568,-37.51483],[145.87581,-37.51496],[145.87579,-37.51518],[145.8761,-37.51507],[145.87619,-37.51536],[145.87644,-37.51516],[145.87646,-37.51539],[145.87668,-37.51532],[145.87671,-37.51553],[145.87685,-37.5155],[145.87692,-37.51597],[145.87715,-37.5159],[145.87702,-37.51655],[145.87748,-37.51705],[145.87733,-37.51755],[145.87769,-37.51802],[145.87786,-37.51881],[145.8782,-37.51905],[145.8784,-37.5199],[145.87868,-37.52009],[145.87874,-37.51994],[145.87886,-37.52005],[145.87904,-37.51987],[145.87896,-37.52023],[145.87916,-37.52057],[145.87925,-37.52045],[145.87925,-37.52085],[145.87988,-37.52097],[145.87996,-37.52136],[145.88017,-37.52146],[145.88001,-37.52182],[145.88027,-37.52253],[145.88053,-37.52285],[145.88039,-37.52312],[145.88055,-37.52365],[145.88032,-37.52389],[145.88034,-37.5247],[145.87995,-37.52498],[145.88006,-37.52522],[145.87992,-37.52547],[145.87957,-37.52585],[145.87938,-37.52585],[145.87939,-37.52605],[145.8792,-37.52617],[145.87902,-37.52611],[145.87896,-37.52629],[145.87885,-37.52616],[145.87868,-37.52631],[145.87855,-37.52608],[145.87852,-37.52622],[145.87837,-37.52616],[145.87815,-37.52637],[145.87818,-37.52611],[145.87805,-37.52586],[145.8779,-37.52591],[145.87774,-37.52568],[145.87758,-37.52508],[145.87726,-37.52545],[145.87724,-37.52571],[145.87703,-37.52515],[145.8767,-37.52601],[145.87653,-37.52576],[145.87636,-37.52595],[145.87633,-37.5257],[145.87597,-37.5263],[145.87602,-37.52648],[145.87586,-37.52652],[145.87582,-37.52672],[145.87567,-37.5266],[145.87529,-37.52693],[145.87528,-37.52716],[145.87489,-37.52728],[145.87475,-37.52719],[145.87322,-37.5278],[145.87208,-37.52858],[145.87119,-37.52848],[145.87109,-37.52864],[145.87061,-37.52868],[145.8705,-37.529],[145.87028,-37.52906],[145.86974,-37.52972],[145.86969,-37.53007],[145.86936,-37.53032],[145.86888,-37.53033],[145.86832,-37.52983],[145.8676,-37.52953],[145.86707,-37.5297],[145.8665,-37.52942],[145.86614,-37.52942],[145.86604,-37.53028],[145.86619,-37.5306],[145.86654,-37.53082],[145.86639,-37.53082],[145.86656,-37.53101],[145.8663,-37.531],[145.86633,-37.53114],[145.86604,-37.53111],[145.86608,-37.53124],[145.86533,-37.5312],[145.86506,-37.53172],[145.86525,-37.53177],[145.86518,-37.53211],[145.86383,-37.53162],[145.86326,-37.53118],[145.86267,-37.5315],[145.86162,-37.53125],[145.86076,-37.53144],[145.85983,-37.53113],[145.85947,-37.53125],[145.8591,-37.53175],[145.85875,-37.53174],[145.85849,-37.53152],[145.85858,-37.53087],[145.85845,-37.53063],[145.85796,-37.53042],[145.8573,-37.53041],[145.8566,-37.52987],[145.85651,-37.52861],[145.85678,-37.52809],[145.85656,-37.52799],[145.85667,-37.52793],[145.85661,-37.52779],[145.85617,-37.5277],[145.85588,-37.5277],[145.85538,-37.52806],[145.85351,-37.53035],[145.85342,-37.53017],[145.85335,-37.53035],[145.85327,-37.53014],[145.85298,-37.53043],[145.85279,-37.53026],[145.85283,-37.53003],[145.85219,-37.52985],[145.85184,-37.52965],[145.85192,-37.52948],[145.85155,-37.52946],[145.8512,-37.52924],[145.85115,-37.52905],[145.85073,-37.52881],[145.85073,-37.5287],[145.85018,-37.5284],[145.85003,-37.52809],[145.84941,-37.52804],[145.84905,-37.5278],[145.84888,-37.52746],[145.84862,-37.52751],[145.84852,-37.52731],[145.84824,-37.52735],[145.84819,-37.52698],[145.84773,-37.52715],[145.84757,-37.5269],[145.84727,-37.52717],[145.84703,-37.52702],[145.84684,-37.52711],[145.84668,-37.52689],[145.84653,-37.52708],[145.84626,-37.52692],[145.84602,-37.5271],[145.8458,-37.52703],[145.84567,-37.52714],[145.84548,-37.52699],[145.84533,-37.52716],[145.84501,-37.52719],[145.84468,-37.52777],[145.8445,-37.52782],[145.84454,-37.52799],[145.84428,-37.52831],[145.84446,-37.52851],[145.84448,-37.52888],[145.84418,-37.52913],[145.84395,-37.52968],[145.84299,-37.53005],[145.84275,-37.52992],[145.84271,-37.53007],[145.84235,-37.52985],[145.84191,-37.52978],[145.84135,-37.53017],[145.84008,-37.53034],[145.83996,-37.53042],[145.83981,-37.53094],[145.83905,-37.5318],[145.83895,-37.53165],[145.83881,-37.53205],[145.8386,-37.53188],[145.83844,-37.53217],[145.83831,-37.53207],[145.83816,-37.53219],[145.83817,-37.53195],[145.83707,-37.53133],[145.83637,-37.5315],[145.83609,-37.53116],[145.83598,-37.53123],[145.83537,-37.53096],[145.83553,-37.53111],[145.83534,-37.5311],[145.83494,-37.53091],[145.83462,-37.53074],[145.8343,-37.5303],[145.83324,-37.52962],[145.83275,-37.52966],[145.83185,-37.52949],[145.83154,-37.52933],[145.83134,-37.52907],[145.83125,-37.52906],[145.83129,-37.52923],[145.83097,-37.52892],[145.83101,-37.52932],[145.83092,-37.52927],[145.83086,-37.52941],[145.83073,-37.52927],[145.8307,-37.52956],[145.83049,-37.52954],[145.83056,-37.52992],[145.83036,-37.52995],[145.83008,-37.52972],[145.82997,-37.52941],[145.82986,-37.52954],[145.82981,-37.52934],[145.82958,-37.52947],[145.82909,-37.52891],[145.82859,-37.52857],[145.82847,-37.52864],[145.82807,-37.52827],[145.8281,-37.52758],[145.82839,-37.52688],[145.82808,-37.52618],[145.82781,-37.52593],[145.82624,-37.52524],[145.826,-37.525],[145.82563,-37.52396],[145.8253,-37.5237],[145.82411,-37.52344],[145.82415,-37.52357],[145.82481,-37.52383],[145.82379,-37.5237],[145.82301,-37.52415],[145.8228,-37.52399],[145.82257,-37.52405],[145.82243,-37.52372],[145.82217,-37.52369],[145.82172,-37.52334],[145.8216,-37.52343],[145.82151,-37.52322],[145.82118,-37.52328],[145.82117,-37.52309],[145.82109,-37.52317],[145.82073,-37.52286],[145.82051,-37.52289],[145.81981,-37.5224],[145.81969,-37.5218],[145.81949,-37.52163],[145.81945,-37.5213],[145.81921,-37.52112],[145.81913,-37.52064],[145.81894,-37.52053],[145.81907,-37.5204],[145.81894,-37.52019],[145.819,-37.51985],[145.81931,-37.51974],[145.81913,-37.51963],[145.81939,-37.51946],[145.81922,-37.51933],[145.81953,-37.51924],[145.81946,-37.51908],[145.8197,-37.51858],[145.81967,-37.51809],[145.81919,-37.51807],[145.81907,-37.51795],[145.81912,-37.5172],[145.81888,-37.51672],[145.8189,-37.51618],[145.81807,-37.51504],[145.81808,-37.51471],[145.81781,-37.51423],[145.81711,-37.51395],[145.81705,-37.51375],[145.81664,-37.51376],[145.81661,-37.51359],[145.81639,-37.51365],[145.81645,-37.51329],[145.81568,-37.51335],[145.81573,-37.51307],[145.81537,-37.51335],[145.815,-37.51313],[145.81488,-37.51321],[145.81487,-37.51306],[145.81474,-37.51318],[145.81474,-37.51302],[145.81443,-37.51296],[145.81444,-37.51282],[145.8141,-37.51299],[145.81347,-37.51292],[145.81315,-37.5125],[145.81288,-37.51239],[145.81225,-37.51219],[145.81169,-37.51228],[145.81162,-37.51197],[145.8113,-37.51196],[145.81177,-37.51147],[145.81117,-37.51158],[145.81161,-37.51129],[145.81121,-37.5113],[145.81142,-37.51108],[145.81046,-37.5115],[145.81075,-37.51123],[145.81051,-37.51129],[145.80956,-37.51202],[145.80949,-37.51194],[145.80976,-37.51144],[145.80929,-37.51158],[145.8096,-37.51127],[145.80936,-37.51131],[145.80961,-37.51104],[145.80916,-37.51125],[145.8092,-37.511],[145.80907,-37.51098],[145.80874,-37.51112],[145.80865,-37.51101],[145.80833,-37.5112],[145.80845,-37.5109],[145.80807,-37.51097],[145.80819,-37.51084],[145.80807,-37.51077],[145.80823,-37.51065],[145.80792,-37.51061],[145.80803,-37.5105],[145.80686,-37.51072],[145.8064,-37.51093],[145.80634,-37.51066],[145.80653,-37.51043],[145.80609,-37.51061],[145.80639,-37.51004],[145.80586,-37.51038],[145.806,-37.50998],[145.80567,-37.51017],[145.80563,-37.51003],[145.80551,-37.51014],[145.80561,-37.50979],[145.80543,-37.5099],[145.8052,-37.50979],[145.8049,-37.50995],[145.80504,-37.5094],[145.80468,-37.5095],[145.80464,-37.50912],[145.80432,-37.5093],[145.80392,-37.50916],[145.80371,-37.50917],[145.80359,-37.50931],[145.80345,-37.50907],[145.80331,-37.50923],[145.80318,-37.50915],[145.80301,-37.51007],[145.8031,-37.51034],[145.8028,-37.51111],[145.80231,-37.51073],[145.80207,-37.51062],[145.80192,-37.51069],[145.80162,-37.51044],[145.80099,-37.50921],[145.8008,-37.50988],[145.80069,-37.50971],[145.80061,-37.50982],[145.80026,-37.50914],[145.80011,-37.50909],[145.80006,-37.50982],[145.79992,-37.51015],[145.79965,-37.51046],[145.79933,-37.51132],[145.79889,-37.51189],[145.79869,-37.51172],[145.79829,-37.51071],[145.79789,-37.51102],[145.79784,-37.51126],[145.79767,-37.51115],[145.79777,-37.51071],[145.79751,-37.51012],[145.79608,-37.51006],[145.79567,-37.5103],[145.7954,-37.51031],[145.79494,-37.50998],[145.79462,-37.51004],[145.79361,-37.50968],[145.79386,-37.50949],[145.79375,-37.5093],[145.79324,-37.50929],[145.79292,-37.5095],[145.79261,-37.50935],[145.79265,-37.50912],[145.79243,-37.50909],[145.79226,-37.50884],[145.79115,-37.50889],[145.79095,-37.50878],[145.79033,-37.50898],[145.78946,-37.50896],[145.78903,-37.50916],[145.78772,-37.50934],[145.78714,-37.50957],[145.78666,-37.50925],[145.78605,-37.5092],[145.7859,-37.50889],[145.78459,-37.50916],[145.7835,-37.509],[145.78347,-37.50889],[145.78269,-37.50896],[145.78224,-37.50885],[145.78192,-37.50896],[145.78188,-37.50881],[145.7814,-37.50867],[145.78013,-37.50884],[145.77986,-37.50867],[145.77928,-37.50865],[145.77896,-37.50836],[145.77852,-37.50846],[145.77777,-37.50817],[145.7776,-37.50793],[145.77775,-37.5075],[145.77728,-37.50781],[145.77731,-37.50763],[145.77747,-37.50758],[145.77723,-37.50717],[145.77756,-37.50702],[145.77733,-37.50688],[145.77744,-37.50683],[145.77741,-37.50659],[145.77727,-37.50646],[145.77698,-37.50653],[145.77644,-37.50607],[145.77629,-37.50603],[145.77639,-37.5062],[145.77595,-37.50605],[145.77446,-37.50518],[145.77457,-37.50513],[145.77433,-37.50495],[145.77391,-37.50481],[145.77319,-37.50424],[145.77262,-37.50398],[145.77211,-37.50405],[145.77115,-37.5038],[145.77096,-37.50359],[145.77064,-37.50374],[145.77015,-37.50345],[145.77015,-37.50303],[145.77061,-37.50289],[145.77069,-37.50248],[145.77054,-37.50216],[145.7706,-37.50196],[145.76961,-37.50148],[145.76922,-37.50091],[145.7686,-37.50094],[145.76856,-37.50075],[145.7682,-37.50043],[145.76833,-37.50027],[145.76777,-37.49986],[145.76679,-37.49968],[145.76655,-37.49945],[145.76578,-37.49795],[145.76538,-37.49766],[145.76506,-37.49775],[145.7649,-37.4974],[145.7644,-37.49695],[145.76401,-37.49684],[145.76394,-37.49701],[145.76236,-37.49745],[145.76212,-37.49802],[145.76073,-37.49934],[145.76041,-37.50016],[145.75998,-37.50064],[145.75988,-37.50119],[145.75953,-37.50116],[145.75936,-37.5015],[145.75905,-37.50173],[145.75874,-37.50168],[145.75853,-37.50188],[145.75807,-37.50199],[145.75672,-37.50192],[145.75652,-37.50171],[145.75648,-37.50191],[145.75609,-37.50164],[145.75605,-37.50178],[145.7552,-37.50103],[145.75458,-37.50076],[145.7548,-37.50107],[145.75438,-37.5009],[145.75454,-37.50118],[145.75397,-37.50109],[145.75423,-37.5013],[145.75334,-37.50122],[145.75344,-37.50137],[145.75325,-37.50135],[145.75274,-37.50073],[145.75271,-37.50039],[145.7524,-37.49988],[145.7519,-37.49943],[145.75185,-37.49912],[145.75155,-37.49883],[145.75109,-37.49723],[145.7504,-37.49689],[145.74983,-37.49688],[145.74912,-37.49708],[145.74878,-37.49736],[145.74923,-37.49712],[145.74973,-37.49715],[145.74907,-37.49739],[145.74856,-37.49819],[145.74854,-37.49852],[145.74877,-37.49899],[145.74825,-37.49973],[145.74828,-37.50099],[145.74778,-37.50125],[145.74731,-37.50181],[145.74733,-37.50196],[145.7475,-37.50184],[145.74776,-37.50216],[145.74778,-37.50256],[145.74763,-37.50291],[145.74774,-37.50321],[145.74817,-37.50348],[145.74806,-37.50368],[145.74809,-37.50401],[145.74793,-37.5044],[145.74783,-37.50433],[145.7477,-37.50456],[145.74767,-37.5049],[145.74783,-37.50535],[145.74781,-37.5058],[145.74803,-37.50622],[145.74798,-37.50641],[145.74815,-37.50652],[145.74827,-37.50716],[145.74863,-37.50777],[145.74854,-37.50781]]]},"properties":{"n":"Cascades Track","k":"ride","g":["Mountain bike · 29 km one way · 1–4 hrs · Intermediate"],"d":"This intermediate trail through beautiful mountain forests starts at Lake Mountain and descends 1550m, with 500m of climbing, down into Marysville. It will take between 3 to 5 hours to complete, with lots of great views, steep berms, flowy descents and jumps with A and B line options. Bring plenty of snacks, water and spares because this is a strenuous remote country ride that requires your full attention.","a":"From Marysville, head towards Lake Mountain Alpine Resort on the Marysville-Woods Point Road. After 10km, turn right onto the Lake Mountain Road and continue for 10km to reach the Lake Mountain Resort. The trailhead is on the right as you enter the main carpark.","b":[145.74731,-37.53219,145.88055,-37.49589]}},{"type":"Feature","geometry":{"type":"MultiLineString","coordinates":[[[145.7537,-37.51141],[145.7537,-37.51141]]]},"properties":{"n":"Lady Talbot Forest Drive","k":"drive","g":["Scenic drive · 45 km return · 1–4 hrs · Easy"],"d":"Commencing from Marysville, Lady Talbot Drive is a scenic loop drive through the Taggerty River valley and beyond, passing through stands of Mountain Ash forests and ferns, with the ghostly white stags of dead Mountain Ash trees, killed in the 2009/10 bushfires in the distance. The drive offers numerous opportunities to stop during the first part of the drive, with short walks to Phantom Falls (800m, 30 mins return), Keppel Falls (2km, 1 hour return) and Taggerty Cascades (400m return to cascades or 1.2km return to Meeting of the Waters). The drive continues on up to Mt Margaret Gap and then loops back to Marysville. Do not undertake this drive during storm or high wind events due to…","a":"From Marysville head north to the roundabout and turn right down Marysville Woods Point road. Lady Talbot Drive starts here and continues for 46km along the Mt Margaret Road, through State Forest to the Buxton-Marysville Road and back to Marysville. Lady Talbot Drive is suitable for two wheel drive vehicles, but in dry weather only.","b":[145.7537,-37.51141,145.7537,-37.51141]}},{"type":"Feature","geometry":{"type":"MultiLineString","coordinates":[[[145.74854,-37.50781],[145.74859,-37.50766],[145.7483,-37.50723],[145.74814,-37.50669],[145.74805,-37.5044],[145.74844,-37.504],[145.7489,-37.50309],[145.7486,-37.50292],[145.74854,-37.50242],[145.74865,-37.50205],[145.7499,-37.5012],[145.75027,-37.50151],[145.75054,-37.50259],[145.75085,-37.50306],[145.75169,-37.50361],[145.75316,-37.5035],[145.7535,-37.50266],[145.75404,-37.50237],[145.75539,-37.50289],[145.75639,-37.50206],[145.75676,-37.50192],[145.75807,-37.50199],[145.75853,-37.50188],[145.75874,-37.50168],[145.75893,-37.50176]]]},"properties":{"n":"Red Hill Trail","k":"ride","g":["Mountain bike · 2 km one way · under 1 hr · Intermediate","Walk · 2 km return · 18 min · Grade 3"],"x":"No experience required","t":"Formed track · Short steep hills · No steps · Sign posted","d":"Red Hill Trail stretches up the side of Red Hill to one of the town's green breaks where there is an excellent view of Sugarloaf. The track then descending down to meet the Michaeldene Trail in the nearby gully. Turn right to return to Marysville. A challenging shared use trail that heads up to the top of Red Hill from Marysville then down the other side joining with the Michaeldene trail. Turn right to return to Marysville. If you would like a longer ride, turn left to do the Michaeldene loop which returns back to Marysville. Holidaying in Marysville and looking to blow the cobwebs out? Walk or ride the Red Hill Trail to the north of the town and enjoy some great views over Marysville and…","a":"From the roundabout at the northern end of town, head towards Buxton along the Buxton-Marysville Road. After 200m you will see the start of the trail on your right.","b":[145.74805,-37.50781,145.75893,-37.5012]}},{"type":"Feature","geometry":{"type":"MultiLineString","coordinates":[[[145.5699,-37.42409],[145.5699,-37.42409]]]},"properties":{"n":"Boroondara Track","k":"walk","g":["Walk · 10 km return · 3 hrs · Grade 4"],"x":"Experienced bushwalkers","t":"Formed track some obstacles · Very steep · Many steps · Sign posted","d":"Boroondara Track can be accessed from Falls Creek road carpark 700m from the Murrindindi road junction. This circuit track encompasses both Wilhelmina Falls and a section of Murrindindi Walk. Stroll along the Boroondara Track to the Boroondara footbridge, before the track provides an invigorating walk upstream to the Wilhelmina Walk intersection. From here you can head down to the Wilhelmina Falls and take the time to enjoy the amazing views. Carefully descend down the rock trail to the Murrindindi River before turning to the left and following the river walk back to the Boroondara carpark.","a":"From Melbourne - travel along the Melba Highway to the intersection of Murrindindi Road just before Devlins Bridge. Turn right and drive 10km to the Reserve. Drive south along Murrindindi Road for approximately 6km to the junction of Falls road. Head left down Falls road for 700m until you see the Boroondara carpark on your left.","b":[145.5699,-37.42409,145.5699,-37.42409]}},{"type":"Feature","geometry":{"type":"MultiLineString","coordinates":[[[146.25371,-37.56867],[146.25349,-37.56828],[146.25398,-37.56826],[146.25384,-37.56814],[146.25418,-37.56818]]]},"properties":{"n":"Dustys Lookout","k":"walk","g":["Walk · 0.25 km return · 10 min · Grade 2.2"],"x":"No experience required","t":"Well formed track · Short steep hills · Occasional steps · Clearly sign posted","d":"A short steep walk that takes you up to expansive views across the valley, including the small township of Woods Point.","a":"This walk is located at the small golf course in Woodspoint.","b":[146.25349,-37.56867,146.25418,-37.56814]}},{"type":"Feature","geometry":{"type":"MultiLineString","coordinates":[[[146.2314,-37.23686],[146.2324,-37.23722],[146.2321,-37.2383],[146.23238,-37.23902],[146.23332,-37.23949],[146.23385,-37.23955],[146.23413,-37.23977],[146.23636,-37.23947],[146.2369,-37.23914],[146.23737,-37.23922],[146.2379,-37.23881],[146.23881,-37.23884],[146.23999,-37.23853],[146.24081,-37.23859],[146.24102,-37.23884],[146.24173,-37.23868],[146.24186,-37.23855],[146.24181,-37.23835],[146.24233,-37.23817],[146.24276,-37.23754],[146.24251,-37.23706],[146.24265,-37.23675],[146.24262,-37.23505],[146.24277,-37.23489],[146.2441,-37.23509],[146.24494,-37.23537],[146.24556,-37.23528],[146.24625,-37.2344],[146.24618,-37.234],[146.2472,-37.23377],[146.248,-37.23388],[146.2495,-37.23363],[146.25081,-37.233],[146.2519,-37.23191],[146.25242,-37.23178],[146.25391,-37.2318],[146.25517,-37.2313],[146.25673,-37.23005],[146.25744,-37.23002],[146.25745,-37.22983],[146.25786,-37.22975],[146.25827,-37.22942],[146.25844,-37.22895],[146.25833,-37.22863],[146.25787,-37.2282],[146.25763,-37.22831],[146.25728,-37.22793],[146.25733,-37.22747],[146.25788,-37.22712],[146.25935,-37.22736],[146.25969,-37.22771],[146.26197,-37.22828],[146.26242,-37.22823],[146.26294,-37.22796],[146.26317,-37.22745],[146.2634,-37.22747],[146.26365,-37.2273],[146.26373,-37.22662],[146.26365,-37.22645],[146.26385,-37.22639],[146.26398,-37.22606],[146.26388,-37.22578],[146.2641,-37.2255],[146.2642,-37.22498],[146.26447,-37.22474],[146.26444,-37.22455],[146.26395,-37.22426],[146.26418,-37.22405],[146.26397,-37.2235],[146.2631,-37.22282],[146.26305,-37.22245],[146.26336,-37.22205],[146.26358,-37.22193],[146.26417,-37.22212],[146.26554,-37.2219],[146.26584,-37.22168],[146.26612,-37.22113],[146.26702,-37.22064],[146.26789,-37.22064],[146.26861,-37.2205],[146.26886,-37.22026],[146.26962,-37.2202],[146.2712,-37.21929],[146.2717,-37.21932],[146.27206,-37.21907],[146.27297,-37.21903],[146.27332,-37.21887],[146.27431,-37.21895],[146.275,-37.21937],[146.27569,-37.2195],[146.27636,-37.22005],[146.27709,-37.22041],[146.27794,-37.22005],[146.27836,-37.22021],[146.28011,-37.21995],[146.28117,-37.22077],[146.28204,-37.2207],[146.28273,-37.22107],[146.2834,-37.22101],[146.2839,-37.2205],[146.28412,-37.22044],[146.28465,-37.22088],[146.28654,-37.22136],[146.2866,-37.22155],[146.28703,-37.22174],[146.28682,-37.22178],[146.28694,-37.22209],[146.28762,-37.22222],[146.28813,-37.2226],[146.28882,-37.22219],[146.28958,-37.22218],[146.28972,-37.22201],[146.28968,-37.22157],[146.2902,-37.22117],[146.29105,-37.22081],[146.29129,-37.22087],[146.29164,-37.22121],[146.29237,-37.22122],[146.29258,-37.22211],[146.29318,-37.22246],[146.29403,-37.22321],[146.29416,-37.22325],[146.29451,-37.22302],[146.29504,-37.22304],[146.29521,-37.22323],[146.29529,-37.22372],[146.29682,-37.22407],[146.29714,-37.22336],[146.29674,-37.22279],[146.29672,-37.22239],[146.29684,-37.22208],[146.29672,-37.22158],[146.29694,-37.22127],[146.29791,-37.22118],[146.29859,-37.22145],[146.29981,-37.22129],[146.30019,-37.22157],[146.30072,-37.22164],[146.30106,-37.22141],[146.30146,-37.22142],[146.3018,-37.22099],[146.30198,-37.22096],[146.30212,-37.22077],[146.30247,-37.22072],[146.3031,-37.22003],[146.30385,-37.21972],[146.30436,-37.21932],[146.30475,-37.21855],[146.30519,-37.21835],[146.30554,-37.21789],[146.30592,-37.21764],[146.30671,-37.21756],[146.30809,-37.21646],[146.30926,-37.2164],[146.30999,-37.21664],[146.31102,-37.21749],[146.31204,-37.2175],[146.3128,-37.21776],[146.3147,-37.21721],[146.31592,-37.21703]]]},"properties":{"n":"Howqua River Walking Track","k":"ride","g":["Horse riding · 12 km one way · 4+ hrs · Intermediate","Walk · 12 km one way · 4 hrs · Grade 4"],"x":"Bushwalking experience recommended","t":"Rough many obstacles · Gentle hills · Occasional steps · Limited signage","d":"The Howqua River Walking Track is a popular walk, this walk will take you a total of 12.4 km through stunning native vegetation. You will follow the river flats for the majority of the walk and will give you the opportunity to cross over more than 30 river crossing. This walk gives you the ability to immerse yourself in the Victorian High Country and enjoy the stunning scenery. Spend time meandering through Australian native species as you take a long ride along the Howqua River, with opportunities to complete water crossing when water flow is high. Following the river flats you’ll cross over the river more than 30 times, this track becomes quite popular in the warmer months so care should…","a":"To Running Creek - from Mansfield follow the Woods Point Road toward Jamieson. At the Howqua Bridge turn left onto the Howqua River Road, follow for approx 6kms. Continue onto Steiners Rd for 2 kms and turn left into Running Creek.","b":[146.2314,-37.23977,146.31592,-37.2164]}},{"type":"Feature","geometry":{"type":"MultiLineString","coordinates":[[[146.40509,-37.74994],[146.40459,-37.75027],[146.40393,-37.75129],[146.40287,-37.75507],[146.40241,-37.75562],[146.40222,-37.75661],[146.40236,-37.75695],[146.40299,-37.75684],[146.40343,-37.75695],[146.40271,-37.75742],[146.40283,-37.75805],[146.40255,-37.7587],[146.40232,-37.75869],[146.4013,-37.75787],[146.39987,-37.7582],[146.39943,-37.75856],[146.39921,-37.75922],[146.3984,-37.75925],[146.39737,-37.75894],[146.39683,-37.75896],[146.39679,-37.75909],[146.39733,-37.7592],[146.39798,-37.75977],[146.39994,-37.76032],[146.39895,-37.76037],[146.39839,-37.76056],[146.39785,-37.76088],[146.39714,-37.76158],[146.39632,-37.7619],[146.39521,-37.76202],[146.39349,-37.76251],[146.39308,-37.7625],[146.39207,-37.76289],[146.39164,-37.76337],[146.3925,-37.76334],[146.39449,-37.76387],[146.39459,-37.76413],[146.39426,-37.7648],[146.3927,-37.7655],[146.39209,-37.76564],[146.3913,-37.76635],[146.39063,-37.7664],[146.39031,-37.76684],[146.38899,-37.76694],[146.38874,-37.76714],[146.38871,-37.76766],[146.38846,-37.76815],[146.38876,-37.76845],[146.39028,-37.76867],[146.3925,-37.76857],[146.39298,-37.76876],[146.39124,-37.76926],[146.39048,-37.7698],[146.3904,-37.77013],[146.39117,-37.77082],[146.39107,-37.77107],[146.39015,-37.7712],[146.38855,-37.77075],[146.38819,-37.771],[146.38825,-37.77155],[146.38795,-37.77226],[146.38876,-37.77314],[146.38883,-37.77347],[146.38809,-37.77409],[146.38786,-37.77511],[146.38658,-37.77577]]]},"properties":{"n":"Aberfeldy Backroad Tour – Donnellys Creek Loop - Meringtons and Junction Hut","k":"drive","g":["4WD · 5.6 km one way · under 1 hr · Difficult (Black Diamond)"],"d":"For 4WDs and drivers with reasonable 4WD experience or 4WD training. This side trip cuts out the northwestern section of the main Donnellys Creek Tour, rejoining the main route heading south. It takes you past Junction Hut and Meringtons Campgrounds and to the Aberfeldy River. You may choose to stay overnight at Junction Hut or at the more spacious Meringtons Campground. Junction Hut is set above the scenic junction of Donnellys Creek and the Aberfeldy River. 4WD vehicles may cross the river when conditions are suitable. At Meringtons, you can do Meringtons Walk that will take you to the Lone Grave of Charles Brown (Note – Access to the grave requires wading through the Aberfeldy River).…","a":"This side trip is accessed off Donnellys Creek Road and heads up Junction Track. Note – There is a deep river crossing at Junction, check depth prior to crossing.","b":[146.38658,-37.77577,146.40509,-37.74994]}},{"type":"Feature","geometry":{"type":"MultiLineString","coordinates":[[[146.85975,-37.82935],[146.85966,-37.82885],[146.86018,-37.82782],[146.86022,-37.82693],[146.85991,-37.8262],[146.8601,-37.82567],[146.85987,-37.82524],[146.85983,-37.82463],[146.85967,-37.82438],[146.85985,-37.82405],[146.85925,-37.8242],[146.85915,-37.82395],[146.85922,-37.82341],[146.85872,-37.82347],[146.85868,-37.82246],[146.85832,-37.82195],[146.85902,-37.82119],[146.85962,-37.82093],[146.85966,-37.82052],[146.86083,-37.82019],[146.86142,-37.81936],[146.86185,-37.81902],[146.86191,-37.81853],[146.86256,-37.81792],[146.86352,-37.81755]]]},"properties":{"n":"Green Hills Walking Track","k":"walk","g":["Walk · 1.8 km return · 1 hr · Grade 4"],"x":"Bushwalking experience recommended","t":"Rough many obstacles · Very steep · No steps · Sign posted","d":"The walk is approximately 1.8km one way and provides access onto the Avon Walking Track with stunning views of the Avon River and surrounding hills. The walk is a steady downhill from Green Hill Rd to the Avon Walking track and so the walk back up to the road is more arduous. At least 2hrs should be allowed if completing a return walk. Nearby Green Hill Lookout provides a spot for a picnic with a view. A grade 4 walking track that provides alternative access to the Avon Walking Track.","a":"Green Hills Walking Track is located off Green Hills Rd via Kentucky Rd approximately 15 minutes from the township of Newry.","b":[146.85832,-37.82935,146.86352,-37.81755]}},{"type":"Feature","geometry":{"type":"MultiLineString","coordinates":[[[146.34639,-37.89773],[146.34612,-37.89813],[146.34609,-37.89858],[146.34567,-37.89904],[146.34553,-37.89953],[146.34483,-37.89951],[146.34276,-37.90076],[146.34188,-37.90096],[146.34137,-37.90137],[146.34052,-37.90174],[146.33969,-37.90251],[146.33904,-37.90263]]]},"properties":{"n":"Mountain Monarchs Walk","k":"walk","g":["Walk · 1.8 km return · 30 min · Grade 3"],"x":"Bushwalking experience recommended","t":"Formed track · Gentle hills · No steps · Limited signage","d":"Follow what was once an old road (Middle Tyers Road) and walk underneath ancient Mountain Ash and Myrtle Beech. Enjoy glimpses of giant granite bolders along the walk and the diversity of plants, from the unique assemblage of flora to the mosses and fungi that cover the forest.","a":"To access the walk, follow Thomson Valley Rd north and turn onto the Mt Erica Rd. The walk starts approximately 1km before the Mt Erica carpark.","b":[146.33904,-37.90263,146.34639,-37.89773]}},{"type":"Feature","geometry":{"type":"MultiLineString","coordinates":[[[145.75005,-37.51075],[145.75058,-37.51096],[145.75148,-37.51162],[145.752,-37.51169],[145.75279,-37.51269],[145.75343,-37.51395],[145.75403,-37.51451],[145.75538,-37.51534],[145.7565,-37.51572],[145.75731,-37.51635],[145.75759,-37.51637],[145.75944,-37.5174],[145.76087,-37.51796],[145.76258,-37.51953],[145.7634,-37.52067],[145.76434,-37.52118],[145.76543,-37.52141],[145.76638,-37.5219],[145.76691,-37.52201],[145.76804,-37.52197],[145.76871,-37.52219],[145.77013,-37.52236],[145.77209,-37.52236],[145.77349,-37.52262],[145.77396,-37.52283],[145.77405,-37.52345],[145.77379,-37.52392],[145.77325,-37.52417],[145.77262,-37.52475],[145.77275,-37.5252],[145.77338,-37.52598],[145.77335,-37.52635],[145.7725,-37.52821],[145.77242,-37.52873],[145.77245,-37.52917],[145.77294,-37.53037],[145.77277,-37.5308]]]},"properties":{"n":"Tree Fern Gully","k":"ride","g":["Mountain bike · 7.6 km return · 1–4 hrs · Easy with Intermediate Sections","Walk · 7.4 km return · 3 hrs · Grade 2.1"],"x":"No experience required","t":"Formed track · Gentle hills · No steps · Clearly sign posted","d":"This gently undulating shared trail links Marysville with Steavenson Falls Scenic Reserve and is the best way to approach the falls. Walkers and cyclists will pass through stands of tall Manna Gum, Mountain Ash and shady tree fern groves that surround the rushing Steavenson River. This trail is predominantly used by walkers so take it slow and cautious. The trail is wide and predominantly a gradual uphill to Steavenson Falls. so may not be suitable for smaller children. The trailhead is located just minutes from the center of town. This dual purpose trail provides an insight into the Marysville forest environment and continues on to join the popular tourist destination of Steavenson Falls.","a":"Head behind the Marysville Information Centre to the trailhead located at the furthest upstream bridge near the tennis courts in Gallipoli Park. The trail follows the Steavenson River with views over Marysville for 1.3km before crossing another bridge back to the southern bank. Keep left at the trail junction immediately after crossing the bridge and walk up to and across Yellow Dog road. The trail soon swings south, entering the narrowing rocky valley of the Steavenson Falls Scenic Reserve and finishes at Steavenson Falls Trail, with the falls to the left and the car park to the right.…","b":[145.75005,-37.5308,145.77405,-37.51075]}},{"type":"Feature","geometry":{"type":"MultiLineString","coordinates":[[[145.68646,-37.41366],[145.68696,-37.41378],[145.68866,-37.4154],[145.6889,-37.41542],[145.68996,-37.41502]]]},"properties":{"n":"Midget","k":"ride","g":["Mountain bike · 0.4 km one way · Intermediate"],"d":"This trail creates a short-cut removing all the climbing on Acheron Ridge and re-enters at the bottom of spider gully.","b":[145.68646,-37.41542,145.68996,-37.41366]}},{"type":"Feature","geometry":{"type":"MultiLineString","coordinates":[[[145.52736,-37.50828],[145.52725,-37.50868],[145.52657,-37.50917],[145.52628,-37.50924],[145.52608,-37.50954],[145.52592,-37.51009],[145.52629,-37.51049],[145.52619,-37.51081],[145.52632,-37.51134],[145.52599,-37.51201],[145.52591,-37.51332],[145.52535,-37.51392],[145.52546,-37.51455],[145.52497,-37.51499],[145.52462,-37.51556],[145.52447,-37.51604],[145.52445,-37.51686],[145.52404,-37.51795],[145.52414,-37.51876],[145.52441,-37.51915],[145.52528,-37.51937],[145.52626,-37.5193],[145.52649,-37.51967],[145.52689,-37.51977],[145.52728,-37.52052],[145.52786,-37.52072],[145.52801,-37.52113],[145.52825,-37.52135],[145.52783,-37.52203],[145.52773,-37.52256],[145.52784,-37.52283],[145.52775,-37.52319],[145.52782,-37.52357],[145.52724,-37.52487],[145.52734,-37.52575],[145.52724,-37.52623],[145.52761,-37.52675],[145.52784,-37.52734],[145.52833,-37.52772],[145.52879,-37.52787],[145.52785,-37.52869],[145.52778,-37.52893],[145.52794,-37.52955],[145.5277,-37.52977],[145.52693,-37.52869],[145.5264,-37.5283],[145.52585,-37.52813],[145.52563,-37.52789],[145.5252,-37.52772],[145.52443,-37.52698],[145.52413,-37.52706],[145.52376,-37.52753],[145.52314,-37.52694],[145.5224,-37.52657],[145.52232,-37.52682],[145.52251,-37.52704],[145.52235,-37.52709],[145.52215,-37.5268],[145.5222,-37.52641],[145.52306,-37.52596],[145.52384,-37.52594],[145.52436,-37.52618],[145.52465,-37.52606],[145.52431,-37.52551],[145.52455,-37.52479],[145.52423,-37.52451],[145.5236,-37.52451],[145.52344,-37.52429],[145.52353,-37.5239],[145.52412,-37.52354],[145.52424,-37.52329],[145.52313,-37.52312],[145.52298,-37.52289],[145.523,-37.52247],[145.52243,-37.52217],[145.52199,-37.52143],[145.52082,-37.52054],[145.5204,-37.51933],[145.52078,-37.51817],[145.52042,-37.51653],[145.52055,-37.51608],[145.52091,-37.51578],[145.52029,-37.51548],[145.52002,-37.51465],[145.51962,-37.51438],[145.5193,-37.51383],[145.51917,-37.51341],[145.51924,-37.51296],[145.5189,-37.51209],[145.519,-37.51149],[145.51999,-37.51063],[145.5201,-37.51029],[145.52,-37.50954],[145.5201,-37.50899],[145.52027,-37.50867],[145.52092,-37.5082],[145.52264,-37.50785],[145.52477,-37.50781],[145.5254,-37.5076],[145.52587,-37.50771],[145.52656,-37.50821],[145.52713,-37.50835],[145.52755,-37.50812],[145.52725,-37.50756],[145.5274,-37.50715],[145.52768,-37.50699],[145.52829,-37.50723],[145.52946,-37.50737],[145.53003,-37.50756],[145.53085,-37.50814],[145.53139,-37.50928],[145.532,-37.50961],[145.53483,-37.51023],[145.53547,-37.51067],[145.53586,-37.51078],[145.53603,-37.51075],[145.53612,-37.51048],[145.53656,-37.5102],[145.53615,-37.50981]]]},"properties":{"n":"Myrtle Gully Circuit","k":"walk","g":["Walk · 8.6 km return · 3 hrs · Grade 3"],"x":"No experience required","t":"Formed track some obstacles · Short steep hills · Occasional steps · Sign posted","d":"You can begin the Myrtle Gully walk at either Tanglefoot picnic area or via Wirrawilla Rainforest. This 9km track follows the Myrtle Creek under some amazing Myrtle Beech trees before rising into the Mountain Ash stands then dipping in to the gullies at the Tanglefoot boardwalk. The walk can be experienced as a single loop or in conjunction with the Tanglefoot Loop as a 17km all day walk.","a":"Access via Wirrawilla Rainforest - From Healesville, head up the Myers Creek road for 13km. Take Sylvia Creek road to the right then continue on this well maintained forest road for 4.5km. On the hairpin bend you will find the start of the Wirrawilla carpark access road on your right. Alternately access via Tanglefoot Carpark - continue on Sylvia Creek road a further 3km to Tanglefoot carpark.","b":[145.5189,-37.52977,145.53656,-37.50699]}},{"type":"Feature","geometry":{"type":"MultiLineString","coordinates":[[[145.58222,-37.52867],[145.58328,-37.53019],[145.58329,-37.53037],[145.58299,-37.53088],[145.58307,-37.53115]]]},"properties":{"n":"Redwoods Walk","k":"walk","g":["Walk · 0.6 km return · 27 min · Grade 2.2"],"x":"No experience required","t":"Well formed trk · Gentle hills · No steps · Clearly sign posted","d":"This short uphill walk takes you to a stand of Redwood trees that was part of an earlier planting trial into the suitability of Redwoods for timber production. See the Redwoods battle it out with the native eucalypts for survival.","a":"The Redwoods Walk is accessed from the Walindjerri picnic area. To get to the picnic area, head north past Narbethong for 2km along the Maroondah Highway, and then turn left onto Plantation Road. Continue along Plantation Road for 7.9km and then turn left onto Stoney Creek Road. Continue along Stoney Creek Road for 1.3km. You will pass an access road on your left hand side to the Walindjerri Camp. Continue on for another 200m to turn left into the day visitor site.","b":[145.58222,-37.53115,145.58329,-37.52867]}},{"type":"Feature","geometry":{"type":"MultiLineString","coordinates":[[[147.57218,-37.70564],[147.5709,-37.70534],[147.57084,-37.70517],[147.57021,-37.70483],[147.56989,-37.70511],[147.56942,-37.70501],[147.56889,-37.70524],[147.5681,-37.70519],[147.56773,-37.70529],[147.56696,-37.70505],[147.56645,-37.70508],[147.56631,-37.70526],[147.56533,-37.70507],[147.56443,-37.70515]]]},"properties":{"n":"Chicken Run","k":"ride","g":["Mountain bike · 0.78 km one way · under 1 hr · Difficult"],"d":"Chicken Run is a hand built blue/black gravity trail which pretty much drops straight down from Tower Rd to join in with the Down Hill MTB track where it crosses Lookout Rd. It’s approx 800m long, steep and advanced unpredictable features.","a":"Chicken Run black/blue Downhill Mountainbike track starts directly off the side of Tower Road, approximately 100 m south of Lookout Rd (where the DH track starting ramp is).","b":[147.56443,-37.70564,147.57218,-37.70483]}},{"type":"Feature","geometry":{"type":"MultiLineString","coordinates":[[[145.91341,-36.83245],[145.91353,-36.83234],[145.91378,-36.83238],[145.91412,-36.83299],[145.91364,-36.83344]]]},"properties":{"n":"Link trail to Rocky Ned Falls Walk","k":"walk","g":["Walk · 0.19 km one way · 3 min · Grade 3"],"x":"No experience required","t":"Formed track · Short steep hills · No steps · Sign posted","d":"This link walking track provides access onto the Rocky Ned Falls walk and also down to Rocky Ned Creek Take the short 250 metre Rocky Ned Falls walk from the Rocky Ned 2 camp site.","a":"This link track is accessed from the Rocky Ned 2 campground. Turn off the Midland Highway onto Lima East Road at Swanpool. Follow Lima East Road for approximately 19km until you reach Goodes Track located on the right. Turn right at Goodes Track and follow for 2km until you reach the intersection of Goodes and Rocky Ned Track, veer right and follow Rocky Ned Track for 1km until you reach your destination Rocky Ned 2 camp site. Please note from Goodes Track it is 4WD access only.","b":[145.91341,-36.83344,145.91412,-36.83234]}},{"type":"Feature","geometry":{"type":"MultiLineString","coordinates":[[[148.24805,-37.49276],[148.2484,-37.49354],[148.24927,-37.49364],[148.24976,-37.49391],[148.25061,-37.49411],[148.25375,-37.49419],[148.25617,-37.49464]]]},"properties":{"n":"Rocky Knob","k":"walk","g":["Walk · 0.8 km return · under 1 hr · Grade 3"],"x":"Bushwalking experience recommended","t":"Formed track some obstacles · Short steep hills · Occassional steps · Limited signage","d":"A rocky outcrop east of Buchan with views across the valley.","a":"Follow the Basin Rd east from Buchan, turn onto the Old Basin Rd. The access track is approx. 2km from this intersection and it can be rough and potholed. The outcrop is a 400m walk from the informal car park.","b":[148.24805,-37.49464,148.25617,-37.49276]}},{"type":"Feature","geometry":{"type":"MultiLineString","coordinates":[[[146.09876,-37.42262],[146.10057,-37.42386],[146.10127,-37.42497],[146.10175,-37.42526],[146.10306,-37.42563],[146.10315,-37.42611],[146.10302,-37.42627],[146.10288,-37.4263],[146.10252,-37.42601],[146.10202,-37.42624]]]},"properties":{"n":"Enoch Falls Walk","k":"walk","g":["Walk · 1.4 km return · 45 min · Grade 3"],"x":"No experience required","t":"Formed track some obstacles · Gentle hills · Occasional steps · Sign posted","d":"Located in the heart of the Big River State Forest, this gentle walk follows the banks of Big River through forests of Peppermint and opens to a picturesque cascading waterfall.","a":"From Melbourne take the Maroondah Hwy, turn right to Thornton and turn onto the Goulburn Valley Highway, then right onto Eildon-Jamieson road. Big River road is 30 kilometres from the Highway. Turn right into Big River Road and follow the gravel road for 11.7 km veering right to Enochs Point. Access from the south via Marysville and Woods Point road requires 4 Wheel Drive from 25 Mile Creek.","b":[146.09876,-37.4263,146.10315,-37.42262]}},{"type":"Feature","geometry":{"type":"MultiLineString","coordinates":[[[146.25217,-37.56782],[146.25133,-37.56673]]]},"properties":{"n":"Goulburn River Walk","k":"walk","g":["Walk · 0.5 km return · 10 min · Grade 2.2"],"x":"No experience required","t":"Well formed track · Flat · No steps · Limited signage","d":"Take a slow walk along the meandering Goulburn river, peer into the shallow water and you may be able to spot a fish swimming past. Walk past the mini golf and try your luck at a hole in one, pass through some historic mining relics of yester year and finish up at the helipad which was once a tennis court.","a":"Begin the walk from the Mini golf course in the centre of town.","b":[146.25133,-37.56782,146.25217,-37.56673]}},{"type":"Feature","geometry":{"type":"MultiLineString","coordinates":[[[148.29073,-37.61718],[148.29348,-37.61783],[148.29418,-37.61789],[148.29587,-37.61761],[148.29709,-37.61704],[148.29782,-37.6165],[148.29809,-37.61624],[148.29827,-37.61572],[148.29934,-37.61513],[148.30085,-37.61373],[148.30386,-37.61231],[148.30449,-37.6114],[148.3052,-37.61067],[148.30586,-37.61022],[148.30814,-37.60964],[148.3093,-37.6096],[148.30966,-37.6094],[148.3104,-37.60879],[148.31156,-37.6075],[148.31149,-37.60642],[148.3112,-37.60581],[148.31103,-37.6039],[148.31122,-37.6034],[148.31163,-37.60295],[148.31269,-37.60224],[148.31473,-37.60163],[148.3149,-37.6009],[148.31678,-37.59912],[148.31806,-37.59919],[148.31955,-37.59907],[148.32014,-37.59852],[148.32297,-37.59794],[148.32381,-37.59763],[148.32407,-37.59737],[148.32439,-37.59649],[148.32534,-37.59544],[148.32492,-37.59409],[148.32652,-37.59322],[148.32736,-37.59227],[148.32771,-37.59204],[148.32831,-37.59203],[148.32939,-37.59228],[148.33173,-37.59336],[148.33264,-37.5931],[148.33518,-37.59301],[148.33601,-37.59311],[148.33834,-37.59263],[148.33876,-37.59223],[148.34115,-37.59127],[148.34216,-37.59063],[148.34315,-37.59035],[148.34385,-37.59032],[148.34513,-37.58971],[148.34728,-37.58954],[148.34885,-37.58987],[148.34903,-37.58964],[148.34906,-37.58901],[148.34932,-37.58858]]]},"properties":{"n":"Far East Gippsland Backroad Tour - The Mighty Snowy - Sandy Point Tk","k":"drive","g":["4WD · 14.4 km return · 1–4 hrs · Difficult (Black Diamond)"],"d":"For 4WDs and drivers with reasonable 4WD experience or 4WD training. The Sandy Point side trip provides access to a beautiful section of the Snowy River and to camping on the western banks of the Snowy River. Here you can enjoy your lunch or stay a few days and enjoy a paddle on the Snowy River.","a":"Turn off the Buchan-Orbost Road onto Sandy Point Track and travel 7.2km to reach Sandy Point Campground. Sections on the side trip are unsuitable for caravans due to roads being narrow and steep.","b":[148.29073,-37.61789,148.34932,-37.58858]}},{"type":"Feature","geometry":{"type":"MultiLineString","coordinates":[[[146.23105,-37.23894],[146.23118,-37.23888],[146.23123,-37.2386],[146.23122,-37.239],[146.23161,-37.23961],[146.23408,-37.24104],[146.2362,-37.24051],[146.2376,-37.23999],[146.23957,-37.23967],[146.2411,-37.23954],[146.24251,-37.23985],[146.2428,-37.23945],[146.24258,-37.23897],[146.2432,-37.23827],[146.2434,-37.23754],[146.2437,-37.2374],[146.24423,-37.23743],[146.24443,-37.23705],[146.24428,-37.23694],[146.24431,-37.2368],[146.24464,-37.23633],[146.24573,-37.23593],[146.24665,-37.23601],[146.24705,-37.23574],[146.24912,-37.23499],[146.25,-37.23518],[146.25115,-37.23504],[146.25178,-37.23553],[146.25236,-37.23539],[146.25256,-37.23506],[146.25278,-37.23503],[146.25428,-37.23573],[146.25492,-37.23581],[146.25599,-37.2357],[146.25638,-37.23627],[146.25665,-37.23599],[146.25743,-37.23606],[146.25769,-37.23593],[146.25855,-37.23638],[146.2584,-37.23573],[146.25856,-37.23542],[146.25878,-37.23541],[146.25952,-37.23579],[146.26043,-37.23576],[146.26064,-37.23546],[146.26099,-37.23537],[146.26111,-37.23494],[146.26163,-37.23438],[146.26171,-37.234],[146.26234,-37.23345],[146.26403,-37.23315],[146.26601,-37.23221],[146.26635,-37.23217],[146.26664,-37.23188],[146.26658,-37.23154],[146.26642,-37.23146],[146.26646,-37.23108],[146.26612,-37.23011],[146.26549,-37.22972],[146.26483,-37.22862],[146.26485,-37.22836],[146.26531,-37.22754],[146.26552,-37.22736],[146.26552,-37.22718],[146.26575,-37.22707],[146.26546,-37.22662],[146.26557,-37.22601],[146.26598,-37.22559],[146.26728,-37.22511],[146.26793,-37.22464],[146.26877,-37.22458],[146.27022,-37.22473],[146.27074,-37.22465],[146.27239,-37.2234],[146.27341,-37.22322],[146.27374,-37.22334],[146.27406,-37.2232],[146.27445,-37.22341],[146.2758,-37.22308],[146.2764,-37.22261],[146.27734,-37.22244],[146.27787,-37.22217],[146.27798,-37.22203],[146.27788,-37.22161],[146.27803,-37.22116],[146.27856,-37.22097],[146.28015,-37.22083],[146.28165,-37.2214],[146.28185,-37.2216],[146.28219,-37.22143],[146.28355,-37.22145],[146.28387,-37.22121],[146.28412,-37.22122],[146.28496,-37.22158],[146.28502,-37.22186],[146.28528,-37.22198],[146.2856,-37.22186],[146.28762,-37.22222],[146.28813,-37.2226],[146.28882,-37.22219],[146.28942,-37.22223],[146.28994,-37.22204],[146.2941,-37.2241],[146.29442,-37.22487],[146.29505,-37.22438],[146.29626,-37.22483],[146.29676,-37.22541],[146.29738,-37.22486],[146.29776,-37.22485],[146.29813,-37.22512],[146.29852,-37.22442],[146.29907,-37.22433],[146.29961,-37.2246],[146.29999,-37.225],[146.30025,-37.22412],[146.30013,-37.22349],[146.30102,-37.2235],[146.30058,-37.22282],[146.30061,-37.22225],[146.30072,-37.22214],[146.30144,-37.22192],[146.30212,-37.22114],[146.30306,-37.22064],[146.30414,-37.22067],[146.30496,-37.22035],[146.30526,-37.22035],[146.3057,-37.2197],[146.30688,-37.21918],[146.3076,-37.21844],[146.30824,-37.21817]]]},"properties":{"n":"Lower Howqua Feeder Walking Track","k":"walk","g":["Walk · 10.4 km one way · 4 hrs · Grade 4"],"x":"Experienced bushwalkers","t":"Formed track some obstacles · Short steep hills · Occasional steps · Sign posted","d":"This 11km walk is great for the experienced bushwalker, following the Howqua Valley between Running Creek and Howqua Hills Track. Take in the breathtaking scenery of the surrounding hills and the river below you. There are some short steep hills and small obstacles along the path.","a":"To Running Creek - from Mansfield follow the Woods Point Road toward Jamieson. At the Howqua Bridge turn left onto the Howqua River Road, follow for approx 6kms. Continue onto Steiners Rd for 2 kms and turn left into Running Creek.","b":[146.23105,-37.24104,146.30824,-37.21817]}},{"type":"Feature","geometry":{"type":"MultiLineString","coordinates":[[[147.83618,-37.69291],[147.83618,-37.69291]]]},"properties":{"n":"Easy Magic Walk","k":"walk","g":["Walk · 0.6 km return · 20 min · Grade 1"],"x":"No experience required","t":"Well formed track · Flat · No steps · Clearly sign posted","d":"This short loop, built for all-abilities, follows a formed gravel path with rest stops and interpretive signs along the way. An all-abilities 600m loop through local forest. The track gradient has been designed for wheelchairs on a compacted gravel surface.","a":"Access is via the Great Alpine Rd approx 2km from Bruthen township.","b":[147.83618,-37.69291,147.83618,-37.69291]}},{"type":"Feature","geometry":{"type":"MultiLineString","coordinates":[[[145.55605,-37.39318],[145.55627,-37.39328],[145.55668,-37.39317],[145.55663,-37.39356],[145.55677,-37.39394],[145.55728,-37.39436],[145.55742,-37.39433],[145.55791,-37.39465],[145.5581,-37.39519]]]},"properties":{"n":"Cassinia Sec Link Track","k":"walk","g":["Walk · 0.35 km one way · 12 min · Grade 3"],"x":"No experience required","t":"Formed track · Flat · No steps · Sign posted","d":"Walking track linking the Cassinia and Sec camping areas","b":[145.55605,-37.39519,145.5581,-37.39317]}},{"type":"Feature","geometry":{"type":"MultiLineString","coordinates":[[[147.58273,-37.70356],[147.58104,-37.70474],[147.58074,-37.70487],[147.58052,-37.70474],[147.58019,-37.70484],[147.5785,-37.70556],[147.57708,-37.70544],[147.5765,-37.70552],[147.575,-37.70626],[147.57335,-37.70659],[147.57299,-37.70653],[147.5725,-37.70694],[147.57241,-37.70733],[147.57294,-37.70746],[147.57383,-37.70741],[147.57447,-37.70764],[147.57483,-37.70752],[147.57525,-37.70772],[147.576,-37.70755],[147.57644,-37.70767],[147.57708,-37.70757],[147.57751,-37.7077],[147.57817,-37.70763],[147.57813,-37.70784],[147.57874,-37.70796],[147.57883,-37.70808],[147.58067,-37.70844],[147.58166,-37.70819],[147.58403,-37.7083],[147.58462,-37.70816],[147.58521,-37.70825],[147.58558,-37.70862],[147.58595,-37.70856],[147.5864,-37.70886],[147.58709,-37.70885],[147.58743,-37.70896],[147.58808,-37.70865],[147.58873,-37.70802],[147.58928,-37.70773],[147.58951,-37.70732],[147.58976,-37.70726],[147.58974,-37.70779],[147.59066,-37.70873],[147.59157,-37.70819],[147.59149,-37.70775],[147.59159,-37.70748],[147.59137,-37.70716],[147.59149,-37.7066],[147.59112,-37.70605],[147.59035,-37.7059],[147.58941,-37.70526],[147.58938,-37.70497],[147.58963,-37.70459],[147.58972,-37.70412],[147.59017,-37.7037],[147.58921,-37.70357],[147.58911,-37.70344],[147.58871,-37.70352],[147.5884,-37.70376],[147.58772,-37.70334],[147.58722,-37.70351],[147.58683,-37.70349],[147.58682,-37.70333],[147.58657,-37.70317]]]},"properties":{"n":"Donkey Orchid walk","k":"walk","g":["Walk · 4.5 km one way · 1–4 hrs · Grade 3"],"x":"Bushwalking experience recommended","t":"Formed track some obstacles · Short steep hills · No steps · Sign posted","a":"The Donkey Orchid walking track starts with the Elevator walking track at the west end of the Mt Taylor Mountain bike park. It starts on the left hand side of Lookout Road where the clear area meets the forest. The Donkey Orchid walking track is 4.5 km long and is a loop . The end is beside the large pine trees near the entrance at Bullumwaal Rd","b":[147.57241,-37.70896,147.59159,-37.70317]}}]}