{"type":"FeatureCollection","features":[{"type":"Feature","geometry":{"type":"Point","coordinates":[146.70799,-36.91516]},"properties":{"n":"Abbeyards","k":"pvcamp","f":["Camping","Picnic area","Toilets","Fire pits"],"d":"Abbeyards is small site along the Buffalo River with campfire pits and picnic tables available for use. There is a nice swimming hole and shade by the river. The site allows for one campsite in the upper area by the roadside and two in the lower area closer to the river. Campfire pits and picnic tables are available for use. Picnic tables are available for use","a":"From Myrtleford, travel 31km south along the Buffalo River Rd, to the Rose River Rd intersection. From here the road becomes Abbeyards Rd which is gravel suitable for 2WDs and camper trailers. Travel a further 18.5km to the campground."}},{"type":"Feature","geometry":{"type":"Point","coordinates":[147.52556,-36.23817]},"properties":{"n":"Avondale Gardens","k":"pvcamp","f":["Camping","Camper trailers","Picnic area","Toilets","Heritage"],"a":"At Shelley, turn south off the Murray Valley Highway onto Avondale Road. Travel approximately 12 km south and turn left onto Beetoomba Road. Travel approximately 1km along Beetoomba Road and turn left onto the Avondale Gardens access track. Note: Avondale and Beetoomba Roads are used for timber haulage by large vehicles and carrying a UHF for communication is advised. Follow any road advisory signs, road may be slippery when wet.","cl":{"s":"2026-01-08","o":"2026-07-19","r":"Fire","d":"Closed due to bushfire damage."}}},{"type":"Feature","geometry":{"type":"Point","coordinates":[146.99319,-37.76383]},"properties":{"n":"Valencia Creek Picnic Area","k":"pvcamp","f":["Camping","Picnic area","Toilets"],"d":"Picnic area on the banks of the Valencia Creek. A medium sized camping area with space for multiple family groups. A good spot to explore Valencia Creek just off Moroka Road.","a":"From Boisdale take the Boisdale-Valencia Creek Road To Valencia Creek. Turn right onto Valencia Creek Briagolong Road and then left onto Moroka Rd. Follow for approximately 9km or 15 minutes, the campsite access track is located on the left.","cl":{"s":"2026-01-19","o":"2026-02-08","r":"Fire","d":"Closed due to fire conditions, to maintain public safety."}}},{"type":"Feature","geometry":{"type":"Point","coordinates":[147.94179,-37.82681]},"properties":{"n":"Log Crossing Picnic Area","k":"pvcamp","f":["Camping","Campervans","Picnic area","Toilets","Fire pits","Wheelchair access (partial)"],"d":"Log Crossing is a spacious shady picnic area with fire places, toilets and picnic tables. This site is a good access point for local walking and mountain bike tracks. This area can be used for overnight camping. Overnight only in designated area. Overnight only.","a":"Turn off the Princes Hwy at the sign, follow Uncles Rd for 2km to the turn off. The picnic area is 300m from the intersection."}},{"type":"Feature","geometry":{"type":"Point","coordinates":[146.25694,-37.30883]},"properties":{"n":"Fergusons","k":"pvcamp","f":["Camping","Toilets","Fire pits"],"d":"Fergusons is a small secluded campsite with basic facilities, although remote this spot is perfect for the avid four-wheel driver. You can camp yourself next to the Jamieson River, throw a line in, go for a swim or simply enjoy the sound of the river tumbling by. At this site you won’t be bothered by many people due to it’s location, if you’re looking for quite and serenity this is the spot to visit.","a":"From Jamieson follow the Jamieson Licola road follow for 17 Km before turning left onto Ferguson Track for 3.6KM before reaching the site. Please note: Fergusons track is an all weather Four Wheel drive track."}},{"type":"Feature","geometry":{"type":"Point","coordinates":[145.74548,-37.86108]},"properties":{"n":"Powelltown Picnic Area","k":"pvpicnic","f":["Picnic area","Toilets","Fire pits","Heritage"],"d":"Just off Powelltown's main street and near the Little Yarra River, this site offers facilities for day visitors and access to walks (Walk Into History and Reids Tramline). An old timber bogie used to haul timber from the forests sits in-situ. The picnic area is situated close to the tranquil Little Yarra River and is shadowed by tall Eucalyptus forests and tree ferns. The picnic facilities including tables and wood fired barbecues are spread along the grassed area just off the main road.","a":"Take the Warburton Highway from Lilydale, when you reach the traffic lights in Yarra Junction turn right and travel on the Yarra-Junction-Noojee Road towards Powelltown for 15km. The Powelltown Picnic Area is just into town directly opposite the DELWP office."}},{"type":"Feature","geometry":{"type":"Point","coordinates":[146.29026,-37.31061]},"properties":{"n":"Axe Track","k":"pvcamp","f":["Camping","Toilets","Fire pits"],"d":"Axe track campground is a small secluded campsite with basic facilities, although remote this spot is perfect for the avid four-wheel driver. You can camp yourself next to the Jamieson River, throw a line in, go for a swim or simply enjoy the sound of the river tumbling by. At this site you won’t be bothered by many people due to its location, if you’re looking for quite and serenity this is the spot to visit.","a":"From Jamieson take the Jamieson Licola Road for 22 KM before turning left onto Axe track, after 5KM you will reach the site.PLease note: this is an all weather four wheel drive track."}},{"type":"Feature","geometry":{"type":"Point","coordinates":[147.77809,-36.47982]},"properties":{"n":"Dart River","k":"pvcamp","f":["Camping","Toilets","Fire pits"],"a":"Dart River campsite is located approx 2.6kms along Gibb Range Road from the intersection with Benambra-Corryong Road. Traveling along Benambra-Corryong Road (C545b), approximately 75 kms from Benambra and 46kms from Corryong turn west and stay to the left as there is a couple of tracks heading off from this intersection. 2WD dry weather & 4WD all weather access.The area was impacted by bushfire in Jan 2020. The campsite has been rehabilitated and re-opened.","cl":{"s":"2026-01-18","o":"2026-02-01","r":"Fire","d":"Site closure in place due to fire activity. No camping is permitted."}}},{"type":"Feature","geometry":{"type":"Point","coordinates":[145.75599,-37.77074]},"properties":{"n":"Big Pats Recreation Area","k":"pvcamp","f":["Camping","Picnic area","Toilets","Fire pits"],"d":"Big Pats Recreation area is situated along the banks of Big Pats Creek under towering Manna Gum trees. This site is a popular stop for picnicking, camping and often used as the beginning of the 2-night Walk Into History hike.This site also the starting point for the Richards Curves and Richards Tramline walking tracks. A picturesque flat along the banks of Big Pats Creek allows for a small foot-based camp set up. The soft rippling of the creek and the towering Manna Gum trees provide an enjoyable site in this historic setting through which horse drawn log boogies once hauled logs on their was to a nearby timber mill. Car parking is only 50m away and basic toilet facilities are present. A…","a":"Big Pats Creek Recreation Area sits 6km south-east from Warburton. To get there, continue east through Warburton for 4km and turn right into Riverside Drive after crossing the Yarra River. After 600m turn left into Big Pats Creek rd continue on through the small settlement of Big Pats Creek. After crossing a bridge, turn right into Burns Road. After 1km, the recreation area and car park is reached."}},{"type":"Feature","geometry":{"type":"Point","coordinates":[146.26502,-37.57514]},"properties":{"n":"Comet Flat Reserve","k":"pvcamp","f":["Camping","Toilets","Fire pits","Heritage"],"d":"Comet Flat is stretched out along a riverbank about 4 km south-east of Woods Point. A 4WD is recommended to access the camping area from that township – take the Johnson Hill Track. Swimming and fishing are the main activities here, and there’s also bushwalking in the area. On chilly nights, toast your toes and some marshmallows by an open fire. This is a large camping area beside the Goulburn River, surrounding by tall Eucalypt species and native grasses. There is ample room fro large groups and you'll often see four wheel driving groups utilising this spot.","a":"From Woodspoint head South East from the town ship of Woodspoint."}},{"type":"Feature","geometry":{"type":"Point","coordinates":[147.95028,-36.52045]},"properties":{"n":"Pinnibar Gibsons Hut","k":"pvcamp","f":["Camping","Small caravans","Toilets","Fire pits"],"d":"Pinnibar/ Gibson's hut has been rebuilt after the bushfires and is open to the public. The hut has a wood heater with no water supplied. A small stream is nearby. collected water, must be boiled. The site also has a BBQ so you can cook meals. Please note that overnight stays are permitted, however campers must be aware that they are not allowed to refuse entry to any persons also wanting to stay or look inside the hut.","a":"Pinnibar-Gibsons Hut is located 35kms along Dunstans Road from its intersection with the Benambra-Corryong Road. Access is 4WD all weather conditions. NOTE: seasonal road closures exist adjacent to the site, which may limit 4WDing opportunities during the closure period.","cl":{"s":"2026-01-18","o":"2026-02-01","r":"Fire","d":"Site closure in place due to fire activity. No camping is permitted."}}},{"type":"Feature","geometry":{"type":"Point","coordinates":[147.14168,-37.66129]},"properties":{"n":"Lees Creek Picnic Area","k":"pvpicnic","f":["Picnic area","Toilets","Fire pits"],"d":"Lees Creek Picnic Area serves as a picnic spot and start for the Alistair Fielding Walking Track. Lees Creek Picnic Area is located in a pleasant bush setting at the junction of the Freestone and Lees Creeks. The site is predominantly used as a picnic spot for walkers completing either the Alistair Fielding Walking Track or the multiday Track 96 Walk. The larger Lees Creek Camping Area is suitable for overnight camping and is located 3km Southeast at the intersection of Freestone Creek Road and Lees Creek Track. A picnic table and firepit is available for day trips to this site.","a":"From Briagolong travel around 30km or 45minutes on the rough 2wd route of Freestone Creek Rd and then around 3km or 10 minutes along the 4wd route of Lees Creek Track.","cl":{"s":"2026-01-19","o":"2026-06-29","r":"Maintenance","d":"Closed due to landslip. To be reopened once repair works are completed."}}},{"type":"Feature","geometry":{"type":"Point","coordinates":[145.99832,-37.89126]},"properties":{"n":"Noojee Depot Picnic Area","k":"pvpicnic","f":["Picnic area","Toilets","Fire pits","Fishing"],"d":"Located alongside the Latrobe River in Noojee, this site offers a tranquil setting for a picnic and an ideal base to fish. It is also the starting point for the historic Ralph Cornwall Tramway Walk. The picnic facilities include tables and wood-fired BBQs spaced along a grassed area, with both open and shaded spots. Excellent river views are offered if you prefer to bring a picnic rug and sit on the river bank. Plenty of parking is available on site or you can access this area from the Noojee township via a suspension footbridge at the end of Loch Crescent. If you don't have time to do a longer walk, take a short walk across the car park to the start of the Ralf Cornwall Walk to look at…","a":"Head north on Bennett Street from the Noojee township across the bridge over the Latrobe River. Take the left turn immediately after the bridge into McCarthy Spur Road. Follow this road across a second bridge over the Loch River and the picnic ground is on your left."}},{"type":"Feature","geometry":{"type":"Point","coordinates":[147.3636,-36.5313]},"properties":{"n":"The Mill","k":"pvcamp","f":["Camping","Picnic area","Toilets"],"d":"Located on the site of an old saw mill, this is an open grassed area with easy access to the mighty Mitta Mitta River and is popular with anglers. In September, the surrounding area is covered with gold flowers of the endemic Poverty Wattle. A great base for those wanting to explore Mitta Mitta and surrounds whilst having seclusion and tranquility. There are several camping sites at this location, comprised of open areas suitable for both small and larger groups. Suitable for camper trailers, tents and swags with access to the mighty Mitta Mitta River. There are wood fired BBQs and picnic table but no toilet present. This site is suitable for day visitors, providing a great place for a…","a":"Located 2kms north of Mitta Mitta township on the Omeo Highway."}},{"type":"Feature","geometry":{"type":"Point","coordinates":[147.87709,-36.54674]},"properties":{"n":"Wheelers Creek","k":"pvcamp","f":["Camping","Small caravans","Picnic area","Toilets","Fire pits"],"d":"Wheelers creek hut has been rebuilt after the bushfires and is open to the public. The hut has a wood heater with non-drinkable water. The site also has a BBQ so you can cook meals. Please note that overnight stays are permitted, however campers must be aware that they are not allowed to refuse entry to any persons also wanting to stay or look inside the hut. Take a day trip to Wheelers Creek Hut and enjoy the beautiful surrounds while you explore the Hut and cook a BBQ lunch. Be aware, you'll want to stay!","a":"Travel South from Corryong along the Benambra-Corryong road for approximately 52km, then, turn left onto Wheelers Creek Rd from Benambra-Corryong Road. Travel approx 16kms to reach Wheelers Creek Hut. Access is 2WD dry weather only & 4WD all weather.","cl":{"s":"2026-01-18","o":"2026-02-01","r":"Fire","d":"Site closure in place due to fire activity. No camping is permitted."}}},{"type":"Feature","geometry":{"type":"Point","coordinates":[147.07652,-36.82767]},"properties":{"n":"Smoko","k":"pvcamp","f":["Camping","Small caravans","Picnic area","Toilets","Fire pits","Fishing"],"d":"Informal camping set amongst Swamp Gums next to the Ovens River. Ground can be quite wet during the winter or after significant rain. Small clearings suitable for camper vans and small to medium size caravans. This site is a pleasant spot for picnicking by the banks of the Ovens River.","a":"Turn off the Great Alpine Rd approx. 8km north of Harrietville/16km south of Bright and drive along the gravel road for approx. 500m to the camping area."}},{"type":"Feature","geometry":{"type":"Point","coordinates":[146.67604,-36.84552]},"properties":{"n":"Manna Gum","k":"pvcamp","f":["Camping","Camper trailers","Picnic area","Toilets","Fire pits"],"d":"Large shady popular camping site on the Buffalo river with toilet, site can be busy during holiday periods and is a lovely spot to visit during the quieter times of the year. Plenty of room to pitch the tent or roll out the swag. Suitable for small high clearance vehicles. Most sites have drive through access. Nice spot to pull up for a cuppa on your 4WD adventure.","a":"From Myrtleford, travel 31km sth along the Buffalo River Rd, to the Rose River Rd intersection. From here it becomes the Abbeyards Rd which is a gravelled road, suitable for high clearance 2WDs,small caravans and camper trailers. Travel a further 6.5km to the campground."}},{"type":"Feature","geometry":{"type":"Point","coordinates":[147.88981,-36.48547]},"properties":{"n":"Ski Hut","k":"pvcamp","f":["Camping","Toilets","Fire pits"],"d":"Ski hut has been rebuilt after the bushfires and is open to the public. The hut has a wood heater and small kitchenette with non-drinkable water. The site also has a BBQ so you can cook meals. Please note that overnight stays are permitted, however campers must be aware that they are not allowed to refuse entry to any persons also wanting to stay or look inside the hut. There are multiple camping opportunities in and around the hut. Set up a swag or tent next to the picnic table and BBQ pit or if the weather is poor roll out a swag in the hut. There is enough space for several campers at the same time, but not enough space for larger groups.","a":"Travel approximately 23kms along Dunstans Road from Benambra-Corryong Raod. Turn into Ski Hut Track and travel for approx 1.5kms. Assess is 2WD dry weather only and 4WD all weather.","cl":{"s":"2026-01-18","o":"2026-02-01","r":"Fire","d":"Site closure in place due to fire activity. No camping is permitted."}}},{"type":"Feature","geometry":{"type":"Point","coordinates":[148.04405,-37.74326]},"properties":{"n":"Stony Creek Trestle Bridge","k":"pvsite","f":["Toilets","Heritage","Wheelchair access (partial)"],"d":"At 247m long and 20m high, it is the largest standing bridge of its kind in the State, and is listed on the Register of Historic Sites. Built of red ironbark and grey box timber, it is a fine example of the early engineering skills that utilised the resources and materials found on site.","a":"A short drive from the Princes Highway. Turn off the highway at the sign just 2km from Nowa Nowa and follow the gravel road for 3km to the western end of the bridge and carpark. There is a viewing area at the eastern end of the bridge."}},{"type":"Feature","geometry":{"type":"Point","coordinates":[145.87915,-36.93225]},"properties":{"n":"Tallangallook Mine Area","k":"pvpicnic","f":["Picnic area","Toilets","Heritage"]}},{"type":"Feature","geometry":{"type":"Point","coordinates":[146.87546,-37.81046]},"properties":{"n":"The Channels","k":"pvpicnic","f":["Picnic area","Toilets"],"d":"This picnic area is located on the hill above 'The Channels' on the Avon river with shady casuarinas in abundance. From the lookout it is a short but steep walk down to the magnificent gorge created by the Avon river carving its way through silt and sandstone over millennia. Crags punctuate the riverbed, creating a system of pools and rapids which provide habitat for a variety of aquatic life. Picnic tables are available both close to the road and at the lookout above the walking track.","a":"From Maffra take the Maffra-Briagolong Road out of Maffra towards Boisdale. Continue through Boisdale towards Valencia Creek. Turn Left onto Luckman's Road (3km beyond Boisdale) and finally right into Warrigal-Toms Creek Road. From here turn left onto Green Hills Road and then right onto Channel Track. Please note, the nearby Channel Road does not access the Channels carpark."}},{"type":"Feature","geometry":{"type":"Point","coordinates":[146.44759,-37.25763]},"properties":{"n":"Upper Jamieson Hut","k":"pvcamp","f":["Camping","Toilets","Fire pits"],"d":"A great spot to spot along your four wheel drive journey, campers are able to utilise the huts for their camping needs.You will come down into the site and be greeted by the Upper Jamieson hut and the Jamieson River below. Fred Fry was the original builder of this hut in the late 1930's and was restored in the late 2000's.","a":"From Mansfield head towards Mount Buller on Mount Buller road for 20 KM before turning right onto Howaqua track for 17km, continueing on to Brocks road for 10.5 Km before making a sharp right into Upper Jamieson Hut."}},{"type":"Feature","geometry":{"type":"Point","coordinates":[146.53412,-37.09772]},"properties":{"n":"Circuit Road","k":"pvpicnic","f":["Picnic area","Toilets","Fire pits"],"a":"From Mansfield follow the Mt. Buller Rd to Mirimbah. Turn left onto Mt. Stirling Rd and follow to Telephone Box Junction (T.B.J). From here, Follow the Circuit Road 17kms from T.B.J in a clockwise direction, or 29kms in an anti-clockwise direction. The Circuit Rd is normally accessible to all vehicles, but can have rough sections. The Circuit Rd is seasonally closed at T.B.J from the Friday before the Queen's Birthday weekend until the Thursday before the Melbourne Cup Weekend."}},{"type":"Feature","geometry":{"type":"Point","coordinates":[146.86164,-37.85133]},"properties":{"n":"Nicholson Rocks Picnic Area","k":"pvpicnic","f":["Picnic area","Toilets"],"d":"Basic picnic area at the start of the Nicholson Rocks walking track. Basic picnicking facilities available.","a":"Nicholson Rocks Picnic Area is located off Kentucky Rd approximately 15 minutes drive from the townships of Heyfield and Briagolong."}},{"type":"Feature","geometry":{"type":"Point","coordinates":[146.34812,-37.32975]},"properties":{"n":"Silvermine","k":"pvcamp","f":["Camping","Toilets","Fire pits"],"d":"Silvermine is a small secluded campsite with basic facilities, although remote this spot is perfect for the avid four-wheel driver. You can camp yourself next to the Jamieson River, throw a line in, go for a swim or simply enjoy the sound of the river tumbling by. At this site you won’t be bothered by many people due to its location, if you’re looking for quite and serenity this is the spot to visit.","a":"From Jamieson head down Jamieson Licola Road for 29KM, then turn left onto Silvermine Spur Road. After being on Silvermine Spur Road for 4KM you will reach the campsite. PLease note: This is an all weather four-wheel drive road."}},{"type":"Feature","geometry":{"type":"Point","coordinates":[146.46755,-37.25968]},"properties":{"n":"Upper Jamieson Three","k":"pvcamp","f":["Camping","Small caravans","Toilets","Gas BBQ","Fishing"]}},{"type":"Feature","geometry":{"type":"Point","coordinates":[146.69917,-36.40999]},"properties":{"n":"Bates Dam","k":"pvpicnic","f":["Picnic area","Toilets","Fire pits"],"d":"This small site overlooks the calm waters of Bates Dam and is surrounded by the native forest. The dam has an interesting construction history and provides a basic fishing experience for those keen enough. The site also acts as the trailhead for the short Bates Dam Historic Walk.","a":"From Beechworth head approx. 7 km south along the Buckland Gap Rd (towards Myrtleford/Gapsted) until you reach the Buckland Gap. Head East onto Lady Newton Drive for 250m then onto Jensens Tk. Bates Dam is well sign posted once on Lady Newton Drive."}},{"type":"Feature","geometry":{"type":"Point","coordinates":[146.22481,-37.3826]},"properties":{"n":"Tunnel Bend","k":"pvcamp","f":["Camping","Camper trailers","Toilets","Fishing","Paddling"],"d":"Tunnel Bend is named after the 100m tunnel built in 1884 linking the 4 km long hand cut water race to Howqua. The tunnel entrance can be viewed near the base of the tunnel steps at tunnel bend, the water race was constructed to carry water to power the “Hanney” waterwheel. With the stunning Goulburn River on the edge of the campsite why not throw a line in or canoe down the river whilst relaxing under the tall eucalypt canopy. Camping along the upper stretches of the Goulburn river is perfect all year round. This site offers a large expanse of large, open grassy areas perfect for medium and large groups of campers. This large flat area allows for easy caravan manoeuvring and setting up.","a":"From Jamieson follow the Jamieson-Woods Point Rd towards Woods Point until left turn into camp area at Tunnel Bend Reserve sign."}},{"type":"Feature","geometry":{"type":"Point","coordinates":[146.37251,-37.34282]},"properties":{"n":"Wrens Flat","k":"pvcamp","f":["Camping","Toilets","Fire pits"],"d":"Wrens Flat is a small secluded campsite with basic facilities, although remote this spot is perfect for the avid four-wheel driver. You can camp yourself next to the Jamieson River, throw a line in, go for a swim or simply enjoy the sound of the river tumbling by. At this site you won’t be bothered by many people due to its location, if you’re looking for quite and serenity this is the spot to visit.","a":"From Jamieson head north towards Jamieson Licola Road and follow Jamieson Licola Road for 29KM before turning left onto Mount Sunday Road for 13KM before reaching the campground.Please note: This is an all weather four-wheel drive road."}},{"type":"Feature","geometry":{"type":"Point","coordinates":[146.24026,-37.55929]},"properties":{"n":"Jack Scotts","k":"pvcamp","f":["Camping","Camper trailers","Picnic area","Toilets","Fire pits","Fishing"],"d":"The perfect place to escape to on a hot summers day, jack Scotts reserve offers largely shaded areas in the foothills of the Upper Goulburn State Forest. With ample space camp and plenty of activities to undertake whilst visiting this is the perfect spot for a weekend get away. Huge camping area with great facilities, this camping area has ample space for large groups of campers and offers spectacular views of the Goulburn River. This spot is great for people with caravans and campertrailers, because the area is so big there is ample room to move your van and turn around when needed. A great place to stop on your journey between Woodspoint and Jamieson with ample room for you to be able to…","a":"Access is by headin north from Woodspoint for 2 km and you'll turn left into the site."}},{"type":"Feature","geometry":{"type":"Point","coordinates":[146.24897,-37.39028]},"properties":{"n":"Blue Hole Reserve","k":"pvcamp","f":["Camping","Toilets"],"d":"Set on the banks of the Goulburn River this grassy campground is popular with fisherman and campers alike. The large pools in the river adjacent to the campground provide good swimming holes to beat the summer heat or just to relax and unwind. Good camping along the Goulburn River.","a":"From Jamieson follow the Jamieson-Woods Point Rd towards Woods Point until left turn into camp area at Blue Hole Reserve Camping sign."}},{"type":"Feature","geometry":{"type":"Point","coordinates":[147.9234,-36.35174]},"properties":{"n":"Bullocky Creek Campsite","k":"pvcamp","f":["Camping","Camper trailers","Toilets","Fire pits","Fishing"],"d":"Located on the banks of the Thougla Creek, the soothing sounds of running water, and wildlife ensure a relaxing visit. Offering both day visitor and overnight camping options with toilet, picnic, and BBQ facilities, this is the perfect place to pull in for a rest. This site is easily accessed from Corryong, yet still offers an isolated feel. Sites are suitable for tents only. Ample parking available for those touring around in a campervan or with a camper trailer. Please do not use the site toilets for discharging your waste.","a":"Bullocky Creek Campsite is located approximately 24kms from Corryong. Travel south along Thowgla Road from Corryong for 16km before turning left just over the bridge at the Nariel Gap intersection. Travel a further 4kms to where the road becomes Walkers Road at Greys campsite. From here Bullocky campsite is a further 4kms along Walkers Road. 2WD dry weather and 4WD all weather access.","cl":{"s":"2026-01-18","o":"2026-02-01","r":"Fire","d":"Site closure in place due to fire activity. No camping is permitted."}}},{"type":"Feature","geometry":{"type":"Point","coordinates":[147.52631,-37.44583]},"properties":{"n":"Marthavale Hut","k":"pvcamp","f":["Camping","Picnic area","Toilets","Fishing","Heritage"],"d":"This site contains an replica of an historic hut built in the 1950's for timber workers accommodation. The original hut was lost to fire in 2017. The site is located next to the Nicholson River and has a toilet, picnic table and fire pit. There are several areas within the site for camping. The hut contains a wood heater, bench seats and can be used for shelter.","a":"Hut is located at the end of Marthavale Rd off the Baldhead Rd. Approx 1 hour from Bairnsdale, 4WD only access when wet."}},{"type":"Feature","geometry":{"type":"Point","coordinates":[146.22332,-37.28809]},"properties":{"n":"Gallows","k":"pvcamp","f":["Camping","Toilets","Fire pits"],"d":"The Gallows is a small secluded campsite with basic facilities, although remote this spot is perfect for the avid four-wheel driver. You can camp yourself next to the Jamieson River, throw a line in, go for a swim or simply enjoy the sound of the river tumbling by. At this site you won’t be bothered by many people due to its location, if you’re looking for quite and serenity this is the spot to visit.","a":"From Jamieson take Jamieson Licola road for 6KM turn left into Grannies Flat Camp ground following Grannies Flat track for 1KM turning left onto the Gallows track, follow this down to the waters edge where you will come to the campsite. Please note: This is an all weather four-wheel drive track."}},{"type":"Feature","geometry":{"type":"Point","coordinates":[146.71182,-36.41879]},"properties":{"n":"Murmungee Lookout","k":"pvpicnic","f":["Picnic area","Toilets","Fire pits","Hang gliding"],"d":"An amazing view over the cropping and grazing lands of the Murmungee basin. Further South is the Ovens Valley, and on the horizon the Victorian Alps from Mt Buffalo to Mt Buller. A great spot to stop and view the fantastic vista over the Ovens valley and beyond.","a":"From Beechworth head approx. 7 km south along the Buckland Gap Rd (towards Myrtleford/Gapsted) until you reach the Buckland Gap. Head East on Lady Newton Drive for approx. 2km to the site."}},{"type":"Feature","geometry":{"type":"Point","coordinates":[146.92074,-37.80774]},"properties":{"n":"Wombat Crossing Camp Site C","k":"pvcamp","f":["Camping","Picnic area","Toilets"],"d":"Situated within the Avon-Mt Hedrick Scenic Reserve, and forming part of the Avon Crossing 4WD Tour, this site is the third of three sites located at Wombat Crossing. This small site offers basic camping (no toilets) with walk-in access to the Avon River and caters for 1-2 small groups.","a":"Access by 4WD is recommended and may be restricted due to heavy rain / flooding. From the township of Boisdale, travel North along Boisdale-Valencia Creek Road for approx. 6.2km before veering left onto Wombat Rd. Stay on Wombat Road for approx. 6.5km, crossing the Avon River (Note: bridge subject to flooding) before turning left onto O’Keefe Rd and following for approx. 2.6km to Wombat Campsite C, which will be at the end of the road."}},{"type":"Feature","geometry":{"type":"Point","coordinates":[146.80863,-36.33684]},"properties":{"n":"Yack Tracks MTB trail head","k":"pvpicnic","f":["Picnic area","Toilets","Fire pits"],"d":"\"Yack Tracks\" mountain bike trail head and car park. A great spot to plan your bike riding adventures, have lunch or play in the creek with the kids. Several spots to lay out a picnic rug. Depending on the season you can choose to sit by the creek and keep cool on those hot days, or chase the sun on those frosty North East Vic mornings.","a":"From the main street of Yackandandah follow Bells Flat Rd for approx. 3km until you meet Service Basin Rd. Continue along Service Basin Rd, which then becomes Yack Gate Rd, for approx. 1.5km to the site access track to your left."}},{"type":"Feature","geometry":{"type":"Point","coordinates":[146.7274,-36.41645]},"properties":{"n":"Clark Corner","k":"pvpicnic","f":["Picnic area","Toilets"],"d":"A lovely site with many picnicking options including a grove of shady Elm trees to provide respite on a summers day. Interpretive boards describe some of the history of the surrounds.","a":"From Beechworth head approx. 7 km south along the Buckland Gap Rd (towards Myrtleford/Gapsted) until you reach the Buckland Gap. Head East on Lady Newton Drive for approx. 3km to the intersection of Six Mile Rd. Alternatively Six Mile Rd can be followed south from Stanley for approx. 3km to the intersection of Lady Newton Drive."}},{"type":"Feature","geometry":{"type":"Point","coordinates":[146.6657,-36.83977]},"properties":{"n":"Tea Tree","k":"pvcamp","f":["Camping","Camper trailers","Picnic area","Toilets","Fire pits"],"d":"Plenty of room to pitch the tent or roll out the swag on the banks of the Buffalo River A lovely campsite suitable for camp trailers, on the banks of the Buffalo River. Large site located close to the road and on the banks of the Buffalo River.","a":"From Myrtleford, travel 31km sth along the Buffalo River Rd, to the Rose River Rd intersection. From here it becomes the Abbeyards Rd which is a gravelled road, suitable for 2WDs, caravans and camper trailers. Travel a further 5.5km to the campground."}},{"type":"Feature","geometry":{"type":"Point","coordinates":[146.66124,-36.82188]},"properties":{"n":"Blades","k":"pvcamp","f":["Camping","Picnic area","Toilets","Fire pits"],"d":"Blades is the first campground along the Buffalo River and only 12km from Marshall’s Ridge Recreation Area at Lake Buffalo. It is a small basic bush campground with 2 campsites, campfire pits and picnic tables. Small site located close to the road and on the banks of the Buffalo River.","a":"From Myrtleford, travel 31km sth along the Buffalo River Rd, to the Rose River Rd intersection. From here it becomes the Abbeyards Rd which is a gravelled road, suitable for 2WDs, caravans and camper trailers. Travel a further 3km to the campground."}},{"type":"Feature","geometry":{"type":"Point","coordinates":[148.02303,-37.74101]},"properties":{"n":"Cossticks Weir","k":"pvcamp","f":["Camping","Picnic area","Toilets","Heritage"],"d":"This historic fire dam was built in the mid-1940s to provide a reliable water supply following the disastrous 1939 bushfires. The site is adjacent to the East Gippsland Rail Trail, just west of the iconic Stony Creek Trestle Bridge, and provides a quiet spot for a picnic or overnight stay. This site provides enough room for a small campsite and is accompanied by a wood-fired BBQ / fire pit and a picnic table. This small picnic area includes a picnic table and wood-fired BBQ and provides a quiet spot to sit and have lunch. It is only a short (100m) walk to the historic Cosstick's Weir.","a":"Access is via the Old Colquhoun Rd (Old Nowa Nowa Rd) off the Princes Hwy, just west of Nowa Nowa township."}},{"type":"Feature","geometry":{"type":"Point","coordinates":[146.19233,-37.47841]},"properties":{"n":"Gaffneys Creek Reserve","k":"pvcamp","f":["Camping","Camper trailers","Picnic area","Toilets","Fire pits","Heritage"],"d":"The landscape of the Upper Goulburn River, with its ranges, deep gullies and thick forest would have been difficult to traverse. However, when gold was found at Gaffney’s Creek in 1859 the adventurous overcame the challenges and began to open up the Upper Goulburn. Surround yourself with steep mountains and loads of history, this campground used to be an old cricket ground for the small town of Gaffneys Creek. The area is small but popular with visitors and locals alike, little shade means it is perfect for camping in the cooler months. This site is great for those with caravans and camper trailers with plenty of room to trn around and back your vehicle and trailer. A perfect spot to stop…","a":"From Jamieson follow the Jamieson-Woods Point Rd towards Woods Point for 38KM before turning left into the campsite."}},{"type":"Feature","geometry":{"type":"Point","coordinates":[147.92255,-37.22772]},"properties":{"n":"Bentley Plain","k":"pvcamp","f":["Camping","Picnic area","Toilets","Fire pits"],"d":"Bentley Plain is a formal camp site situated within the Bentley Plain Natural Features and Scenic Reserve. The site contains a historic forestry hut (refuge only, no fireplace) and caters for both campers and day visitors. The campground is open with good access to several fire pits, a large picnic shelter and a toilet. There is a grassy area within the fence perimeter that is suitable for tents. The site caters for day visitors with toilets and a picnic shelter. The historic hut was formerly a forestry hut known as the 'Bush Hilton'. The historic Moscow Villa Hut, Washington Winch and various walks are located nearby.","a":"Access to the plains is via the township of Ensay and Bentley Plain Rd from the south and via Nunniong Rd and Bentley Plain Rd from the north."}},{"type":"Feature","geometry":{"type":"Point","coordinates":[148.06972,-37.34888]},"properties":{"n":"Timbarra North","k":"pvcamp","f":["Camping","Campervans","Toilets","Fire pits","Fishing"],"d":"Large camping area located adjacent to the Timbarra River with formal campsites, fire places and toilets.","a":"Accessed directly off the Timbarra Road, 4WD recommended but not essential."}},{"type":"Feature","geometry":{"type":"Point","coordinates":[146.66856,-37.76234]},"properties":{"n":"Cheynes Bridge","k":"pvcamp","f":["Camping","Camper trailers","Picnic area","Toilets","Fire pits","Fishing","Paddling"],"d":"Cheyne's Bridge campsite area has easy access for caravans and camper trailers. Several separated overnight camping areas are available on the East side of the bridge and a day area is located on the West side. This site is a popular destination for group 4WD trips with medium and hard four wheel drive tracks situated nearby. The Macalister River winds past the site and provides swimming and paddle sport activities when the water is higher. A further 30 minutes north of Cheyne’s Bridge is the small township of Licola which is a Gateway to the Victorian High Country and its various recreation opportunities. We ask that visitors please take their rubbish home so that the site can be enjoyed……","a":"Approximately 30 minutes or 35km north of Heyfield on the Licola Rd C486."}},{"type":"Feature","geometry":{"type":"Point","coordinates":[146.14272,-37.34622]},"properties":{"n":"Skipworth Reserve","k":"pvcamp","f":["Camping","Camper trailers","Toilets","Fire pits","Fishing","Paddling","Wheelchair access (partial)"],"d":"Nestled amongst the foothills of the picturesque Upper Goulburn River, Skipworth Reserve camping area is a popular camping destination along the banks of the Goulburn River. Popular with campers, fisherman, birdwatchers and outdoor enthusiasts, and a great base for exploring the nearby goldfield history. Camping at Skipworth Reserve sees you spread out in big open grassy areas soaking up the sun. This spot is next to the Goulburn River, giving you time to relax whilst listening to the tumbling of water as it flows by. The area is large enouh to have several campervans and caravans share the space with ample room to manoeuvre as needed.","a":"From Jamieson follow the Jamieson-Woods Point Rd towards Woods Point until left turn into camp area at Skipworth Sign."}},{"type":"Feature","geometry":{"type":"Point","coordinates":[145.8014,-37.81422]},"properties":{"n":"Starlings Gap","k":"pvcamp","f":["Camping","Picnic area","Toilets","Fire pits"],"d":"Starlings Gap provides opportunities for picnicking and camping in a Mountain Ash forest setting. The Walk Into History also passes through this site. One of two designated camping areas along the Walk into History, this site is accessible by two-wheel drives or by walkers. Mountain Ash tower above the open grassy camping area which is suitable for individuals or small groups. There is plenty to see at the site, with a short track leading to an old boiler and the large saw dust heap across Big Creek Road, only 20m along the Big Pats to Starlings Gap walk. The timber mill theme is carried through to the present day with log and steel seating around the wood-fired BBQs, which helps you…","a":"From Powelltown, head east along the Yarra Junction - Noojee Road (C425) for 6km then turn left up Big Creek Road. Travel along Big Creek Road for 11.5km and pull into the Starlings Gap car park on your right. From Warburton Travel along the Warburton - Woodspoint Road (C511) for 10km and Turn Right onto Brahams Road. Continue for 13km and turn right onto Big Creek Road. After approximately 8km, you will reach Starlings Gap on your left."}},{"type":"Feature","geometry":{"type":"Point","coordinates":[146.14424,-36.84722]},"properties":{"n":"Jones Reserve","k":"pvcamp","f":["Camping","Picnic area","Toilets","Fire pits","Horse riding","Dogs allowed"],"d":"Popular campsite located on side of creek has horse yards,shady campsite with mature trees","a":"Located off the Tatong Tolmie Road, turn into Jones Road"}},{"type":"Feature","geometry":{"type":"Point","coordinates":[146.95682,-36.74116]},"properties":{"n":"Bakers Gully Reservoirs","k":"pvpicnic","f":["Picnic area","Toilets"],"d":"A quiet oasis with two short walking track loops around the dams provide good opportunities for bird watching on the outskirts of Bright. Shady picnic spots.","a":"From the centre of Bright drive walk or ride approx. 1.5 km south up Bakers Gully Rd to the sign shelter on the left that is at the start of the walking track."}},{"type":"Feature","geometry":{"type":"Point","coordinates":[146.08082,-37.16119]},"properties":{"n":"Forest Camp","k":"pvpicnic","f":["Picnic area","Toilets","Heritage"],"d":"This site is full of history with parts of the original workers camp retained within the site. Located next to the Delatite River it is a scenic spot to stop on your travels throughout the area, with wide expansive areas to stretch your legs. You could also take the chance to stroll around the Forest Camp walk which starts from Forest Camp and loops around, providing views over the Delatite River below.Visit forest camp day visitor area and take the chance to unwind and have a picnic beside the Delatite River. This picnic area is large and has plenty of room for you to stretch your legs the historic relics retained in the site provide a great opportunity to look back in history. Take the…","a":"From Goughs Bay head Southeast and turn left on Piries-Goughs Bay Road follow this road for 1 km and you will find this site on the left. This site is accessible via sealed roads."}},{"type":"Feature","geometry":{"type":"Point","coordinates":[146.16435,-37.36758]},"properties":{"n":"Star Of West Goldmine","k":"pvpicnic","f":["Picnic area","Toilets"],"d":"A spot to stop along your four wheel driving adventure, this spot offers it all, with four wheel drive only access you will be secluded, an information board offers interesting information on the mining history in the area and why not undertake the Star of the West Goldmine Historic Walk whilst your here.","a":"From Jamieson follow the Jamieson-Woods Point Rd towards Woods Point for 12km until you reach Star of the West Track on your right-hand side. Follow Star of the West Track for 2km until you reach your destination. PLEASE NOTE: Star of the West Track is 4WD only."}},{"type":"Feature","geometry":{"type":"Point","coordinates":[146.53199,-37.10908]},"properties":{"n":"Craigs Hut","k":"pvcamp","f":["Camping","Picnic area","Toilets","Fire pits","Wheelchair access (partial)"],"d":"Craigs Hut was originally constructed as a film set for the 1983 Australian movie ''The Man from Snowy River.'' The hut was fully rebuilt in 1993 but subsequently destroyed by the 2006 Great Divide wildfire. The hut was again rebuilt in 2008. Located on Clear Hills, the site offers unrivalled and spectacular views over the surrounding high country. The camping area is located on Clear Hills Tk 200m to the South-East of the Craigs Hut carpark. It is suitable for tents and offroad campervans. A perfect spot to stop and have a rest on your tour along Ciruit Road, the historical Craigs hut with views over the alpine valley around you makes for a stunning backdrop.","a":"From Mansfield follow the Mt. Buller Rd to Mirimbah. Turn left onto Mt. Stirling Rd and follow to Telephone Box Junction (T.B.J). From here, The Circuit Rd can be driven in either direction and is accessible to all vehicles, but can have rough sections. Circuit Rd is seasonally closed at T.B.J from the Friday before the Queen's Birthday weekend until the Thursday before the Melbourne Cup Weekend. Follow Circuit Rd 18kms from Telephone Box Junction in a clockwise direction, or 28kms in an anti-clockwise direction. Turn onto Clear Hills Tk (4WD only), follow for 2kms. 2WD vehicles can park at…"}},{"type":"Feature","geometry":{"type":"Point","coordinates":[147.9162,-36.33453]},"properties":{"n":"Gray's","k":"pvcamp","f":["Camping","Small caravans","Toilets","Fire pits"],"a":"Gray's Campsite is located approx 20kms from the township of Corryong. Travel down Thowgla Road from Corryong for 16km before turning left just past the bridge at Nariel Gap Rd intersection. Travel approximately 4kms further until you reach Gray's Campsite.","cl":{"s":"2026-01-18","o":"2026-02-01","r":"Fire","d":"Site closure in place due to fire activity. No camping is permitted."}}},{"type":"Feature","geometry":{"type":"Point","coordinates":[147.92201,-37.22625]},"properties":{"n":"Moscow Villa","k":"pvcamp","f":["Camping","Picnic area","Toilets","Heritage"],"d":"Built in the 1940's by a local Swifts Creek resident and used as a summer residence for him when on Fire Tower Lookout duties. Complete with stone fireplace, wooden floors and tin roof. Outside the hut is room for camping, with picnic tables and a toilet nearby.","a":"Access to Moscow Villa from Swifts Creek is via Nunniong Road and Bentleys Plain Road, from Ensay is via Bentleys Plain Road."}},{"type":"Feature","geometry":{"type":"Point","coordinates":[146.13112,-37.325]},"properties":{"n":"Quilton North","k":"pvpicnic","f":["Picnic area","Toilets"],"d":"This is a beautiful day visitor area located in the Upper Goulburn State Forest. A great spot to stop and have a picnic while on your 4 wheel drive tour of the Upper Goulburn, watch the water flow by while enjoying the sun and a bit to eat.","a":"Head south out of Jamieson on the Mansfield-Woods Point Road for about 3.5km, to the entrance into Quilton North on your right hand side."}},{"type":"Feature","geometry":{"type":"Point","coordinates":[145.88712,-36.91092]},"properties":{"n":"Tallangallook Road Picnic Area","k":"pvpicnic","f":["Picnic area","Toilets"]}},{"type":"Feature","geometry":{"type":"Point","coordinates":[146.46864,-37.26012]},"properties":{"n":"Upper Jamieson Four","k":"pvcamp","f":["Camping","Toilets","Fire pits","Fishing"]}},{"type":"Feature","geometry":{"type":"Point","coordinates":[146.84835,-36.79483]},"properties":{"n":"Buckland Valley Bridge","k":"pvpicnic","f":["Picnic area","Toilets","Fire pits"],"d":"A grassy clearing by the Buckland River next to the historic Buckland Bridge, surrounded by native forest. Picnic tables and BBQs (BYO wood) in a peaceful setting beside the Buckland River. Do some fishing, or take a stroll and read about the goldrush in the Valley on the information shelter.","a":"From Porepunkah, head south at the large round-about onto the sealed Buckland Valley Road for approximately 13 km."}},{"type":"Feature","geometry":{"type":"Point","coordinates":[146.3042,-37.15377]},"properties":{"n":"Timbertop Saddle Picnic Area","k":"pvpicnic","f":["Picnic area","Toilets","Fire pits"],"d":"This spot leads off to the beginning of the Mount Timbertop, Summit loop and Doughty's Road walking trails. It offers a spot to picnic before you take the journey to the summit of Mount Timbertop which offers expansive views over the surrounding alpine valleys.","a":"From Mansfield follow the Mt. Buller Rd to Merrijig. Turn right onto the Howqua Tk, follow for 6.5kms."}},{"type":"Feature","geometry":{"type":"Point","coordinates":[146.13056,-37.33224]},"properties":{"n":"Doctors Creek Reserve","k":"pvcamp","f":["Camping","Camper trailers","Toilets","Fire pits","Fishing","Paddling"],"d":"Doctors Creek Reserve on the banks of the Goulburn River is popular with campers, anglers and visitors keen to relax and unwind. This site is the gateway to the Upper Goulburn River and nearby historical sites. This is a large, grassy area with plenty of room for groups, as well as those with caravans and camper trailers. Set yourself up here and enjoy easy access to all that the river has to offer. Good access for Caravans/Campers of all sizes. Can be busy at peak times in warmer months.","a":"From Jamieson follow the Jamieson-Woods Point Rd towards Woods Point until Right turn turn into camp area at Doctors Creek Camping area sign."}},{"type":"Feature","geometry":{"type":"Point","coordinates":[146.82835,-37.10605]},"properties":{"n":"Rileys Hut","k":"pvcamp","f":["Camping","Picnic area","Toilets","Fire pits"],"d":"Remote well maintained hut with built in heater located on Rileys Creek. Hut is suitable for swags or camp stretchers, tents may be pitched on grassy area in front of hut. Good spot for a picnic for those on the way to the Wonnangatta valley.","a":"From Catherine River bridge on Buffalo River Road travel South on East Buffalo Road and East Riley Rd for approximately 28km to reach Rileys Creek hut.","cl":{"s":"2026-01-19","o":"2026-02-28","r":"Fire","d":"Closed due to fire conditions, to maintain public safety."}}},{"type":"Feature","geometry":{"type":"Point","coordinates":[145.94688,-36.8369]},"properties":{"n":"James Reserve","k":"pvcamp","f":["Camping","Campervans","Toilets","Horse riding"],"d":"James Reserve is a lovely open grassy campsite, with beautiful creek frontage. There are horse yards and about 10 campsites for you all to enjoy.","a":"Turn off the Midland Highway onto Lima East Road at Swanpool. James Reserve is then about 12 kilometres on the right hand side. 2wd dirt road access."}},{"type":"Feature","geometry":{"type":"Point","coordinates":[147.82978,-36.53781]},"properties":{"n":"Ohagens","k":"pvcamp","f":["Camping","Small caravans","Picnic area","Toilets","Fire pits"],"d":"A great place to stop for a bite to eat and a rest, there are sites suitable for rolling out a picnic rug, or use the on site picnic table.","a":"Travel South from Corrong along the Benambra-Corryong road for approximately 52km, then, turn left onto Wheelers Creek Rd from Benambra-Corryong Road. Travel approx 7.5kms to reach campsite. 2WD dry weather only & 4WD all weather access.","cl":{"s":"2026-01-18","o":"2026-02-01","r":"Fire","d":"Site closure in place due to fire activity. No camping is permitted."}}},{"type":"Feature","geometry":{"type":"Point","coordinates":[146.23054,-37.237]},"properties":{"n":"Running Creek","k":"pvcamp","f":["Camping","Campervans","Toilets","Fishing"],"d":"Surround yourself with Narrow Leaved Peppermint, Blue Gum, Manna Gum and Stringybark species whilst enjoying your stay here. Placed on the banks of the Howqua river there are ample activities you can undertake whilst enjoying your stay including: bushwalking, fishing, swimming and four-wheel driving. If camping on the other side of the river please be aware of rapid level rising after rain and snow melt events. Camping is broken up into 3 sections separated by the Howqua River. The first section is accessible via 2WD and doesn’t require a water crossing, the second campsite requires a river crossing and the third campsite requires two river crossings. If camping in the second and third…","a":"Follow the Mount Buller Road from Mansfield towardsMerrijig for 4km. Turn right at the sign to Jamieson and travel for about 26km. Turn left at the Howqua River Road immediately after the Howqua River. After approximately 10km on gravel road you will reach the Running CreekCamping Reserve sign on your left. The campsite is 300m from this sign. The track to the Reserve is a moderate slope and is accessible to all vehicles. However, following heavy rains this road becomes slippery and may be temporarily inaccessible to 2WD’s."}},{"type":"Feature","geometry":{"type":"Point","coordinates":[146.80963,-36.33567]},"properties":{"n":"Yackandandah Creek 2","k":"pvcamp","f":["Camping","Toilets","Fire pits"],"d":"A medium sized camping area along the banks of Yackandandah Creek. Tent and vehicle based camping sites with easy access to the creek.","a":"From the main street of Yackandandah follow Bells Flat Rd for approx. 3km until you meet Service Basin Rd. Continue along Service Basin Rd, which then becomes Yack Gate Rd, for approx. 1.5km to the site access track to your left. Follow the rough 4x4 track for approx. 300m to the site."}},{"type":"Feature","geometry":{"type":"Point","coordinates":[146.46313,-37.25867]},"properties":{"n":"Upper Jamieson One","k":"pvcamp","f":["Camping","Toilets","Fire pits"]}},{"type":"Feature","geometry":{"type":"Point","coordinates":[146.71877,-36.92851]},"properties":{"n":"Mclver","k":"pvcamp","f":["Camping","Picnic area","Toilets","Fire pits"],"d":"McIver is the fifth campground located at the intersection of the Lake Cobbler tk and Abbeyards Rd and runs alongside the Buffalo River. It is a small basic bush campground that offers 2 campsites with campfire pits and picnic tables. Popular spot for a short stay for 4wd's heading into the Wonnangatta Valley.","a":"From Myrtleford, travel 31km sth along the Buffalo River Rd, to the Rose River Rd intersection. From here it becomes the Abbeyards Rd which is a gravelled road, suitable for 2WDs, caravans and camper trailers. Travel a further 21km to the campground."}},{"type":"Feature","geometry":{"type":"Point","coordinates":[147.25733,-37.40817]},"properties":{"n":"Two Mile Creek","k":"pvcamp","f":["Camping","Camper trailers","Picnic area","Toilets","Fire pits"],"d":"Two Mile Creek is an easily accessible campsite which is located near the junction of Two Mile Creek and the Dargo River. There are a number of camping areas located along the Two Mile Creek, providing a good overnight option for visitors. This site provides easily accessible camping with space for a number of family groups along the access track by Two Mile Creek. These campsites are accessible to most vehicles. The main camping area near the toilet facilities is well suited to camper trailers. Two Mile Creek provides a convenient picnic stop along the Upper Dargo Road just prior to the Dargo High Plains Road.","a":"From Dargo travel 6km (10 minutes) up the Dargo High Plains Road and turn right onto Upper Dargo Road. Two Mile Creek is located at the 1.9km mark of the road."}},{"type":"Feature","geometry":{"type":"Point","coordinates":[148.27012,-37.61728]},"properties":{"n":"Stringers Knob Historic Fire Tower","k":"pvpicnic","f":["Picnic area","Toilets","Heritage"],"d":"The original wooden fire tower was destroyed in the January 2020 bushfires. You can still enjoy a picnic at this site and read the interpretive signs to cast your mind back in time to a bygone era with this experimental single pole fire tower. The tower was built in 1941 following the disastrous 1939 bushfires. The fire spotter's cabin is perched on top of a 28m tall pole made of 2 massive logs (red iron bark & yellow stringy bark trees) spliced lengthwise.","a":"Access is via the Buchan Road (sign posted). Turn onto Monument Rd following the track up to the tower. This site forms part of the Far East Gippsland Backroad Tour - Stringers Knob Mottle Range."}},{"type":"Feature","geometry":{"type":"Point","coordinates":[146.09514,-36.9359]},"properties":{"n":"Blue Range Creek","k":"pvpicnic","f":["Picnic area","Toilets","Fire pits"],"d":"A small pleasant area to have a picnick or visit the surrounding state forest. Enjoy your stay whilst being shaded by white trunked manna Gums and Peppermint trees and listen to the water rolling through in the nearby creek. This site is a good spot to stop for lunch just outside the hustle and bustle of Mansfield.","a":"From Mansfield follow the Mansfield-Whitfield Road for approx. 10kms then turn left onto Blue Range Road, follow for approx. 4kms"}},{"type":"Feature","geometry":{"type":"Point","coordinates":[146.16426,-37.35856]},"properties":{"n":"Miners Hut","k":"pvpicnic","f":["Picnic area","Toilets","Fishing","Paddling"],"d":"Nestled in between Jamieson and Woodspoint this day visitor area is fantastic for a stop along this historic journey. This spot is settled next to the Goulburn River and you can enjoy the shade offered by mature canopy trees that surround you and plenty of grassy areas surrounding you for the kids to run around on. Stop on your way to woods point from Jamieson to stretch your legs at this delightful small picnic area nestled in the Upper Goulburn State Forest. You will find yourself under large shady canopy trees and with plenty of room for the kids to run around this area is perfect for a pit stop."}},{"type":"Feature","geometry":{"type":"Point","coordinates":[147.86801,-37.55014]},"properties":{"n":"Bark Sheds","k":"pvcamp","f":["Camping","Small caravans","Picnic area","Toilets","Fire pits"],"d":"A scenic picnic area located next to the Tambo River. The site has a shelter and a toilet as well as informal camping sites.","a":"From Melbourne, head east on the Princes Highway. From Bairnsdale, continue onto the Great Alpine Rd. Bark Sheds is located on the east of the Great Alpine Rd, approx. 20 mins drive from Bruthen."}},{"type":"Feature","geometry":{"type":"Point","coordinates":[146.06061,-37.16902]},"properties":{"n":"Bracks Bridge","k":"pvpicnic","f":["Picnic area","Toilets","Fire pits","Paddling"],"d":"This site is a stunning area and very popular in the summer months, when you arrive you’ll see why. The area is located next to the Delatite River with water birds and shady trees galore, there is plenty of room to let the kids out and run around to stretch their legs. This site will keep you coming back for more. The shade of the African Regnan trees offers relief from the heat on hot days. With the Delatite River close by you can often see water birds enjoying this site as well. The wide-open spaces provided give a good opportunity for the kids to burn off some energy after being in the car all day.","a":"From Goughs Bay head towards Mansfield turning left on the Piries-Goughs Bay Rd and then immediately right onto Howes Creek – Goughs bay Rd. Follow Howes Creek – Goughs Bay Rd before coming to Bracks Bridge on the left."}},{"type":"Feature","geometry":{"type":"Point","coordinates":[146.85449,-37.83278]},"properties":{"n":"Green Hill Lookout","k":"pvpicnic","f":["Picnic area","Toilets"],"d":"The rocky outcrop provides pleasant views into the rugged Avon River valley and hills to the North. Green Hill Lookout contains a small carpark and picnic area.","a":"Green Hill Lookout is located on Huggetts Track via Kentucky Rd approximately 15 minutes from the township of Newry."}},{"type":"Feature","geometry":{"type":"Point","coordinates":[145.53656,-37.51016]},"properties":{"n":"Tanglefoot","k":"pvpicnic","f":["Picnic area","Toilets"],"d":"Large grassy area close to the car park with a picnic table and wood bbq","a":"From Healesville, head up the Myers Creek road for 13km. Take Sylvia Creek road to the right then continue on this well maintained forest road for 9km. Tanglefoot Picnic area can be found on the right hand side of Sylvia Creek road."}},{"type":"Feature","geometry":{"type":"Point","coordinates":[146.22828,-37.38515]},"properties":{"n":"Twelve Mile","k":"pvcamp","f":["Camping","Camper trailers","Toilets","Fishing","Paddling"],"d":"Surround yourself with history along the trial of the goldrush in the Upper Goulburn Valley, you will be surrounded by old mining towns, mines and historic relics. You will be staying under tall eucalypt species and be able to undertake several activities in the area, meander down the river in your canoe, try or hand at fly fishing or take a four-wheel drive tour. Camping along the upper stretches of the Goulburn river is perfect all year round. This site offers a large expanse of large, open grassy areas perfect for medium and large groups of campers This is a medium sized campground offering ample room to move and back you camper van or trailer in. In the summer this site can be popular…","a":"From Jamieson follow the Jamieson-Woods Point Rd towards Woods Point until left turn into camp area at 12 mile Camping sign."}},{"type":"Feature","geometry":{"type":"Point","coordinates":[146.80987,-36.33528]},"properties":{"n":"Yackandandah Creek 1","k":"pvcamp","f":["Camping","Toilets"],"d":"A small shady camping area along the banks of Yackandandah Creek. Tent based camping with a small parking area.","a":"From the main street of Yackandandah follow Bells Flat Rd for approx. 3km until you meet Service Basin Rd. Continue along Service Basin Rd, which then becomes Yack Gate Rd, for approx. 1.2km to the site access track that drops steeply to your left. Not recommended for 2WD vehicles in the wet."}},{"type":"Feature","geometry":{"type":"Point","coordinates":[147.43298,-36.6608]},"properties":{"n":"Lightning Creek","k":"pvcamp","f":["Camping","Camper trailers","Picnic area","Toilets","Fire pits"],"d":"Lightning Creek provides a range of picnicking options including a secluded rotunda on the banks of the pure lightning creek, designated picnic areas and endless private grassy areas suited to large and small groups. A perfect stop for lunch or a well earned rest break whilst travelling along the Omeo Highway.","a":"Located approx 85 kms from Omeo township and approx 22 kms from Mitta Mitta township on the sealed Omeo Highway C543. Access to this site is 2WD all weather conditions."}},{"type":"Feature","geometry":{"type":"Point","coordinates":[146.80679,-36.33796]},"properties":{"n":"Yackandandah Creek 3","k":"pvcamp","f":["Camping","Toilets","Fire pits"],"d":"A large camping area split in two with easy vehicle and tent based camping sites. The site has good access to the Yackandandah Creek and is conveniently located opposite the Trail bike unloading area.","a":"From the main street of Yackandandah follow Bells Flat Rd for approx. 3km until you meet Service Basin Rd. Continue along Service Basin Rd, which then becomes Yack Gate Rd, for approx. 1.7km to the two site access tracks to your right."}},{"type":"Feature","geometry":{"type":"Point","coordinates":[146.4654,-37.2594]},"properties":{"n":"Upper Jamieson Two","k":"pvcamp","f":["Camping","Small caravans","Toilets","Fire pits","Fishing"]}},{"type":"Feature","geometry":{"type":"Point","coordinates":[145.86761,-37.81754]},"properties":{"n":"Ada Tree Picnic Area","k":"pvpicnic","f":["Picnic area","Toilets","Wheelchair access (partial)"],"d":"Enjoy your picnic in a tranquil setting, situated beneath tall Mountain Ash Forest at the headwaters of the Little Ada River. The Ada Tree picnic area brings you back to nature where you can hear the frequent lyrebird call and take in the surrounding Mountain Ash species, which is the tallest flowering plant in the Southern hemisphere. More of this forest can be observed along the Island Creek walk which starts from the picnic area.This site offers picnic tables, shelter and basic toilet facilities for you to enjoy during your stay.","a":"From Powelltown, head east along the Yarra Junction - Noojee Road (C425) for 6km then turn left up Big Creek Road. Travel along Big Creek Road for 22km and turn right down Federal Road. Travel along Federal Road for 3km until you reach the Ada Tree Picnic Area. From Warburton Travel along the Warburton - Woodspoint Road (C511) for 10km and Turn Right onto Brahams Road. Continue for 13km and veer left onto Big Creek Road. After 4km, turn right down Federal Road. Travel along Federal Road for 3km until you reach the Ada Tree Picnic Area. For Disabled Access: A key is available at the Powelltown…"}},{"type":"Feature","geometry":{"type":"Point","coordinates":[146.80124,-36.34688]},"properties":{"n":"Yackandandah Creek 6","k":"pvcamp","f":["Camping","Toilets","Fire pits"],"d":"A medium sized sloping campsite located on the edge of the road with good vehicle access. Often used as a turnaround and drop off for horse floats.","a":"From the main street of Yackandandah follow Bells Flat Rd for approx. 3km until you meet Service Basin Rd. Continue along Service Basin Rd, which then becomes Yack Gate Rd, for approx. 2.4km to No. 1 Link Rd. Head south on No.1 Link Rd for approx. 350m to Willow Tree Rd. Head West on Willow Tree Rd over the bridge to the site."}},{"type":"Feature","geometry":{"type":"Point","coordinates":[146.66951,-37.7607]},"properties":{"n":"The Holding Paddock","k":"pvcamp","f":["Camping","Toilets","Fire pits","Wheelchair access (partial)"],"d":"Located on the doorstep of the iconic Victorian High Country, just 20 minutes south of Licola, The Holding Paddock offers camping on the banks of the Macalister River surrounded by rolling hills. Historically, the site served as an overnight stop for holding cows during the two-week journey from Wonnangatta Station to the saleyards in Heyfield - giving the site its iconic name. This site can be used as a starting point for experienced four-wheel drivers doing the popular Wonnangatta Iconic 4WD Tour, accessible from Licola via the Tamboritha Road. This multi-day trip takes in several High Country Huts as well as the breathtaking Pinnacles Lookout, Billy Goat Bluff Track and historic… The…","a":"Easy 2WD access to The Holding Paddock is available via the sealed Licola Road, 32km north of Heyfield or 20km south of Licola. However, for those looking to explore more of the surrounding High Country during their stay, a 4WD is recommended."}},{"type":"Feature","geometry":{"type":"Point","coordinates":[147.29864,-37.3385]},"properties":{"n":"Collins Flat","k":"pvcamp","f":["Camping","Camper trailers","Picnic area","Toilets","Fire pits"],"d":"Collins Flat is the last of the main camping areas along the Upper Dargo Road but is just as scenic as the previous sites.","a":"From Dargo travel 6km (10 minutes) up the Dargo High Plains Road and turn right onto Upper Dargo Road. Collins Flat is located at the 15km mark."}},{"type":"Feature","geometry":{"type":"Point","coordinates":[147.11327,-37.74972]},"properties":{"n":"Carneys Camp","k":"pvcamp","f":["Camping","Toilets","Fire pits"],"d":"Carneys is is a small site located on a bend in the creek with plenty of space for swimming. A small site which can accommodate a limited number of campers.","a":"From Briagolong follow the Freestone Creek Road approximately 15km or 20 minutes to Carneys Camp on the Freestone Creek."}},{"type":"Feature","geometry":{"type":"Point","coordinates":[148.10291,-37.2803]},"properties":{"n":"Glenmore Huts","k":"pvcamp","f":["Camping","Picnic area","Toilets"],"d":"On this site once sat the Glenmore Huts (Logging Camp) which were built in 1962, when the Nunnett area was opened up for alpine logging. Four of the five original huts remained on site until 2019, when they were destroyed in the Nunnett-Timbarra bushfires. The site has plenty of room of campers, with a basic fire pit and picnic table facilities only.","a":"Via Nunnett Rd or via Glenmore Rd. Glenmore Rd has a crossing over the Buchan River which can be deep after flooding."}},{"type":"Feature","geometry":{"type":"Point","coordinates":[146.91761,-37.80467]},"properties":{"n":"Dermodys","k":"pvcamp","f":["Camping","Toilets","Fire pits","Wheelchair access (partial)"],"d":"Dermodys is an easily accessible campsite in the Avon-Mt Hedrick NFSR which is suitable for families. Nestled alongside the Avon River, the water is just a short walk from this camping area. The separated camping areas at this site provide room for multiple family camping groups. Please take your rubbish home so the site can be enjoyed by future visitors.","a":"From Maffra take the Maffra-Briagolong Road out of Maffra towards Boisdale. Continue through Boisdale towards Valencia Creek. Turn Left onto Luckmans Road (3km beyond Boisdale) and finally right into Warrigal - Toms Road. Continue straight on Dermody Road to the campsite."}},{"type":"Feature","geometry":{"type":"Point","coordinates":[148.0515,-36.44466]},"properties":{"n":"Tin Creek","k":"pvsite","f":["Toilets","Fire pits","Wheelchair access (partial)"],"d":"Set on the banks of Tin Creek, this campsite is perfect to accommodate families travelling in small 4wd camper trailers or those in swags looking to explore the outdoors. The site includes a BBQ and toilet facilities, making it easier to enjoy nature. There’s plenty to see and do at this site, whether you want to try your luck and throw a line to catch dinner or visit Jack Riley’s Memorial – this is a must-see site in the Upper Murray.","a":"From Corryong township travel along Thowgla Road for 20kms to Walkers Road. Travel along Walkers road for 19kms to Gibson's Gap. Turn on to Mt Baldy track and travel for 7kms. Turn right on to Surveyors creek track for 7kms to reach Tin creek camp site. Campsite is 700mtrs straight ahead after crossing the creek. It is recommended to only access this site with 4WD.","cl":{"s":"2026-01-18","o":"2026-02-01","r":"Fire","d":"Site closure in place due to fire activity. No camping is permitted."}}},{"type":"Feature","geometry":{"type":"Point","coordinates":[146.93597,-36.75753]},"properties":{"n":"Clear Spot Lookout","k":"pvpicnic","f":["Picnic area","Toilets"],"d":"This scenic viewpoint overlooks the picturesque town of Bright, and sweeping views of the Alps, Mt Buffalo and the Ovens valley. Marvel at the views of the Alps and Ovens Valley whilst enjoying a picnic."}},{"type":"Feature","geometry":{"type":"Point","coordinates":[147.38084,-37.23369]},"properties":{"n":"Dogs Grave","k":"pvcamp","f":["Camping","Picnic area","Toilets","Fire pits","Heritage"],"d":"A quiet camping area off the Birregun Road, with a small hut (with pot belly stove), picnic table, fire pit, toilet and room for camping. The site has a historic Dogs Grave.","a":"Access is via the Birregun Road. from Swifts Creek, head out along the road to Cassilis, then onto the Upper Livingstone Road and Birregun Rd."}},{"type":"Feature","geometry":{"type":"Point","coordinates":[145.56866,-37.42614]},"properties":{"n":"Ferns","k":"pvcamp","f":["Camping","Small caravans","Toilets","Fire pits"],"d":"Ferns Camp is one of the popular camping areas within the Murrindindi Scenic Reserve. All sites in the Reserve require a permit - motorcycle $3, car $7, small bus $20, large bus $35 per night. All funds collected go directly back into the upkeep of the Reserve. Please note no dogs are allowed. Ferns Camp is one of the larger campsites in Murrindindi Scenic Reserve. Flushing toilets and separate camping areas can cater for tents, trailers and caravans. Campsites pods are designed for larger campers and small caravans","a":"From Melbourne - travel along the Melba Highway to the intersection of Murrindindi Road just before Devlins Bridge. Turn right and drive 10km to the Reserve then follow the Murrindindi Road south for approximately 4.5km just past the Falls Creek road junction you will find Ferns Camp."}},{"type":"Feature","geometry":{"type":"Point","coordinates":[145.75342,-37.53586]},"properties":{"n":"Keppel Lookout","k":"pvpicnic","f":["Picnic area","Toilets","Wheelchair access"],"d":"One of the most spectacular views along the Cathedral Range and down the Acheron valley, the lookout can be accessed via the 11km Keppel Lookout Trail or for those less energetic there is vehicle access to the carpark before a short walk to viewing platform. A great place to stop, grab a snack and take in the amazing views, Keppel Lookout site has a picnic table where you can sit down and rest before continuing on the Keppel Lookout trail back to Marysville.","a":"From Marysville's main street, turn south at the roundabout up Lyell street and continue onto Paradise Plains road, past the town reservoir (1.4km). At the top of the climb, turn left into Keppel Lookout road (4.7km) and continue until you reach the carpark (5.5km)."}},{"type":"Feature","geometry":{"type":"Point","coordinates":[146.97518,-37.7159]},"properties":{"n":"Paddy Lees Crossing","k":"pvcamp","f":["Camping","Picnic area","Toilets"],"d":"This picnic area is located on Valencia Creek.","a":"From Boisdale take the Boisdale-Valencia Creek Road To Valencia Creek. Turn right onto Valencia Creek Briagolong Road and then left onto Moroka Rd. Follow for 30 minutes or 17km until you reach the crossing."}},{"type":"Feature","geometry":{"type":"Point","coordinates":[145.88107,-37.88377]},"properties":{"n":"Limberlost","k":"pvpicnic","f":["Picnic area","Toilets","Fire pits"],"d":"Located deep in the forest but with good sealed road access, Limberlost provides an unloading area for trail bikes wishing to explore the broader forest as well as a convenient picnic spot just off the Yarra Junction - Noojee Road. Catering primarily to trail bike riders riding on the weekends, this site also provides picnicking opportunities for the rest of the week with picnic tables and toilet facilities.","a":"Limberlost trail bike visitor area is located approximately 90 kilometers east of Melbourne between the towns of Powelltown and Noojee along the Yarra Junction - Noojee road. Roads are sealed the entire way from Melbourne as well as from East Gippsland."}},{"type":"Feature","geometry":{"type":"Point","coordinates":[145.57086,-37.42907]},"properties":{"n":"Bull Creek","k":"pvcamp","f":["Camping","Small caravans","Toilets","Fire pits","Wheelchair access (partial)"],"d":"Bull Creek Camp is one of the popular camping areas within the Murrindindi Scenic Reserve. All sites in the Reserve require a permit - motorcycle $3, car $7, small bus $20, large bus $35 per night. All funds collected go directly back into the upkeep of the Reserve. Please note no dogs are allowed. Bull Creek has the capacity to cater for larger family groups as the camping area is divided into wider sites. An oval in the centre of the camping ground is equipped with a small shelter, picnic facilities and nearby flushing toilets. The larger sites can accommodate small caravans or camper trailers.","a":"From Melbourne - travel along the Melba Highway to the intersection of Murrindindi Road just before Devlins Bridge. Turn right and drive 10km to the Reserve then follow the Murrindindi Road south for approximately 5km to the last of the Murrindindi Scenic Reserves campsites."}},{"type":"Feature","geometry":{"type":"Point","coordinates":[147.07559,-37.85529]},"properties":{"n":"Red Gum Reserve","k":"pvpicnic","f":["Picnic area","Toilets"],"d":"The Briagolong Red Gum Reserve displays plains grassy woodland in the traditional home of the Braiakaulung people. From the 1870s the area was part of a timber reserve which supplied a resource for products such as road pavers or railway sleepers. The 278 acres of today's reserve provides a rare and important example of a once prominent Gippsland ecosystem type. This reserve will change its appearance over time as the Eucalyptus tereticornis woodland fully matures. The picnic area is located in the centre of the reserve and is a great spot to stop for information or to start your walk.","a":"The Briagolong Red Gum Reserve is located just North of the township of Briagolong on the East side of the Briagolong Road. A picnic area with information shelter is located on the North side of O’Connor Road which cuts through the centre of the reserve. All walks can be accessed from here."}},{"type":"Feature","geometry":{"type":"Point","coordinates":[146.85426,-37.81052]},"properties":{"n":"Huggetts Crossing","k":"pvcamp","f":["Camping","Picnic area","Toilets","Fire pits"],"d":"A popular family campsite that also caters for picnickers, Huggetts is a great hub from which to explore the Avon-Mt Hedrick Natural Features and Scenic Reserve. This can be done either by foot on the Avon River and Mt Hedrick Walking Tracks or by 4WD on the Avon Crossing 4WD route. The Avon River Walking track begins at Huggetts Crossing. The Mt Hedrick Walking Track takes off from Huggetts track around 1km to the South of the campsite. The campground is located on the banks of the Avon River and has toilet, picnic table and BBQ facilities. The main picnic area is located prior to the camping area at the start of the Avon River Walking Track.","a":"Huggetts is located around 15km or 25 minutes North of the township of Newry and can be accessed via Three Chain Rd and then Kentucky Rd. At the end of Kentucky Rd turn left onto Huggetts Track and travel for 4km on this 4wd route to the Camping area."}},{"type":"Feature","geometry":{"type":"Point","coordinates":[147.14036,-37.44623]},"properties":{"n":"Black Snake Creek","k":"pvcamp","f":["Camping","Camper trailers","Picnic area","Toilets","Fire pits","Fishing"],"d":"This campground is situated near the junction of Black Snake Creek and the Wonnangatta River and provides a good jumping off point for 4WD trips further along the Wonnangatta Rd or around Dargo. Fishing is a popular activity in the Wonnangatta River and the Black Snake Creek Historic Walk can be accessed from Black Snake Creek 4WD Track. There are a number of campsites available with picnic tables, firepits and a toilet facility. A large open site with a number of camping spaces suitable for families. The access track from Wonnangatta Road into the campsite is only accessible in dry conditions. Picnic tables and firepits are available for day trips.","a":"From Dargo Rd (C601) head Northwest along the rough 2wd route of Wonnangatta Rd for approximately 15km or 30 minutes.","cl":{"s":"2026-01-19","o":"2026-02-28","r":"Fire","d":"Closed due to fire conditions, to maintain public safety."}}},{"type":"Feature","geometry":{"type":"Point","coordinates":[147.23163,-37.5166]},"properties":{"n":"Meyers Flat","k":"pvcamp","f":["Camping","Camper trailers","Picnic area","Toilets","Fire pits"],"d":"Located at a convenient spot between the Wonnangatta River and the Dargo Road, a couple of camping areas are available here along with a toilet facility. A medium sized campground with space for multiple groups. This site provides access close to the Dargo Road and is suitable for camper trailers. A good place to take a break by the Wonnangatta River close to the Waterford bridge.","a":"15km South of Dargo or around 3km downstream from the Waterford Bridge."}},{"type":"Feature","geometry":{"type":"Point","coordinates":[146.54862,-37.16888]},"properties":{"n":"Flat spur","k":"pvcamp","f":["Camping","Toilets","Fire pits","Wheelchair access (partial)"],"d":"Located in the Mansfield State Forest and set amongst large gum trees, this large open camping area caters for individuals and large groups. Specifically designed for horse riders, visitors can now enjoy the new amenities at Flat Spur, including a large undercover shelter, fire pits, picnic table, toilet, and communal horse yards. The upper reaches of the Howqua River are just a short walk away.","a":"From Mansfield follow the Mt. Buller Rd to Mirimbah. Turn left onto Mt. Stirling Rd and follow to Telephone Box Junction (T.B.J). From here, The Circuit Road can be driven in either direction. Follow Circuit Road for 18kms in an anti-clockwise direction, or 28kms in a clockwise direction. Turn onto Bindaree Rd and follow for 11kms until you reach your destination on the left-hand side. The drive is normally accessible to all vehicles but can have rough sections. Bindaree Rd is seasonally closed from the Thursday after the Queen's Birthday weekend until the Thursday before the Melbourne Cup…"}},{"type":"Feature","geometry":{"type":"Point","coordinates":[146.38888,-37.72333]},"properties":{"n":"Andersons","k":"pvcamp","f":["Camping","Toilets"],"d":"Located in the Toombon Gold-mines Historic Reserve, this remote and compact campground in an open, heathy dry forest is nice stop along the Aberfeldy Back Road Tour. Set back about 80m from the Alberfeldy River continue through the site itself to find a quiet bend in the Aberfeldy River. There is rich mining history in the area with cuts and shafts scattered to the west of the site, care should be taken to remain within the footprint of the site.","a":"Andersons can be found along Donnelly's Creek Rd, south of Code's Flat, just after crossing the bridge."}},{"type":"Feature","geometry":{"type":"Point","coordinates":[146.12925,-37.31899]},"properties":{"n":"Scots Mist","k":"pvpicnic","f":["Picnic area","Toilets"],"d":"A perfect spot to stop and have a picnic on your journey through the Upper Goulburn State Forest, sit by the Goulburn River and relax whilst you take in the scenic views.","a":"Dangerous access into picnic area if travelling from Jamieson. Turnoff on bend of main road between Jamieson and Kevington."}},{"type":"Feature","geometry":{"type":"Point","coordinates":[145.56391,-37.41399]},"properties":{"n":"Water Guage","k":"pvcamp","f":["Camping","Picnic area","Toilets","Fire pits","Wheelchair access (partial)"],"d":"Water Gauge Camp is one of the popular camping areas within the Murrindindi Scenic Reserve. All sites in the Reserve require a permit - motorcycle $3, car $7, small bus $20, large bus $35 per night. All funds collected go directly back into the upkeep of the Reserve. Please note no dogs are allowed. Water Gauge Camp provides individual sites nestled in the gully alongside the Murrindindi River. Here you can set up camp then walk across the suspension bridge to access the Murrindindi River Walk or Wilhelmina Falls Walking track. Located just off Murrindindi Road this site caters for both picnicking and camping and is close to several walking tracks and the Murrindindi River.","a":"From Melbourne - travel along the Melba Highway to the intersection of Murrindindi Road just before Devlins Bridge. Turn right and drive 10km to the Reserve then follow the Murrindindi Road south for approximately 3km past the Rangers Hut."}},{"type":"Feature","geometry":{"type":"Point","coordinates":[145.58232,-37.52817]},"properties":{"n":"Walindjerri","k":"pvpicnic","f":["Picnic area","Toilets","Fire pits"],"d":"This picnic area offers picnicking under shady eucalypt overstorey, with fire pits and picnic tables. The walk to the Redwoods takes off from this picnic area.","a":"Head north past Narbethong for 2km along the Maroondah Highway, and then turn left onto Plantation Road. Continue along Plantation Road for 7.9km and then turn left onto Stoney Creek Road. Continue along Stoney Creek Road for 1.3km. You will pass an access road on your left hand side to the Walindjerri Camp. Continue on for another 200m to turn left into the day visitor site."}},{"type":"Feature","geometry":{"type":"Point","coordinates":[145.52141,-37.52751]},"properties":{"n":"Wirrawilla Picnic Area","k":"pvpicnic","f":["Picnic area","Toilets","Wheelchair access (partial)"],"d":"This basic picnic area serves as the trailhead for three different walks. You can choose from the shorter Wirrawilla Rainforest Walk or the longer Myrtle Gully Circuit or Tanglefoot Loop. The picnic facilities are next to the carpark and trailhead for the Wirrawilla Walk. There is a toilet on site, one picnic table under the cover of a picnic shelter and a couple out in the open.","a":"From Healesville, head up the Myers Creek road for 13km. Take Sylvia Creek road to the right and continue along this well maintained forest road for 4.5km. On the hairpin bend you will find the start of the Wirrawilla carpark access road on your right."}},{"type":"Feature","geometry":{"type":"Point","coordinates":[145.89148,-37.8827]},"properties":{"n":"Latrobe River Picnic and Camping Area","k":"pvcamp","f":["Camping","Picnic area","Toilets","Fire pits"],"d":"Latrobe River Picnic and Camping Area is just a short walk away from the Latrobe River itself and is situated within easy access of a main road. The large area is within the heart of the Latrobe State Forest and is within a short distance of many worthwhile destinations such as the Ada Tree and Seven Acre Rock.","a":"Latrobe River Picnic and Camping Area is located approximately 90 kilometres east of Melbourne. Turn left just 500m up Ada River Road which is located between the towns of Powelltown and Noojee along the Yarra Junction - Noojee road. With the exception of Ada River Road and the campsite itself, access is entirely on sealed roads from Melbourne as well as from the east, if heading from East Gippsland."}},{"type":"Feature","geometry":{"type":"Point","coordinates":[147.27097,-37.39968]},"properties":{"n":"Jimmy Iversons","k":"pvcamp","f":["Camping","Camper trailers","Picnic area","Toilets","Fire pits"],"d":"Another great camping area beside the Dargo River with room for multiple families.","a":"From Dargo travel 6km (10 minutes) up the Dargo High Plains Road and turn right onto Upper Dargo Road. Jimmy Iversons is located at the 3.9km mark."}},{"type":"Feature","geometry":{"type":"Point","coordinates":[146.40016,-37.7612]},"properties":{"n":"Meringtons","k":"pvcamp","f":["Camping","Toilets","Fire pits"],"d":"Meringtons is a large, open, grassy campground close the Aberfeldy River with ample firepits and wood fired BBQ's, and a two toilets. The river can be reached by following Meringtons Walk on the southern side of the campground. This walk crosses the river and continues onto the grave of Charles Brown, a destitute gold miner who was buried in the bush to save money after his death in 1882. The campground is very popular over summer and makes an excellent overnight stop for those following the Aberfeldy Backroad Tour.","a":"From Erica travel north along the Moe-Rawson Rd continuing into Thompson Valley Rd. Continue following the bitumen into Thomson Dam Access Rd, turning left into Walhalla Rd at the gravel road intersection. Turn right into Merringtons Tk, and follow signs to Merringtons Flat campgrounds and the intersection with a link Trk."}},{"type":"Feature","geometry":{"type":"Point","coordinates":[146.01497,-37.80154]},"properties":{"n":"Checking Station","k":"pvcamp","f":["Camping","Small caravans","Picnic area","Toilets","Fire pits"],"d":"A great base for trailbike riders to explore the diverse range of surrounding tracks in the Noojee State Forest. While primarily catering for trailbike riders, this site is also a pretty place for a picnic or camping. A pretty, open site located where the pine plantations meet tall native forest. Called the checking station as it was once a stopping point for harvested logs to be graded before being transported to mill. The site offers a small flat, grassed area suitable for walk-in camping. Car parking is immediately adjacent and toilet is nearby. Catering primarily for weekend trailbike riders, this is also a nice spot to picnic during the week with a small number of tables and open fire…","a":"Head north out of Noojee on the Loch Valley Road for approximately 8 km, then turn right into Toorongo Road and make your way through the plantation forests for a further 3 and half kms until you reach the junction with North Loch Road. Turn left into North Loch Road and the site will be immediately to your right.","cl":{"s":"2026-07-15","o":"2026-08-10","r":"Maintenance","d":"Closed whilst maintenance works are being completed."}}},{"type":"Feature","geometry":{"type":"Point","coordinates":[147.65733,-37.66703]},"properties":{"n":"Blacks Camp","k":"pvcamp","f":["Camping","Small caravans","Picnic area","Toilets","Fire pits"],"d":"This is a picnic area next to a bridge over Clifton Creek. Part of the popular trail bike route, the site can be used for informal camping.","a":"The site is on Blacks Camp Track, off Deptford Rd. Approx 30 mins drive from Bairnsdale."}},{"type":"Feature","geometry":{"type":"Point","coordinates":[147.69771,-37.59158]},"properties":{"n":"Deptford","k":"pvcamp","f":["Camping","Picnic area","Toilets","Fishing","Paddling","Heritage"],"d":"Once a small mining village situated on the Nicholson River, Deptford provides opportunities for both day visitors and campers with good access to the Nicholson River, plenty of spots for a picnic and nearby walks. Dispersed camping with good access to the Nicholson River. The main camping area is located on the east side of the Nicholson River (deep river crossing). Plenty of picnic spots with good access to the Nicholson River.","a":"Access from Bairnsdale is along Deptford Rd but is 4WD only (deep river crossing). Access for 2WD is via Bruthen - turn onto Great Alpine Rd, then Engineers Rd and Deptford Rd."}},{"type":"Feature","geometry":{"type":"Point","coordinates":[146.21623,-37.60189]},"properties":{"n":"Grants Reserve","k":"pvpicnic","f":["Camper trailers","Picnic area","Toilets","Heritage"],"d":"Surrounded by history of the goldrush era this spot is a great one to stop on your four-wheel driving or historic tour through the Great Dividing Range. This area has a great deal to offer including many camping spots, four-wheel driving adventures and history to learn. This is a good stopping point on your way from Warburton the Jamieson and on your way to the Aberfeldy Back-Road Tours. This site is large and grassy offering many places to pull up for the night and move your van around. This site is large and grassy offering everyone the opportunity to take a break from their long driving adventures.","a":"From Woodspoint take a slight right on the Warburton-Woodspoint road followinf for 7KM before reaching the site on your left."}},{"type":"Feature","geometry":{"type":"Point","coordinates":[147.29363,-37.36397]},"properties":{"n":"Black Flat","k":"pvcamp","f":["Camping","Camper trailers","Picnic area","Toilets","Fire pits"],"d":"This campsite has less grassy areas but is well sheltered and provides a great bush setting beside the Dargo River. Suitable for smaller groups in separate areas of the site. Suitable for camper trailers although access is not as open as other sites. A shady spot to stop for a picnic whilst exploring the Upper Dargo.","a":"From Dargo travel 6km (10 minutes) up the Dargo High Plains Road and turn right onto Upper Dargo Road. Black Flat is located at the 10.4km mark of the Upper Dargo Road."}},{"type":"Feature","geometry":{"type":"Point","coordinates":[146.45534,-37.74901]},"properties":{"n":"Goonans","k":"pvcamp","f":["Camping","Picnic area","Toilets","Fire pits"],"d":"Goonans Hut was originally constructed in the early 1980's by Russell Hughes who had a claim in the area. The claim was later sold in 1991 to Bill Goonan, from which the hut now carries the Goonan name. In January 2013, the hut was destroyed during a bushfire and rebuilt to its current state in early 2015. The new hut features a waterproof roof, walls and a concrete floor. It features a fireplace, a bench and a toilet is also located on the site. Situated along Donnellys Creek, the creek can be accessed via a short trail to the side of the hut. Goonans has a cosy tin hut suitable for camping in which was built after the orignal hut was detroyed in the 2013 Aberfeldy-Donnelly's Creek fire.…","a":"Goonans is a stopping point along the Aberfeldy 4WD route along Donnellys Creek in the Aberfeldy/Nambruc State Forest. You can camp overnight in the recently constructed bush hut or stop for a picnic by the creek. The closest nearby huts are Jorgensens Flat Hut in the west and Store Point hut to the East."}},{"type":"Feature","geometry":{"type":"Point","coordinates":[147.43845,-36.59644]},"properties":{"n":"Snowy Creek","k":"pvcamp","f":["Camping","Small caravans","Picnic area","Toilets","Fire pits","Fishing"],"d":"This is a relatively small site so space may be limited, and it may also be subjected to flooding during winter months. Suitable for off-road camper trailers, tents, and swags. Be quick as the site fills up quickly during the holiday periods. While this site has facilities to cater for overnight stays, why not pull off the bitumen and take a dip in the pristine waters of the Snowy Creek, before having a picnic lunch. Facilities include picnic tables and BBQ pits.","a":"Approximately 12kms South of Mitta Mitta and 96kms North of Omeo on the Omeo Highway (C543), turn onto Holloways Log Road and travel for 700 mtrs to the campsite. 2WD & 4WD all weather access."}},{"type":"Feature","geometry":{"type":"Point","coordinates":[145.80088,-37.49901]},"properties":{"n":"Murray Pass","k":"pvpicnic","f":["Picnic area","Toilets","Fishing","Wheelchair access (partial)"],"d":"Nestled in the valley and surrounded by the beauty of the Marysville State forest, this site offers opportunities to relax and listen to the river gently bubble past or try your hand at catching the native trout present in the river adjoining the picnic area. A small picnic spot accessed by the Lady Talbot Drive alongside the Taggerty River, Murray Pass is perfect to try your luck with a fishing line or sit back and enjoy a break by the waters edge.","a":"From Marysville's main street, turn right at the Marysville Woods Point road then left at Lady Talbot Drive. Continue up Lady Talbot Drive along the Taggerty River and the picnic area is located on the left."}},{"type":"Feature","geometry":{"type":"Point","coordinates":[145.84558,-36.91227]},"properties":{"n":"Goldworthys","k":"pvcamp","f":["Camping","Camper trailers","Toilets"],"d":"This site is perfect for those wanting to get away from the world, being secluded and off the main tracks you're likely to enjoy this site to yourself. A creek running parrallel to the site gives you access to water and easy access means many people can come through. This small site is great for small and medium size groups, often used by people exploring the Strathbogies. This site is situated next to a small creek and perfect for either tent or vehicle based camping. This small site is accessable for caravans and campervans with plenty of room to set up and swing your van around when needed.","a":"From Barjarg take Tames road, turning left onto Dry Creek road and then left again onto Goldsworthys road."}},{"type":"Feature","geometry":{"type":"Point","coordinates":[146.80641,-36.34055]},"properties":{"n":"Yackandandah Creek 4","k":"pvpicnic","f":["Picnic area","Toilets","Fire pits"],"d":"A small grassy area conveniently located on the edge of Yack Gate rd.","a":"From the main street of Yackandandah follow Bells Flat Rd for approx. 3km until you meet Service Basin Rd. Continue along Service Basin Rd, which then becomes Yack Gate Rd, for approx. 1.9km to the site to your right."}},{"type":"Feature","geometry":{"type":"Point","coordinates":[147.31589,-36.45723]},"properties":{"n":"Katie Peters Reserve","k":"pvcamp","f":["Camping","Toilets","Fire pits"],"d":"Katie Peters Reserve is a great base for exploring the surrounding area and enjoying the many recreational activities on offer such as fishing, kayaking, four-wheel driving, bushwalking and visiting the iconic Dartmouth Dam. The site is dedicated to the memory of Katie Peters who was tragically killed while fighting the 2013 Harrietville Bushfire. This large campground is suitable for all types of camping and offers basic facilities including firepits, picnic tables and a toilet.","a":"From Eskdale, head west on Omeo Highway for 1.4km then turn right onto Mitta North Road and stay on it for about 6.5km to reach the Katie Peters Reserve. The site is accessible by two-wheel drive vehicles."}},{"type":"Feature","geometry":{"type":"Point","coordinates":[146.40144,-37.75844]},"properties":{"n":"Junction","k":"pvcamp","f":["Camping","Picnic area","Toilets","Fire pits"],"d":"The original huts were built at The Junction in the 1930's by gold fossickers during the depression however the hut that stands today was built in 2015 after the 2013 wildfire. If you are traveling past make sure you stop and check the view from the hut or dip your feet in the cool river. Junction Hut can accomodate 6-8 people at this peaceful riverside site, with a picnic table and toilet also on site. If the hut is occupied limited tent camping space can be found by following the track to the right as you hit the river. Find a picnic table and fire pit at Junction Hut, with great views and easy access to a cool, quite bend in the Aberfeldy River this is a lovely spot for a picnic.","a":"Junction Camping Ground is located near where the Donnelly Creek meets the Aberfeldy River. From Erica travel north along the Moe-Rawson Rd continuing into Thompson Valley Rd. Continue following the bitumen into Thomson Dam Access Rd, turning left into Walhalla Rd at the gravel road intersection. Turn right into Merringtons Tk, and follow towards Merringtons Flat campgrounds, turning left before the flat following a link track to Junction Hut, conintue past the hut and turn right along the River to reach a small camping area."}},{"type":"Feature","geometry":{"type":"Point","coordinates":[145.75515,-37.48634]},"properties":{"n":"Vic Oak","k":"pvpicnic","f":["Picnic area","Toilets","Fishing","Wheelchair access (partial)"],"d":"Why not stop and enjoy the grassy picnic area on your way out of Marysville. Sit and listen to the rippling of the river under the shade of the towering eucalypts. A nice way to enjoy a country drive. Vic Oak provides a quiet stopping point as you drive out of Marysville toward Buxton. Just past the golf course this grassy picnic area is set next to the tranquil Taggerty River.","a":"From Marysville, head down to the roundabout at the bottom of the main street and take the Buxton Marysville road for approximately 2km. Vic Oak Picnic area can be found on the left hand side over the Taggerty Bridge."}},{"type":"Feature","geometry":{"type":"Point","coordinates":[146.3698,-37.10388]},"properties":{"n":"Carters Mill Picnic Area","k":"pvpicnic","f":["Picnic area","Toilets"],"d":"This picnic area is full of history, set on the banks of the Delatite River and nearby to the Sawmill Settlement Park. You are surrounded by a large grassy area with ample room for you and the kids to stretch their legs, the area is surrounded by native forests that offer ample shade. Sit back and enjoy a break whilst listening to the flowing water in the Delatite River nearby.","a":"From Mansfield follow the Mt. Buller Road to Sawmill Settlement, turn left onto Carters Road."}},{"type":"Feature","geometry":{"type":"Point","coordinates":[147.1594,-37.67527]},"properties":{"n":"Lees Creek Camping Area","k":"pvpicnic","f":["Picnic area","Toilets","Fire pits"],"d":"Lees Creek Camping Area is located at the junction of the Freestone Creek Road and Lees Creek Track. The site is located on Sportsmans Creek and is the last campsite on Freestone Creek Road before it continues to wind its way up to Cobbannah. Picnic tables and firepits available for day trips.","a":"From Briagolong travel around 30km or 45 minutes on the rough 2wd route of Freestone Creek Rd. From this campsite it is a further 12.5km north to the Bairnsdale-Dargo Rd (C601).","cl":{"s":"2026-01-19","o":"2026-06-29","r":"Maintenance","d":"Closed due to landslip. To be reopened once repair works are completed."}}},{"type":"Feature","geometry":{"type":"Point","coordinates":[146.2355,-36.88802]},"properties":{"n":"Old School House","k":"pvcamp","f":["Camping","Small caravans","Toilets","Fire pits","Heritage","Wheelchair access (partial)"],"d":"This clearing, once the location of a school is now a small, but pleasant camping ground. Shady sites offer a good base for exploring the Toombullup forest. Facilities such as tables, fire pits and toilet are provided.","a":"This site is located along the Tatong Tolmie Road."}},{"type":"Feature","geometry":{"type":"Point","coordinates":[147.14345,-37.70328]},"properties":{"n":"Lloyds Knob","k":"pvcamp","f":["Camping","Picnic area","Toilets","Fire pits"],"d":"A slightly larger campsite, Lloyds Knob provides the last camping option along Freestone Creek. A large campsite suitable for families exploring the Freestone Creek area or walkers undertaking Track 96. A convenient location to stop whilst driving between Briagolong and Dargo.","a":"From Briagolong follow the Freestone Creek Road approximately 24km or 40 minutes to the Lloyds Knob Track. Turn left and the campsites can be found on the right, prior to crossing Freestone Creek. Alternatively it is located 16km or 35 minutes along Freestone Creek Rd from Bairnsdale-Dargo Rd (C601).","cl":{"s":"2026-01-19","o":"2026-02-08","r":"Fire","d":"Closed due to fire conditions, to maintain public safety."}}},{"type":"Feature","geometry":{"type":"Point","coordinates":[147.12266,-37.71417]},"properties":{"n":"Shadeys Place","k":"pvcamp","f":["Camping","Picnic area","Toilets","Fire pits"],"d":"Shadey's Place is located a bit further off Freestone Creek Road and offers a quiet bush setting for a picnic or camp by the creek. Suitable for small groups. A quiet bush setting suitable for picnics near a narrow section of Freestone Creek.","a":"From Briagolong follow the Freestone Creek Road approximately 20km or 30 minutes. Turn left down the access track and Shadey's Place campsite is located around 200m from the road on the Freestone Creek.","cl":{"s":"2026-01-19","o":"2026-02-08","r":"Fire","d":"Closed due to fire conditions, to maintain public safety."}}},{"type":"Feature","geometry":{"type":"Point","coordinates":[147.19023,-37.61228]},"properties":{"n":"Pretty Boy Hill","k":"pvpicnic","f":["Picnic area","Toilets","Fire pits","Heritage"],"d":"Just past Cobbannah the Pretty Boy Hill picnic area provides a rest place en route to Dargo or a jumping off point for the Granite Creek and Track 96 walking tracks. Sheltered picnic area for all weather picnicking.","a":"From the intersection with Beverley’s Rd travel 24.5km or 25 minutes North on the Dargo Road (C601) to the Pretty Boy Hill carpark."}},{"type":"Feature","geometry":{"type":"Point","coordinates":[146.92471,-37.80639]},"properties":{"n":"Wombat Crossing Camp Site B","k":"pvcamp","f":["Camping","Picnic area","Toilets"],"d":"Situated within the Avon-Mt Hedrick Scenic Reserve, and forming part of the Avon Crossing 4WD Tour, this site is the second of three sites located at Wombat Crossing. This large site offers basic camping (no toilets) with walk-in access to the Avon River and provides diverse camping opportunities for both large and small groups.","a":"Access by 4WD is recommended and may be restricted due to heavy rain / flooding. From the township of Boisdale, travel North along Boisdale-Valencia Creek Road for approx. 6.2km before veering left onto Wombat Rd. Stay on Wombat Road for approx. 6.5km, crossing the Avon River (Note: bridge subject to flooding) before turning left onto O’Keefe Rd and following for approx. 2.1km to the turnoff to Wombat Campsite B, which will be on the left."}},{"type":"Feature","geometry":{"type":"Point","coordinates":[148.09626,-37.72198]},"properties":{"n":"Nowa Nowa MTB Trailhead","k":"pvpicnic","f":["Picnic area","Toilets"],"d":"The trailhead for the Nowa Nowa mountain bike park.","a":"Located only 3 minutes drive from Nowa Nowa (or 8 minutes by bike), head east on the Princes Hwy (A1) towards Orbost. Cross over Boggy Creek and take the first left onto the Nowa Nowa - Buchan Road. Follow the signs for about 1km before turning left into the Nowa Nowa MTB Park."}},{"type":"Feature","geometry":{"type":"Point","coordinates":[145.77428,-37.5225]},"properties":{"n":"Yellow Dog","k":"pvpicnic","f":["Picnic area","Toilets","Fishing","Wheelchair access (partial)"],"d":"Only five minutes from Stevenson Falls, the Yellow Dog picnic area is an excellent spot to stop and picnic or from here engage in some of the local walks before heading back to the bustle of the city. As the Steavenson River passes over the falls it flows on past the Yellow Dog picnic area. Located here is a shelter with picnic facilities and just a short walk to the nearby Tree Fern Gully Trail.","a":"From the main street in Marysville, take Falls road near the information centre and follow the signs toward the Steavenson Falls. Instead of heading through the gate to the falls take the road to the left which is Yellow Dog Road. The picnic area is located on the left alongside the Steavenson River."}},{"type":"Feature","geometry":{"type":"Point","coordinates":[147.2993,-36.45986]},"properties":{"n":"Jack Swasbricks","k":"pvcamp","f":["Camping","Small caravans","Toilets","Fire pits","Fishing","Wheelchair access (partial)"],"d":"Jack Swasbricks campground and day visitor area is situated in beautiful north east Victoria in-between the townships of Eskdale and Mitta Mitta. Enjoy some time with family and friends in this open grassy area on the banks of the mighty Mitta Mitta River. This campsite can act as a central point for many activities enjoyed in the Victorian High Country, including fishing, kayaking, bushwalking, bird watching, bike riding and four-wheel driving.","a":"From Eskdale follow the Omeo Highway towards Mitta Mitta township for approximately 1.5 km until you reach Mitta North Road. Follow Mitta North Road for approximately 4.5 km until you reach your destination Jack Swasbricks Campground and Day Visitor Area."}},{"type":"Feature","geometry":{"type":"Point","coordinates":[146.44009,-37.7475]},"properties":{"n":"Little OTooles","k":"pvcamp","f":["Camping","Toilets","Fire pits"],"d":"Located on Donnellys Creek Rd, Little OTooles is the smaller of the OTooles campgrounds. Situated along Donnellys Creek, this is the perfect campground if you are looking for a quieter site. The site has a few firepits, a toilet and wide, protected grassy areas for pitching tents. The little brother to OTooles campsite just down the road, perfect if you are looking for a quieter site when OTooles is getting a little busy. The site has a few firepits, wood-fired BBQ's and wide, protected grassy areas for pitching tents.","a":"Located on the river flats adjacent to Donnellys Ck Rd, this site is best accessed via Donnellys Creek Rd from Walhalla Rd. Note that Donnellys Creek Rd is part of the Aberfeldy 4WD tour."}},{"type":"Feature","geometry":{"type":"Point","coordinates":[146.06627,-37.37398]},"properties":{"n":"The Rapids","k":"pvpicnic","f":["Picnic area","Toilets","Paddling"],"a":"From the Maroondah hwy, turn right to Thornton and turn into the Goulburn Valley Highway, then right onto Eildon-Jamieson road. Big River Road is 30 kilometres from the Highway. Turn right into Big River Road and travel around 1.5km to the Rapids picnic area."}},{"type":"Feature","geometry":{"type":"Point","coordinates":[145.99392,-37.82153]},"properties":{"n":"Poplars Reserve","k":"pvcamp","f":["Camping","Camper trailers","Picnic area","Toilets","Fire pits"],"d":"An expansive, grassy site alongside the picturesque Loch River, dotted with well-established Poplar trees. Only 10 minutes from Noojee, the Poplars Reserve is suited to campervanning, camping and picnicking. Camping is available on lovely, flat and open grassed areas, with this site ideal for hosting multiple or large groups. Choose between bushier sites close to river or the fenced poplar lawns. Two well-maintained toilets are provided. A very popular site at peak holiday times. There is good access to the un-fenced parts of the Poplars Reserve for small caravans or campervans. Ample open fire pits are provided throughout the site as well as limited wood fired BBQs, with toilets a short…","a":"Head north out of Noojee on the Loch Valley Road for approximately 8km, where you will find the sign-posted campground on the left a few hundred metres after the bitumen road turns to gravel. Easy 2WD access.","cl":{"s":"2026-07-15","o":"2026-08-10","r":"Maintenance","d":"Closed whilst maintenance works are being completed."}}},{"type":"Feature","geometry":{"type":"Point","coordinates":[145.55343,-37.38988]},"properties":{"n":"Blackwood","k":"pvcamp","f":["Camping","Small caravans","Toilets","Fire pits","Wheelchair access (partial)"],"d":"Blackwood Camp is one of the popular camping areas within the Murrindindi Scenic Reserve. All sites in the Reserve require a permit - motorcycle $3, car $7, small bus $20, large bus $35 per night. All funds collected go directly back into the upkeep of the Reserve. Please note no dogs are allowed. Blackwood is the first campsite in the Murrindindi Scenic Reserve and offers separate camping areas that cater for tents, trailers and caravans. The campsites are situated along the Murrindindi River with access at various spots to the river banks. This area is popular with those that like to bush camp but enjoy the convenience of flushing toilets. Blackwood Camp has sites that would be suitable…","a":"From Melbourne - travel along the Melba Highway to the intersection of Murrindindi Road just before Deveins Bridge. Turn right and drive 10km to the Reserve then follow the Murrindindi Road south for approximately 600m past the flushing toilet block to the entrance to Blackwood Camp."}},{"type":"Feature","geometry":{"type":"Point","coordinates":[146.52487,-36.44265]},"properties":{"n":"Pioneer Bridges","k":"pvcamp","f":["Camping","Camper trailers","Toilets","Fire pits","Fishing"],"d":"Plenty of space to set up a tent, camp trailer or caravan under the poplars or in the grassy areas. Basic camping amenities provided including toilet, BBQ pits and tables. This site has good road access and ample space for small caravans and camp trailers"}},{"type":"Feature","geometry":{"type":"Point","coordinates":[145.58511,-37.5272]},"properties":{"n":"Walindjerri Camp","k":"pvcamp","f":["Camping","Toilets","Fire pits"],"d":"This camping area provides back in bays with adjacent firepits for camping, with one of the site's also containing a picnic table.","a":"Head north past Narbethong for 2km along the Maroondah Highway, and then turn left onto Plantation Road. Continue along Plantation Road for 7.9km and then turn left onto Stoney Creek Road. Continue along Stoney Creek Road for 1.3km. You will pass an access road on your left hand side to the Walindjerri Camp. If you wish to visit the day visitor area and walking track to the Redwoods, continue on for another 200m to turn left into the day visitor site."}},{"type":"Feature","geometry":{"type":"Point","coordinates":[146.41242,-37.7491]},"properties":{"n":"Jorgenson","k":"pvcamp","f":["Camping","Picnic area","Toilets","Fire pits"],"d":"Set beside Donnelly Creek, Jorgenson Flat is one of a number of spacious and open overnight options in the backcountry of Aberfeldy/Nambruc State forests. A 4WD is a must to make it down the Donnelly Creek Tk from Walhalla Rd to this popular site that features a bush hut, with picnicking facilities for those looking for a nice place to stop. Please note the route involves a couple of creek crossings. Camping is available in Jorgenson's hut which accommodates 6 to 8 people, there is also space to set up a tent if you'd prefer. Be aware that this hut is used most weekends and holidays. A nice spot to stop for lunch by Donnellys Creek on the Aberfeldy 4WD route. This site has a picnic table…","a":"From Walhalla Road turn right onto Meringtons Track and later, turn left onto Junction Track. Continue on to the river crossing at Aberfeldy River and shortly after a creek crossing at Donnellys Creek. Continue for 1km then turn right onto Donnellys Creek Road and continue for 0.6km to reach Jorgenson. Jorgensens hut is on the right just before you cross the creek again."}},{"type":"Feature","geometry":{"type":"Point","coordinates":[147.10662,-37.76211]},"properties":{"n":"Mckinnons Point","k":"pvcamp","f":["Camping","Picnic area","Toilets"],"d":"Another campsite available on the Freestone Creek. Mckinnons Point is the halfway point of the Freestone Walking Track and provides a convenient spot to stop for a picnic. The track from Freestone Creek Road also provides stunning views of the creek and surrounding cliffs. A basic campsite with no toilet facilities. Please take your rubbish home so the site can be enjoyed by future visitors. A pleasant picnic spot on the Freestone Creek.","a":"From Briagolong follow the Freestone Creek Road approximately 12km or 15 minutes, turn left onto McKinnons Point Track (4WD only) and follow to the campsite located above Freestone Creek."}},{"type":"Feature","geometry":{"type":"Point","coordinates":[147.26549,-37.40908]},"properties":{"n":"Italian Flat","k":"pvcamp","f":["Camping","Camper trailers","Picnic area","Toilets","Fire pits"],"d":"This is one of the larger campsites on the Upper Dargo and provides a number of access points down to the Dargo river. Italian has plenty of picnic tables and fire places as well as a toilet.","a":"From Dargo travel 6km (10 minutes) up the Dargo High Plains Road and turn right onto Upper Dargo Road. Italian Flat is located at the 2.7km mark."}},{"type":"Feature","geometry":{"type":"Point","coordinates":[147.56443,-37.70311]},"properties":{"n":"Shuttle drop off","k":"pvpicnic","f":["Picnic area","Toilets"],"d":"There is a picnic table at this site but it is primarily a shuttle drop of point for mountain bike riders riding the descent trails back to Mt Taylor campground."}},{"type":"Feature","geometry":{"type":"Point","coordinates":[145.55225,-37.38876]},"properties":{"n":"Suspension Bridge","k":"pvpicnic","f":["Picnic area","Toilets","Fire pits","Wheelchair access (partial)"],"a":"From Melbourne - travel along the Melba Highway to the intersection of Murrindindi Road just before Devlins Bridge. Turn right and drive 10km to the Reserve. The Suspension Bridge day area is located behind the Rangers Hut."}},{"type":"Feature","geometry":{"type":"Point","coordinates":[147.15521,-37.49756]},"properties":{"n":"Collins Hut","k":"pvcamp","f":["Camping","Picnic area","Toilets"],"a":"Access Collins hut off Dargo Road. Travelling north on Dargo road, turn left onto Wonnangatta road, turning left again into Scrubby Creek track. Follow Scrubby Creek track until you arrive at the the Collins Hut carpark.","cl":{"s":"2026-01-19","o":"2026-02-28","r":"Fire","d":"Closed due to fire conditions, to maintain public safety."}}},{"type":"Feature","geometry":{"type":"Point","coordinates":[146.80846,-37.84173]},"properties":{"n":"Mount Hedrick Picnic Area","k":"pvpicnic","f":["Picnic area","Toilets"],"d":"Picnic area at the western end of the Mount Hedrick Walking Track. A convenient location at the start of the Mt Hedrick Walking track. This day picnic area is suitable for a number of small groups.","a":"From the township of Heyfield take Weir Rd North for 10km and turn Right onto Lanigan Rd. Turn Left off Lanigan Rd onto Millers Rd and follow for 7.5km. At Bulldog Junction turn right and continue on Huggetts Rd until you reach the Mt Hedrick Picnic Area on the left."}},{"type":"Feature","geometry":{"type":"Point","coordinates":[146.14033,-37.39478]},"properties":{"n":"Mount Terrible Hut","k":"pvcamp","f":["Camping","Picnic area","Toilets","Fire pits","Heritage"]}},{"type":"Feature","geometry":{"type":"Point","coordinates":[146.82275,-36.3424]},"properties":{"n":"Yackandandah Creek 9","k":"pvcamp","f":["Camping","Toilets","Fire pits"],"d":"Located approximately 10km from the centre of Yackandandah you will find the picturesque Yackandandah Creek Campsite 9. This medium sized camp site offers both vehicle based and tent camping. The campsite is unpowered and is equipped with basic facilities including a toilet, picnic tables and BBQ’s A medium sized shady site with two distinct areas by the banks of the creek. Quiet and isolated from the road above.","a":"From the Myrtleford-Yackandandah Rd on the edge of Yackandandah, head south on Back Creek Rd for 1.1km to Kirby Flat Rd. Follow Kirby Flat Rd for 1.1km to Moyle Rd. Take Moyle Rd for 600m to No.1 Rd. Head west on No.1 Rd for approx. 550m to Kohns Spur Tk to your right which accesses the site. 4x4 vehicle access only."}},{"type":"Feature","geometry":{"type":"Point","coordinates":[145.77152,-37.50325]},"properties":{"n":"Taggerty River","k":"pvpicnic","f":["Picnic area","Toilets","Fishing","Wheelchair access (partial)"],"d":"If you are in the Marysville area, Taggerty River picnic spot is a perfect spot to stop for lunch or a well earned break. Enjoy the serenity as you take the time to listen to the river gently bubble past or drive further up Lady Talbot Drive to see the numerous tourist sites. A short distance from Marysville along the Lady Talbot Drive, Taggerty River Picnic Area has picnic table facilities in the valley where an expansive forest blankets the hills surrounding the river.","a":"From Marysville's main street, turn right at the Marysville Woods Point road then left at Lady Talbot Drive. Continue up Lady Talbot Drive along the Taggerty River and the picnic area is located on the left."}},{"type":"Feature","geometry":{"type":"Point","coordinates":[145.85127,-37.46064]},"properties":{"n":"Keppels Hut","k":"pvcamp","f":["Camping","Picnic area","Toilets","Fire pits","Heritage"],"d":"Keppels Hut was established after the 1939 fires on a grazing lease help by John and Jerry Keppel. The hut accidently burnt down in 1983 and was rebuilt with the help of local community groups. The hut was again completely destroyed in Black Saturday fires of 2009 and subsequently rebuilt. Today the site is a popular horse yard and picnic site. Horse yards, a toilet, picnic table and fireplaces are provided so take a rest or camp overnight and enjoy the picturesque views of Lake Mountain. For those enjoying a days drive and the sites of Lady Talbot Drive it is a quick detour to stop in the historical Keppels Hut. Pull up a bench seat and enjoy the view and photo opportunity of the nearby…","a":"Suitable for 4WD's only. From Marysville, head to Lady Talbot Drive and continue driving on Lady Talbot Drive for about 21km until you reach Upper Taggerty Road. Turn right onto Upper Taggerty Road, then shortly after, veer left onto Keppel Hut Track. After about 0.7km veer right to stay on Keppel Hut Track continuing for about 2.2km to Keppels Hut parking area. A short walking track on your right-hand side leads to the hut."}},{"type":"Feature","geometry":{"type":"Point","coordinates":[145.69541,-37.41936]},"properties":{"n":"Buxton Mtb Park Trailhead","k":"pvpicnic","f":["Picnic area","Toilets","Wheelchair access (partial)"],"d":"This site provides basic facilities for picnicking and is the major site for accessing the Buxton mountain bike trail network.","a":"From Melbourne, follow the Maroondah Highway to Buxton. Turn left onto Dyes Lane and follow the road for approximately 1 km. Cross the Acheron River and turn right to reach the trailhead and day visitor area. Please note all trails are closed during the wetter months each year from Tuesday after Queens Birthday weekend in June and re-open at the beginning of the September/October school holidays. This is protecting the track surface from erosion."}},{"type":"Feature","geometry":{"type":"Point","coordinates":[147.11415,-37.77565]},"properties":{"n":"Froam","k":"pvcamp","f":["Camping","Picnic area","Toilets"],"d":"A small campsite on the banks of the Freestone Creek. This is a close but slightly quieter setting than the Blue Pool Camping Area. Froam is located on the Freestone Walking Track. This site is suitable for small camping groups. A quieter picnic spot located just upstream from Blue Pool.","a":"From Briagolong follow the Freestone Creek Road approximately 10.5km or 500m past the Lower Blue Pool carpark."}},{"type":"Feature","geometry":{"type":"Point","coordinates":[146.97113,-36.72655]},"properties":{"n":"Memorial Arboretum","k":"pvpicnic","f":["Picnic area","Toilets","Heritage","Wheelchair access (partial)"],"d":"A park-like setting with views to the surrounding forests; incorporating various tree species, and memorials to local State government department forestry staff who died while engaged in forest fire related activities.","a":"Located within the township of Bright, the main entrance is in Mountbatten Ave, with other entrances via Hawthorn Lane or Cherry Walk."}},{"type":"Feature","geometry":{"type":"Point","coordinates":[147.11271,-37.78039]},"properties":{"n":"Blue Pool Campground","k":"pvcamp","f":["Camping","Picnic area","Toilets","Fire pits"],"d":"Blue Pool campground boasts 12 walk-in style campsites, each with their own fire pit and picnic table. Visitors can access the iconic Blue Pool waterhole by following the well-defined path.The more adventurous can cross the creek and walk the 2.5km Fern Gully Loop or the 6.5km Freestone Creek Walking track.Blue Pool is a place of great cultural significance to the Braiakaulung clan of the Gunaikurnai people. Please treat the site with respect so others can appreciate its natural and cultural significance. Blue Pool is a popular campground situated along Freestone Creek. There are 12 walk-in style campsites, each with access to a fire pit and picnic table, as well as access to communal…","a":"From Briagolong follow the Freestone Creek Road approximately 10km or 10 minutes to the Blue Pool Campground carpark (2WD access to the campground is via the first and second access tracks)."}},{"type":"Feature","geometry":{"type":"Point","coordinates":[146.97312,-36.72492]},"properties":{"n":"Jenveys","k":"pvpicnic","f":["Picnic area","Toilets","Fire pits"],"d":"Roll out a picnic rug or have a bbq at the fire pit available at this quiet, grassy spot by the Ovens River. Enjoy a dip in the cool waters on a hot day or walk back to Bright via the Cherry Walk."}},{"type":"Feature","geometry":{"type":"Point","coordinates":[147.69769,-37.61614]},"properties":{"n":"Stantons Place","k":"pvpicnic","f":["Picnic area","Toilets","Fishing"],"d":"A shady picnic area next to the Nicholson River. There is a fire place and picnic table and room for a couple of tents.","a":"Heading east on the Great Alpine road, turn left onto Deptford Rd. Stantons Place is accessed via Farm Track off Deptford Rd."}},{"type":"Feature","geometry":{"type":"Point","coordinates":[147.30601,-37.1006]},"properties":{"n":"Black Sallee Picnic Area","k":"pvcamp","f":["Camping","Picnic area","Toilets"],"d":"Located on the Long Plain and surrounded by Black Sallee open forest, this picnic area is a scenic spot for a short stay or overnight camp. The site is adjacent to a dam and has an open grassy area suitable for camping. Open grassy area adjacent to a dam.","a":"Access is via the Dinner Plain Track which heads south from the Dinner Plain village. this track is subject to a seasonal road closure between mid June and end October."}},{"type":"Feature","geometry":{"type":"Point","coordinates":[146.04528,-37.8497]},"properties":{"n":"Toorongo Falls Picnic Area","k":"pvpicnic","f":["Picnic area","Toilets"],"d":"Enjoy a picnic under the shade of the towering mountain grey gum and mountain ash eucalyptus, with the sound of the Toorongo river in the background. The site features multiple picnic tables, a toilet block and the walking tracks to the Toorongo Falls, Amphitheatre Falls, and the Toorongo River walk which connects the picnic area with the Toorongo Falls campgrounds. A beautiful shaded spot for a picnic either before or after you return from the Toorongo and Amphitheatre Falls loop walking track. There are plenty of tables on a tree-fern lined cutting above a large carpark that can cater for large and small buses. The Toorongo Falls Reserve is one of the most beautiful places in Victoria.","a":"Head east from Noojee on the Mount Baw Baw Tourist Road for approximately 2km and take a left turn into Toorongo Valley Road. Site access is at the end of this 10km well formed gravel road."}},{"type":"Feature","geometry":{"type":"Point","coordinates":[147.21927,-36.67194]},"properties":{"n":"Mt Emu","k":"pvsite","f":["Toilets","Hang gliding"],"d":"A clearing that incorporates a hang gliding launch pad, with views across the Kiewa Valley and the mountains to the south and west.","a":"From the Kiewa valley Highway at Tawonga, follow Mountain Creek Rd (sealed) and Trapper Gap Rd (unsealed 2WD), and at Trappers Gap turn left onto Eskdale Spur Track (4WD only). Follow Eskdale Spur Track north/west for approx. 12 km to the summit of Mt Emu."}},{"type":"Feature","geometry":{"type":"Point","coordinates":[145.80375,-36.92203]},"properties":{"n":"Ruoaks","k":"pvcamp","f":["Camping","Picnic area","Toilets"],"d":"Basic Campsite for three sites","a":"Off North Creek Road at Merton, turn right down Ruoaks Road, 2wd on dirt road not suitable for caravans."}},{"type":"Feature","geometry":{"type":"Point","coordinates":[145.55612,-37.39301]},"properties":{"n":"Cassinia","k":"pvcamp","f":["Camping","Toilets","Fire pits","Wheelchair access (partial)"],"d":"Cassinia Camp is one of the popular camping areas within the Murrindindi Scenic Reserve. All sites in the Reserve require a permit - motorcycle $3, car $7, small bus $20, large bus $35 per night. All funds collected go directly back into the upkeep of the Reserve. Please note no dogs are allowed. Cassinia is popular with young families as the site provides tent camping without vehicle access, so the children are safe to roam about on the grass without the concerns of traffic. There are no boundaries on the campsites so numerous families can set up together and enjoy.","a":"From Melbourne - travel along the Melba Highway to the intersection of Murrindindi Road just before Devlins Bridge. Turn right and drive 10km to the Reserve then follow the Murrindindi Road south for approximately 900m from the Ranger Station to find Cassinia Camp carpark on the left."}},{"type":"Feature","geometry":{"type":"Point","coordinates":[145.91263,-36.83667]},"properties":{"n":"Rocky Ned Camp","k":"pvcamp","f":["Camping","Picnic area","Toilets","Fire pits"],"d":"Surrounded by native forest, this campground offers the perfect location to pitch a tent or set up the camper trailer with a linked walking track to the nearby waterfall. Base yourself at this peaceful location so you can explore the hidden gems of the Strathbogie State Forest. This campsite is unpowered and offers basic amenities including fire pits, picnic tables, picnic shelter and drop toilet. This beautiful picnic spot is located in the Strathbogie State Forest. A great spot to relax, unwind and have a picnic. While there take the time to do the short walk to Rocky Ned Falls. You won’t be disappointed.","a":"Turn off the Midland Highway onto Lima East Road at Swanpool. Rocky Ned Campground and Day Visitor site is then located about 20 kilometres on the right hand side. 2wd dirt road access."}},{"type":"Feature","geometry":{"type":"Point","coordinates":[146.44186,-37.74878]},"properties":{"n":"OTooles Flat","k":"pvcamp","f":["Camping","Picnic area","Toilets","Fire pits"],"d":"A large, clear site perfect to light a fire and enjoy the bush with friends and family, or relax after a day's drive. OTooles flats is an expansive open grassy camping area surrounded by riverene forest on the banks of Donnellys Creek. A great overnight spot for those undertaking the Aberfeldy Backroad Tour, this site is very popular on weekends over the summer, however Little OTooles a few minutes down the road is also ideal for camping. This site has a great gazebo at the center of the site with a fire place and a couple of picnic tables. With a short walk to the creek it is a lovely spot to spot and enjoy the bush.","a":"This relaxing remote bush camping spot is reached via Donnelly Creek Track, which you’ll find signposted off Walhalla Rd. A 4WD is needed"}},{"type":"Feature","geometry":{"type":"Point","coordinates":[145.73653,-37.54279]},"properties":{"n":"Anderson Mill","k":"pvcamp","f":["Camping","Small caravans","Toilets","Wood BBQ","Heritage","Horse riding","Wheelchair access (partial)"],"d":"Nestled in the Great Dividing Range this isolated peaceful site, Anderson Mill is available for camping, picnicking and provides horse yard facilities for riders enjoying the Bicentennial National Trail in a bushland setting a short drive into Marysville township. This quiet campsite is set off the road with grassy sites, toilet and picnic table facilities. Set back from the road under the gum tree canopy, this site is a focal point for multi purpose recreational pursuits. Anderson Mill has larger areas that can accommodate camper trailers and small caravans.","a":"From Marysville take Lyell street to the south which runs into Paradise Plains road. Head past the Marysville reservoir before reaching Anderson Mill road. Here turn right and continue on for approximately 4km. The Anderson Mill campground is on your left hand side and clearly sign posted."}},{"type":"Feature","geometry":{"type":"Point","coordinates":[148.09665,-37.37939]},"properties":{"n":"Timbarra Picnic Area","k":"pvpicnic","f":["Picnic area","Toilets","Fishing"],"d":"Scenic, shady picnic area located on the banks of the Timbarra River. A less formal camping area is located on the other side of the river, with a toilet and fire places.","a":"Access track is located just past the white timber bridge on the Timbarra Road."}},{"type":"Feature","geometry":{"type":"Point","coordinates":[146.12341,-37.7897]},"properties":{"n":"Link Road","k":"pvcamp","f":["Camping","Toilets"],"d":"Small campground located on Link Road near Noojee. If you are looking for something more quiet, this is an alternative option to the popular Toorongo Falls campgrounds. Small campground with toilet on site. Suitable for both tents and vehicle based camping.","a":"Link Road campground is accessed via the Mt Baw Baw Tourist Rd (C465). From here turn onto the Toorongo Tanjil Link Rd and the site will be on your left in 7.3km."}},{"type":"Feature","geometry":{"type":"Point","coordinates":[146.04267,-37.85248]},"properties":{"n":"Toorongo Falls Campground Two","k":"pvcamp","f":["Camping","Picnic area","Toilets","Fire pits","Wheelchair access (partial)"],"d":"A large, grassy and open spot on th1e banks of the Toorongo River, sitting against a great green backdrop of tall forest trees. Camping and picnicking opportunities feature. Access is via Toorongo Falls Campsite One. An expansive place to camp next to the calm, shallow waters of the Toorongo River. Just a short walk (along the river) away from the start of the spectacular Toorongo Falls walk. This site is flatter than Toorongo Falls Campsite One, perfect for small caravans and campervans. Note that it can get muddy in winter and may be closed if the site becomes too wet. A pleasant green grassy spot to camp for a quiet weekend away, ideally in the drier months. The site features scattered…","a":"Head east from Noojee on the Mount Baw Baw Tourist Road for approximately 4km and take a left turn into Toorongo Valley Road. The site is accessed about 5km along this bitumen road after third bridge. Follow well-formed gravel road for 400m and turn right via the Toorongo Falls Campsite One.","cl":{"s":"2026-04-14","o":"2026-09-17","r":"Seasonal Closure","d":"Toorongo Campground Two closed, due to maintenance work and to rest the site during wet weather season."}}},{"type":"Feature","geometry":{"type":"Point","coordinates":[146.04114,-37.85509]},"properties":{"n":"Toorongo Falls Campground One","k":"pvcamp","f":["Camping","Camper trailers","Picnic area","Toilets","Fire pits","Wheelchair access (partial)"],"d":"An expansive drive-in camping area with easy foot access to the Toorongo River. The site has levelled terraced areas for tent and vehicle based camping. Tall trees are dotted around site with a background of forested hills. Picnicking and open BBQ opportunities feature. Ideal for summer camping as gets a bit damp and cool in winter, and some sites may be rested during the wetter months. Open or shaded campsites are offered on this terraced site, with easy access to a pretty section of the Toorongo River. The Toorongo River becomes part of the Latrobe River near Noojee, flowing through the Latrobe Valley and into the Gippsland Lakes. A expansive site with terraced areas that can host small…","a":"Head east from Noojee on the Mount Baw Baw Tourist Road for approximately four (4) km and take a left turn into Toorongo Valley Road. Follow this bitumen road for approximately five (5) km. After crossing the third bridge, the road turns into a well-formed gravel surface. Site One is accessed on the right after about 300 m along this road."}},{"type":"Feature","geometry":{"type":"Point","coordinates":[146.80515,-37.85433]},"properties":{"n":"Pearson Point","k":"pvpicnic","f":["Picnic area","Toilets"],"d":"Pearson's Point provides scenic views of the Heyfield/Lake Glenmaggie area and further to the Strzelecki Ranges. To the west the forested foothills of the lower Macalister River catchment can be viewed stretching to Mt Useful and Licola. Access by 4WD only. A great spot to stop for a picnic with a view.","a":"From the township of Heyfield take Weir Rd North for 10km and turn Right onto Lanigan Rd. Turn Left off Lanigan Rd onto Millers Rd and follow for 7.5km. At Bulldog Junction turn right onto Huggett's Rd and then right on Corner Creek Track. After 1km turn right onto the Pearson's Point Lookout access track. Access by 4WD only."}},{"type":"Feature","geometry":{"type":"Point","coordinates":[147.11304,-37.77964]},"properties":{"n":"Blue Pool Day Visitor Area","k":"pvpicnic","f":["Picnic area","Toilets","Fire pits"],"d":"Blue Pool is a popular day visitor area set on the banks of the Freestone Creek. With direct access to the Blue Pool swimming hole, it is a popular spot to cool off during the summer months.Blue Pool is a place of great cultural significance to the Braiakaulung clan of the Gunaikurnai people. Please treat the site with respect so others can appreciate its natural and cultural significance. There is a small picnic area located halfway between the Day Visitor Area carpark and Freestone Creek. This is a great spot to stop or park if you are completing the overnight Track 96 or one of the Freestone or Fern Gully Loops. If the carpark is full, there is more parking available back at the Blue…","a":"From Briagolong follow the Freestone Creek Road approximately 10km or 10 minutes to the Blue Pool carpark area. The lower carpark located just past the main Blue Pool area."}},{"type":"Feature","geometry":{"type":"Point","coordinates":[147.37523,-36.53736]},"properties":{"n":"Mitta Mitta Historic Reserve","k":"pvpicnic","f":["Picnic area","Toilets"],"d":"A perfect starting point to discover the valley's historic and natural wonders. This site contains a collection of old mining equipment from the local area, including dredge buckets, water wheel and old mining hut relocated to the site. It is also the starting point for several scenic and historic walking trails. A site centrally located in the picturesque Mitta Mitta township, it offers plenty of opportunities for rolling out a picnic rug or using the existing picnic facilities.","a":"Located centrally in the Mitta Mitta township alongside the Omeo Highway."}},{"type":"Feature","geometry":{"type":"Point","coordinates":[147.14138,-37.70665]},"properties":{"n":"Johnstons Flat","k":"pvcamp","f":["Camping","Picnic area","Toilets","Fire pits"],"d":"A small campsite providing an alternative to the nearby Lloyds Knob. This campsite is off the road and has close access to the Freestone Creek. A small campsite suitable for families or walkers completing Track 96. A convenient spot to stop whilst exploring the Freestone Creek area or en route from Briagolong to Dargo.","a":"From Briagolong follow the Freestone Creek Road approximately 24km or 40 minutes to Johnstons Flat. Turn left down the access track and the campsite is located on the Freestone Creek.","cl":{"s":"2026-01-19","o":"2026-02-08","r":"Fire","d":"Closed due to fire conditions, to maintain public safety."}}},{"type":"Feature","geometry":{"type":"Point","coordinates":[145.55905,-37.39606]},"properties":{"n":"SEC","k":"pvcamp","f":["Camping","Picnic area","Toilets","Fire pits"],"d":"SEC Camp is one of the popular camping areas within the Murrindindi Scenic Reserve. All sites in the Reserve require a permit - motorcycle $3, car $7, small bus $20, large bus $35 per night. All funds collected go directly back into the upkeep of the Reserve. Please note no dogs are allowed. SEC has a picnic site that borders on the Murrindindi River with access to the waters edge. If camping is what you are after, walk over the only remaining timber bridge in the area to the SEC campsite. This is a carry in campsite which once set up is quite tranquil with only the birds and tumbling water providing the music for your stay. Bring a picnic lunch or use the BBQ facilities and relax next to…","a":"From Melbourne - travel along the Melba Highway to the intersection of Murrindindi Road just before Devlins Bridge. Turn right and drive 10km to the Reserve then follow the Murrindindi Road south for approximately 2km just past the Rangers Hut. Cross the timber bridge to the SEC campsite."}},{"type":"Feature","geometry":{"type":"Point","coordinates":[145.8937,-37.8824]},"properties":{"n":"Latrobe River","k":"pvpicnic","f":["Picnic area","Toilets"],"d":"This site provides an open grassy area by the Latrobe River with few facilities. There are toilets at the nearby Latrobe River Picnic and Camping Area, which can be accessed via the Latrobe River Walk on the other side of the road, or via car back along the Ada River Road.","a":"Latrobe River is located approximately 90 kilometres east of Melbourne. Turn left up Ada River Road which is located between the towns of Powelltown and Noojee along the Yarra Junction - Noojee road. Continue along Ada River Road for about 600m. The site is on your left just before the bridge over Latrobe River."}},{"type":"Feature","geometry":{"type":"Point","coordinates":[147.97501,-36.18589]},"properties":{"n":"Mount Elliot","k":"pvpicnic","f":["Picnic area","Hang gliding"],"d":"Mount Elliot offers spectacular views of the Corryong township and surrounding valleys. This is a popular hang-gliding launch site and also offers picnic sites and limited tent/swag camping sites. A great place to observe from a high vantage point and explore the mountain ranges of the wonderful Upper Murray including remnants of the \"flying swagmans\" hut. No amenities are present at this site. A great place for a picnic with magnificent views of the Corryong township and surrounding valleys. There may be a chance of observing hang- gliders launching for a breathtaking flight riding high on the thermal drafts.","a":"Head East from Corryong along the Murray Valley Highway (B400) for approximately 6kms. Turn Right staying on the B400 for approximately 2.4kms. Turn onto Fishers Track then travel for approximately 3.5kms to reach Mount Elliot summit. Please note Fishers Track passes through private property, ensure all gates are closed at all times. Access is all weather 4WD but extreme wet weather may force the property owner to lock the gate.","cl":{"s":"2026-01-18","o":"2026-02-01","r":"Fire","d":"Site closure in place due to fire activity. No camping is permitted."}}},{"type":"Feature","geometry":{"type":"Point","coordinates":[147.58381,-37.70349]},"properties":{"n":"Mount Taylor","k":"pvcamp","f":["Camping","Campervans","Picnic area","Toilets","Fire pits","Wood BBQ"],"d":"Open camping and picnic area set amongst tall eucalypt trees. This location is central to the Mt Taylor mountain bike trails.","a":"Located 15 minutes from Bairnsdale. Travel north through Wy Yung and follow the Bullumwaal Rd. The intersection to Mount Taylor is where the bitumen road turns to gravel."}},{"type":"Feature","geometry":{"type":"Point","coordinates":[145.57178,-37.45962]},"properties":{"n":"Cascades","k":"pvpicnic","f":["Picnic area","Toilets"],"a":"From Melbourne - travel along the Melba Highway to the intersection of Murrindindi Road just before Devlins Bridge. Turn right and drive 10km to the Reserve then follow the Murrindindi Road south for approximately 9km past the Rangers Hut to the Cascades Picnic Area on the right hand side."}},{"type":"Feature","geometry":{"type":"Point","coordinates":[145.57356,-37.5829]},"properties":{"n":"Monda Horseyards","k":"pvcamp","f":["Camping","Picnic area","Toilets","Wheelchair access (partial)"]}},{"type":"Feature","geometry":{"type":"Point","coordinates":[146.18395,-37.36499]},"properties":{"n":"Bains Bridge","k":"pvpicnic","f":["Picnic area","Toilets"]}},{"type":"Feature","geometry":{"type":"Point","coordinates":[147.27708,-37.38559]},"properties":{"n":"Ollies Jump Up","k":"pvcamp","f":["Camping","Camper trailers","Picnic area","Toilets","Fire pits"],"d":"Ollies Jump Up is one of six campgrounds along the Dargo River. An medium sized open site suitable for a number of family groups. An open area suitable for camper trailers. Another convenient stop along the Upper Dargo.","a":"From Dargo travel 6km (10 minutes) up the Dargo High Plains Road and turn right onto Upper Dargo Road. Ollies Jump Up is located at the 6.5km mark."}},{"type":"Feature","geometry":{"type":"Point","coordinates":[146.84543,-37.82907]},"properties":{"n":"Huggetts Lookout","k":"pvpicnic","f":["Picnic area","Toilets"],"d":"Huggett's Lookout (381m) is a convenient stop on the way to Huggett's Crossing campsite. It offers pleasant views of the hills and to the West and provides a convenient drop off or picnic stop whilst completing the Mt Hedrick Walking Track. Mt Hedrick (448m) is located to the Southwest at the end of the ridgeline and Ben Crauchan (824m) can be viewed to the Northwest. A great spot to stop whilst exploring the Avon-Mt Hedrick Natural Features and Scenic Reserve.","a":"Huggett’s Lookout is located around 20 minutes North of the township of Newry and can be accessed via Three Chain Rd and then Kentucky Rd. Turn left onto Huggett’s Track and after 1.5km the lookout is on the left."}},{"type":"Feature","geometry":{"type":"Point","coordinates":[145.84034,-37.83461]},"properties":{"n":"New Ada No2 Mill","k":"pvcamp","f":["Camping","Toilets","Fire pits","Heritage"],"d":"One of two key camp sites along the Walk into History. The Ada No. 2 Mill was destroyed in the 1939 bushfires, however the relics of structures and machinery around the campsite provide the visitor with a sense of a very different time. This site is one of two camping sites along the 2-3 day Walk into History hike. Situated deep in the forest at the historical Ada No. 2 Mill. This site provides basic camping facilities amongst mill remnants. Some platforms or tents exist as the site becomes damp in winter months. Please note that there are no toilet facilities at this site.","a":"The Ada No. 2 site can only be accessed via foot along the Walk into History. If commencing your journey from Starlings Gap, the Ada Tree or New Ada Mill, head south at the crossroads and walk for a further 200m. upon approaching the site you will cross a swamp foot crossing that weaves through tea tree and back onto the old tramline.Alternatively, Ada No. 2 can be reached from Dowey Spur Rd by heading north along the Walk into History for 1km."}},{"type":"Feature","geometry":{"type":"Point","coordinates":[145.94383,-36.84154]},"properties":{"n":"Lima East","k":"pvpicnic","f":["Picnic area","Toilets"],"d":"A perfect spot to picnic, located next to the picturesque Moonee Moonee Creek and a great spot to stop before heading off on your four wheel drive adventure.","a":"Turn off the Midland Highway onto Lima East Road at Swanpool. Lima East Day Visitor Area is then located 14 kilometres on the right hand side. 2wd dirt road access."}},{"type":"Feature","geometry":{"type":"Point","coordinates":[145.75475,-37.44832]},"properties":{"n":"Keppel Creek Picnic Area","k":"pvpicnic","f":["Picnic area","Toilets"],"d":"At Keppel Creek bridge you will find a small picnic area consists of a grassy day area with table and a wood fire bbq pit alongside the Keppel Creek.","a":"From Marysville, turn left at the roundabout heading to Buxton. Continue for around until you reach the Mt Margaret road turn off to the right. Head up this road then veer to the left up Cerberus road. The picnic area is located just before the Keppel Creek bridge."}},{"type":"Feature","geometry":{"type":"Point","coordinates":[145.85529,-37.82588]},"properties":{"n":"Federal Mill Camping Area","k":"pvcamp","f":["Camping","Toilets","Fire pits","Heritage"],"d":"New Federal Mill dominated the sawmilling industry in the Warburton area for almost 15 years. Its closure in 1949 signalled the end of the timber tramway era. The historical New Federal Mill site provides remote walker-only camping in a small grassed area among milling remnants in the forest. It provides overnight camping for those walking the Walk Into History. It can also be accessed from the Ada Tree walking track. There are three camping pads you can pitch your tent on. Please note that there are no toilets at this site - Campers should bury their waste at least 50m away from the campsite in a hole at least 15cm deep (mix with soil and backfill to help decomposition).","a":"Federal Mill can only be reached via foot from the Ada Tree Walk along Federal Road or from the Walk into History. By Vehicle, take directions to the Ada Tree Picnic Area. Once there, walk along Federal Road (also disabled access to the Ada Tree) for approximately 1km. turn left, following signage to the Federal Mill site. After 1km, you will reach the historical mill site. At this point, you can continue along the walk into history heading westward or head north for approximately 1.6km to continue to the Ada Tree, returning to the car park. From the western end, Federal Mill can be reached…"}},{"type":"Feature","geometry":{"type":"Point","coordinates":[146.80289,-36.35289]},"properties":{"n":"Yackandandah Creek 7","k":"pvcamp","f":["Camping","Fire pits","Wood BBQ"],"d":"A large area on the banks of the creek set amongst an open eucalypt forest. The camping area is split in two by Yackandandah creek with a creek crossing required for half the site. A short walk allows exploration of nearby historical mining relics.","a":"From the main street of Yackandandah follow Bells Flat Rd for approx. 3km until you meet Service Basin Rd. Continue along Service Basin Rd, which then becomes Yack Gate Rd, for approx. 2.4km to No. 1 Link Rd. Head south on No.1 Link Rd for approx. 1km to the site entrance to your right. Not recommended for 2WD vehicles in the wet."}},{"type":"Feature","geometry":{"type":"Point","coordinates":[147.95221,-36.48774]},"properties":{"n":"Thowgla Falls","k":"pvpicnic","f":["Picnic area","Wood BBQ","Wheelchair access (partial)"],"d":"The Thowgla Falls site, just of Marginal Road in the Thowgla Valley, near Corryong, is the perfect place to stop in for lunch and a short walk to the nearby Thowgla Falls. If you are unable to walk to the viewing platform to view the falls, don’t worry because you can enjoy the picturesque waterfall from the picnic tables below.","a":"You have two options to access Thowgla Falls. Note: Both routes are all-weather 4WD roads. 1. Via the Nariel Valley. Head west out of Corryong on the Murray Valley Highway for about 6km then turn left onto the Benambra-Corryong Road and continue on for about 25km til you reach Dunstan’s logging road on your left. Travel Dunstan’s logging Road for 35km following signs to Thowgla Falls. 2. Via the Thowgla Valley. Head east out of Corryong for about a kilometre, then turn right onto Thowgla Road. Continue down Thowgla Road for about 20kms, after which it changes name to Walkers Road. Travel…","cl":{"s":"2026-01-18","o":"2026-02-01","r":"Fire","d":"Site closure in place due to fire activity."}}},{"type":"Feature","geometry":{"type":"Point","coordinates":[147.73807,-37.7459]},"properties":{"n":"Sarsfield Horse Riding car park","k":"pvpicnic","f":["Picnic area","Wood BBQ","Wheelchair access (partial)"],"d":"Informal car parking, semi shaded with room for up to 10 horse floats. 1 picnic table, 1 BBQ and timber tie rails.","a":"12 km from Bairnsdale up the Great Alpine Road towards Bruthen. Turn off the Great Alpine Road north east up Old Man Hill Rd for 800 m. Intersection of Costers Rd and Fiddlers Boundary Rd is the Sarsfield Horse Riding site car park."}},{"type":"Feature","geometry":{"type":"Point","coordinates":[146.46377,-37.10407]},"properties":{"n":"Razorback Hut","k":"pvcamp","f":["Camping","Campervans","Picnic area","Fire pits"],"d":"Put your feet up after a hard day of travelling at the Razorback Hut. The hut was formally known as Purcell’s hut as it was the Purcell family that built it to be utilised by stockmen completing the annual stock drive at the end of the season. The main hut has 2 large open fire places that can be used by the public, with a second hut known as a bunk hut that can cater for up to 20 people. The site also offers grassy areas used by campers. Razorback hut is often used a an overnight stop off for many hikers, four-wheel drivers and horse riders with horse yards available for use. Camping at Razorback hut gives you plenty of options, you can either set up camp on the surrounding grassy areas…","a":"From Mansfield follow the Mt. Buller Rd to Mirimbah. Turn left onto Mt. Stirling Rd and follow to Telephone Box Junction. Continue Straight-ahead on Circuit Rd for 3kms, then turn left onto Razorback Hut Tk."}},{"type":"Feature","geometry":{"type":"Point","coordinates":[146.00573,-37.181]},"properties":{"n":"Newtons","k":"pvcamp","f":["Camping","Camper trailers","Fire pits","Fishing","Paddling"],"d":"Overlooking lake Eildon this site is perfect for those that want good access to the lake. This area is good if you want to escape from the world without travelling very far, it is often found with very little or no campers in it. The area offers a smaller camp ground so offers more privacy from larger groups.The shade of Mature Eucalypt trees offer much needed shade in the warmer months. This is also a central spot for several recreational activities, including: fishing, four-wheel driving, motorbike riding, water sports and camping.This site can become busy in the warmer months and during peak season. Flat grassy areas right next to Lake Eildon will have you excited for the relaxing you’re…","a":"From Mansfield head towards Mount Buller, turning right on Mansfield Woods Point road follow this for 9.5 km before turning right onto Piries-Goughs Bay Rd, following this road for 7.3km before turning right onto Walshs Rd. Follow Walshs Road for 6.3Km and you will find the site on the right.This road is 2WD accessible, but caution should be taken during changed weather conditions."}},{"type":"Feature","geometry":{"type":"Point","coordinates":[146.37876,-37.00612]},"properties":{"n":"Evans Creek Hut","k":"pvcamp","f":["Camping","Fire pits"],"d":"Remote, basic bush hut situated on the Evans Creek. Nice camp spot with areas to pitch a tent or small hut suitable for swags.","a":"Travel South from Lake William Hovell on Evans Ck Tk (4wd only) for approximately 13km. The track is subject to Seasonal Closures and can be very slippery in wet weather. The site can also be accessed from Cambatong Rd."}},{"type":"Feature","geometry":{"type":"Point","coordinates":[146.03229,-37.51664]},"properties":{"n":"Gang Gang Gully","k":"pvcamp","f":["Camping","Fire pits"],"d":"Tucked away, this small basic campsite provides access to the Big River. A quiet setting located down on the river flats.","a":"From Marysville - Take the Woods Point road. After 18km veer left at the Cumberland Junction then turn left down Eildon Warburton road. From Warburton - Follow the Warburton Woods Point Road and turn right at Cumberland Junction then left down Eildon Warburton road. Big River road is 6km on the right and travels through the heart of the Big River State Forest. Big River Road is an all-weather gravel road and has numerous riverside camping areas. Between 25 Mile Creek and Enochs Point, Big River Road is suitable for four wheel drive vehicles only. Gang Gang camp is located just 10km from the…"}},{"type":"Feature","geometry":{"type":"Point","coordinates":[146.03749,-37.51237]},"properties":{"n":"Bobuck Ridge","k":"pvcamp","f":["Camping","Camper trailers","Fire pits"],"d":"Bobuck Ridge camping area consists of a couple of separate tent friendly camping spots along the banks of Big River. Pit toilet facilities are available but please note that the access road is recommended for four wheel drive only.","a":"From Marysville - Take the Woods Point road. After 18km veer left at the Cumberland Junction then turn left down Eildon Warburton road. From Warburton - Follow the Warburton Woods Point Road and turn right at Cumberland Junction then left down Eildon Warburton road. Big River road is 6km on the right and travels through the heart of the Big River State Forest. Big River Road is an all-weather gravel road and has numerous riverside camping areas. Between 25 Mile Creek and Enochs Point, Big River Road is suitable for four wheel drive vehicles only. Bobuck Ridge camp is located approximately…"}},{"type":"Feature","geometry":{"type":"Point","coordinates":[146.0944,-36.93484]},"properties":{"n":"Blue Range Creek Camping Area","k":"pvcamp","f":["Camping","Campervans","Fire pits"],"d":"A small pleasant area to for camping or visiting the surrounding state forest. Enjoy your stay whilst being shaded by white trunked manna Gums and Peppermint trees and listen to the water rolling through in the nearby creek. This site is a good spot to stop just outside the hustle and bustle of Mansfield. Come to Blue Range Creek Camping Ground to enjoy the tranquil sound of the Blue Range Creek, with sparse open woodland there is plenty of room for large groups. This pleasant campground is set back in grassy woodlands dominated by white trunked Manna Gum and Peppermint species. This camp site has plenty of room for small camper trailers and caravans to turn around, so you won’t need to…","a":"From Mansfield: Head north on Mansfield-Whitfield Rd approx. 10km to Mt Samaria Park turnoff, continue 4.4km north on Blue Range Rd (unsealed - keep left at 0.7k), towards Mt Samaria Park, camp on the right before entering Park."}},{"type":"Feature","geometry":{"type":"Point","coordinates":[146.01628,-37.54321]},"properties":{"n":"Snowy Camp 1, 2 & 3","k":"pvcamp","f":["Camping","Camper trailers","Fire pits"],"d":"If you would like to get away from the main Big River road, there are two separate spacious grassy sites under shady Eucalypt trees located off Snowy road. Head over the bridge and settle along the banks of the river. Here you can set up tent and enjoy the serenity or paddle in the cool, glassy waters.","a":"From Marysville - Take the Woods Point road. After 18km veer left at the Cumberland Junction then turn left down Eildon Warburton road. From Warburton - Follow the Warburton Woods Point Road and turn right at Cumberland Junction then left down Eildon Warburton road. Big River road is 6km on the right and travels through the heart of the Big River State Forest. Big River Road is an all-weather gravel road and has numerous riverside camping areas. Between 25 Mile Creek and Enochs Point, Big River Road is suitable for four wheel drive vehicles only. From the junction of Eildon Warburton and Big…"}},{"type":"Feature","geometry":{"type":"Point","coordinates":[145.75718,-37.4476]},"properties":{"n":"Keppel Creek Camp","k":"pvcamp","f":["Camping","Fire pits"],"d":"This camping area consisting of scattered campsites under the shady trees. If you are looking for a grassy area with few facilities to pitch a tent close to Marysville then this is perfect. A track leads down to a small stream about 300m from the campsite, through water is not assured all year round. There is no toilet at this site. Bury your faeces 20cm deep and at least 100m away from any waterway and other campers.","a":"From Marysville, turn left at the roundabout heading to Buxton. Continue for 7.6km, then turn right onto the Mt Margaret road. Head up this road for 2.5km then veer to the left up Cerberus road. The camping area is shortly after the Keppel Creek bridge on your right-hand side."}},{"type":"Feature","geometry":{"type":"Point","coordinates":[146.81955,-36.34027]},"properties":{"n":"Yackandandah Creek 8","k":"pvcamp","f":["Camping","Fire pits"],"d":"Located close from the centre of Yackandandah you will find the picturesque Yackandandah Creek Campsite 8. This medium sized camp site offers both vehicle based and tent camping. The campsite is unpowered and is equipped with basic facilities including a toilet, picnic tables and BBQ’s. Please note: Half of campsite 8 is divded by Yackandandah creek. A 4WD may be required to access the other side. A rough camping area split by the creek with remnants of old mining and sluicing around the site","a":"From the Myrtleford-Yackandandah Rd on the edge of Yackandandah, head south on Back Creek Rd for 1.1km to Kirby Flat Rd. Follow Kirby Flat Rd for 1.1km to Moyle Rd. Take Moyle Rd for 600m to No.1 Rd. Head west on No.1 Rd for approx. 1km to the access track that drops steeply to your right. 4x4 vehicle access only."}},{"type":"Feature","geometry":{"type":"Point","coordinates":[146.8516,-36.84125]},"properties":{"n":"Ah Youngs","k":"pvcamp","f":["Camping","Camper trailers","Fire pits"],"d":"A grassy clearing near the Buckland River, surrounded by native forest. A large open camping area surrounded by native forest. A short walk to the Buckland river provides fantastic opportunities for swimming and fishing. A large open camping area surrounded by native forest. This site is suitable for camper trailers and high clearance caravans. A short walk to the Buckland River provides good opportunities for swimming and fishing.","a":"From Porepunkah, head south at the large roundabout onto the Buckland Valley Road for approximately 19 km, where the camping area is located on the left. The Buckland Valley Road is sealed for the first 13km to Buckland Bridge and then unsealed for the remainder. The unsealed section is suitable for two wheel drive access throughout the year, however access to the site may be slippery in wet weather"}},{"type":"Feature","geometry":{"type":"Point","coordinates":[146.0115,-37.5182]},"properties":{"n":"Dairy Flat","k":"pvcamp","f":["Camping","Fire pits"],"d":"Located opposite Frenchmans Spur road, this small camping area provides opportunities for a private stay with potential to paddle in the deep pools available in the nearby Big River.","a":"From Marysville - Take the Woods Point road. After 18km veer left at the Cumberland Junction then turn left down Eildon Warburton road. From Warburton - Follow the Warburton Woods Point Road and turn right at Cumberland Junction then left down Eildon Warburton road. Big River road is 6km on the right and travels through the heart of the Big River State Forest. Big River Road is an all-weather gravel road and has numerous riverside camping areas. Between 25 Mile Creek and Enochs Point, Big River Road is suitable for four wheel drive vehicles only. Dairy Flat camp is located approximately 9.5km…"}},{"type":"Feature","geometry":{"type":"Point","coordinates":[146.92568,-36.9335]},"properties":{"n":"Good Hope Flat","k":"pvcamp","f":["Camping","Camper trailers","Fire pits"],"d":"A large open camping area with scattered eucalypts. Located on a bend of the Buckland River with a small water hole. This site is suitable for camper trailers and small high clearance caravans.","a":"From Porepunkah, head south at the large round-about onto the Buckland Valley Road for approximately 33 km, where the camping area is located on the left. The Buckland Valley Road is sealed for the first 13km to Buckland Bridge and then unsealed for the remainder. The unsealed section is suitable for two wheel drive access throughout the year, however access to the site may be slippery in wet weather and require a high clearance vehicle."}},{"type":"Feature","geometry":{"type":"Point","coordinates":[145.94184,-37.52919]},"properties":{"n":"Married Men","k":"pvcamp","f":["Camping","Small caravans","Fire pits"],"d":"Married Men camp is the gateway to the Upper Big River campsites. Open areas to camp alongside the Big River with options to ride the network of forest roads or head off on a four wheel drive adventure. Perhaps fishing and relaxing is more your style, Married Men camp is perfect for this also. The first of the Upper Big River camps, the Married Men is a basic campsite running along the Big River with water access. This area is suitable for caravans, camping trailers and tents with grassy spacious sites. Married Men Camp is relatively flat and can accommodate small caravans and camper trailers.","a":"From Marysville - Take the Woods Point road. After 18km veer left at the Cumberland Junction then turn left down Eildon Warburton road. From Warburton - Follow the Warburton Woods Point Road and turn right at Cumberland Junction then left down Eildon Warburton road. Big River road is 6km on the right and travels through the heart of the Big River State Forest. Big River Road is an all-weather gravel road and has numerous riverside camping areas. Between 25 Mile Creek and Enochs Point, Big River Road is suitable for four wheel drive vehicles only. Married mens camp is located on the left of…"}},{"type":"Feature","geometry":{"type":"Point","coordinates":[145.99338,-37.16222]},"properties":{"n":"Picnic Point","k":"pvcamp","f":["Camping","Campervans","Fire pits","Fishing","Paddling"],"d":"This area was formally known as the pines before being rehabilitated and revegetated back to native forests. Raised up overlooking Lake Eildon you will have picturesque views over the lake.This site is popular for several recreational activities, including: fishing, four-wheel driving, motorbike riding, water sports and camping.This site can become busy in the warmer months and during peak season. This open grassy woodland spot will have you eager to set up and start exploring or relaxing. With large mature Eucalypt trees offering much needed shade in the warmer months. This site is great for larger groups or organisations to visit and spend some time at. This site can be accessed by small…","a":"From Mansfield head towards Mount Buller, turning right on Mansfield Woods Point road follow this for 9.5 km before turning right onto Piries-Goughs Bay Rd, following this road for 7.3km before turning right onto Walshs Rd. Follow Walshs Road for 6.5Km and you will find the site on the right.This road is 2WD accessible, but caution should be taken during changed weather conditions."}},{"type":"Feature","geometry":{"type":"Point","coordinates":[145.98653,-37.14224]},"properties":{"n":"Taylors","k":"pvcamp","f":["Camping","Small caravans","Fire pits","Fishing","Paddling"],"d":"Situated along the shores of Lake Eildon, you will wake up to the sound of singing birds and early morning fishermen trolling the waters below you. With shade offered from mature Eucalypt tree regenerated from pine plantations in the past and easy access to the lake this area is perfect for those hot summer days. Close to the entry point of the Delatite Arm Reserve this site is perfect for a number of recreational activities surrounding it, including: fishing, four-wheel driving, motorbike riding, water sports and camping. Camping offered at this site is below a stand of mature Eucalypt trees, with large open grassy camping areas. This area is great for families interested in camping around…","a":"From Mansfield head towards Mount Buller, turning right on Mansfield Woods Point road follow this for 9.5 km before turning right onto Piries-Goughs Bay Rd, following this road for 7.3km before turning right onto Walshs Rd. Follow Walshs Road for 10Km and you will find the site on the right.This road is 2WD accessible, but caution should be taken during changed weather conditions.","cl":{"s":"2027-01-31","o":"2027-05-27","r":"Maintenance","d":"This campground is temporary closed whilst harvesting of the nearby pine plantation occurs."}}},{"type":"Feature","geometry":{"type":"Point","coordinates":[146.93226,-36.96395]},"properties":{"n":"The Bend","k":"pvcamp","f":["Camping","Camper trailers","Fire pits"],"d":"A number of small camping spots surrounded by native forest. Located on a bend of the Buckland River with small water holes. This site is suitable for camper trailers and small high clearance caravans.","a":"From Porepunkah, head south at the large round-about onto the Buckland Valley Road for approximately 36 km, where the camping area is located on the left. The Buckland Valley Road is sealed for the first 13km to Buckland Bridge and then unsealed for the remainder. The unsealed section is suitable for two wheel drive access throughout the year, however access to the site requires a high clearance vehicle and may be slippery in wet weather."}},{"type":"Feature","geometry":{"type":"Point","coordinates":[146.97989,-36.72622]},"properties":{"n":"Jacks","k":"pvpicnic","f":["Picnic area","Fire pits"],"d":"Enjoy a picnic on the quiet banks of the Ovens River."}},{"type":"Feature","geometry":{"type":"Point","coordinates":[146.93084,-36.9552]},"properties":{"n":"Yurluk","k":"pvcamp","f":["Camping","Camper trailers","Fire pits"],"d":"Yurluk campground is on a lightly timbered flat on the bend of the Buckland River. This is the perfect location for those who enjoy a more remote experience in a natural bush setting. This site is most suitable for 4WD and smaller camping set ups, with several different areas to choose from. A narrow foot track adjacent to the river connects camping sites and provides good access to a range of swimming holes and wading pools. Meaning ‘Broad-Leaf Peppermint’, this site is located on a lightly timbered flat on a bend of the river. There are a number of small camping areas scattered throughout the site, suitable for camping and camper trailers. Access track within the site is rough in areas…","a":"From Porepunkah, head south at the large round-about onto the Buckland Valley Road for approximately 35 km, where the camping area is located on the left. The Buckland Valley Road is sealed for the first 17km to the Buckland Cemetery and then unsealed for the remainder. The unsealed section is suitable for two wheel drive access throughout the year, however access to the site may be slippery in wet weather and require a high clearance vehicle. The access track in the site is rough in sections and is only suitable for high clearance vehicles."}},{"type":"Feature","geometry":{"type":"Point","coordinates":[146.93036,-36.94648]},"properties":{"n":"Headrace Flat","k":"pvcamp","f":["Camping","Camper trailers","Fire pits"],"d":"A large open camping area with scattered eucalypts, and next to the Buckland River. This site is suitable for camper trailers and high clearance caravans.","a":"From Porepunkah, head south at the large round-about onto the Buckland Valley Road for approximately 34 km, where the camping area is located on the left. The Buckland Valley Road is sealed for the first 13km to Buckland Bridge and then unsealed for the remainder. The unsealed section is suitable for two wheel drive access throughout the year, however access to the site may be slippery in wet weather and require a high clearance vehicle."}},{"type":"Feature","geometry":{"type":"Point","coordinates":[145.94479,-37.52894]},"properties":{"n":"Big River Camp","k":"pvcamp","f":["Camping","Small caravans","Fire pits"],"d":"Big River Camp is one of the bigger campsites in the area able to accommodate caravans, trailers or tents around a campfire. Popular with larger groups to relax in the bush, trailbike, four wheel drive or fish the nearby Big River waters. Unpowered dispersed camping","a":"From Marysville - Take the Woods Point road. After 18km veer left at the Cumberland Junction then turn left down Eildon Warburton road. From Warburton - Follow the Warburton Woods Point Road and turn right at Cumberland Junction then left down Eildon Warburton road. Big River road is 6km on the right and travels through the heart of the Big River State Forest. Big River Road is an all-weather gravel road and has numerous riverside camping areas. Between 25 Mile Creek and Enochs Point, Big River Road is suitable for four wheel drive vehicles only. Big River Camp is located at the junction of…"}},{"type":"Feature","geometry":{"type":"Point","coordinates":[146.92412,-36.92933]},"properties":{"n":"Leinster Flat","k":"pvcamp","f":["Camping","Camper trailers","Fire pits"],"d":"A medium size open terrace surrounded by native forest, with some limited areas down next to the Buckland River. This site is suitable for camper trailers and high clearance caravans.","a":"From Porepunkah, head south at the large round-about onto the Buckland Valley Road for approximately 32 km, where the camping area is located on the left. The Buckland Valley Road is sealed for the first 13km to Buckland Bridge and then unsealed for the remainder. The unsealed section is suitable for two wheel drive access throughout the year, however access to the site may be slippery in wet weather and require a high clearance vehicle."}},{"type":"Feature","geometry":{"type":"Point","coordinates":[146.82549,-36.34078]},"properties":{"n":"Yackandandah Creek 10","k":"pvcamp","f":["Camping","Fire pits"],"d":"Located approximately 10km from the centre of Yackandandah you will find Yackandandah Creek Campsite 10. This camp site offers both vehicle based and tent camping. The campsite is unpowered and is equipped with basic facilities. The nearest toilet is located approximatley 400metres away at camp ground 9. A medium sized shady site with distinct areas by the banks of the creek. Quiet and isolated from the road above.","a":"From the Myrtleford-Yackandandah Rd on the edge of Yackandandah, head south on Back Creek Rd for 1.1km to Kirby Flat Rd. Follow Kirby Flat Rd for 1.1km to Moyle Rd. Take Moyle Rd for 600m to No.1 Rd. Head west on No.1 Rd for approx. 550m to Kohns Spur Tk to your right which accesses the site. 4x4 vehicle access only."}},{"type":"Feature","geometry":{"type":"Point","coordinates":[145.99658,-37.52688]},"properties":{"n":"Fishbone Flat","k":"pvcamp","f":["Camping","Fire pits"],"d":"A pleasant small, flat camping area tucked away on the bend of the river where the tree ferns line the tumbling waters of Arnold Creek. Enjoy the tranquil setting away from the bustle of other campers.","a":"From Marysville - Take the Woods Point road. After 18km veer left at the Cumberland Junction then turn left down Eildon Warburton road. From Warburton - Follow the e Warburton Woods Point Road and turn right at Cumberland Junction then left down Eildon Warburton road. Big River road is 6km on the right and travels through the heart of the Big River State Forest. Big River Road is an all-weather gravel road and has numerous riverside camping areas. Between 25 Mile Creek and Enochs Point, Big River Road is suitable for four wheel drive vehicles only. Fishbone Flat camp is located approximately…"}},{"type":"Feature","geometry":{"type":"Point","coordinates":[145.96504,-37.52118]},"properties":{"n":"Petroffs","k":"pvcamp","f":["Camping","Fire pits"],"d":"Located off Petroffs road this small basic site is tucked into the bush under the Blackwoods and Eucalypts and is best suited to small individual tents. Once set up you can take off for a four wheel drive along the network of forest tracks. Alternatively sit by the fire and take in the serenity of the Big River bush.","a":"From Marysville - Take the Woods Point road. After 18km veer left at the Cumberland Junction then turn left down Eildon Warburton road. From Warburton - Follow the Warburton Woods Point Road and turn right at Cumberland Junction then left down Eildon Warburton road. Big River road is 6km on the right and travels through the heart of the Big River State Forest. Big River Road is an all-weather gravel road and has numerous riverside camping areas. Between 25 Mile Creek and Enochs Point, Big River Road is suitable for four wheel drive vehicles only. Petroffs camp is via Petroffs road."}},{"type":"Feature","geometry":{"type":"Point","coordinates":[146.80307,-36.34301]},"properties":{"n":"Yackandandah Creek 5","k":"pvcamp","f":["Camping","Fire pits"],"d":"A small, shady campsite located at the junction of Nine Mile and Yackandandah Creeks.","a":"From the main street of Yackandandah follow Bells Flat Rd for approx. 3km until you meet Service Basin Rd. Continue along Service Basin Rd, which then becomes Yack Gate Rd, for approx. 2.5km, cross the bridge and the site is to your right."}},{"type":"Feature","geometry":{"type":"Point","coordinates":[145.99775,-37.17396]},"properties":{"n":"Blue Gum Flat","k":"pvcamp","f":["Camping","Campervans","Fire pits","Fishing","Paddling"],"d":"Situated on the banks of Lake Eildon, this site is a popular destination for boats, fishermen, campers and trail bike riders alike. Behind you, you will see an expansive area of native bushland worth exploring.This site can become busy in the warmer months and during peak season. This large campground is great for large groups and several smaller groups. With larger canopy Eucalypts offering much needed shade in the warmer months. This site can be accessed by small caravans and camper trailers, although be aware that you may have to travel long distances on dirt roads.","a":"From Mansfield head towards Mount Buller, turning right on Mansfield Woods Point road follow this for 9.5 km before turning right onto Piries-Goughs Bay Rd, following this road for 7.3km before turning right onto Walshs Rd. Follow Walshs Road for 7.4 Km and you will find the site on the right.This road is 2WD accessible, but caution should be taken during changed weather conditions."}},{"type":"Feature","geometry":{"type":"Point","coordinates":[147.10234,-37.15007]},"properties":{"n":"Basalt Knob","k":"pvpicnic","f":["Picnic area","Fire pits"],"d":"Basalt Knob is a small picnic area located in the forested foothills of Mount Hotham, north of Dargo. The site is a popular meeting point for visitors exploring the Victorian High Country, especially those looking to tackle the iconic Blue Rag Range Track or Crooked River Track (both 4WD only). It once housed a former railway carriage, known as The Red Caboose, which served as shelter for logging crews working in the area. However, the carriage was destroyed in the devastating 2019 Black Summer Bushfires. Today, a picnic shelter resembling the shape of The Red Caboose stands in its place, together with picnic tables and fire pits, making a great place to stop and stretch the legs while……","a":"Access to Basalt Knob is 4WD only. Visitors travelling from Dargo can access by travelling north along Dargo High Plains Road and taking a left onto McMillans Road (via Talbotville Campground), crossing the Crooked River (forded crossing) then north onto Brewery Creek Road and Richie Road. Alternatively, the site can be accessed by travelling further north along Dargo High Plains Road and turning left onto Richie Road, which winds its way to Basalt Knob. Please Note: Basalt Knob sits at an elevation of 1500m and is regularly subject to snowfall during the winter months. Caution should be used…","cl":{"s":"2026-01-19","o":"2026-02-28","r":"Fire","d":"Closed due to fire conditions, to maintain public safety."}}},{"type":"Feature","geometry":{"type":"Point","coordinates":[146.32701,-37.08034]},"properties":{"n":"Buttercup Two Camping Area","k":"pvcamp","f":["Camping","Small caravans","Fire pits"],"d":"This Camping area is located along the banks of the Buttercup Creek, with grassy areas surrounded by native tree species offering ample shade. This campground offers a central camping spot to many fantastic activities that you can do in the Victorian High Country including; bushwalking, horse riding, mountain bike riding and four-wheel driving tracks. Light a fire in the designated fire pits and enjoy the sound of the water tumbling through Buttercup Creek. The surrounding Peppermint, Swamp Gum, Candlebark, Manna Gum and Stringybark provided nicely shaded camping spots. This is a small campground so you will enjoy your privacy with not many other campers about. This camping area is set in…","a":"2WD – From Mansfield follow Mt. Buller Rd to Sawmill Settlement, turn left onto Carters Rd, follow for approx. 5kms then turn left onto Buttercup Rd4WD - From Mansfield follow Mt. Buller Rd for approx. 13kms, turn left onto Buttercup Road follow for 12kms."}},{"type":"Feature","geometry":{"type":"Point","coordinates":[146.02277,-37.51529]},"properties":{"n":"McClelland","k":"pvcamp","f":["Camping","Fire pits"],"d":"Located in the gully via an access road recommended for 4 wheel drives, this camp is broken up into three separate areas along the river bank where tents and trailer campers can be set up in spacious sites .","a":"From Marysville - Take the Woods Point road. After 18km veer left at the Cumberland Junction then turn left down Eildon Warburton road. From Warburton - Follow the Warburton Woods Point Road and turn right at Cumberland Junction then left down Eildon Warburton road. Big River road is 6km on the right and travels through the heart of the Big River State Forest. Big River Road is an all-weather gravel road and has numerous riverside camping areas. Between 25 Mile Creek and Enochs Point, Big River Road is suitable for four wheel drive vehicles only. Mc Clelland camp is located 10km from the…"}},{"type":"Feature","geometry":{"type":"Point","coordinates":[145.9784,-37.13815]},"properties":{"n":"Ewarts Flat","k":"pvcamp","f":["Camping","Small caravans","Fire pits","Paddling"],"d":"Listen to the lapping sound of the water on the lake edge whilst kicking back and enjoying the beautiful sunset coming your way this afternoon. This area has a centre point for a number of recreational activities including: fishing, four-wheel driving, motorbike riding, water sports and camping.This site can become busy in the warmer months and during peak season. A simple site close to the beginning of the Delatite Arm reserve. An expansive campground lays ahead of connecting to Ewarts Flat across the small creek. This site is good for large groups or several smaller groups. This site can be accessed by small caravans and camper trailers, although be aware that you may have to travel long…","a":"From Mansfield head towards Mount Buller, turning right on Mansfield Woods Point road follow this for 9.5 km before turning right onto Piries-Goughs Bay Rd, following this road for 7.3km before turning right onto Walshs Rd. Follow Walshs Road for 12Km and you will find the site on the right.This road is 2WD accessible, but caution should be taken during changed weather conditions.","cl":{"s":"2027-01-31","o":"2027-05-27","r":"Maintenance","d":"This campground is temporary closed whilst harvesting of the nearby pine plantation occurs."}}},{"type":"Feature","geometry":{"type":"Point","coordinates":[146.34123,-37.06842]},"properties":{"n":"Buttercup Four Camping Area","k":"pvcamp","f":["Camping","Small caravans","Fire pits","Wheelchair access (partial)"],"d":"This Camping area is located along the banks of the Buttercup Creek, with grassy camping areas surrounded by native tree species offering ample shade. This campground offers a central camping spot to many fantastic activities that you can do in the Victorian High Country including; bushwalking, horse riding, mountain bike riding and four-wheel driving tracks. The tumbling water in Buttercup Creek provides a peaceful background when camping at this site. The surrounding Peppermint, Swamp Gum, Candlebark, Manna Gum and Stringybark provided nicely shaded camping spots. This is a small campground so you will enjoy your privacy with not many other campers about. Although this is a small…","a":"2WD – From Mansfield follow Mt. Buller Rd to Sawmill Settlement, turn left onto Carters Rd, follow for approx. 5kms then turn left onto Buttercup Rd4WD - From Mansfield follow Mt. Buller Rd for approx. 13kms, turn left onto Buttercup Road follow for 13kms."}},{"type":"Feature","geometry":{"type":"Point","coordinates":[146.04781,-37.5179]},"properties":{"n":"Specimen Creek","k":"pvcamp","f":["Camping","Fire pits"],"d":"Located on the side of the mountain, this basic camping area is suitable for tents only. A small site with access to the river for true bush camping.","a":"From Marysville - Take the Woods Point road. After 18km veer left at the Cumberland Junction then turn left down Eildon Warburton road. From Warburton - Follow the Warburton Woods Point Road and turn right at Cumberland Junction then left down Eildon Warburton road. Big River road is 6km on the right and travels through the heart of the Big River State Forest. Big River Road is an all-weather gravel road and has numerous riverside camping areas. Between 25 Mile Creek and Enochs Point, Big River Road is suitable for four wheel drive vehicles only. Specimen Creek camp is located 11.5km from the…"}},{"type":"Feature","geometry":{"type":"Point","coordinates":[145.91508,-37.11581]},"properties":{"n":"Owens Hill","k":"pvcamp","f":["Camping","Campervans","Fire pits","Fishing","Paddling"],"d":"This area has since been revegetated with native forests, although some areas still contain pine plantations. Situated on the shore of lake Eildon this area is popular for a number of different recreational uses including: fishing, four-wheel driving, motorbike riding, water sports and camping. This spot is situated in situated under the canopy of native Eucalypt species and perfect for family groups. Imagine waking up in the morning to birds singing and stunning views over lake Eildon, that’s what this site offers. A large dispersed campground offers room enough for large groups or multiple smaller groups. The grounds are relatively flat with small slopes in some areas. This site can be…","a":"From Mansfield head towards Mount Buller, turning right on Mansfield Woods Point road follow this for 9.5 km before turning right onto Piries-Goughs Bay Rd, following this road for 7.3km before turning right onto Walshs Rd. Follow Walshs Road for 21Km and you will find the site on the right.This road is 2WD accessible, but caution should be taken during changed weather conditions."}},{"type":"Feature","geometry":{"type":"Point","coordinates":[145.9632,-37.12522]},"properties":{"n":"The Island","k":"pvcamp","f":["Camping","Fire pits"],"d":"This area was first utilised for producing pine plantations. After most of the pine plantations had been removed, revegetation work began and you can see this surrounding you. With mature Eucalypt species offering much needed shade in the warmer months this site is at the centre of many recreational activities including fishing, four-wheel driving, motorbike riding, water sports and camping.","a":"Located 14 kilometres into the Delatite Arm Reserve along Walshs Road, a 2WD dirt road.","cl":{"s":"2027-01-31","o":"2027-03-04","r":"Maintenance","d":"This campground is temporary closed whilst harvesting of the nearby pine plantation occurs."}}},{"type":"Feature","geometry":{"type":"Point","coordinates":[145.95619,-37.52036]},"properties":{"n":"Reids Quarry","k":"pvcamp","f":["Camping","Fire pits","Fishing"],"d":"Nestled under the trees, this campsite provides a shady spot for camping with either tents, swags, campervans or even caravans. From here you can explore the adventures of Big River State forest. Reid Quarry opens up to a spacious campground to either pitch a tent or camper trailer under some of the large native and European trees remnants of the past users of this area. This camp has pit toilet facilities and sites that can accommodate larger family groups. Try your luck in catching a trout in the creek or relax under a shady tree and enjoy the bush experience.","a":"From Marysville - Take the Woods Point road. After 18km veer left at the Cumberland Junction then turn left down Eildon Warburton road. From Warburton - Follow the Warburton Woods Point Road and turn right at Cumberland Junction then left down Eildon Warburton road. Big River road is 6km on the right and travels through the heart of the Big River State Forest. Big River Road is an all-weather gravel road and has numerous riverside camping areas. Between 25 Mile Creek and Enochs Point, Big River Road is suitable for four wheel drive vehicles only. Reid Quarry camp is located approximately 1km…"}},{"type":"Feature","geometry":{"type":"Point","coordinates":[146.86001,-36.8552]},"properties":{"n":"Camp Flat","k":"pvcamp","f":["Camping","Small caravans","Fire pits"],"d":"Positioned in the Buckland Valley and with the Buckland River streaming through the centre of the campground you couldn't find anywhere more scenic. The campground offers room for small to medium sized groups with large grassy areas and lots of places to explore. Camping next to the Buckland River and in the foothills of the mountains in this beautiful spot. With large grassy campgrounds there is plenty of room to move and for the kids to run around. This site is perfect for caravans and campertrailers, please be aware that there is a river crossing to get into the second camping area.","a":"From Porepunkah take the Great Alpine Road turning left onto Buckland Valley Road and follow for 20Km before coming to camp flat on your left."}},{"type":"Feature","geometry":{"type":"Point","coordinates":[145.99705,-37.17207]},"properties":{"n":"Blue Gum Flat 2","k":"pvcamp","f":["Camping","Campervans","Fire pits","Fishing","Paddling"],"d":"Situated on the banks of Lake Eildon, this site is a popular destination for boats, fishermen, campers and trail bike riders alike. Behind you, you will see an expansive area of native bushland worth exploring.This site can become busy in the warmer months and during peak season. This large campground is great for large groups and several smaller groups. With larger canopy Eucalypts offering much needed shade in the warmer months. This site can be accessed by small caravans and camper trailers, although be aware that you may have to travel long distances on dirt roads","a":"From Mansfield head towards Mount Buller, turning right on Mansfield Woods Point road follow this for 9.5 km before turning right onto Piries-Goughs Bay Rd, following this road for 7.3km before turning right onto Walshs Rd. Follow Walshs Road for 7.4 Km and you will find the site on the right.This road is 2WD accessible, but caution should be taken during changed weather conditions"}},{"type":"Feature","geometry":{"type":"Point","coordinates":[146.90554,-36.92274]},"properties":{"n":"Shippens Flat","k":"pvcamp","f":["Camping","Camper trailers","Fire pits"],"d":"A large open camping area surrounded by native forest, and next to the Buckland River. This site is suitable for camper trailers and small high clearance caravans.","a":"From Porepunkah, head south at the large round-about onto the Buckland Valley Road for approximately 30 km, where the camping area is located on the left. The Buckland Valley Road is sealed for the first 13km to Buckland Bridge and then unsealed for the remainder. The unsealed section is suitable for two wheel drive access throughout the year, however access to the site may be slippery in wet weather and require a high clearance vehicle."}},{"type":"Feature","geometry":{"type":"Point","coordinates":[145.91064,-37.12459]},"properties":{"n":"Jimmys Bend","k":"pvcamp","f":["Camping","Campervans","Fire pits","Fishing","Paddling"],"d":"This area was first utilised for producing pine plantations, after most of the pine plantations had been removed revegetation work began and you can see this surrounding you. With mature Eucalypt species offering much needed shade in the warmer months this site is at the centre of many recreational activities including: fishing, four-wheel driving, motorbike riding, water sports and camping. Camp under the mature Eucalypt trees that surround you. With lots of shade available this site is perfect for hot summer days, enjoy the water lapping at the shore and the boats flying by in the water. Wentworth is a large campsite that is flat so perfect for large groups and families with plenty of…","a":"Located 24km into the Delatite Arm Reserve along Walshs Road."}},{"type":"Feature","geometry":{"type":"Point","coordinates":[145.98705,-37.1486]},"properties":{"n":"Long Gully","k":"pvcamp","f":["Camping","Campervans","Fire pits","Fishing","Paddling"],"d":"This site is located close to Goughs bay and can therefore be busy during peak season. You can enjoy connecting back to nature at this site with native species surrounding you and offering shade in the warmer months. This is a central spot for several recreational activities, including: fishing, four-wheel driving, motorbike riding, water sports and camping.This site can become busy in the warmer months and during peak season. This area is in one of lake Eildon’s many small inlets, offering a sheltered campsite with plenty of much needed shade during the warmer months. This site can be accessed by caravans and camper trailers, although be aware that you may have to travel long distances on…","a":"From Mansfield head towards Mount Buller, turning right on Mansfield Woods Point road follow this for 9.5 km before turning right onto Piries-Goughs Bay Rd, following this road for 7.3km before turning right onto Walshs Rd. Follow Walshs Road for 9.5Km and you will find the site on the right.This road is 2WD accessible, but caution should be taken during changed weather conditions."}},{"type":"Feature","geometry":{"type":"Point","coordinates":[145.98001,-37.13894]},"properties":{"n":"Wentworths","k":"pvcamp","f":["Camping","Campervans","Fire pits","Fishing","Paddling"],"d":"This area was first utilised for producing pine plantations, after most of the pine plantations had been removed revegetation work began and you can see this surrounding you. With mature Eucalypt species offering much needed shade in the warmer months this site is at the centre of many recreational activities including: fishing, four-wheel driving, motorbike riding, water sports and camping. Camp under the mature Eucalypt trees that surround you. With lots of shade available this site is perfect for hot summer days, enjoy the water lapping at the shore and the boats flying by in the water. Wentworth is a large campsite that is flat so perfect for large groups and families with plenty of…","a":"From Mansfield head towards Mount Buller, turning right on Mansfield Woods Point road follow this for 9.5 km before turning right onto Piries-Goughs Bay Rd, following this road for 7.3km before turning right onto Walshs Rd. Follow Walshs Road for 11Km and you will find the site on the right.This road is 2WD accessible, but caution should be taken during changed weather conditions.","cl":{"s":"2027-01-31","o":"2027-05-27","r":"Maintenance","d":"This campground is temporary closed whilst harvesting of the nearby pine plantation occurs."}}},{"type":"Feature","geometry":{"type":"Point","coordinates":[146.80424,-36.34204]},"properties":{"n":"Yackandandah Creek Picnic Area","k":"pvpicnic","f":["Picnic area","Fire pits"],"d":"A small, grassy area next to Yackandandah Creek. Have a picnic or enjoy the cool water on a hot day.","a":"From the main street of Yackandandah follow Bells Flat Rd for approx. 3km until you meet Service Basin Rd. Continue along Service Basin Rd, which then becomes Yack Gate Rd, for approx. 2.1km to the site to your right."}},{"type":"Feature","geometry":{"type":"Point","coordinates":[146.01032,-37.52227]},"properties":{"n":"Miners Flat","k":"pvcamp","f":["Camping","Fire pits"],"d":"This private, basic camping area provides a quiet open area which surrounds a large habitat tree. Follow the bush track to the riverside to relax under the shade of the tree lined Big River. Four wheel drive access is recommended.","a":"From Marysville - Take the Woods Point road. After 18km veer left at the Cumberland Junction then turn left down Eildon Warburton road. From Warburton - Follow the Warburton Woods Point Road and turn right at Cumberland Junction then left down Eildon Warburton road. Big River road is 6km on the right and travels through the heart of the Big River State Forest. Big River Road is an all-weather gravel road and has numerous riverside camping areas. Between 25 Mile Creek and Enochs Point, Big River Road is suitable for four wheel drive vehicles only. Miners Flat camp is located 8.5km from the…"}},{"type":"Feature","geometry":{"type":"Point","coordinates":[146.07441,-37.38974]},"properties":{"n":"Chaffe Creek Camping Area","k":"pvcamp","f":["Camping","Small caravans","Picnic area","Fire pits"],"d":"A spacious, very popular area in the heart of Big River State Forest, Chaffee Creek camping area is perfect for large family or friend groups. Grassy flats with toilet facilities alongside the Big River, there is room to spread out and enjoy nature or explore all that Big River offers. A large grassy campsite on both sides of the Big River road. Pick a spot under the large wattles or beneath the tee trees for a more private stay. If you are into relaxing in the rock pools of the Big River this area provides deep pools to cool off on a hot summer’s day. A large grassy campsite by Big River road. This site is sufficiently roomy to accommodate caravans and camper trailers. The grassy areas…","a":"From Melbourne take the Maroondah Hwy, turn right to Thornton and turn onto the Goulburn Valley Highway, then right onto Eildon-Jamieson road. Big River road is 30 kilometres from the Highway. Turn right into Big River Road and follow the gravel road to Chaffe Creek Camp which spreads over both sides of the Big River road."}},{"type":"Feature","geometry":{"type":"Point","coordinates":[146.05539,-37.3665]},"properties":{"n":"Horseshoe Bend Camping Area","k":"pvcamp","f":["Camping","Small caravans","Fire pits"],"d":"Horseshoe Bend camping area is a popular spot for visitors to the Big River State Forest. Whether you are after a relaxing camping experience or your keen to four wheel drive or trailbike, this site provides a great base to set up camp for the night. Campsites are spread out under the trees for real bush camping. Larger areas can accommodate groups. Pick a spot and enjoy the soothing sounds of the nearby Big River. Horseshoe bend camping area has options for small caravan or camper trailers.","a":"From Melbourne take the Maroondah Hwy, turn right to Thornton and turn onto the Goulburn Valley Highway, then right onto Eildon-Jamieson road. Follow this bitumen road 1km past the Lions Club."}},{"type":"Feature","geometry":{"type":"Point","coordinates":[146.92028,-36.92553]},"properties":{"n":"New Chum Flat","k":"pvcamp","f":["Camping","Camper trailers","Fire pits"],"d":"New Chum Flat is an open and lightly treed flat divided by natural screens of vegetation. This provides ideal private camping areas for individual camping parties and small groups. The site is not suitable for larger caravans and motorhomes. The site offers several good access points to the river, with this section of the river being mostly shallow and fast flowing. A number of small camping spots surrounded by native forest and historic features. This site is suitable for camper trailers and small high clearance caravans.","a":"From Porepunkah, head south at the large round-about onto the Buckland Valley Road for approximately 31 km, where the camping area is located on the left. The Buckland Valley Road is sealed for the first 17km to the Buckland Cemetery and then unsealed for the remainder. The unsealed section is suitable for two wheel drive access throughout the year, however access to the site may be slippery in wet weather and require a high clearance vehicle."}},{"type":"Feature","geometry":{"type":"Point","coordinates":[146.33823,-37.06867]},"properties":{"n":"Buttercup Three Camping Area","k":"pvcamp","f":["Camping","Small caravans","Fire pits"],"d":"This Camping area is located along the banks of the Buttercup Creek, with grassy areas surrounded by native tree species offering ample shade. This campground offers a central camping spot to many fantastic activities that you can do in the Victorian High Country including; bushwalking, horse riding, mountain bike riding and four-wheel driving tracks. Light a fire in the designated fire pits and sit back to listen to the sound of the water tumbling through Buttercup Creek. The surrounding Peppermint, Swamp Gum, Candlebark, Manna Gum and Stringybark provided nicely shaded camping spots. This is a small campground so you will enjoy your privacy with not many other campers about. There is…","a":"2WD – From Mansfield follow Mt. Buller Rd to Sawmill Settlement, turn left onto Carters Rd, follow for approx. 5kms then turn left onto Buttercup Rd4WD - From Mansfield follow Mt. Buller Rd for approx. 13kms, turn left onto Buttercup Road follow for 13kms."}},{"type":"Feature","geometry":{"type":"Point","coordinates":[146.01193,-37.52576]},"properties":{"n":"Stockmans Reward","k":"pvcamp","f":["Camping","Small caravans","Fire pits","Fishing"],"d":"A popular camping site located in the middle of the Upper Big River State forest. This site can accommodate family and friends groups and provides a base to experience the adventures that Big River offers. Sit back and enjoy a break from the every day alongside both the Torbreck and Big Rivers. Sitting at the junction of the Torbreck and Big River, Stockmans Reward is a large flat campsite utilised in the 1920's for deep lead mining using a large steam-driven dredge. Now the area can accommodate large groups with caravans, camper trailers and tents. Visitors can base themselves here to relax or enjoy the vast recreational activities available in the Big River forest. Camp roads loop between…","a":"From Marysville - Take the Woods Point road. After 18km veer left at the Cumberland Junction then turn left down Eildon Warburton road. From Warburton - Follow the Warburton Woods Point Road and turn right at Cumberland Junction then left down Eildon Warburton road. Big River road is 6km on the right and travels through the heart of the Big River State Forest. Big River Road is an all-weather gravel road and has numerous riverside camping areas. Between 25 Mile Creek and Enochs Point, Big River Road is suitable for four wheel drive vehicles only. Stockmans Reward camp is located 7.5km from…"}},{"type":"Feature","geometry":{"type":"Point","coordinates":[145.85223,-37.30996]},"properties":{"n":"Kendalls","k":"pvcamp","f":["Camping","Small caravans","Picnic area","Fishing","Dogs allowed","Wheelchair access (partial)"],"d":"Kendalls Campground is in the Rubicon Valley Historic Area in the Rubicon State Forest. The traditional owners of this area are the Taungurung people. The campground has separated and open grassy areas set along the Rubicon River, suitable for both small and large groups. The river is accessible for fishing and paddling, with walking and mountain bike opportunities on the Kendall Link and Cicada Circuit trails. Large grassy sites spread either side of the looped camp road provide ideal areas to set up both small caravans or campervans.","a":"From Melbourne, follow the Maroondah Highway; turn right onto the Taggerty-Thornton road and right again onto Rubicon road. Kendalls Camp is approximately 5.5.km along Rubicon Road. The camping areas are accessible by 2 WD. Kendalls Camp is closed from the Thursday after the Queens Birthday holiday through to the Thursday before Melbourne Cup.","cl":{"s":"2026-06-10","o":"2026-10-28","r":"Seasonal Closure","d":"This site is seasonally closed over the wetter months to protect the site from damage."}}},{"type":"Feature","geometry":{"type":"Point","coordinates":[146.20204,-36.87269]},"properties":{"n":"Stringybark Camping Area","k":"pvcamp","f":["Camping","Campervans","Picnic area"],"d":"Stringybark campground offers both shady and sunny camping sites with some facilities including picnic tables and fire pits. There is a large cleared area suitable for playing ball games or flying kites. Two double toilets service the campground. A walking track provides access to the site on the other side of the creek where three Police Officers were shot and killed by the Kelly Gang. The camping area is in an open grassy space, surrounded by native trees. You can choose from campsites nestled in the tall trees or others in the open which are great for groups and which get plenty of sun. There are picnic and wood fired BBQ facilities for day visitors here. Combine a picnic with a walk…","a":"This large campsite is located along the Tatong Tolmie Road."}},{"type":"Feature","geometry":{"type":"Point","coordinates":[147.20853,-36.57471]},"properties":{"n":"The Cricket Pitch","k":"pvcamp","f":["Camping","Camper trailers","Heritage"]}},{"type":"Feature","geometry":{"type":"Point","coordinates":[145.95664,-37.12365]},"properties":{"n":"Bee Tree","k":"pvcamp","f":["Camping","Small caravans","Fishing","Paddling"],"d":"This site is situated along the shores of Lake Eildon, this site is small and secluded and uncrowded during peak season. This area was originally used as a pine plantation and has since been regenerated to reflect native forest species. This area is popular for several recreational activities, including: fishing, four-wheel driving, motorbike riding, water sports and camping. This site is a small site on the shores of Lake Eildon, camping is suited to small groups. This site offers a sheltered campground, surrounded by stunning native tree species. This site can be accessed by small caravans and camper trailers, although be aware that you may have to travel long distances on dirt roads.","a":"From Mansfield head towards Mount Buller, turning right on Mansfield Woods Point road follow this for 9.5 km before turning right onto Piries-Goughs Bay Rd, following this road for 7.3km before turning right onto Walshs Rd. Follow Walshs Road for 15Km and you will find the site on the right.This road is 2WD accessible, but caution should be taken during changed weather conditions."}},{"type":"Feature","geometry":{"type":"Point","coordinates":[145.94097,-37.12672]},"properties":{"n":"Crockett Bay","k":"pvcamp","f":["Camping","Campervans","Fishing","Paddling"],"d":"This newly regenerated site is on the shores of Lake Eildon, being a smaller camp ground, it is often uncrowded. This area is used for many recreational activities, including: fishing, four-wheel driving, motorbike riding, water sports and camping. This area is located in one of lake Eildon’s many small inlets, offering a sheltered campsite with plenty of much needed shade during the warmer months. trailers, although be aware that you may have to travel long distances on dirt roads.","a":"From Mansfield head towards Mount Buller, turning right on Mansfield Woods Point road follow this for 9.5 km before turning right onto Piries-Goughs Bay Rd, following this road for 7.3km before turning right onto Walshs Rd. Follow Walshs Road for 17Km and you will find the site on the right.This road is 2WD accessible, but caution should be taken during changed weather conditions."}},{"type":"Feature","geometry":{"type":"Point","coordinates":[145.9868,-37.14401]},"properties":{"n":"Cullitons","k":"pvcamp","f":["Camping","Campervans","Fishing","Paddling"],"d":"On the shores of the mighty Lake Eildon, you will have picturesque views over lake Eildon from this site. Whilst watching those enjoying all of what the lake has to offer from this site.There are several recreational activities you can enjoy whilst staying here, including: fishing, four-wheel driving, motorbike riding, water sports and camping.This site can become busy in the warmer months and during peak season. This is a lovely small campground where you can enjoy the secluded site nestled on the shores of Lake Eildon. With flat ground and large mature Eucalypts offering much needed shade in the warmer months this is a great site to access the water from. There have been excellent results…","a":"From Mansfield head towards Mount Buller, turning right on Mansfield Woods Point road follow this for 10 km before turning right onto Piries-Goughs Bay Rd, following this road for 7.3km before turning right onto Walshs Rd. Follow Walshs Road for 14Km and you will find the site on the right.This road is 2WD accessible, but caution should be taken during changed weather conditions."}},{"type":"Feature","geometry":{"type":"Point","coordinates":[145.90823,-37.12919]},"properties":{"n":"Dumbells","k":"pvcamp","f":["Camping","Campervans","Fishing","Paddling"],"d":"A shady area nestled in the banks of lake Eildon, this site is great for smaller groups. Enjoy that cast amount of recreational activities that can be undertaken in the reserve (water sports, fishing, camping, four-wheel driving and motorbike riding). Please be aware that phone reception may be intermittent in this area. A small and often quiet campground nestled into the bank of Lake Eildon. Please be aware that this site has a slight slope and this should be considered when organising your camping equipment. This site can be accessed by small caravans and camper trailers, although be aware that you may have to travel long distances on dirt roads.","a":"From Mansfield head towards Mount Buller, turning right on Mansfield Woods Point road follow this for 9.5 km before turning right onto Piries-Goughs Bay Rd, following this road for 7.3km before turning right onto Walshs Rd. Follow Walshs Road for 25Km and you will find the site on the right. This road is 2WD accessible, but caution should be taken during changed weather conditions."}},{"type":"Feature","geometry":{"type":"Point","coordinates":[145.93901,-37.12475]},"properties":{"n":"Harrops Flat","k":"pvcamp","f":["Camping","Campervans","Fishing","Paddling"],"d":"On the shores of Lake Eildon this site has lots to offer, nestled in Crocketts bay this site is fantastic for fishing and camping alike.This is a central site for several recreational activities, including: fishing, four-wheel driving, motorbike riding, water sports and camping.This site can become busy in the warmer months and during peak season. A sheltered spot nestled in Crocketts Bay, this site offers sparse camp grounds under mature Eucalypt trees offering much needed shade in the warmer months. This site can be accessed by small caravans and camper trailers, although be aware that you may have to travel long distances on dirt roads.","a":"From Mansfield head towards Mount Buller, turning right on Mansfield Woods Point road follow this for 9.5 km before turning right onto Piries-Goughs Bay Rd, following this road for 7.3km before turning right onto Walshs Rd. Follow Walshs Road for 18Km and you will find the site on the right.This road is 2WD accessible, but caution should be taken during changed weather conditions."}},{"type":"Feature","geometry":{"type":"Point","coordinates":[145.94529,-37.12402]},"properties":{"n":"Kangaroo Gully","k":"pvcamp","f":["Camping","Campervans","Fishing","Paddling"],"d":"A small site situated on the shores of Lake Eildon. A small and secluded site means it is often uncrowded during peak times. This area is used for several recreational activities, including: fishing, four-wheel driving, motorbike riding, water sports and camping. This site is a small site on the shores of Lake Eildon, camping is suited to small groups. This site offers a sheltered campground, surrounded by stunning native tree species. This site can be accessed by caravans and camper trailers, although be aware that you may have to travel long distances on dirt roads.","a":"From Mansfield head towards Mount Buller, turning right on Mansfield Woods Point road follow this for 9.5 km before turning right onto Piries-Goughs Bay Rd, following this road for 7.3km before turning right onto Walshs Rd. Follow Walshs Road for 23Km and you will find the site on the right.This road is 2WD accessible, but caution should be taken during changed weather conditions."}},{"type":"Feature","geometry":{"type":"Point","coordinates":[145.99155,-37.15805]},"properties":{"n":"Kirbys","k":"pvcamp","f":["Camping","Campervans","Fishing","Paddling"],"d":"Situated along the shores of lake Eildon. This area is perfect all year round with good access to the lake, shade offered from mature Eucalypt stands and unshaded areas for the cooler months. This site is a central spot for several recreational activities, including: fishing, four-wheel driving, motorbike riding, water sports and camping.This site can become busy in the warmer months and during peak season. This smaller secluded campsite is perfect for those just wanting to get away, you will wake up to beautiful scenes over Lake Eildon and birds singing. With grassy open sections this site is suited to 1 small – medium sized group. This site can be accessed by small caravans and camper…","a":"From Mansfield head towards Mount Buller, turning right on Mansfield Woods Point road follow this for 9.5 km before turning right onto Piries-Goughs Bay Rd, following this road for 7.3km before turning right onto Walshs Rd. Follow Walshs Road for 7.5Km and you will find the site on the right.This road is 2WD accessible, but caution should be taken during changed weather conditions."}},{"type":"Feature","geometry":{"type":"Point","coordinates":[145.95263,-37.12444]},"properties":{"n":"North Camp","k":"pvcamp","f":["Camping","Campervans","Fishing","Paddling"],"d":"Located on the shores of Lake Eildon this site has vast views over the Delatite arm. It was originally used as pine plantations before being revegetated to its current state. This area is used for several recreational activities, including: fishing, four-wheel driving, motorbike riding, water sports and camping. This is a small campsite overlooking lake Eildon and is used by many recreational forest users. It is a site perfect for medium sized groups and is located close to the water’s edge when the lake is full. This site can be accessed by caravans and camper trailers, although be aware that you may have to travel long distances on dirt roads.","a":"From Mansfield head towards Mount Buller, turning right on Mansfield Woods Point road follow this for 9.5 km before turning right onto Piries-Goughs Bay Rd, following this road for 7.3km before turning right onto Walshs Rd. Follow Walshs Road for 16.5Km and you will find the site on the right.This road is 2WD accessible, but caution should be taken during changed weather conditions."}},{"type":"Feature","geometry":{"type":"Point","coordinates":[145.91588,-37.14829]},"properties":{"n":"North Maintongoon","k":"pvcamp","f":["Camping","Camper trailers","Fishing","Paddling"],"d":"With so many possible activities surrounding you (fishing, motorbike riding, water sports and four-wheel driving) why wouldn’t you want to utilise this camp site. From your camp you will have views over Lake Eildon and the Delatite Arm and in the off season you may get it all to yourself. The site offers wide open spaces for camping and is great for large groups plus you have direct access to the lake so why not throw a line in and try your luck from the bank or from your fishing boat.To fish in this area you are required to hold a Victorian Fishing license. Please be aware that you may not get phone reception at this site. This campsite, across from Lake Eildon is on a slight slope but is…","a":"From Mansfield head towards Mount Buller, turning right on Mansfield Woods Point road follow this for 9.5 km before turning right onto Piries-Goughs Bay Rd, following this road for 7.3km before turning right onto Walshs Rd. Follow Walshs Road for 29.5Km and you will find the site on the right.This road is 2WD accessible, but caution should be taken during changed weather conditions."}},{"type":"Feature","geometry":{"type":"Point","coordinates":[145.91293,-37.15038]},"properties":{"n":"North Maintongoon 2","k":"pvcamp","f":["Camping","Camper trailers","Fishing","Paddling"],"d":"With so many possible activities surrounding you (fishing, motorbike riding, water sports and four-wheel driving) why wouldn’t you want to utilise this camp site. From your camp you will have views over Lake Eildon and the Delatite Arm and with the site often being unattended you may get it all to yourself. The site offers wide open spaces for camping and is great for large groups plus you have direct access to the lake so why not throw a line in and try your luck from the bank or from your fishing boat.To fish in this area you are required to hold a Victorian Fishing license. Please be aware that you may not get phone reception at this site, alternative communications should be utilised…","a":"From Mansfield head towards Mount Buller, turning right on Mansfield Woods Point road follow this for 9.5 km before turning right onto Piries-Goughs Bay Rd, following this road for 7.3km before turning right onto Walshs Rd. Follow Walshs Road for 28Km and you will find the site on the right.This road is 2WD accessible, but caution should be taken during changed weather conditions."}},{"type":"Feature","geometry":{"type":"Point","coordinates":[145.92409,-37.1203]},"properties":{"n":"Parkers Flat","k":"pvcamp","f":["Camping","Campervans","Fishing","Paddling"],"d":"Situated on the shores of Lake Eildon this area used to be utilised to produce pine plantations before being revegetated back to native forest. Large Eucalypt trees offer much needed shade in the warmer months. This site has easy access to the lake and surrounding recreational activities, including: fishing, four-wheel driving, motorbike riding, water sports and camping.This site can become very busy in the warmer months and during peak season. A large campsite beside the shores of Lake Eildon, with large grassy campgrounds. This area is perfect for large groups and those interested in kayaking and other water sports with easy access to the water’s edge. This site can be accessed by small…","a":"From Mansfield head towards Mount Buller, turning right on Mansfield Woods Point road follow this for 9.5 km before turning right onto Piries-Goughs Bay Rd, following this road for 7.3km before turning right onto Walshs Rd. Follow Walshs Road for 20Km and you will find the site on the right.This road is 2WD accessible, but caution should be taken during changed weather conditions."}},{"type":"Feature","geometry":{"type":"Point","coordinates":[145.92553,-37.12091]},"properties":{"n":"Parkers Flat 2","k":"pvcamp","f":["Camping","Small caravans","Fishing","Paddling"],"d":"Situated on the shores of Lake Eildon, you will enjoy the easy access to the water’s edge. This area is utilised for several recreational activities, including: fishing, four-wheel driving, motorbike riding, water sports and camping.This site can become busy during the warmer months and peak season. Wake up to the sounds of nature surrounding you, the singing of birds and the low slow sound of early fishermen in the water below your campsite. This site has large disperse camping and is great for large groups or several smaller groups. This site can be accessed by small caravans and camper trailers, although be aware that you may have to travel long distances on dirt roads.","a":"From Mansfield head towards Mount Buller, turning right on Mansfield Woods Point road follow this for 9.5 km before turning right onto Piries-Goughs Bay Rd, following this road for 7.3km before turning right onto Walshs Rd. Follow Walshs Road for 19Km and you will find the site on the right.This road is 2WD accessible, but caution should be taken during changed weather conditions."}},{"type":"Feature","geometry":{"type":"Point","coordinates":[145.92165,-37.11889]},"properties":{"n":"Parkers Flat 3","k":"pvcamp","f":["Camping","Campervans","Fishing","Paddling"],"d":"Situated on the shores of Lake Eildon, you will enjoy the easy access to the water’s edge. This area is utilised for several recreational activities, including: fishing, four-wheel driving, motorbike riding, water sports and camping.This site can become busy during the warmer months and peak season. Wake up to the sounds of nature surrounding you, the singing of birds and the low slow sound of early fishermen in the water below your campsite. This site has large disperse camping and is great for large groups or several smaller groups. This site can be accessed by small caravans and camper trailers, although be aware that you may have to travel long distances on dirt roads","a":"From Mansfield head towards Mount Buller, turning right on Mansfield Woods Point road follow this for 9.5 km before turning right onto Piries-Goughs Bay Rd, following this road for 7.3km before turning right onto Walshs Rd. Follow Walshs Road for 21Km and you will find the site on the right.This road is 2WD accessible, but caution should be taken during changed weather conditions."}},{"type":"Feature","geometry":{"type":"Point","coordinates":[145.90972,-37.1134]},"properties":{"n":"Raids Inlet","k":"pvcamp","f":["Camping","Campervans","Fishing","Paddling"],"d":"Nestled in one of lake Eildon’s many inlets this spot is highly popular during the warmer months. This site is sheltered by large canopy trees and suitable for larger groups. This area is used for several recreational activities, including: fishing, four-wheel driving, motorbike riding, water sports and camping. This area is located in one of lake Eildon’s many small inlets, offering a sheltered campsite with plenty of much needed shade during the warmer months. This site can be accessed by caravans and camper trailers, although be aware that you may have to travel long distances on dirt roads.","a":"From Mansfield head towards Mount Buller, turning right on Mansfield Woods Point road follow this for 9.5 km before turning right onto Piries-Goughs Bay Rd, following this road for 7.3km before turning right onto Walshs Rd. Follow Walshs Road for 19.5Km and you will find the site on the right.This road is 2WD accessible, but caution should be taken during changed weather conditions."}},{"type":"Feature","geometry":{"type":"Point","coordinates":[146.23962,-37.41686]},"properties":{"n":"Snakes Reserve","k":"pvcamp","f":["Camping","Campervans","Fishing","Paddling"],"d":"This is a popular spot and you can see why. You are surrounded by tall Eucalypt native forest, large shady trees and ample space to camp on lush grass. Stopping next to the Goulburn River is a perfect place to stop, with plenty of activities to undertake in the surrounding forest, throw in a line and relax by the river, catch up on your favourite book or head out for a four wheel driving adventure. This spot offers a large expanse of grassy and shady spots, being suitable for both small and larger groups. A very large grassed area offers the perfect spot to set up your caravan or camper trailer for the weekend.","a":"From Jamieson follow the Jamieson-Woods Point Rd towards Woods Point. Turn left into camp area at Snakes Reserve Camping sign."}},{"type":"Feature","geometry":{"type":"Point","coordinates":[145.90287,-37.15132]},"properties":{"n":"South Maintongoon","k":"pvcamp","f":["Camping","Camper trailers","Fishing","Paddling"],"d":"With so many possible activities surrounding you (fishing, motorbike riding, water sports and four-wheel driving) why wouldn’t you want to utilise this camp site. From your camp you will have views over Lake Eildon and the Delatite Arm and in the off-season you may get it all to yourself. The site offers wide open spaces for camping and is great for large groups plus you have direct access to the lake so why not throw a line in and try your luck from the bank or from your fishing boat.To fish in this area you are required to hold a Victorian Fishing license. Please be aware that you may not get phone reception at this site. This campsite, across from Lake Eildon is on a slight slope but is…","a":"From Mansfield head towards Mount Buller, turning right on Mansfield Woods Point road follow this for 9.5 km before turning right onto Piries-Goughs Bay Rd, following this road for 7.3km before turning right onto Walshs Rd. Follow Walshs Road for 30Km and you will find the site on the right.This road is 2WD accessible, but caution should be taken during changed weather conditions."}},{"type":"Feature","geometry":{"type":"Point","coordinates":[145.98519,-37.14034]},"properties":{"n":"Taylors 2","k":"pvcamp","f":["Camping","Campervans","Fishing","Paddling"],"d":"Situated along the shores of Lake Eildon, you will wake up to the sound of singing birds and early morning fishermen trolling the waters below you. With shade offered from mature Eucalypt tree regenerated from pine plantations in the past and easy access to the lake this area is perfect for those hot summer days. Close to the entry point of the Delatite Arm Reserve this site is perfect for a number of recreational activities surrounding it, including: fishing, four-wheel driving, motorbike riding, water sports and camping. Camping offered at this site is below a stand of mature Eucalypt trees, with large open grassy camping areas. This area is great for families interested in camping around…","a":"From Mansfield head towards Mount Buller, turning right on Mansfield Woods Point road follow this for 9.5 km before turning right onto Piries-Goughs Bay Rd, following this road for 7.3km before turning right onto Walshs Rd. Follow Walshs Road for 11KM and you will find the site on the right.This road is 2WD accessible, but caution should be taken during changed weather conditions."}},{"type":"Feature","geometry":{"type":"Point","coordinates":[146.00965,-37.18145]},"properties":{"n":"The Orchard","k":"pvcamp","f":["Camping","Campervans","Fishing","Paddling","Wheelchair access (partial)"],"d":"You are greeted by large open grassy area, get out and stretch your legs along the journey. This is the first site of many that run along the Southern edge of Lake Eildon in the Delatite Arm Reserve. This site also includes an information board that can be used to determine your adventure for the day. This site is the beginning of a highly used area for several recreational activities, including: fishing, four-wheel driving, motorbike riding, water sports and camping.This site can become busy during the warmer months and peak season Situated on the edge of lake Eildon this site is perfect for the avid water sportsman, with good access to Lake Eildon. With open grassy woodlands surrounding…","a":"From Mansfield head towards Mount Buller, turning right on Mansfield Woods Point road follow this for 9.5 km before turning right onto Piries-Goughs Bay Rd, following this road for 7.3km before turning right onto Walshs Rd. Follow Walshs Road for 3 Km and you will find the site on the right.This road is 2WD accessible, but caution should be taken during changed weather conditions."}},{"type":"Feature","geometry":{"type":"Point","coordinates":[146.42123,-36.6561]},"properties":{"n":"Edi Cutting","k":"pvcamp","f":["Camping","Small caravans","Fishing"],"d":"A very popular area, particularly during holiday periods. Most sites have good shade from large Red Gums and easy access to the King river. All sites have drive through vehicle access. The two distinct areas can be isolated from each other in flood events. A very popular area, particularly during holiday periods. Most sites have good shade from large Red Gums and easy access to the King river. All sites have drive through vehicle access. The two distinct areas can be isolated from each other in flood events. Access can be slippery in wet conditions.","a":"Located 27km south of Oxley on the Wangaratta-Whitfield road, a couple of kilometres past Edi itself. Access is either via Wangaratta from the north or by taking the Snow Road turnoff from the Hume Hwy at Glenrowan from the south."}},{"type":"Feature","geometry":{"type":"Point","coordinates":[146.21251,-37.28895]},"properties":{"n":"Grannys Flat Camping Area","k":"pvcamp","f":["Camping","Campervans","Fishing"],"d":"Grannys Flat Camping Area is situated in the North East of Victoria, near the Jamieson. This camping area is surrounded by native forests of Broad Leaved Peppermint, Manna Gum and Stringybark and is on the bank of the Jamieson River. This campsite can act as a central point for many activities enjoyed in the Victorian High Country, including; fishing, four-wheel driving, bushwalking (including Mitchell Bridles Track) and bike riding. This site is subject to seasonal closure during the winter periods. Grannys flat is located 50m from the Jamieson River, with well-maintained grassy campsites surrounded by beautiful native forests offering shade when needed. This site can become busy in the…","a":"Follow the Mount Buller Road from Mansfield towardsMerrijig for 4km along sealed road. Turn right at the signto Jamieson and travel for 35km. In Jamieson, turn left atthe Jamieson-Licola Road. After 7.5km on this gravel roadyou will reach the Granny’s Flat Camping Reserve sign onyour left. The campsite is down 1km of windy road. Thetrack to Granny’s Flat Reserve is steep but is accessible toall vehicles. However, following heavy rains this roadbecomes slippery and may be temporarily inaccessible to2WD’s."}},{"type":"Feature","geometry":{"type":"Point","coordinates":[148.08511,-37.36486]},"properties":{"n":"Timbarra Central","k":"pvcamp","f":["Camping","Camper trailers","Fishing"],"d":"Camping area located next to the Timbarra River. The site has formal campsites marked, fire places and a toilet. Access is with 4wd vehicles only. 4WD only","a":"Access is directly off the Timbarra Rd, south of Buchan. The access track is 4WD only."}},{"type":"Feature","geometry":{"type":"Point","coordinates":[146.06298,-37.35228]},"properties":{"n":"Bulldog Flat","k":"pvcamp","f":["Camping","Camper trailers"],"d":"A popular camping area set along the banks of the Big River, providing a variety of camping experiences for tents, campervans or caravans. Sites have good shade with vegetation dividing the campground into separate areas. Campsites are scattered around and under the tall yellow candlebark trees, between ferns and prickly current bushes. This campsite is great if you enjoy quiet bush camping and offers access to the Big River. This campground is suitable for trailer campers in some of the open areas.","a":"From Melbourne take the Maroondah Hwy, turn right to Thornton and turn onto the Goulburn Valley Highway, then right onto Eildon-Jamieson road. Follow this bitumen road, the campsite is on your left approximately 2km from the junction of Big River road."}},{"type":"Feature","geometry":{"type":"Point","coordinates":[146.05993,-37.34664]},"properties":{"n":"Burnt Bridge","k":"pvcamp","f":["Camping","Small caravans"],"d":"Burnt Bridge is set on the banks of the Big River, here you can relax under the shade of the large forest trees or head into the surrounding forest to experience 4 wheel driving, fishing, trailbike riding or walking pursuits. Big River State Forest provide opportunities for everyone. Burnt Bridge Campsite is a rather large area located in the gully on the downside of the Eildon Jamieson road. It allows for larger group camping on the flats near the Big River. To the far east of the camping area there is a great view of the powerful Big River as it winds its way over and around the large river boulders. Some areas are suitable for small caravans.","a":"From Melbourne take the Maroondah Hwy, turn right to Thornton and turn onto the Goulburn Valley Highway, then right onto Eildon-Jamieson road. Follow this bitumen road to the last of the official camp sites on the left hand side of the road."}},{"type":"Feature","geometry":{"type":"Point","coordinates":[146.36698,-37.10327]},"properties":{"n":"Carters Mill Camping Area","k":"pvcamp","f":["Camping","Small caravans","Wheelchair access (partial)"],"d":"This area is full of history, the site is set at the original location of the Carter & Co. sawmill, built in 1937 to mill timber from the surrounding forest. In these days timber was transported to the mill using a single line of 5 horses along a timber tramway before being replaced after the 1950s by motor vehicles on bush tracks. The Mill was unfortunately destroyed by a fire in 1965, This site acts as a centre point to a number of historical walks including the Plain Creek Loop walk. The picturesque reserve is on the banks of the Delatite River and is perfect for camping and enjoying the outdoors. The site is surrounded by native forests that offer ample shade in the summer. This site is…","a":"From Mansfield follow the Mt. Buller Road to Sawmill Settlement, turn left onto Carters Road."}},{"type":"Feature","geometry":{"type":"Point","coordinates":[146.05832,-37.52296]},"properties":{"n":"Frenchman Creek","k":"pvcamp","f":["Camping","Small caravans"],"d":"Set in the heart of Upper Big River State forest this large spacious campsite has areas for all campers. Whether you are camping in tents, swags, campervans or caravans, this area provides separate areas along the Big River for everyone. Toilet facilities are available, along with wood fire BBQ pits. Relax and enjoy the magic of Big River. This spacious campsite includes pit toilet facilities and separate formal camping sites, able to accommodate larger groups along the Big River and Frenchmans Creek. The camping areas are suitable for tents, caravans or trailers with room to move. Larger camping sites allow for small caravans or camper trailers.","a":"From Marysville - Take the Woods Point road. After 18km veer left at the Cumberland Junction then turn left down Eildon Warburton road. From Warburton - Follow the Warburton Woods Point Road and turn right at Cumberland Junction then left down Eildon Warburton road. Big River road is 6km on the right and travels through the heart of the Big River State Forest. Big River Road is an all-weather gravel road and has numerous riverside camping areas. Between 25 Mile Creek and Enochs Point, Big River Road is suitable for four wheel drive vehicles only. Frenchmans camp is located approximately…"}},{"type":"Feature","geometry":{"type":"Point","coordinates":[146.05735,-37.36804]},"properties":{"n":"Jim Bullock","k":"pvcamp","f":["Camping","Small caravans"],"d":"Set up camp and throw a line in either the Taponga or Big Rivers to try your luck with the native trout. Jim Bullock is tucked away in the tee tree and provides serene camping with toilet facilities. Set on the Taponga River at the junction of the Big River, Jim Bullock campsites are scattered under the tee tree. There is opportunities to fish or swim in the river as the water is cool and quite deep in places. Small caravans and camper trailers are welcome at this site.","a":"From Melbourne take the Maroondah Hwy, turn right to Thornton and turn onto the Goulburn Valley Highway, then right onto Eildon-Jamieson road. Follow this bitumen road and just over the Taponga bridge on your right is the Jimmy Bullocks campsite."}},{"type":"Feature","geometry":{"type":"Point","coordinates":[146.22877,-37.43478]},"properties":{"n":"Knockwood Reserve","k":"pvcamp","f":["Camping","Camper trailers"],"d":"This is one of many sites along the Jamieson-Woodspoint road and is very popular with campers and keen anglers alike. This area offers many recreational activities including: fishing, camping, four-wheel driving, fishing and bushwalking. Take the time to explore the historical towns in the Upper Goulburn area whilst you’re staying here. Enjoy cooling down on a hot summer’s day underneath the large gum trees surrounding, Knockwood Reserve offers a large open grassy campsite on the banks of the Goulburn River. This site is very popular during peak season, long weekends and school holiday periods. These open flat campground makes for perfect camping all year round. Knockwood is a large site…","a":"From Jamieson follow the Mansfield-Woods Point Rd towards Woods Point until right turn into camp area at Knockwood Reserve Camping sign."}},{"type":"Feature","geometry":{"type":"Point","coordinates":[147.55371,-36.12672]},"properties":{"n":"Red Rooster","k":"pvcamp","f":["Camping","Small caravans"],"cl":{"s":"2026-09-15","o":"2027-03-14","r":"Fire","d":"Due to impacts from the January 2026 Walwa River Road bushfire the site is closed whilst recover y works are completed."}}},{"type":"Feature","geometry":{"type":"Point","coordinates":[146.05723,-37.3706]},"properties":{"n":"Taponga","k":"pvcamp","f":["Camping","Small caravans"],"d":"Taponga is the first of the Lower Big River campsites and is nested under the large eucalypts alongside the Big River. A serene and shady spot with toilet facilities. There is opportunities for fishing or relaxing as you listen to the nearby sounds of the river cascading over the granite rocks. Taponga Camp is the first of the Lower Big River campsites running alongside the Taponga River. Camping areas can be found between the tee tree with a larger eucalypt canopy providing shade. Some of the open camping areas are suitable for camper trailers or a small caravan.","a":"From Melbourne take the Maroondah Hwy, turn right to Thornton and turn onto the Goulburn Valley Highway, then right onto Eildon-Jamieson road. Follow this bitumen road, Taponga Camp is the first of the Lower Big River campsites and is located on the left hand side, opposite the Lions Club Camp and before the Taponga Bridge."}},{"type":"Feature","geometry":{"type":"Point","coordinates":[145.86049,-37.3204]},"properties":{"n":"The Boys Camping Area","k":"pvcamp","f":["Camping","Camper trailers"],"d":"A popular camping area, The Boys is set within a tranquil setting in the foothills of the Rubicon Valley. Surrounded by tall trees and the picturesque Rubicon River, The Boys was the location of a single men’s camp after WW1. The Boys is a great base to explore the picturesque walking trails 'Cicada Circuit Trail' and 'Kendalls Link'. The area has large open areas suitable for small caravans.","a":"From the Maroondah Highway at Taggerty, turn right onto the Taggerty-Thornton Rd and right again onto Rubicon Rd. The Boys is approximately 6.5 km along Rubicon Rd. Thecamping areas are accessible by 2WD. Kendalls and TinHut are closed from the Thursday after the Queen’sBirthday holiday through to the Thursday before MelbourneCup. The Boys is open all year."}},{"type":"Feature","geometry":{"type":"Point","coordinates":[147.42607,-36.61514]},"properties":{"n":"The Walnuts","k":"pvcamp","f":["Camping","Camper trailers"]}},{"type":"Feature","geometry":{"type":"Point","coordinates":[147.14554,-37.44239]},"properties":{"n":"Black Snake East","k":"pvcamp","f":["Camping","Picnic area"],"d":"This is a smaller campsite to the Northeast of Black Snake Creek main camping area. It provides closer access to the Black Snake Historic Walking Track. A couple of small campsites are available at this location. Black Snake Creek runs past here on it's way to the Wonnangatta River. A sheltered spot to stop for a picnic after completing the Black Snake Creek Walk or on a trip along Wonnangatta Rd.","a":"Black Snake Creek East is situated approximately 500m Northeast of Black Snake Creek campground along Black Snake Creek 4WD Track. It can be accessed from the Wonnangatta Road approximately 15km or 30 minutes from its intersection with the Dargo Road (C601).","cl":{"s":"2026-01-19","o":"2026-02-28","r":"Fire","d":"Closed due to fire conditions, to maintain public safety."}}},{"type":"Feature","geometry":{"type":"Point","coordinates":[147.2044,-37.54178]},"properties":{"n":"Castleburn Creek","k":"pvcamp","f":["Camping","Picnic area"],"d":"Set on the Castleburn Creek, this campsite has a number of camping areas available and is sheltered by the ridge to the North. A small grassy campsite just off the Dargo Road. Toilet facilities are located prior to the camping area. A open grassy area set on Castleburn Creek.","a":"Castleburn Creek is located just off the Dargo Road, 20km South of Dargo. The campground is situated between Old Dargo Forest Rd and Trail Trk."}},{"type":"Feature","geometry":{"type":"Point","coordinates":[146.41063,-37.04021]},"properties":{"n":"Tomahawk Hut","k":"pvcamp","f":["Camping","Picnic area"],"d":"Tomahawk Hut was originally built by Forest Officer Arthur Dale in 1927. Rebuilt in 2007, the hut is an example of an early Forest Commission Hut in the Alpine area of Victoria. The Hut has an open fire and the site also has a picnic table and fireplace. This site is magnificent and rich in history,Originally being built as a base for road building crews. You are able to utilise to Hut for your camping needs and the road is 2WD accessible what more could you want. A perfect place to stop and have a picnic on your journey through the Mansfield State Forest, taking in the history of the area and enjoying the time you spend exploring.","a":"From Mansfield follow the Mt. Buller Rd to Sawmill Settlement, turn left on Carters Rd, follow for 11kms. Turn left onto Buckland Spur Tk."}},{"type":"Feature","geometry":{"type":"Point","coordinates":[146.9295,-37.80006]},"properties":{"n":"Wombat Crossing Camp Site A","k":"pvcamp","f":["Camping","Picnic area"],"d":"Situated within the Avon-Mt Hedrick Scenic Reserve, and forming part of the Avon Crossing 4WD Tour, this site is the first of three sites located at Wombat Crossing. This small site offers basic camping (no toilets) with good access to the Avon River and caters for 2-3 small groups.","a":"Access by 4WD is recommended and may be restricted due to heavy rain / flooding. From the township of Boisdale, travel North along Boisdale-Valencia Creek Road for approx. 6.2km before veering left onto Wombat Rd. Stay on Wombat Road for approx. 6.5km, crossing the Avon River (Note: bridge subject to flooding) before turning left onto O’Keefe Rd and following for approx. 1.5km to the Wombat Campsite A, which will be on the left."}},{"type":"Feature","geometry":{"type":"Point","coordinates":[145.55968,-37.2848]},"properties":{"n":"Stanley Homestead","k":"pvcamp","f":["Camping","Heritage"],"d":"Located not far from Yea, Stanley Homestead is popular with those that like to indulge in trailbike and four wheel driving activities. The network of forest roads in the surrounding Black Range State forest provide various challenges for those wanting adventure. Stanley Homestead is the only official campsite in the Black Range. As the name suggests it was the site of an old homestead which results in large European trees scattered through the grassy site. A small dam is located to the back of the camping area. This site is popular with trailbike riders as they enjoy the network of forest roads in this State forest.","a":"From Melbourne - travel along the Melba Highway to the intersection of Murrindindi Road just before Devlins Bridge. Turn right and drive 8.5 km to the SEC road (do not head toward Murrindindi Scenic Reserve at this point) continue over the Murrindindi River to Ginters road. Follow Ginters road until you reach the open grassy site of Standley Homestead. From Yea - head towards Mansfield along the Goulburn Valley Highway then turn right into Limestone road. Follow this into the Black Range State forest. Standley Homestead will be located on your left.","cl":{"s":"2026-01-08","o":"2026-03-01","r":"Fire","d":"Closed due to impacts from bushfire"}}},{"type":"Feature","geometry":{"type":"Point","coordinates":[146.50233,-37.75568]},"properties":{"n":"Store Point","k":"pvcamp","f":["Camping","Heritage"],"d":"This scenic and remote creek side site features a tin hut and large grassy clearing for tent camping and is a great base to do some bushwalking to explore some relics of the regions gold mining history. Store point is a remote bush camping site a basic tin hut to shelter from the elements and limited space for pitching tents. The Store Point Hut has a cosy indoor fireplace with woodfire BBQ's and a toilet near-by.","a":"The Store Point campground is on Donnelly's Creek Trk, part of the Aberfeldy 4WD tour, this is accessed from Walhalla Rd in the West and Springs Rd in the East, a 4WD is recommended for most of the route."}},{"type":"Feature","geometry":{"type":"Point","coordinates":[145.9959,-37.16996]},"properties":{"n":"Blue Gum Flat 3","k":"pvcamp","f":["Camping","Fishing"],"d":"Situated on the banks of Lake Eildon, this basic site is a popular destination for boats, fishermen, campers and trail bike riders alike. Behind you, you will see an expansive area of native bushland worth exploring.This site can become busy in the warmer months and during peak season.","a":"From Mansfield head towards Mount Buller, turning right on Mansfield Woods Point road follow this for 9.5 km before turning right onto Piries-Goughs Bay Rd, following this road for 7.3km before turning right onto Walshs Rd. Follow Walshs Road for 7.6 Km and you will find the site on the right.This road is 2WD accessible, but caution should be taken during changed weather conditions"}},{"type":"Feature","geometry":{"type":"Point","coordinates":[146.00704,-37.18178]},"properties":{"n":"Dunns","k":"pvcamp","f":["Camping","Fishing"],"d":"Overlooking Lake Eildon Dunns greets you with a large open grassy area. This campground is perfect for those who want good access to the lake. Dunns is also a central spot for several recreational activities, including: fishing, four-wheel driving, motorbike riding, water sports and camping.","a":"From Mansfield head towards Mount Buller, turning right on Mansfield Woods Point road follow this for 9.5 km before turning right onto Piries-Goughs Bay Rd, following this road for 7.3km before turning right onto Walshs Rd. Follow Walshs Road for 6.0Km and you will find the site on the right.This road is 2WD accessible, but caution should be taken during changed weather conditions."}},{"type":"Feature","geometry":{"type":"Point","coordinates":[147.47853,-37.23661]},"properties":{"n":"Livingstone Creek - Omeo Camping Area 13 (CLWF)","k":"pvcamp","f":["Camping","Fishing"],"d":"This camping area is on licensed Crown water frontage. It remains public land but has a licence over it that allows the adjoining landowner/farmer to graze stock on it. Your right to access this public land remains intact as the licence does not provide an exclusive right or use by the licensee. Typically camping is prohibited on licensed Crown water frontage. However, some special areas (such as this one) have been set-aside to allow self-sufficient camping. Access for day-use recreational activities such as walking, fishing or bird watching, as for other areas of Crown water frontage areas, are also permitted. Enjoy your time here but please respect the adjoining landholders, their… This…","a":"From Omeo, travel south on Day Ave/Great Alpine Road for 2.8 km, then turn left onto Cassilis Road for 7.2 km. Turn right onto Upper Livingstone Road for 7.8 km and continue onto Upper Livingstone Creek Track for 3 km, you will pass through gates on this track, leave the gates how you found them. The parking area is on the left of Upper Livingstone Road. Pedestrian access to the camping area is through the Crown frontage to the west. The camping area commences immediately within the Crown frontage. Leave all gates as you find them."}},{"type":"Feature","geometry":{"type":"Point","coordinates":[147.6014,-37.04782]},"properties":{"n":"Livingstone Creek - Omeo Camping Area 7 (CLWF)","k":"pvcamp","f":["Camping","Fishing"],"d":"This camping area is on licensed Crown water frontage. It remains public land but has a licence over it that allows the adjoining landowner/farmer to graze stock on it. Your right to access this public land remains intact as the licence does not provide an exclusive right or use by the licensee. Typically camping is prohibited on licensed Crown water frontage. However, some special areas (such as this one) have been set-aside to allow self-sufficient camping. Access for day-use recreational activities such as walking, fishing or bird watching, as for other areas of Crown water frontage areas, are also permitted. Enjoy your time here but please respect the adjoining landholders, their… This…","a":"From Omeo, travel north on Day Avenue/Great Alpine Road for 5.9 km. The parking area is on the right of Omeo Hwy. Pedestrian access to the camping area is immediately through the Crown frontage to the east. The camping area commences immediately within the Crown frontage. Leave all gates as you find them."}},{"type":"Feature","geometry":{"type":"Point","coordinates":[147.82639,-36.39708]},"properties":{"n":"Nariel Creek - Nariel Creek Camping Area 3 (CLWF)","k":"pvcamp","f":["Camping","Fishing"],"d":"This camping area is on licensed Crown water frontage. It remains public land but has a licence over it that allows the adjoining landowner/farmer to graze stock on it. Your right to access this public land remains intact as the licence does not provide an exclusive right or use by the licensee. Typically camping is prohibited on licensed Crown water frontage. However, some special areas (such as this one) have been set-aside to allow self-sufficient camping. Access for day-use recreational activities such as walking, fishing or bird watching, as for other areas of Crown water frontage areas, are also permitted. Enjoy your time here but please respect the adjoining landholders, their… This…","a":"From Colac Colac, travel west on Murray Valley Hwy for 2.2 km then turn left onto Benambra-Corryong Road for 25.7 km. Nariel Creek - Nariel camping area 3 is on the right hand side with the camping area immediately within the Crown frontage. Leave all gates as you find them."}},{"type":"Feature","geometry":{"type":"Point","coordinates":[147.26236,-36.39923]},"properties":{"n":"Mitta Mitta River - Tallandoon Camping Area 1a (CLWF)","k":"pvcamp","f":["Camping","Fishing"],"d":"This camping area is on licensed Crown water frontage. It remains public land but has a licence over it that allows the adjoining landowner/farmer to graze stock on it. Your right to access this public land remains intact as the licence does not provide an exclusive right or use by the licensee. Typically camping is prohibited on licensed Crown water frontage. However, some special areas (such as this one) have been set-aside to allow self-sufficient camping. Access for day-use recreational activities such as walking, fishing or bird watching, as for other areas of Crown water frontage areas, are also permitted. Enjoy your time here but please respect the adjoining landholders, their… This…","a":"From Tallandoon, head north-east on Omeo Highway and after approximately 1km, turn right at Yabba Road. Head along Yabba Road for approximately 4km until you reach an unnamed road on the left. Head down the unnamed road for approximately 100m and park near the gate (do not block access). Leave all gates as you find them."}},{"type":"Feature","geometry":{"type":"Point","coordinates":[146.49154,-37.50751]},"properties":{"n":"Rumpffs","k":"pvcamp","f":["Camping","Horse riding"],"d":"Rumpff's Flat is located on the Mount Skene Creek just prior to it flowing into the Barkley River. This quiet bush setting is accessed via a scenic drive through the unique Barkley State Forest. Rumpffs camping area is suitable for family groups exploring the scenic forest areas around the Barkley River. Access is limited in wet weather. Please take your rubbish home so the site can be enjoyed by future visitors.","a":"From Licola follow the Licola-Jamieson Rd (C486) for 9km, turn Right onto Link Rd and then Left onto Glencairn Rd. From here continue 18km on Glencairn and Middle Ridge Road. The campsites are located on the right about 1km after Middle Ridge Road crosses the Barkley river."}},{"type":"Feature","geometry":{"type":"Point","coordinates":[146.56756,-37.55846]},"properties":{"n":"Barkley Bridge","k":"pvcamp","f":["Camping"],"d":"Barkley Bridge is a small camping area on the Barkley River. The river offers a peaceful picnic setting or a convenient camping area for those exploring Victoria's high country. Campsites are available both upstream and downstream from the bridge.","a":"From Licola follow the Licola-Jamieson Rd for 9km, turn Right onto Link Rd and then Left onto Glencairn Rd. Barkley Bridge is located approximately 3km up Glencairn Rd where it crosses the Barkley River."}},{"type":"Feature","geometry":{"type":"Point","coordinates":[146.0944,-37.51391]},"properties":{"n":"Big Bend Creek","k":"pvcamp","f":["Camping"],"d":"Big Bend Creek Camp is located at the junction of Big River and Big Bend Creek. This is a basic campsite has no facilities but the soothing sounds of the creek flowing into the river. Pitch a tent or roll out your swag and enjoy the serenity.","a":"From Marysville - Take the Woods Point road. After 18km veer left at the Cumberland Junction then turn left down Eildon Warburton road. From Warburton - Follow the Warburton Woods Point Road and turn right at Cumberland Junction then left down Eildon Warburton road. Big River road is 6km on the right and travels through the heart of the Big River State Forest. Big River Road is an all-weather gravel road and has numerous riverside camping areas. Between 25 Mile Creek and Enochs Point, Big River Road is suitable for four wheel drive vehicles only. Big Bend camp is located approximately 20km…"}},{"type":"Feature","geometry":{"type":"Point","coordinates":[146.09047,-37.49959]},"properties":{"n":"Catford","k":"pvcamp","f":["Camping"],"d":"This basic camping area has two tiered cleared spots for camping with access down to the waters edge via some earth steps. Try your hand at fishing or just relax and take in the serenity of the bush surroundings.","a":"From Marysville - Take the Woods Point road. After 18km veer left at the Cumberland Junction then turn left down Eildon Warburton road. From Warburton - Follow the Warburton Woods Point Road and turn right at Cumberland Junction then left down Eildon Warburton road. Big River road is 6km on the right and travels through the heart of the Big River State Forest. Big River Road is an all-weather gravel road and has numerous riverside camping areas. Between 25 Mile Creek and Enochs Point, Big River Road is suitable for four wheel drive vehicles only. Catford camp is located approximately 19km…"}},{"type":"Feature","geometry":{"type":"Point","coordinates":[146.49364,-37.55627]},"properties":{"n":"Connor Plain","k":"pvcamp","f":["Camping"],"d":"This basic campsite is a convenient stop en route to Jamieson or whilst exploring the Barkly River, Mt Useful and Upper Goulburn Forests. A grassy open site with space for a number of groups. Due to the high elevation, campers should be prepared for low temperatures at any time of year.","a":"From Licola follow the Jamieson-Licola Road (C486) for 21km. The Campsite is on the left just past the Black River Rd."}},{"type":"Feature","geometry":{"type":"Point","coordinates":[146.21197,-37.38335]},"properties":{"n":"Flour Bag Reserve","k":"pvcamp","f":["Camping"],"d":"Flour Bag Reserve is located at the junction of Flourbag Creek and the Goulburn River. The site is a popular base for exploring the nearby gold mining history and the outdoors. This best for smaller groups that enjoy having the entire site to themselves.","a":"From Jamieson follow the Jamieson-Woods Point Rd towards Woods Point until Left turn into camp area at Flour Bag Camping area sign."}},{"type":"Feature","geometry":{"type":"Point","coordinates":[146.41698,-37.07627]},"properties":{"n":"Mt No. 3 Refuge Hut","k":"pvcamp","f":["Camping"],"d":"The original hut was built as a shelter for cross country skiing trips. Wildfire destroyed the hut during the summer of 2006-2007 resulting in this new hut being built in 2008 for the continued use as a refuge for skiers, hikers and horse riders. The site also features a toilet, fire place, picnic table and flat grassy area for tents but is not suitable for vehicle-based camping.","a":"2WD - from Mansfield follow the Mt. Buller Rd to Mirimbah. Turn left onto Mt. Stirling Rd and follow to Telephone Box Junction. Continue Straight-ahead on Circuit Rd for 3kms, then turn left onto No.3 Rd, follow for 6kms. 4WD - from Mansfield follow the Mt.Buller Rd to Sawmill Settlement, turn left on Carters Rd, follow for 12kms then turnb right onto No.3 Rd, follow for 6kms. No.3 Rd is seasonally closed to vehicles from the Thursday after the Queen's Birthday weekend until the Thursday before the Melbourne Cup Weekend."}},{"type":"Feature","geometry":{"type":"Point","coordinates":[146.06832,-37.38695]},"properties":{"n":"Old Coach Camping Area","k":"pvcamp","f":["Camping"],"d":"Tucked away this private campsite offers a couple of quiet campsites recommended to be only accessed by four-wheel drive. A basic bush camp next to the Big River, the tree covered sites offer options for small groups of campers.","a":"From Melbourne take the Maroondah Hwy, turn right to Thornton and turn onto the Goulburn Valley Highway, then right onto Eildon-Jamieson road. Big River road is 30 kilometres from the Highway. Turn right into Big River Road and follow the gravel road, Old Coach Camp is via a small access road to your right. The camping area is not signposted. This oneway camp road is recommended for 4WD only."}},{"type":"Feature","geometry":{"type":"Point","coordinates":[146.06065,-37.51657]},"properties":{"n":"Peppermint Ridge","k":"pvcamp","f":["Camping"],"d":"A small basic campsite with access via a bush track to the Big River. Here you can try your luck with fishing or relax and listen to the tumbling waters of Big River.","a":"From Marysville - Take the Woods Point road. After 18km veer left at the Cumberland Junction then turn left down Eildon Warburton road. From Warburton - Follow the Warburton Woods Point Road and turn right at Cumberland Junction then left down Eildon Warburton road. Big River road is 6km on the right and travels through the heart of the Big River State Forest. Big River Road is an all-weather gravel road and has numerous riverside camping areas. Between 25 Mile Creek and Enochs Point, Big River Road is suitable for four wheel drive vehicles only. Peppermint Ridge camp is located approximately…"}},{"type":"Feature","geometry":{"type":"Point","coordinates":[146.06167,-37.35716]},"properties":{"n":"Pines","k":"pvcamp","f":["Camping"],"d":"The Pines received its name due to the large Pine trees located to the east of the camping area. These serve as shade for camping on the hot summer days. The camp roads weave in and out of the bush providing access to individual sites.","a":"From Melbourne take the Maroondah Hwy, turn right to Thornton and turn onto the Goulburn Valley Highway, then right onto Eildon-Jamieson road. Follow this bitumen road for until Newmans Track. The Pines camping area is opposite this junction."}},{"type":"Feature","geometry":{"type":"Point","coordinates":[145.86315,-37.32793]},"properties":{"n":"Rubicon Camping Area","k":"pvcamp","f":["Camping"],"d":"This camping area is under some rather large trees providing shade on a hot summers day. this basic site offers two separate areas. Set up your tent and relax in this true bush setting.","a":"From Melbourne, follow the Maroondah Highway; turn right onto the Taggerty-Thornton road and right again onto Rubicon road. Rubicon Camp is located 1km over the Royston road bridge on right of Royston road. The camping areas are accessible by 2 WD but in winter the lower site could get very boggy."}},{"type":"Feature","geometry":{"type":"Point","coordinates":[145.9858,-37.35218]},"properties":{"n":"Running Creek Track","k":"pvcamp","f":["Camping"],"d":"This small basic camping area is set in the bush off Running Creek track. A quiet, level campsite under the large woodland forest of Eucalypts.","a":"From Melbourne take the Maroondah Hwy, turn right to Thornton and turn onto the Goulburn Valley Highway, then right onto Eildon-Jamieson road. Follow this until 15 mile road, turn right continue 500m to Running Creek track on your left and the campground is 100m on your left."}},{"type":"Feature","geometry":{"type":"Point","coordinates":[145.86216,-37.32402]},"properties":{"n":"Tin Hut","k":"pvcamp","f":["Camping"],"d":"Tin Hut was the location of Tin Hut township that serviced the hydro-electric scheme and timber workers in the first half of the 20th century. Now the Tin Hut has grassy camping nestled into the slope under some large European and native trees. Day visitor areas adjecent to the Rubicon River.","a":"From Melbourne, follow the Maroondah Highway; turn right onto the Taggerty-Thornton road and right again onto Rubicon road. Tin Hut Camp is located just over the Royston road bridge on Royston road. The camping areas is currently 4WD access only due to the rough entrance track into the camping area. Tin Hut Camp is closed from the Thursday after the Queens Birthday holiday through to the Thursday before Melbourne Cup.","cl":{"s":"2026-06-10","o":"2026-10-28","r":"Maintenance Works","d":"This site is seasonally closed over the wetter months to protect the site from damage."}}},{"type":"Feature","geometry":{"type":"Point","coordinates":[146.09418,-37.48578]},"properties":{"n":"Twenty Five Mile Creek","k":"pvcamp","f":["Camping"],"d":"The last of the campsites in the Upper Big River, this consists of a basic site at the top of the ridge line providing a view of the nearby forested mountains. Access past 25 Mile Camp is four wheel drive only so this camp is ideal for those that would like to adventure on the rougher forest roads.","a":"From Marysville - Take the Woods Point road. After 18km veer left at the Cumberland Junction then turn left down Eildon Warburton road. From Warburton - Follow the Warburton Woods Point Road and turn right at Cumberland Junction then left down Eildon Warburton road. Big River road is 6km on the right and travels through the heart of the Big River State Forest. Big River Road is an all-weather gravel road and has numerous riverside camping areas. Between 25 Mile Creek and Enochs Point, Big River Road is suitable for four wheel drive vehicles only. 25 mile camp is located approximately 23km…"}},{"type":"Feature","geometry":{"type":"Point","coordinates":[146.07909,-37.52043]},"properties":{"n":"Vennells","k":"pvcamp","f":["Camping"],"d":"Vennells can be accessed via a small bridge over Big River, here the site opens up to larger camping areas. Recommended for tents or camper trailers, you'll find pit toilet facilities available and access to the nearby river providing opportunities for fishing or paddling.","a":"From Marysville - Take the Woods Point road. After 18km veer left at the Cumberland Junction then turn left down Eildon Warburton road. From Warburton - Follow the Warburton Woods Point Road and turn right at Cumberland Junction then left down Eildon Warburton road. Big River road is 6km on the right and travels through the heart of the Big River State Forest. Big River Road is an all-weather gravel road and has numerous riverside camping areas. Between 25 Mile Creek and Enochs Point, Big River Road is suitable for four wheel drive vehicles only. Vendells camp is located approximately 16km…"}},{"type":"Feature","geometry":{"type":"Point","coordinates":[146.00426,-37.18037]},"properties":{"n":"Newtons 2","k":"pvcamp","f":["Camping"],"d":"This is a small camping area under tree cover without facilities, offering some privacy from larger groups. There are toilets at the nearby Newtons campground, 150 metres to the east. As with the other camping areas along the lake, it is in a central spot from which to enjoy fishing, four-wheel driving, motorbike riding, water sports and camping. Flat grassy area under tree canopy right next to Lake Eildon. As a smaller campground without facilities, this site offers more privacy for self-contained campers.","a":"From Mansfield head towards Mount Buller, turning right on Mansfield Woods Point road follow this for 9.5 km before turning right onto Piries-Goughs Bay Rd, following this road for 7.3km before turning right onto Walshs Rd. Follow Walshs Road for 6.5km and you will find the site on the right. This road is 2WD accessible, but caution should be taken during changed weather conditions"}},{"type":"Feature","geometry":{"type":"Point","coordinates":[146.00295,-37.1791]},"properties":{"n":"Sheep Dip Flat","k":"pvcamp","f":["Camping"]}},{"type":"Feature","geometry":{"type":"Point","coordinates":[146.0006,-37.1765]},"properties":{"n":"Sheep Dip Pines","k":"pvcamp","f":["Camping"]}},{"type":"Feature","geometry":{"type":"Point","coordinates":[145.99476,-37.16717]},"properties":{"n":"Magazine Gully","k":"pvcamp","f":["Camping"]}},{"type":"Feature","geometry":{"type":"Point","coordinates":[145.99049,-37.15728]},"properties":{"n":"Kirbys 2","k":"pvcamp","f":["Camping"]}},{"type":"Feature","geometry":{"type":"Point","coordinates":[145.98962,-37.15432]},"properties":{"n":"Matt’s Camp","k":"pvcamp","f":["Camping"]}},{"type":"Feature","geometry":{"type":"Point","coordinates":[145.98085,-37.13868]},"properties":{"n":"Tim’s Camp","k":"pvcamp","f":["Camping"]}},{"type":"Feature","geometry":{"type":"Point","coordinates":[145.97647,-37.13276]},"properties":{"n":"Howdens inlet","k":"pvcamp","f":["Camping"]}},{"type":"Feature","geometry":{"type":"Point","coordinates":[145.97707,-37.13109]},"properties":{"n":"Howdens inlet 2","k":"pvcamp","f":["Camping"]}},{"type":"Feature","geometry":{"type":"Point","coordinates":[145.97277,-37.12771]},"properties":{"n":"Parsons Point","k":"pvcamp","f":["Camping"]}},{"type":"Feature","geometry":{"type":"Point","coordinates":[145.95406,-37.12398]},"properties":{"n":"Yellow Box","k":"pvcamp","f":["Camping"]}},{"type":"Feature","geometry":{"type":"Point","coordinates":[145.93985,-37.12251]},"properties":{"n":"Mahogany","k":"pvcamp","f":["Camping"]}},{"type":"Feature","geometry":{"type":"Point","coordinates":[145.93402,-37.12106]},"properties":{"n":"Junction camp","k":"pvcamp","f":["Camping"]}},{"type":"Feature","geometry":{"type":"Point","coordinates":[145.92891,-37.12102]},"properties":{"n":"Parkers Point","k":"pvcamp","f":["Camping"]}},{"type":"Feature","geometry":{"type":"Point","coordinates":[145.91977,-37.11733]},"properties":{"n":"Parkers Pines","k":"pvcamp","f":["Camping"],"cl":{"s":"2026-09-20","o":"2026-12-17","r":"Maintenance","d":"This campground is temporary closed whilst harvesting of the nearby pine plantation occurs."}}},{"type":"Feature","geometry":{"type":"Point","coordinates":[145.91255,-37.1153]},"properties":{"n":"Leo’s","k":"pvcamp","f":["Camping"]}},{"type":"Feature","geometry":{"type":"Point","coordinates":[145.91155,-37.11356]},"properties":{"n":"Acacia","k":"pvcamp","f":["Camping"]}},{"type":"Feature","geometry":{"type":"Point","coordinates":[145.91343,-36.83258]},"properties":{"n":"Rocky Ned Camp 2","k":"pvcamp","f":["Camping"],"d":"Rocky Ned Camp 2 is only accessible by a 4WD vehicle and is a small and compact site with two fire pits available to use. Please note there is no toilet at this site, with the nearest toilet located 1km away at Rocky Ned campground. Campers can also access the nearby Rocky Ned Falls Walk via a short 200m access track to Rocky Ned Falls Walk.","a":"Turn off the Midland Highway onto Lima East Road at Swanpool. Follow Lima East Road for approximately 19km until you reach Goodes Track located on the right. Turn right at Goodes Track and follow for 2km until you reach the intersection of Goodes and Rocky Ned Track, veer right and follow Rocky Ned Track for 1km until you reach your destination Rocky Ned 2 camp site. Please note from Goodes Track it is 4WD access only."}},{"type":"Feature","geometry":{"type":"Point","coordinates":[145.99282,-37.1594]},"properties":{"n":"Red Box","k":"pvcamp","f":["Camping"]}},{"type":"Feature","geometry":{"type":"Point","coordinates":[145.95863,-37.12375]},"properties":{"n":"Red Gum","k":"pvcamp","f":["Camping"]}},{"type":"Feature","geometry":{"type":"Point","coordinates":[145.90896,-37.12091]},"properties":{"n":"Highett Flat","k":"pvcamp","f":["Camping"]}},{"type":"Feature","geometry":{"type":"Point","coordinates":[145.909,-37.12483]},"properties":{"n":"Mads pointer","k":"pvcamp","f":["Camping"]}},{"type":"Feature","geometry":{"type":"Point","coordinates":[145.90889,-37.12735]},"properties":{"n":"Hill view","k":"pvcamp","f":["Camping"]}},{"type":"Feature","geometry":{"type":"Point","coordinates":[145.90784,-37.13077]},"properties":{"n":"Dumbells 2","k":"pvcamp","f":["Camping"]}},{"type":"Feature","geometry":{"type":"Point","coordinates":[145.90735,-37.13236]},"properties":{"n":"Red Stringybark","k":"pvcamp","f":["Camping"]}},{"type":"Feature","geometry":{"type":"Point","coordinates":[147.73449,-36.84012]},"properties":{"n":"Bridge Creek - Benambra Camping Area 1 (CLWF)","k":"pvcamp","f":["Camping"],"d":"This camping area is on licensed Crown water frontage. It remains public land but has a licence over it that allows the adjoining landowner/farmer to graze stock on it. Your right to access this public land remains intact as the licence does not provide an exclusive right or use by the licensee. Typically camping is prohibited on licensed Crown water frontage. However, some special areas (such as this one) have been set-aside to allow self-sufficient camping. Access for day-use recreational activities such as walking, fishing or bird watching, as for other areas of Crown water frontage areas, are also permitted. Enjoy your time here but please respect the adjoining landholders, their… The…","a":"This site is accessible by 4WD vehicles in dry weather only and provides camping and fishing on the banks of Bridge Creek. From Benambra, travel north on GibboSt/Benambra-Corryong Road for 12.5km and then turn right onto Oakleys Track for 1 km. The Benambra Camping Area 1 is on the left. Leave all gates as you find them. Open gates must be left open. Closed gates must be left closed."}},{"type":"Feature","geometry":{"type":"Point","coordinates":[147.75456,-36.85001]},"properties":{"n":"Bridge Creek - Benambra Camping Area 2 (CLWF)","k":"pvcamp","f":["Camping"],"d":"This camping area is on licensed Crown water frontage. It remains public land but has a licence over it that allows the adjoining landowner/farmer to graze stock on it. Your right to access this public land remains intact as the licence does not provide an exclusive right or use by the licensee. Typically camping is prohibited on licensed Crown water frontage. However, some special areas (such as this one) have been set-aside to allow self-sufficient camping. Access for day-use recreational activities such as walking, fishing or bird watching, as for other areas of Crown water frontage areas, are also permitted. Enjoy your time here but please respect the adjoining landholders, their… The…","a":"This site is accessible by 4WD vehicles in dry weather only and provides camping and fishing on the banks of Bridge Creek. From Benambra, travel north on GibboSt/Benambra-Corryong Road for 12.5km and then turn right onto Oakleys Track for 1 km, passing Benambra Camping Area 1 on your left. Continue on for a further 2.3 km to reach Benambra Camping Area 2 on the left. Leave all gates as you find them. Open gates must be left open. Closed gates must be left closed."}},{"type":"Feature","geometry":{"type":"Point","coordinates":[147.06878,-37.33765]},"properties":{"n":"Crooked River - Howittville Camping Area 1 (CLWF)","k":"pvcamp","f":["Camping"],"d":"This camping area is on licensed Crown water frontage. It remains public land but has a licence over it that allows the adjoining landowner/farmer to graze stock on it. Your right to access this public land remains intact as the licence does not provide an exclusive right or use by the licensee. Typically camping is prohibited on licensed Crown water frontage. However, some special areas (such as this one) have been set-aside to allow self-sufficient camping. Access for day-use recreational activities such as walking, fishing or bird watching, as for other areas of Crown water frontage areas, are also permitted. Enjoy your time here but please respect the adjoining landholders, their…","a":"This site is strictly 4WD accessible only and requires river crossing in your vehicle to access the the camping and fishing opportunities on the banks of Crooked River. There are two possible access routes, both require one or more river crossings. Option 1 - Depart from Dargo Hotel and travel south on Lind Avenue for 1 km. Lind Avenue turns slightly right and becomes Dargo Road for 4.8km (Note: all these roads are seasonal and subject to closure). Keep right to continue on Shortcut Road for 2.3 km. Turn right onto Wonnangatta Road for 21.2 km. Turn right onto Talbotville Road for 6.1 km then…","cl":{"s":"2026-01-19","o":"2026-02-28","r":"Fire","d":"Closed due to fire conditions, to maintain public safety."}}},{"type":"Feature","geometry":{"type":"Point","coordinates":[147.07038,-37.33812]},"properties":{"n":"Crooked River - Howittville Camping Area 2 (CLWF)","k":"pvcamp","f":["Camping"],"cl":{"s":"2026-01-19","o":"2026-02-28","r":"Fire","d":"Closed due to fire conditions, to maintain public safety."}}},{"type":"Feature","geometry":{"type":"Point","coordinates":[147.20521,-36.56404]},"properties":{"n":"Sachse campground","k":"pvcamp","f":["Camping"]}},{"type":"Feature","geometry":{"type":"Point","coordinates":[145.56391,-37.47942]},"properties":{"n":"Dindi Mill","k":"pvcamp","f":["Camping"],"d":"The Dindi Mill camping area is located at the old historical sawmill site. The mill had a large workforce, mostly of adult males with a few family groups. Remnants of the mill still remain such as the large sawdust heap. Small camping sites and a pit toilet are provided and dogs are welcome. Please note that there is no water source on site, so come prepared.","a":"From Melbourne - travel along the Melba Highway to the intersection of Murrindindi Road just before Devlins Bridge. Turn right and drive 10km to the Reserve then follow the Murrindindi Road south past the Murrindindi Scenic Reserve Camping areas and Cascade picnic area. Continuing on until you reach Winch road. Turn left into Winch road and the camping ground is on the left at the 1 km mark. Alternately, from Healesville, head up Myers Creek road to the junction of Sylvia Creek road. Take this forest road to the north then up Murrindindi Road. Winch road can be found on the right less than a…"}},{"type":"Feature","geometry":{"type":"Point","coordinates":[145.92713,-37.35815]},"properties":{"n":"Barnewall Plain Picnic Area","k":"pvpicnic","f":["Picnic area"],"d":"Located on an open saddle of Mt Torbreck, Barnewall Plain Picnic Area is a delightful grassy, flat area with picnic tables and wood fire pits perfect for a resting point after tackling the Mt Torbreck walking trail. During winter the picnic area can be covered in snow so it is worth parking your vehicle and walking in past the seasonal gate closure to enjoy some winter snow play.","a":"From nearby Thornton, follow the Goulburn Valley Highway B 340 and turn right onto Eildon Jamieson Rd. Continue south for 10 km before turning right onto Barnwell Plains Rd and continue for 6 km to reach the picnic area. Note that the final section of Barnewall Plains Rd is closed between the Queen's Birthday weekend and Melbourne Cup weekend to within a 10 minute walk from the picnic area.","cl":{"s":"2026-06-10","o":"2026-10-28","r":"","d":"The road to access the picnic area (Barnewall Plains Road) is closed between the Queen's Birthday weekend and Melbourne Cup weekend, but can still be accessed via a 10 minute walk along the closed road - No vehicle access."}}},{"type":"Feature","geometry":{"type":"Point","coordinates":[147.83611,-37.69284]},"properties":{"n":"Bruthen Walks Trailhead","k":"pvpicnic","f":["Picnic area","Wheelchair access (partial)"],"d":"The Bruthen Walks Trailhead provides access to a network of five unique forest walks, ranging from an easy 600m all-abilities loop, to a more difficult 5.3km hike. The trailhead also boasts picnic facilities and interpretive signage to make your visit more enjoyable. A small picnic area is located at the trailhead, and includes a wheelchair-friendly picnic table, bench seating and trail information signs.","a":"Located only 2 minutes drive from Bruthen (or 20 minutes by foot), head north on the Great Alpine Road (B500) towards Omeo and follow for 1.6km. Turn left onto McLeans Road and follow the signs to the Bruthen Walking Trails carpark (2WD friendly, multiple carparks available)."}},{"type":"Feature","geometry":{"type":"Point","coordinates":[146.13492,-37.33851]},"properties":{"n":"Burns Bridge","k":"pvpicnic","f":["Picnic area"]}},{"type":"Feature","geometry":{"type":"Point","coordinates":[147.93024,-37.78145]},"properties":{"n":"Mississippi Quarry","k":"pvpicnic","f":["Picnic area","Heritage"],"d":"An historic granite quarry located in the forest. The site contains a viewing platform and interpretation signs. This is the take off point for the old Mississippi Tramway.","a":"The car park is located on Quarry Rd. Access is via Bruce Rd or Uncles Rd. Quarry is approx. 150m walk from the car park on a gravel surface."}},{"type":"Feature","geometry":{"type":"Point","coordinates":[146.73043,-36.56692]},"properties":{"n":"Reform Hill Gold Battery","k":"pvpicnic","f":["Picnic area","Heritage","Wheelchair access (partial)"],"d":"Located at Jones Reserve beside the Murray to Mountains rail trail in the heart of Myrtleford, this site offers a welcome rest stop in town and access to the Reform Hill State Forest. Conveniently located beside the Great Alpine road, this site makes for an easy road side stop.","a":"Right in the heart of Myrtleford beside the Great Alpine Road, the site is located between the Hardware store and Ray's Ski shop. Parking is available along the edge of the road."}},{"type":"Feature","geometry":{"type":"Point","coordinates":[146.73649,-36.56547]},"properties":{"n":"Reform Hill Lookout","k":"pvpicnic","f":["Picnic area","Heritage"],"d":"The lookout provides views of the Ovens Valley, Mt.Buffalo and the Victorian Alps. There is a picnic table adjacent to the carpark with views across the forest valley.","a":"The site can be accessed via the Reform Hill walking track network. The best starting point is Jones Reserve located on the Great Alpine Road in Myrtleford between the Hardware store and Rays Ski Shop. It is also possible to drive to the site via Halls rd (off Standish st) in Myrtleford, but is not recommended for buses, large vehicles or trailers."}},{"type":"Feature","geometry":{"type":"Point","coordinates":[147.917,-37.83485]},"properties":{"n":"Colquhoun MTB Trailhead","k":"pvpicnic","f":["Picnic area"],"d":"Trailhead for the Colquhoun Mountain Bike Park. The trailhead includes a pump track at the carpark.","a":"Located only 20 minutes drive from Bairnsdale, head east along the Princes Hwy (A1) towards Lakes Entrance. The entrance to Colquhoun MTB Park will be on the left off Bruce Road, just past the Nungerner turnoff."}},{"type":"Feature","geometry":{"type":"Point","coordinates":[148.28149,-37.22039]},"properties":{"n":"Dingo Hill Lookout","k":"pvpicnic","f":["Picnic area"],"d":"Dingo Hill Lookout is a pleasant spot for a picnic. Whilst there are no formal picnic facilities, from the carpark a short walk to the top of Dingo Hill is worth the effort with large granite outcrops and boulders providing views over the Gelantipy area.","a":"Dingo Hill is at the end of Dingo Hill Track off the Tulloch Ard Rd. Tulloch Ard Road intersects with the Gelantipy Road approx. 5km south of Gelantipy township"}},{"type":"Feature","geometry":{"type":"Point","coordinates":[146.09866,-37.42256]},"properties":{"n":"Enoch Point","k":"pvpicnic","f":["Picnic area"],"d":"Enochs Point is a remote basic picnic area in the middle of the Big River Valley. Surrounded by the vast mountain ranges and alongside the Big River this picnic area can be used as a stopping point when challenging yourself on some of our 4 wheel drive tracks.","a":"From Melbourne take the Maroondah Hwy, turn right to Thornton and turn onto the Goulburn Valley Highway, then right onto Eildon-Jamieson road. Big River road is 30 kilometres from the Highway. Turn right into Big River Road and follow the gravel road for 11.7 km veering right to Enochs Point. Access from the south via Marysville and Woods Point road requires 4 Wheel Drive from 25 Mile Creek."}},{"type":"Feature","geometry":{"type":"Point","coordinates":[147.19104,-36.73411]},"properties":{"n":"Mermaid Beach","k":"pvpicnic","f":["Picnic area"],"d":"Perfect place to eat a packed lunch, stop and enjoy the scenery and have a dip in the cool water. There are a couple of bench seats and plenty of grassy areas to relax on the grass.","a":"Access via rockpool walking track. North of Mount Beauty, take the first road right onto Rock Pool Road, off Damms Road. Continue until reaching the carpark before the river crossing. Follow Rockpool walking track for 250m."}},{"type":"Feature","geometry":{"type":"Point","coordinates":[147.19121,-36.73684]},"properties":{"n":"Rockpools","k":"pvpicnic","f":["Picnic area"],"d":"A popular swimming spot for the Mount Beauty community since the 1950s. The site used to host school events and even had a diving board. Remnants of the diving board can be seen today, however the river has since shallowed. A great site to cool off in the pools and rapids, fish for trout or picnic on the shores.","a":"Access via rockpool walking track. North of Mount Beauty, take the first road right onto Rock Pool Road, off Damms Road. Continue until reaching the carpark before the river crossing. Follow Rockpool walking track for 800m."}},{"type":"Feature","geometry":{"type":"Point","coordinates":[145.77211,-37.52961]},"properties":{"n":"Steavenson Falls","k":"pvpicnic","f":["Picnic area","Wheelchair access"],"d":"Opened to tourists in 1866, the falls drop 84m in three cascades into a picturesque treefern lined gully. A magnificent site both day and night, after dusk the falls are floodlit until 11pm with power from a hydro-electric turbine within the scenic reserve. Surrounded by the green folds of the Great Dividing Range, Marysville and the majestic Steavenson Falls offer mountain vistas, fern walks and spectacular waterfalls.The falls site is equipped for tourists with toilet facilities, interpretation signage and wide flowing pathways. Take a detour down to the turbine, where you can learn about the hydro scheme generated by the impressive flows of water over the granite rocks.","a":"From Marysville follow the signs to the Steavenson Falls along Falls Creek road. Park your car in the Steavenson Falls Carpark. Please note there is a small coin fee for parking at this site."}},{"type":"Feature","geometry":{"type":"Point","coordinates":[146.81069,-36.33365]},"properties":{"n":"Yackandandah Creek","k":"pvpicnic","f":["Picnic area"],"d":"A small site that provides parking and information about the surrounding forest and recreational activities.","a":"From the main street of Yackandandah follow Bells Flat Rd for approx. 3km until you meet Service Basin Rd. Continue along Service Basin Rd, which then becomes Yack Gate Rd, for approx. 1km to the site located to your left at the crest of the hill."}},{"type":"Feature","geometry":{"type":"Point","coordinates":[147.96945,-36.45808]},"properties":{"n":"Walkers Lookout","k":"pvpicnic","f":["Picnic area","Wheelchair access (partial)"],"d":"One of the most spectaculars views of Mount Kosciusko, Walkers Lookout is located on Walkers Road, it’s about an hour’s drive from Corryong. Only a short easy walk from the carpark, the site includes a picnic shelter and a viewing platform which offers panoramic views of the NSW Snowy Mountains as well as a seat for those who want to sit back and relax. Whether you're day tripping or passing by while on a camping adventure, this spot is the perfect destination to stop in for lunch or snap a picture.","a":"To access Walkers lookout, take Thowgla road from Corryong to Walkers Road which starts at Gray's campsite. Follow Walkers Road for 23km to reach the lookout.","cl":{"s":"2026-01-18","o":"2026-02-01","r":"Fire","d":"Site closure in place due to fire activity."}}},{"type":"Feature","geometry":{"type":"Point","coordinates":[147.91354,-36.45336]},"properties":{"n":"Dunstans Lookout","k":"pvpicnic","f":["Picnic area","Wheelchair access (partial)"],"d":"An easy, short walk from the carpark, Dunstans Lookout is a great spot to snap a photo of the panoramic views to Mount Kosciusko, Mount Boebuck and Mount Pinnibar. Enjoy sweeping views across the mountains, which are often snow capped in winter.","a":"From Corryong, head west out of town on the B400 for about 7km, then turn left onto the Benambra-Corryong Road (C545). Continue along the C545 for 24 km, then turn left onto Dunstans Road. Continue along Dunstans Road for a further 17 kms to reach the carpark for Dunstans Lookout on your right.","cl":{"s":"2026-01-18","o":"2026-02-01","r":"Fire","d":"Site closure in place due to fire activity."}}},{"type":"Feature","geometry":{"type":"Point","coordinates":[146.19831,-36.87341]},"properties":{"n":"Stringybark Creek Historic Reserve","k":"pvpicnic","f":["Picnic area","Wheelchair access (partial)"],"d":"Picnic tables and a wood fired BBQ is available for day visitors to use at Stringybark Creek Historic Reserve. Combine your picnic with a walk along the Stringybark Creek Historic Loop to visit the site of the Kelly gang's shooting of three police officers in 1878. There is a linking walking track from the campground to access the historic loop walk.","a":"From Benalla head towards Tatong along the Benalla-Tatong Road. Once you reach Tatong take the Tatong Tolmie Road for 26km until you reach Stringybark Creek Road located on your right. Turn right a travel for 1km until you reach your destination."}},{"type":"Feature","geometry":{"type":"Point","coordinates":[147.60841,-36.94521]},"properties":{"n":"Hinnomunjie","k":"pvpicnic","f":["Picnic area"],"d":"The site is an open grassy area running along a 250 m stretch of the Mitta Mitta River. There are public toilets, changing rooms, information signs, picnic tables and canoe access to the river.","a":"1032 to 1096 Omeo Valley Road, (17 km north of Omeo) The site is on the east side of the Mitta Mitta River immediately north of the bridge."}},{"type":"Feature","geometry":{"type":"Point","coordinates":[147.29666,-37.32562]},"properties":{"n":"Harrisons Cut","k":"pvsite","f":["Heritage"],"d":"Harrisons Cut is a 50 metre river diversion which was probably excavated in the early 1880’s. The cutting was used to divert the Dargo River to enable the river to be mined for gold. The vehicle track ends at the cutting.","a":"From Dargo, head north on Lind Avenue, continuing onto Dargo High Plains Road. Merge right onto Upper Dargo Road and follow this road through until you arrive at Harrisons Cut at the roads end."}},{"type":"Feature","geometry":{"type":"Point","coordinates":[146.20125,-36.86599]},"properties":{"n":"Heller Historic Grave","k":"pvsite","f":["Heritage"],"a":"From Benalla head south on Benalla-Tatong Road (C517), go through the small town of Tatong and after about 26km turn left onto Madhouse Road and about 200 metres from the intersection you will find the Heller Historic Grave site on your right. This site is 2WD accessible."}},{"type":"Feature","geometry":{"type":"Point","coordinates":[145.88334,-36.92079]},"properties":{"n":"Hells Hole","k":"pvsite","f":["Heritage"]}},{"type":"Feature","geometry":{"type":"Point","coordinates":[148.25016,-37.45578]},"properties":{"n":"Mt Mcleod Hut","k":"pvsite","f":["Heritage"],"d":"**MT MCLEOD HUT LOST IN 19/20 BUSHFIRES** Mount McLeod is an old fire lookout location. The site contains the old hut used to house the Fire Lookout Tower workers. The fire tower has been dismantled.","a":"Follow the Basin Road east out of Buchan. The turn off to the tower is approx. 1km past the end of the private land."}},{"type":"Feature","geometry":{"type":"Point","coordinates":[146.73236,-36.56429]},"properties":{"n":"Reform Hill Hume And Hovell Monument Site","k":"pvsite","f":["Heritage"],"a":"The site is accessed via the Reform Hill walking track network. The best starting point is Jones Reserve located on the Great Alpine Road in Myrtleford between the Hardware store and Rays Ski Shop."}},{"type":"Feature","geometry":{"type":"Point","coordinates":[147.88305,-37.2114]},"properties":{"n":"Washington Winch","k":"pvsite","f":["Heritage"],"d":"The Washington Winch is a unique part of Victoria’s Cultural Heritage and a relic of the logging industry. It was left onsite, intact with engine, spars and cabling still rigged for work. The massive logging engine and winch drums were manufactured by Washington Iron Works in Seattle, USA and imported to Australia in the 1920s It was originally used in Western Australia to move large Jarrah logs before making its way to East Gippsland in 1940 after the Black Friday fires. Ezard Enterprises purchased the engine in 1959 and employed it at the head of the Little River catchment in the 1960/61 logging season. Washington Winch is the only steam powered logging-skidder or cable winch in…","a":"The Washington Winch is on Nunniong Road, turn off the Great Alpine Road north of Swifts Creek (via Bindi)."}},{"type":"Feature","geometry":{"type":"Point","coordinates":[146.53423,-37.75446]},"properties":{"n":"Edwards Reef Burial Ground","k":"pvsite","f":["Heritage"]}},{"type":"Feature","geometry":{"type":"Point","coordinates":[145.86331,-37.29105]},"properties":{"n":"Morris Lookout","k":"pvsite","d":"Morris Lookout provides stunning views of the surrounding area, including the townships of Thornton and Eildon.","a":"From nearby Thornton, follow the Goulburn Valley Highway B 340 to the Snobs Creek pub, 5km before Eildon. Turn right on to Snobs Creek road and drive south for 6.5 km to Herbs road. Follow this up to the road junction and take the right hand track up to the viewing area. Please note Herbs track is a seasonally closed track gated between the Queen's Birthday and Melbourne Cup weekend.","cl":{"s":"2026-06-10","o":"2026-10-28","r":"Seasonal Closure","d":"The access road to Morris Lookout is currently closed and will reopen on the 29th October."}}},{"type":"Feature","geometry":{"type":"Point","coordinates":[147.07258,-37.33974]},"properties":{"n":"Crooked River - Howittville Camping Area 3 (CLWF)","k":"pvsite","cl":{"s":"2026-01-19","o":"2026-02-28","r":"Fire","d":"Closed due to fire conditions, to maintain public safety."}}},{"type":"Feature","geometry":{"type":"Point","coordinates":[147.07176,-37.33986]},"properties":{"n":"Crooked River - Howittville Camping Area 4 (CLWF)","k":"pvsite","cl":{"s":"2026-01-19","o":"2026-02-28","r":"Fire","d":"Closed due to fire conditions, to maintain public safety."}}},{"type":"Feature","geometry":{"type":"Point","coordinates":[146.8069,-36.33914]},"properties":{"n":"Yackandandah Trail Bike Visitor Area","k":"pvsite","d":"Yackandandah Trail Bike Visitor area is a great place to start exploring the numerous tracks within Yackandandah Creek and Stanley State Forest. The site has ample space for several vehicles and trailers and adjacent to the car park is toilet facilities and information about the surrounding area.","a":"From the main street of Yackandandah follow Bells Flat Rd for approx. 3km until you meet Service Basin Rd. Continue along Service Basin Rd, which then becomes Yack Gate Rd, for approx. 1.7km to the intersection of Yack Gate Rd and Gravel Pit Tk. The road is well gravelled and access is 2WD and suitable for trailers."}},{"type":"Feature","geometry":{"type":"Point","coordinates":[145.78282,-37.73897]},"properties":{"n":"Brahams Trail Bike Visitor Area","k":"pvsite","a":"From Melbourne head out along the Maroondah Highway to Lilydale. Past Lilydale, head right onto Warburton Highway. Continue the extent of Warburton Highway, through the township of Warburton onto Woods Point Road. Continue until you reach the town of East Warburton where you will make a right hand turn onto Brahams Road. Further up Brahams Road you will find the Trail Bike Visitor Area on your right."}}]}